{
  "type": "FeatureCollection",
  "name": "_4",
  "crs": {
    "type": "name",
    "properties": { "name": "urn:ogc:def:crs:OGC:1.3:CRS84" }
  },
  "features": [
    {
      "type": "Feature",
      "properties": {
        "fid": 2.0,
        "handle": "17367",
        "block": "-1",
        "etype": "25",
        "space": "0",
        "layer": "PLAK",
        "olinetype": "bylayer",
        "linetype": null,
        "color": "255,255,255,255",
        "ocolor": "7",
        "color24": "16777215",
        "transparen": "0",
        "lweight": "-1",
        "linewidth": 0.0,
        "ltscale": 1.0,
        "visible": "1",
        "thickness": 0.0,
        "ext": "(3:-0.003003440932991228,-0.004522054395397211,0.9999852650747446)",
        "height": 3.0,
        "text": "1393",
        "angle": 61.8878,
        "widthscale": 1.0,
        "oblique": 0.0,
        "style": "Standard",
        "textgen": "0",
        "alignh": "0",
        "alignv": "0",
        "interlin": -1.0,
        "lat": 29.79057,
        "lon": 52.46539
      },
      "geometry": {
        "type": "Point",
        "coordinates": [52.465394811273228, 29.790568536025514]
      }
    },
    {
      "type": "Feature",
      "properties": {
        "fid": 3.0,
        "handle": "17370",
        "block": "-1",
        "etype": "25",
        "space": "0",
        "layer": "PLAK",
        "olinetype": "bylayer",
        "linetype": null,
        "color": "255,255,255,255",
        "ocolor": "7",
        "color24": "16777215",
        "transparen": "0",
        "lweight": "-1",
        "linewidth": 0.0,
        "ltscale": 1.0,
        "visible": "1",
        "thickness": 0.0,
        "ext": "(3:-0.003003440932991228,-0.004522054395397211,0.9999852650747446)",
        "height": 3.0,
        "text": "1390",
        "angle": 62.24171,
        "widthscale": 1.0,
        "oblique": 0.0,
        "style": "Standard",
        "textgen": "0",
        "alignh": "0",
        "alignv": "0",
        "interlin": -1.0,
        "lat": 29.79041,
        "lon": 52.46566
      },
      "geometry": {
        "type": "Point",
        "coordinates": [52.465661586581419, 29.790405799280336]
      }
    },
    {
      "type": "Feature",
      "properties": {
        "fid": 4.0,
        "handle": "17371",
        "block": "-1",
        "etype": "25",
        "space": "0",
        "layer": "PLAK",
        "olinetype": "bylayer",
        "linetype": null,
        "color": "255,255,255,255",
        "ocolor": "7",
        "color24": "16777215",
        "transparen": "0",
        "lweight": "-1",
        "linewidth": 0.0,
        "ltscale": 1.0,
        "visible": "1",
        "thickness": 0.0,
        "ext": "(3:-0.003003440932991228,-0.004522054395397211,0.9999852650747446)",
        "height": 3.0,
        "text": "1392",
        "angle": 58.87298,
        "widthscale": 1.0,
        "oblique": 0.0,
        "style": "Standard",
        "textgen": "0",
        "alignh": "0",
        "alignv": "0",
        "interlin": -1.0,
        "lat": 29.79051,
        "lon": 52.46549
      },
      "geometry": {
        "type": "Point",
        "coordinates": [52.465488656261314, 29.790509342798593]
      }
    },
    {
      "type": "Feature",
      "properties": {
        "fid": 5.0,
        "handle": "17372",
        "block": "-1",
        "etype": "25",
        "space": "0",
        "layer": "PLAK",
        "olinetype": "bylayer",
        "linetype": null,
        "color": "255,255,255,255",
        "ocolor": "7",
        "color24": "16777215",
        "transparen": "0",
        "lweight": "-1",
        "linewidth": 0.0,
        "ltscale": 1.0,
        "visible": "1",
        "thickness": 0.0,
        "ext": "(3:-0.003003440932991228,-0.004522054395397211,0.9999852650747446)",
        "height": 3.0,
        "text": "1391",
        "angle": 62.34352,
        "widthscale": 1.0,
        "oblique": 0.0,
        "style": "Standard",
        "textgen": "0",
        "alignh": "0",
        "alignv": "0",
        "interlin": -1.0,
        "lat": 29.79046,
        "lon": 52.46558
      },
      "geometry": {
        "type": "Point",
        "coordinates": [52.465578417018243, 29.790459292825357]
      }
    },
    {
      "type": "Feature",
      "properties": {
        "fid": 6.0,
        "handle": "17374",
        "block": "-1",
        "etype": "25",
        "space": "0",
        "layer": "PLAK",
        "olinetype": "bylayer",
        "linetype": null,
        "color": "255,255,255,255",
        "ocolor": "7",
        "color24": "16777215",
        "transparen": "0",
        "lweight": "-1",
        "linewidth": 0.0,
        "ltscale": 1.0,
        "visible": "1",
        "thickness": 0.0,
        "ext": "(3:-0.003003440932991228,-0.004522054395397211,0.9999852650747446)",
        "height": 3.0,
        "text": "1389",
        "angle": 58.87298,
        "widthscale": 1.0,
        "oblique": 0.0,
        "style": "Standard",
        "textgen": "0",
        "alignh": "0",
        "alignv": "0",
        "interlin": -1.0,
        "lat": 29.79036,
        "lon": 52.46574
      },
      "geometry": {
        "type": "Point",
        "coordinates": [52.465738591857495, 29.790360357514228]
      }
    },
    {
      "type": "Feature",
      "properties": {
        "fid": 7.0,
        "handle": "17375",
        "block": "-1",
        "etype": "25",
        "space": "0",
        "layer": "PLAK",
        "olinetype": "bylayer",
        "linetype": null,
        "color": "255,255,255,255",
        "ocolor": "7",
        "color24": "16777215",
        "transparen": "0",
        "lweight": "-1",
        "linewidth": 0.0,
        "ltscale": 1.0,
        "visible": "1",
        "thickness": 0.0,
        "ext": "(3:-0.003003440932991228,-0.004522054395397211,0.9999852650747446)",
        "height": 3.0,
        "text": "1388",
        "angle": 58.87298,
        "widthscale": 1.0,
        "oblique": 0.0,
        "style": "Standard",
        "textgen": "0",
        "alignh": "0",
        "alignv": "0",
        "interlin": -1.0,
        "lat": 29.79031,
        "lon": 52.46583
      },
      "geometry": {
        "type": "Point",
        "coordinates": [52.465827365711519, 29.790310361277015]
      }
    },
    {
      "type": "Feature",
      "properties": {
        "fid": 8.0,
        "handle": "17376",
        "block": "-1",
        "etype": "25",
        "space": "0",
        "layer": "PLAK",
        "olinetype": "bylayer",
        "linetype": null,
        "color": "255,255,255,255",
        "ocolor": "7",
        "color24": "16777215",
        "transparen": "0",
        "lweight": "-1",
        "linewidth": 0.0,
        "ltscale": 1.0,
        "visible": "1",
        "thickness": 0.0,
        "ext": "(3:-0.003003440932991228,-0.004522054395397211,0.9999852650747446)",
        "height": 3.0,
        "text": "1387",
        "angle": 62.6896,
        "widthscale": 1.0,
        "oblique": 0.0,
        "style": "Standard",
        "textgen": "0",
        "alignh": "0",
        "alignv": "0",
        "interlin": -1.0,
        "lat": 29.79024,
        "lon": 52.46595
      },
      "geometry": {
        "type": "Point",
        "coordinates": [52.465954781831499, 29.790237079349808]
      }
    },
    {
      "type": "Feature",
      "properties": {
        "fid": 9.0,
        "handle": "17377",
        "block": "-1",
        "etype": "25",
        "space": "0",
        "layer": "PLAK",
        "olinetype": "bylayer",
        "linetype": null,
        "color": "255,255,255,255",
        "ocolor": "7",
        "color24": "16777215",
        "transparen": "0",
        "lweight": "-1",
        "linewidth": 0.0,
        "ltscale": 1.0,
        "visible": "1",
        "thickness": 0.0,
        "ext": "(3:-0.003003440932991228,-0.004522054395397211,0.9999852650747446)",
        "height": 3.0,
        "text": "1394",
        "angle": 64.07081,
        "widthscale": 1.0,
        "oblique": 0.0,
        "style": "Standard",
        "textgen": "0",
        "alignh": "0",
        "alignv": "0",
        "interlin": -1.0,
        "lat": 29.79039,
        "lon": 52.46526
      },
      "geometry": {
        "type": "Point",
        "coordinates": [52.465256754271394, 29.79038690501925]
      }
    },
    {
      "type": "Feature",
      "properties": {
        "fid": 10.0,
        "handle": "17378",
        "block": "-1",
        "etype": "25",
        "space": "0",
        "layer": "PLAK",
        "olinetype": "bylayer",
        "linetype": null,
        "color": "255,255,255,255",
        "ocolor": "7",
        "color24": "16777215",
        "transparen": "0",
        "lweight": "-1",
        "linewidth": 0.0,
        "ltscale": 1.0,
        "visible": "1",
        "thickness": 0.0,
        "ext": "(3:-0.003003440932991228,-0.004522054395397211,0.9999852650747446)",
        "height": 3.0,
        "text": "1395",
        "angle": 62.45166,
        "widthscale": 1.0,
        "oblique": 0.0,
        "style": "Standard",
        "textgen": "0",
        "alignh": "0",
        "alignv": "0",
        "interlin": -1.0,
        "lat": 29.79033,
        "lon": 52.46535
      },
      "geometry": {
        "type": "Point",
        "coordinates": [52.465351052942083, 29.790329514351402]
      }
    },
    {
      "type": "Feature",
      "properties": {
        "fid": 11.0,
        "handle": "17379",
        "block": "-1",
        "etype": "25",
        "space": "0",
        "layer": "PLAK",
        "olinetype": "bylayer",
        "linetype": null,
        "color": "255,255,255,255",
        "ocolor": "7",
        "color24": "16777215",
        "transparen": "0",
        "lweight": "-1",
        "linewidth": 0.0,
        "ltscale": 1.0,
        "visible": "1",
        "thickness": 0.0,
        "ext": "(3:-0.003003440932991228,-0.004522054395397211,0.9999852650747446)",
        "height": 3.0,
        "text": "1396",
        "angle": 62.24171,
        "widthscale": 1.0,
        "oblique": 0.0,
        "style": "Standard",
        "textgen": "0",
        "alignh": "0",
        "alignv": "0",
        "interlin": -1.0,
        "lat": 29.79025,
        "lon": 52.46548
      },
      "geometry": {
        "type": "Point",
        "coordinates": [52.46547539341114, 29.790253903964764]
      }
    },
    {
      "type": "Feature",
      "properties": {
        "fid": 12.0,
        "handle": "17380",
        "block": "-1",
        "etype": "25",
        "space": "0",
        "layer": "PLAK",
        "olinetype": "bylayer",
        "linetype": null,
        "color": "255,255,255,255",
        "ocolor": "7",
        "color24": "16777215",
        "transparen": "0",
        "lweight": "-1",
        "linewidth": 0.0,
        "ltscale": 1.0,
        "visible": "1",
        "thickness": 0.0,
        "ext": "(3:-0.003003440932991228,-0.004522054395397211,0.9999852650747446)",
        "height": 3.0,
        "text": "1397",
        "angle": 58.87298,
        "widthscale": 1.0,
        "oblique": 0.0,
        "style": "Standard",
        "textgen": "0",
        "alignh": "0",
        "alignv": "0",
        "interlin": -1.0,
        "lat": 29.79022,
        "lon": 52.46555
      },
      "geometry": {
        "type": "Point",
        "coordinates": [52.465546069108917, 29.790215154849747]
      }
    },
    {
      "type": "Feature",
      "properties": {
        "fid": 13.0,
        "handle": "17381",
        "block": "-1",
        "etype": "25",
        "space": "0",
        "layer": "PLAK",
        "olinetype": "bylayer",
        "linetype": null,
        "color": "255,255,255,255",
        "ocolor": "7",
        "color24": "16777215",
        "transparen": "0",
        "lweight": "-1",
        "linewidth": 0.0,
        "ltscale": 1.0,
        "visible": "1",
        "thickness": 0.0,
        "ext": "(3:-0.003003440932991228,-0.004522054395397211,0.9999852650747446)",
        "height": 3.0,
        "text": "1398",
        "angle": 60.6641,
        "widthscale": 1.0,
        "oblique": 0.0,
        "style": "Standard",
        "textgen": "0",
        "alignh": "0",
        "alignv": "0",
        "interlin": -1.0,
        "lat": 29.79018,
        "lon": 52.46561
      },
      "geometry": {
        "type": "Point",
        "coordinates": [52.465606474867833, 29.790183784218854]
      }
    },
    {
      "type": "Feature",
      "properties": {
        "fid": 14.0,
        "handle": "17382",
        "block": "-1",
        "etype": "25",
        "space": "0",
        "layer": "PLAK",
        "olinetype": "bylayer",
        "linetype": null,
        "color": "255,255,255,255",
        "ocolor": "7",
        "color24": "16777215",
        "transparen": "0",
        "lweight": "-1",
        "linewidth": 0.0,
        "ltscale": 1.0,
        "visible": "1",
        "thickness": 0.0,
        "ext": "(3:-0.003003440932991228,-0.004522054395397211,0.9999852650747446)",
        "height": 3.0,
        "text": "1399",
        "angle": 58.87298,
        "widthscale": 1.0,
        "oblique": 0.0,
        "style": "Standard",
        "textgen": "0",
        "alignh": "0",
        "alignv": "0",
        "interlin": -1.0,
        "lat": 29.79013,
        "lon": 52.46569
      },
      "geometry": {
        "type": "Point",
        "coordinates": [52.465687852307042, 29.790129682287837]
      }
    },
    {
      "type": "Feature",
      "properties": {
        "fid": 15.0,
        "handle": "17383",
        "block": "-1",
        "etype": "25",
        "space": "0",
        "layer": "PLAK",
        "olinetype": "bylayer",
        "linetype": null,
        "color": "255,255,255,255",
        "ocolor": "7",
        "color24": "16777215",
        "transparen": "0",
        "lweight": "-1",
        "linewidth": 0.0,
        "ltscale": 1.0,
        "visible": "1",
        "thickness": 0.0,
        "ext": "(3:-0.003003440932991228,-0.004522054395397211,0.9999852650747446)",
        "height": 3.0,
        "text": "1400",
        "angle": 58.87298,
        "widthscale": 1.0,
        "oblique": 0.0,
        "style": "Standard",
        "textgen": "0",
        "alignh": "0",
        "alignv": "0",
        "interlin": -1.0,
        "lat": 29.79007,
        "lon": 52.4658
      },
      "geometry": {
        "type": "Point",
        "coordinates": [52.465797606168451, 29.790070185414958]
      }
    },
    {
      "type": "Feature",
      "properties": {
        "fid": 16.0,
        "handle": "17384",
        "block": "-1",
        "etype": "25",
        "space": "0",
        "layer": "PLAK",
        "olinetype": "bylayer",
        "linetype": null,
        "color": "255,255,255,255",
        "ocolor": "7",
        "color24": "16777215",
        "transparen": "0",
        "lweight": "-1",
        "linewidth": 0.0,
        "ltscale": 1.0,
        "visible": "1",
        "thickness": 0.0,
        "ext": "(3:-0.003003440932991228,-0.004522054395397211,0.9999852650747446)",
        "height": 3.0,
        "text": "1425",
        "angle": 67.62495,
        "widthscale": 1.0,
        "oblique": 0.0,
        "style": "Standard",
        "textgen": "0",
        "alignh": "0",
        "alignv": "0",
        "interlin": -1.0,
        "lat": 29.78911,
        "lon": 52.46504
      },
      "geometry": {
        "type": "Point",
        "coordinates": [52.465035106801174, 29.78910718757788]
      }
    },
    {
      "type": "Feature",
      "properties": {
        "fid": 17.0,
        "handle": "17385",
        "block": "-1",
        "etype": "25",
        "space": "0",
        "layer": "PLAK",
        "olinetype": "bylayer",
        "linetype": null,
        "color": "255,255,255,255",
        "ocolor": "7",
        "color24": "16777215",
        "transparen": "0",
        "lweight": "-1",
        "linewidth": 0.0,
        "ltscale": 1.0,
        "visible": "1",
        "thickness": 0.0,
        "ext": "(3:-0.003003440932991228,-0.004522054395397211,0.9999852650747446)",
        "height": 3.0,
        "text": "1424",
        "angle": 64.88601,
        "widthscale": 1.0,
        "oblique": 0.0,
        "style": "Standard",
        "textgen": "0",
        "alignh": "0",
        "alignv": "0",
        "interlin": -1.0,
        "lat": 29.78902,
        "lon": 52.46517
      },
      "geometry": {
        "type": "Point",
        "coordinates": [52.465170406576597, 29.789022759851591]
      }
    },
    {
      "type": "Feature",
      "properties": {
        "fid": 18.0,
        "handle": "17386",
        "block": "-1",
        "etype": "25",
        "space": "0",
        "layer": "PLAK",
        "olinetype": "bylayer",
        "linetype": null,
        "color": "255,255,255,255",
        "ocolor": "7",
        "color24": "16777215",
        "transparen": "0",
        "lweight": "-1",
        "linewidth": 0.0,
        "ltscale": 1.0,
        "visible": "1",
        "thickness": 0.0,
        "ext": "(3:-0.003003440932991228,-0.004522054395397211,0.9999852650747446)",
        "height": 3.0,
        "text": "1423",
        "angle": 58.87298,
        "widthscale": 1.0,
        "oblique": 0.0,
        "style": "Standard",
        "textgen": "0",
        "alignh": "0",
        "alignv": "0",
        "interlin": -1.0,
        "lat": 29.78894,
        "lon": 52.4653
      },
      "geometry": {
        "type": "Point",
        "coordinates": [52.465304236358591, 29.788944711705362]
      }
    },
    {
      "type": "Feature",
      "properties": {
        "fid": 19.0,
        "handle": "17387",
        "block": "-1",
        "etype": "25",
        "space": "0",
        "layer": "PLAK",
        "olinetype": "bylayer",
        "linetype": null,
        "color": "255,255,255,255",
        "ocolor": "7",
        "color24": "16777215",
        "transparen": "0",
        "lweight": "-1",
        "linewidth": 0.0,
        "ltscale": 1.0,
        "visible": "1",
        "thickness": 0.0,
        "ext": "(3:-0.003003440932991228,-0.004522054395397211,0.9999852650747446)",
        "height": 3.0,
        "text": "1422",
        "angle": 58.87298,
        "widthscale": 1.0,
        "oblique": 0.0,
        "style": "Standard",
        "textgen": "0",
        "alignh": "0",
        "alignv": "0",
        "interlin": -1.0,
        "lat": 29.78886,
        "lon": 52.46544
      },
      "geometry": {
        "type": "Point",
        "coordinates": [52.465440866247739, 29.78886445160272]
      }
    },
    {
      "type": "Feature",
      "properties": {
        "fid": 20.0,
        "handle": "17388",
        "block": "-1",
        "etype": "25",
        "space": "0",
        "layer": "PLAK",
        "olinetype": "bylayer",
        "linetype": null,
        "color": "255,255,255,255",
        "ocolor": "7",
        "color24": "16777215",
        "transparen": "0",
        "lweight": "-1",
        "linewidth": 0.0,
        "ltscale": 1.0,
        "visible": "1",
        "thickness": 0.0,
        "ext": "(3:-0.003003440932991228,-0.004522054395397211,0.9999852650747446)",
        "height": 3.0,
        "text": "1421",
        "angle": 58.87298,
        "widthscale": 1.0,
        "oblique": 0.0,
        "style": "Standard",
        "textgen": "0",
        "alignh": "0",
        "alignv": "0",
        "interlin": -1.0,
        "lat": 29.78878,
        "lon": 52.46558
      },
      "geometry": {
        "type": "Point",
        "coordinates": [52.465578756092079, 29.788778484917486]
      }
    },
    {
      "type": "Feature",
      "properties": {
        "fid": 21.0,
        "handle": "17389",
        "block": "-1",
        "etype": "25",
        "space": "0",
        "layer": "PLAK",
        "olinetype": "bylayer",
        "linetype": null,
        "color": "255,255,255,255",
        "ocolor": "7",
        "color24": "16777215",
        "transparen": "0",
        "lweight": "-1",
        "linewidth": 0.0,
        "ltscale": 1.0,
        "visible": "1",
        "thickness": 0.0,
        "ext": "(3:-0.003003440932991228,-0.004522054395397211,0.9999852650747446)",
        "height": 3.0,
        "text": "1420",
        "angle": 58.87298,
        "widthscale": 1.0,
        "oblique": 0.0,
        "style": "Standard",
        "textgen": "0",
        "alignh": "0",
        "alignv": "0",
        "interlin": -1.0,
        "lat": 29.7887,
        "lon": 52.46572
      },
      "geometry": {
        "type": "Point",
        "coordinates": [52.465719274886261, 29.788695932909668]
      }
    },
    {
      "type": "Feature",
      "properties": {
        "fid": 22.0,
        "handle": "17390",
        "block": "-1",
        "etype": "25",
        "space": "0",
        "layer": "PLAK",
        "olinetype": "bylayer",
        "linetype": null,
        "color": "255,255,255,255",
        "ocolor": "7",
        "color24": "16777215",
        "transparen": "0",
        "lweight": "-1",
        "linewidth": 0.0,
        "ltscale": 1.0,
        "visible": "1",
        "thickness": 0.0,
        "ext": "(3:-0.003003440932991228,-0.004522054395397211,0.9999852650747446)",
        "height": 3.0,
        "text": "1419",
        "angle": 58.87298,
        "widthscale": 1.0,
        "oblique": 0.0,
        "style": "Standard",
        "textgen": "0",
        "alignh": "0",
        "alignv": "0",
        "interlin": -1.0,
        "lat": 29.78861,
        "lon": 52.46585
      },
      "geometry": {
        "type": "Point",
        "coordinates": [52.465849359270599, 29.78861455480288]
      }
    },
    {
      "type": "Feature",
      "properties": {
        "fid": 23.0,
        "handle": "17391",
        "block": "-1",
        "etype": "25",
        "space": "0",
        "layer": "PLAK",
        "olinetype": "bylayer",
        "linetype": null,
        "color": "255,255,255,255",
        "ocolor": "7",
        "color24": "16777215",
        "transparen": "0",
        "lweight": "-1",
        "linewidth": 0.0,
        "ltscale": 1.0,
        "visible": "1",
        "thickness": 0.0,
        "ext": "(3:-0.003003440932991228,-0.004522054395397211,0.9999852650747446)",
        "height": 3.0,
        "text": "1418",
        "angle": 55.69101,
        "widthscale": 1.0,
        "oblique": 0.0,
        "style": "Standard",
        "textgen": "0",
        "alignh": "0",
        "alignv": "0",
        "interlin": -1.0,
        "lat": 29.78854,
        "lon": 52.46599
      },
      "geometry": {
        "type": "Point",
        "coordinates": [52.465988749726307, 29.788542383345629]
      }
    },
    {
      "type": "Feature",
      "properties": {
        "fid": 24.0,
        "handle": "17392",
        "block": "-1",
        "etype": "25",
        "space": "0",
        "layer": "PLAK",
        "olinetype": "bylayer",
        "linetype": null,
        "color": "255,255,255,255",
        "ocolor": "7",
        "color24": "16777215",
        "transparen": "0",
        "lweight": "-1",
        "linewidth": 0.0,
        "ltscale": 1.0,
        "visible": "1",
        "thickness": 0.0,
        "ext": "(3:-0.003003440932991228,-0.004522054395397211,0.9999852650747446)",
        "height": 3.0,
        "text": "1417",
        "angle": 51.31235,
        "widthscale": 1.0,
        "oblique": 0.0,
        "style": "Standard",
        "textgen": "0",
        "alignh": "0",
        "alignv": "0",
        "interlin": -1.0,
        "lat": 29.78846,
        "lon": 52.46614
      },
      "geometry": {
        "type": "Point",
        "coordinates": [52.46613754569502, 29.788456953405852]
      }
    },
    {
      "type": "Feature",
      "properties": {
        "fid": 25.0,
        "handle": "17393",
        "block": "-1",
        "etype": "25",
        "space": "0",
        "layer": "PLAK",
        "olinetype": "bylayer",
        "linetype": null,
        "color": "255,255,255,255",
        "ocolor": "7",
        "color24": "16777215",
        "transparen": "0",
        "lweight": "-1",
        "linewidth": 0.0,
        "ltscale": 1.0,
        "visible": "1",
        "thickness": 0.0,
        "ext": "(3:-0.003003440932991228,-0.004522054395397211,0.9999852650747446)",
        "height": 3.0,
        "text": "1416",
        "angle": 58.87298,
        "widthscale": 1.0,
        "oblique": 0.0,
        "style": "Standard",
        "textgen": "0",
        "alignh": "0",
        "alignv": "0",
        "interlin": -1.0,
        "lat": 29.78837,
        "lon": 52.46628
      },
      "geometry": {
        "type": "Point",
        "coordinates": [52.46628399950955, 29.788369118140785]
      }
    },
    {
      "type": "Feature",
      "properties": {
        "fid": 26.0,
        "handle": "17394",
        "block": "-1",
        "etype": "25",
        "space": "0",
        "layer": "PLAK",
        "olinetype": "bylayer",
        "linetype": null,
        "color": "255,255,255,255",
        "ocolor": "7",
        "color24": "16777215",
        "transparen": "0",
        "lweight": "-1",
        "linewidth": 0.0,
        "ltscale": 1.0,
        "visible": "1",
        "thickness": 0.0,
        "ext": "(3:-0.003003440932991228,-0.004522054395397211,0.9999852650747446)",
        "height": 3.0,
        "text": "1415",
        "angle": 67.80035,
        "widthscale": 1.0,
        "oblique": 0.0,
        "style": "Standard",
        "textgen": "0",
        "alignh": "0",
        "alignv": "0",
        "interlin": -1.0,
        "lat": 29.78829,
        "lon": 52.46642
      },
      "geometry": {
        "type": "Point",
        "coordinates": [52.46641549446111, 29.788292251154594]
      }
    },
    {
      "type": "Feature",
      "properties": {
        "fid": 27.0,
        "handle": "17395",
        "block": "-1",
        "etype": "25",
        "space": "0",
        "layer": "PLAK",
        "olinetype": "bylayer",
        "linetype": null,
        "color": "255,255,255,255",
        "ocolor": "7",
        "color24": "16777215",
        "transparen": "0",
        "lweight": "-1",
        "linewidth": 0.0,
        "ltscale": 1.0,
        "visible": "1",
        "thickness": 0.0,
        "ext": "(3:-0.003003440932991228,-0.004522054395397211,0.9999852650747446)",
        "height": 3.0,
        "text": "1414",
        "angle": 58.87298,
        "widthscale": 1.0,
        "oblique": 0.0,
        "style": "Standard",
        "textgen": "0",
        "alignh": "0",
        "alignv": "0",
        "interlin": -1.0,
        "lat": 29.78821,
        "lon": 52.46654
      },
      "geometry": {
        "type": "Point",
        "coordinates": [52.466544157448894, 29.788206349201971]
      }
    },
    {
      "type": "Feature",
      "properties": {
        "fid": 28.0,
        "handle": "17396",
        "block": "-1",
        "etype": "25",
        "space": "0",
        "layer": "PLAK",
        "olinetype": "bylayer",
        "linetype": null,
        "color": "255,255,255,255",
        "ocolor": "7",
        "color24": "16777215",
        "transparen": "0",
        "lweight": "-1",
        "linewidth": 0.0,
        "ltscale": 1.0,
        "visible": "1",
        "thickness": 0.0,
        "ext": "(3:-0.003003440932991228,-0.004522054395397211,0.9999852650747446)",
        "height": 3.0,
        "text": "1413",
        "angle": 55.29422,
        "widthscale": 1.0,
        "oblique": 0.0,
        "style": "Standard",
        "textgen": "0",
        "alignh": "0",
        "alignv": "0",
        "interlin": -1.0,
        "lat": 29.78813,
        "lon": 52.46668
      },
      "geometry": {
        "type": "Point",
        "coordinates": [52.466679829542407, 29.788131740337885]
      }
    },
    {
      "type": "Feature",
      "properties": {
        "fid": 29.0,
        "handle": "17397",
        "block": "-1",
        "etype": "25",
        "space": "0",
        "layer": "PLAK",
        "olinetype": "bylayer",
        "linetype": null,
        "color": "255,255,255,255",
        "ocolor": "7",
        "color24": "16777215",
        "transparen": "0",
        "lweight": "-1",
        "linewidth": 0.0,
        "ltscale": 1.0,
        "visible": "1",
        "thickness": 0.0,
        "ext": "(3:-0.003003440932991228,-0.004522054395397211,0.9999852650747446)",
        "height": 3.0,
        "text": "1412",
        "angle": 52.85994,
        "widthscale": 1.0,
        "oblique": 0.0,
        "style": "Standard",
        "textgen": "0",
        "alignh": "0",
        "alignv": "0",
        "interlin": -1.0,
        "lat": 29.78805,
        "lon": 52.46682
      },
      "geometry": {
        "type": "Point",
        "coordinates": [52.466821219172687, 29.788048440581097]
      }
    },
    {
      "type": "Feature",
      "properties": {
        "fid": 30.0,
        "handle": "17398",
        "block": "-1",
        "etype": "25",
        "space": "0",
        "layer": "PLAK",
        "olinetype": "bylayer",
        "linetype": null,
        "color": "255,255,255,255",
        "ocolor": "7",
        "color24": "16777215",
        "transparen": "0",
        "lweight": "-1",
        "linewidth": 0.0,
        "ltscale": 1.0,
        "visible": "1",
        "thickness": 0.0,
        "ext": "(3:-0.003003440932991228,-0.004522054395397211,0.9999852650747446)",
        "height": 3.0,
        "text": "1411",
        "angle": 58.87298,
        "widthscale": 1.0,
        "oblique": 0.0,
        "style": "Standard",
        "textgen": "0",
        "alignh": "0",
        "alignv": "0",
        "interlin": -1.0,
        "lat": 29.78788,
        "lon": 52.46711
      },
      "geometry": {
        "type": "Point",
        "coordinates": [52.46711008622411, 29.787878098111243]
      }
    },
    {
      "type": "Feature",
      "properties": {
        "fid": 31.0,
        "handle": "17399",
        "block": "-1",
        "etype": "25",
        "space": "0",
        "layer": "PLAK",
        "olinetype": "bylayer",
        "linetype": null,
        "color": "255,255,255,255",
        "ocolor": "7",
        "color24": "16777215",
        "transparen": "0",
        "lweight": "-1",
        "linewidth": 0.0,
        "ltscale": 1.0,
        "visible": "1",
        "thickness": 0.0,
        "ext": "(3:-0.003003440932991228,-0.004522054395397211,0.9999852650747446)",
        "height": 3.0,
        "text": "1427",
        "angle": 58.87298,
        "widthscale": 1.0,
        "oblique": 0.0,
        "style": "Standard",
        "textgen": "0",
        "alignh": "0",
        "alignv": "0",
        "interlin": -1.0,
        "lat": 29.78881,
        "lon": 52.4648
      },
      "geometry": {
        "type": "Point",
        "coordinates": [52.464802426802159, 29.788809243676894]
      }
    },
    {
      "type": "Feature",
      "properties": {
        "fid": 32.0,
        "handle": "17400",
        "block": "-1",
        "etype": "25",
        "space": "0",
        "layer": "PLAK",
        "olinetype": "bylayer",
        "linetype": null,
        "color": "255,255,255,255",
        "ocolor": "7",
        "color24": "16777215",
        "transparen": "0",
        "lweight": "-1",
        "linewidth": 0.0,
        "ltscale": 1.0,
        "visible": "1",
        "thickness": 0.0,
        "ext": "(3:-0.003003440932991228,-0.004522054395397211,0.9999852650747446)",
        "height": 3.0,
        "text": "1428",
        "angle": 66.97609,
        "widthscale": 1.0,
        "oblique": 0.0,
        "style": "Standard",
        "textgen": "0",
        "alignh": "0",
        "alignv": "0",
        "interlin": -1.0,
        "lat": 29.78873,
        "lon": 52.46495
      },
      "geometry": {
        "type": "Point",
        "coordinates": [52.464950024545544, 29.78873250707996]
      }
    },
    {
      "type": "Feature",
      "properties": {
        "fid": 33.0,
        "handle": "17401",
        "block": "-1",
        "etype": "25",
        "space": "0",
        "layer": "PLAK",
        "olinetype": "bylayer",
        "linetype": null,
        "color": "255,255,255,255",
        "ocolor": "7",
        "color24": "16777215",
        "transparen": "0",
        "lweight": "-1",
        "linewidth": 0.0,
        "ltscale": 1.0,
        "visible": "1",
        "thickness": 0.0,
        "ext": "(3:-0.003003440932991228,-0.004522054395397211,0.9999852650747446)",
        "height": 3.0,
        "text": "1429",
        "angle": 65.5873,
        "widthscale": 1.0,
        "oblique": 0.0,
        "style": "Standard",
        "textgen": "0",
        "alignh": "0",
        "alignv": "0",
        "interlin": -1.0,
        "lat": 29.78865,
        "lon": 52.4651
      },
      "geometry": {
        "type": "Point",
        "coordinates": [52.465104842351622, 29.788645392622794]
      }
    },
    {
      "type": "Feature",
      "properties": {
        "fid": 34.0,
        "handle": "17402",
        "block": "-1",
        "etype": "25",
        "space": "0",
        "layer": "PLAK",
        "olinetype": "bylayer",
        "linetype": null,
        "color": "255,255,255,255",
        "ocolor": "7",
        "color24": "16777215",
        "transparen": "0",
        "lweight": "-1",
        "linewidth": 0.0,
        "ltscale": 1.0,
        "visible": "1",
        "thickness": 0.0,
        "ext": "(3:-0.003003440932991228,-0.004522054395397211,0.9999852650747446)",
        "height": 3.0,
        "text": "1430",
        "angle": 50.73746,
        "widthscale": 1.0,
        "oblique": 0.0,
        "style": "Standard",
        "textgen": "0",
        "alignh": "0",
        "alignv": "0",
        "interlin": -1.0,
        "lat": 29.78856,
        "lon": 52.46522
      },
      "geometry": {
        "type": "Point",
        "coordinates": [52.465220487476429, 29.788559504818046]
      }
    },
    {
      "type": "Feature",
      "properties": {
        "fid": 35.0,
        "handle": "17403",
        "block": "-1",
        "etype": "25",
        "space": "0",
        "layer": "PLAK",
        "olinetype": "bylayer",
        "linetype": null,
        "color": "255,255,255,255",
        "ocolor": "7",
        "color24": "16777215",
        "transparen": "0",
        "lweight": "-1",
        "linewidth": 0.0,
        "ltscale": 1.0,
        "visible": "1",
        "thickness": 0.0,
        "ext": "(3:-0.003003440932991228,-0.004522054395397211,0.9999852650747446)",
        "height": 3.0,
        "text": "1431",
        "angle": 58.87298,
        "widthscale": 1.0,
        "oblique": 0.0,
        "style": "Standard",
        "textgen": "0",
        "alignh": "0",
        "alignv": "0",
        "interlin": -1.0,
        "lat": 29.78849,
        "lon": 52.46535
      },
      "geometry": {
        "type": "Point",
        "coordinates": [52.465352797364361, 29.788485888501192]
      }
    },
    {
      "type": "Feature",
      "properties": {
        "fid": 36.0,
        "handle": "17404",
        "block": "-1",
        "etype": "25",
        "space": "0",
        "layer": "PLAK",
        "olinetype": "bylayer",
        "linetype": null,
        "color": "255,255,255,255",
        "ocolor": "7",
        "color24": "16777215",
        "transparen": "0",
        "lweight": "-1",
        "linewidth": 0.0,
        "ltscale": 1.0,
        "visible": "1",
        "thickness": 0.0,
        "ext": "(3:-0.003003440932991228,-0.004522054395397211,0.9999852650747446)",
        "height": 3.0,
        "text": "1432",
        "angle": 55.69101,
        "widthscale": 1.0,
        "oblique": 0.0,
        "style": "Standard",
        "textgen": "0",
        "alignh": "0",
        "alignv": "0",
        "interlin": -1.0,
        "lat": 29.78841,
        "lon": 52.46549
      },
      "geometry": {
        "type": "Point",
        "coordinates": [52.465493064921979, 29.788407137173547]
      }
    },
    {
      "type": "Feature",
      "properties": {
        "fid": 37.0,
        "handle": "17405",
        "block": "-1",
        "etype": "25",
        "space": "0",
        "layer": "PLAK",
        "olinetype": "bylayer",
        "linetype": null,
        "color": "255,255,255,255",
        "ocolor": "7",
        "color24": "16777215",
        "transparen": "0",
        "lweight": "-1",
        "linewidth": 0.0,
        "ltscale": 1.0,
        "visible": "1",
        "thickness": 0.0,
        "ext": "(3:-0.003003440932991228,-0.004522054395397211,0.9999852650747446)",
        "height": 3.0,
        "text": "1433",
        "angle": 58.87298,
        "widthscale": 1.0,
        "oblique": 0.0,
        "style": "Standard",
        "textgen": "0",
        "alignh": "0",
        "alignv": "0",
        "interlin": -1.0,
        "lat": 29.78833,
        "lon": 52.46563
      },
      "geometry": {
        "type": "Point",
        "coordinates": [52.465632561572257, 29.788326455215319]
      }
    },
    {
      "type": "Feature",
      "properties": {
        "fid": 38.0,
        "handle": "17406",
        "block": "-1",
        "etype": "25",
        "space": "0",
        "layer": "PLAK",
        "olinetype": "bylayer",
        "linetype": null,
        "color": "255,255,255,255",
        "ocolor": "7",
        "color24": "16777215",
        "transparen": "0",
        "lweight": "-1",
        "linewidth": 0.0,
        "ltscale": 1.0,
        "visible": "1",
        "thickness": 0.0,
        "ext": "(3:-0.003003440932991228,-0.004522054395397211,0.9999852650747446)",
        "height": 3.0,
        "text": "1434",
        "angle": 53.67508,
        "widthscale": 1.0,
        "oblique": 0.0,
        "style": "Standard",
        "textgen": "0",
        "alignh": "0",
        "alignv": "0",
        "interlin": -1.0,
        "lat": 29.78824,
        "lon": 52.46576
      },
      "geometry": {
        "type": "Point",
        "coordinates": [52.465764217338908, 29.788241301749771]
      }
    },
    {
      "type": "Feature",
      "properties": {
        "fid": 39.0,
        "handle": "17407",
        "block": "-1",
        "etype": "25",
        "space": "0",
        "layer": "PLAK",
        "olinetype": "bylayer",
        "linetype": null,
        "color": "255,255,255,255",
        "ocolor": "7",
        "color24": "16777215",
        "transparen": "0",
        "lweight": "-1",
        "linewidth": 0.0,
        "ltscale": 1.0,
        "visible": "1",
        "thickness": 0.0,
        "ext": "(3:-0.003003440932991228,-0.004522054395397211,0.9999852650747446)",
        "height": 3.0,
        "text": "1435",
        "angle": 66.69929,
        "widthscale": 1.0,
        "oblique": 0.0,
        "style": "Standard",
        "textgen": "0",
        "alignh": "0",
        "alignv": "0",
        "interlin": -1.0,
        "lat": 29.78817,
        "lon": 52.46592
      },
      "geometry": {
        "type": "Point",
        "coordinates": [52.465918417313638, 29.788166271794033]
      }
    },
    {
      "type": "Feature",
      "properties": {
        "fid": 40.0,
        "handle": "17408",
        "block": "-1",
        "etype": "25",
        "space": "0",
        "layer": "PLAK",
        "olinetype": "bylayer",
        "linetype": null,
        "color": "255,255,255,255",
        "ocolor": "7",
        "color24": "16777215",
        "transparen": "0",
        "lweight": "-1",
        "linewidth": 0.0,
        "ltscale": 1.0,
        "visible": "1",
        "thickness": 0.0,
        "ext": "(3:-0.003003440932991228,-0.004522054395397211,0.9999852650747446)",
        "height": 3.0,
        "text": "1436",
        "angle": 58.87298,
        "widthscale": 1.0,
        "oblique": 0.0,
        "style": "Standard",
        "textgen": "0",
        "alignh": "0",
        "alignv": "0",
        "interlin": -1.0,
        "lat": 29.78809,
        "lon": 52.46605
      },
      "geometry": {
        "type": "Point",
        "coordinates": [52.466048953338984, 29.788086780674654]
      }
    },
    {
      "type": "Feature",
      "properties": {
        "fid": 41.0,
        "handle": "17409",
        "block": "-1",
        "etype": "25",
        "space": "0",
        "layer": "PLAK",
        "olinetype": "bylayer",
        "linetype": null,
        "color": "255,255,255,255",
        "ocolor": "7",
        "color24": "16777215",
        "transparen": "0",
        "lweight": "-1",
        "linewidth": 0.0,
        "ltscale": 1.0,
        "visible": "1",
        "thickness": 0.0,
        "ext": "(3:-0.003003440932991228,-0.004522054395397211,0.9999852650747446)",
        "height": 3.0,
        "text": "1437",
        "angle": 49.40435,
        "widthscale": 1.0,
        "oblique": 0.0,
        "style": "Standard",
        "textgen": "0",
        "alignh": "0",
        "alignv": "0",
        "interlin": -1.0,
        "lat": 29.78801,
        "lon": 52.46618
      },
      "geometry": {
        "type": "Point",
        "coordinates": [52.466183116628734, 29.788010891015421]
      }
    },
    {
      "type": "Feature",
      "properties": {
        "fid": 42.0,
        "handle": "17410",
        "block": "-1",
        "etype": "25",
        "space": "0",
        "layer": "PLAK",
        "olinetype": "bylayer",
        "linetype": null,
        "color": "255,255,255,255",
        "ocolor": "7",
        "color24": "16777215",
        "transparen": "0",
        "lweight": "-1",
        "linewidth": 0.0,
        "ltscale": 1.0,
        "visible": "1",
        "thickness": 0.0,
        "ext": "(3:-0.003003440932991228,-0.004522054395397211,0.9999852650747446)",
        "height": 3.0,
        "text": "1438",
        "angle": 62.68961,
        "widthscale": 1.0,
        "oblique": 0.0,
        "style": "Standard",
        "textgen": "0",
        "alignh": "0",
        "alignv": "0",
        "interlin": -1.0,
        "lat": 29.78793,
        "lon": 52.46632
      },
      "geometry": {
        "type": "Point",
        "coordinates": [52.466320490160051, 29.787928004314058]
      }
    },
    {
      "type": "Feature",
      "properties": {
        "fid": 43.0,
        "handle": "17411",
        "block": "-1",
        "etype": "25",
        "space": "0",
        "layer": "PLAK",
        "olinetype": "bylayer",
        "linetype": null,
        "color": "255,255,255,255",
        "ocolor": "7",
        "color24": "16777215",
        "transparen": "0",
        "lweight": "-1",
        "linewidth": 0.0,
        "ltscale": 1.0,
        "visible": "1",
        "thickness": 0.0,
        "ext": "(3:-0.003003440932991228,-0.004522054395397211,0.9999852650747446)",
        "height": 3.0,
        "text": "1439",
        "angle": 68.34161,
        "widthscale": 1.0,
        "oblique": 0.0,
        "style": "Standard",
        "textgen": "0",
        "alignh": "0",
        "alignv": "0",
        "interlin": -1.0,
        "lat": 29.78785,
        "lon": 52.46646
      },
      "geometry": {
        "type": "Point",
        "coordinates": [52.466464621020172, 29.787853703428937]
      }
    },
    {
      "type": "Feature",
      "properties": {
        "fid": 44.0,
        "handle": "17412",
        "block": "-1",
        "etype": "25",
        "space": "0",
        "layer": "PLAK",
        "olinetype": "bylayer",
        "linetype": null,
        "color": "255,255,255,255",
        "ocolor": "7",
        "color24": "16777215",
        "transparen": "0",
        "lweight": "-1",
        "linewidth": 0.0,
        "ltscale": 1.0,
        "visible": "1",
        "thickness": 0.0,
        "ext": "(3:-0.003003440932991228,-0.004522054395397211,0.9999852650747446)",
        "height": 3.0,
        "text": "1440",
        "angle": 66.00273,
        "widthscale": 1.0,
        "oblique": 0.0,
        "style": "Standard",
        "textgen": "0",
        "alignh": "0",
        "alignv": "0",
        "interlin": -1.0,
        "lat": 29.78776,
        "lon": 52.4666
      },
      "geometry": {
        "type": "Point",
        "coordinates": [52.466600860226066, 29.787764725976917]
      }
    },
    {
      "type": "Feature",
      "properties": {
        "fid": 45.0,
        "handle": "17413",
        "block": "-1",
        "etype": "25",
        "space": "0",
        "layer": "PLAK",
        "olinetype": "bylayer",
        "linetype": null,
        "color": "255,255,255,255",
        "ocolor": "7",
        "color24": "16777215",
        "transparen": "0",
        "lweight": "-1",
        "linewidth": 0.0,
        "ltscale": 1.0,
        "visible": "1",
        "thickness": 0.0,
        "ext": "(3:-0.003003440932991228,-0.004522054395397211,0.9999852650747446)",
        "height": 3.0,
        "text": "1441",
        "angle": 55.50426,
        "widthscale": 1.0,
        "oblique": 0.0,
        "style": "Standard",
        "textgen": "0",
        "alignh": "0",
        "alignv": "0",
        "interlin": -1.0,
        "lat": 29.7876,
        "lon": 52.46686
      },
      "geometry": {
        "type": "Point",
        "coordinates": [52.466864628821369, 29.787604482258782]
      }
    },
    {
      "type": "Feature",
      "properties": {
        "fid": 46.0,
        "handle": "17414",
        "block": "-1",
        "etype": "25",
        "space": "0",
        "layer": "PLAK",
        "olinetype": "bylayer",
        "linetype": null,
        "color": "255,255,255,255",
        "ocolor": "7",
        "color24": "16777215",
        "transparen": "0",
        "lweight": "-1",
        "linewidth": 0.0,
        "ltscale": 1.0,
        "visible": "1",
        "thickness": 0.0,
        "ext": "(3:-0.003003440932991228,-0.004522054395397211,0.9999852650747446)",
        "height": 3.0,
        "text": "1456",
        "angle": 58.87298,
        "widthscale": 1.0,
        "oblique": 0.0,
        "style": "Standard",
        "textgen": "0",
        "alignh": "0",
        "alignv": "0",
        "interlin": -1.0,
        "lat": 29.78868,
        "lon": 52.46399
      },
      "geometry": {
        "type": "Point",
        "coordinates": [52.463993607975908, 29.788675236788055]
      }
    },
    {
      "type": "Feature",
      "properties": {
        "fid": 47.0,
        "handle": "17415",
        "block": "-1",
        "etype": "25",
        "space": "0",
        "layer": "PLAK",
        "olinetype": "bylayer",
        "linetype": null,
        "color": "255,255,255,255",
        "ocolor": "7",
        "color24": "16777215",
        "transparen": "0",
        "lweight": "-1",
        "linewidth": 0.0,
        "ltscale": 1.0,
        "visible": "1",
        "thickness": 0.0,
        "ext": "(3:-0.003003440932991228,-0.004522054395397211,0.9999852650747446)",
        "height": 3.0,
        "text": "1455",
        "angle": 58.87298,
        "widthscale": 1.0,
        "oblique": 0.0,
        "style": "Standard",
        "textgen": "0",
        "alignh": "0",
        "alignv": "0",
        "interlin": -1.0,
        "lat": 29.78856,
        "lon": 52.46417
      },
      "geometry": {
        "type": "Point",
        "coordinates": [52.464166556769086, 29.788555359889465]
      }
    },
    {
      "type": "Feature",
      "properties": {
        "fid": 48.0,
        "handle": "17416",
        "block": "-1",
        "etype": "25",
        "space": "0",
        "layer": "PLAK",
        "olinetype": "bylayer",
        "linetype": null,
        "color": "255,255,255,255",
        "ocolor": "7",
        "color24": "16777215",
        "transparen": "0",
        "lweight": "-1",
        "linewidth": 0.0,
        "ltscale": 1.0,
        "visible": "1",
        "thickness": 0.0,
        "ext": "(3:-0.003003440932991228,-0.004522054395397211,0.9999852650747446)",
        "height": 3.0,
        "text": "1454",
        "angle": 58.87298,
        "widthscale": 1.0,
        "oblique": 0.0,
        "style": "Standard",
        "textgen": "0",
        "alignh": "0",
        "alignv": "0",
        "interlin": -1.0,
        "lat": 29.78844,
        "lon": 52.46435
      },
      "geometry": {
        "type": "Point",
        "coordinates": [52.464345975538265, 29.788443862545201]
      }
    },
    {
      "type": "Feature",
      "properties": {
        "fid": 49.0,
        "handle": "17417",
        "block": "-1",
        "etype": "25",
        "space": "0",
        "layer": "PLAK",
        "olinetype": "bylayer",
        "linetype": null,
        "color": "255,255,255,255",
        "ocolor": "7",
        "color24": "16777215",
        "transparen": "0",
        "lweight": "-1",
        "linewidth": 0.0,
        "ltscale": 1.0,
        "visible": "1",
        "thickness": 0.0,
        "ext": "(3:-0.003003440932991228,-0.004522054395397211,0.9999852650747446)",
        "height": 3.0,
        "text": "1453",
        "angle": 58.87298,
        "widthscale": 1.0,
        "oblique": 0.0,
        "style": "Standard",
        "textgen": "0",
        "alignh": "0",
        "alignv": "0",
        "interlin": -1.0,
        "lat": 29.78834,
        "lon": 52.46453
      },
      "geometry": {
        "type": "Point",
        "coordinates": [52.464531864360104, 29.788340744800799]
      }
    },
    {
      "type": "Feature",
      "properties": {
        "fid": 50.0,
        "handle": "17418",
        "block": "-1",
        "etype": "25",
        "space": "0",
        "layer": "PLAK",
        "olinetype": "bylayer",
        "linetype": null,
        "color": "255,255,255,255",
        "ocolor": "7",
        "color24": "16777215",
        "transparen": "0",
        "lweight": "-1",
        "linewidth": 0.0,
        "ltscale": 1.0,
        "visible": "1",
        "thickness": 0.0,
        "ext": "(3:-0.003003440932991228,-0.004522054395397211,0.9999852650747446)",
        "height": 3.0,
        "text": "1452",
        "angle": 58.87298,
        "widthscale": 1.0,
        "oblique": 0.0,
        "style": "Standard",
        "textgen": "0",
        "alignh": "0",
        "alignv": "0",
        "interlin": -1.0,
        "lat": 29.78824,
        "lon": 52.46471
      },
      "geometry": {
        "type": "Point",
        "coordinates": [52.464712946134107, 29.788240450650143]
      }
    },
    {
      "type": "Feature",
      "properties": {
        "fid": 51.0,
        "handle": "17419",
        "block": "-1",
        "etype": "25",
        "space": "0",
        "layer": "PLAK",
        "olinetype": "bylayer",
        "linetype": null,
        "color": "255,255,255,255",
        "ocolor": "7",
        "color24": "16777215",
        "transparen": "0",
        "lweight": "-1",
        "linewidth": 0.0,
        "ltscale": 1.0,
        "visible": "1",
        "thickness": 0.0,
        "ext": "(3:-0.003003440932991228,-0.004522054395397211,0.9999852650747446)",
        "height": 3.0,
        "text": "1451",
        "angle": 58.87298,
        "widthscale": 1.0,
        "oblique": 0.0,
        "style": "Standard",
        "textgen": "0",
        "alignh": "0",
        "alignv": "0",
        "interlin": -1.0,
        "lat": 29.78813,
        "lon": 52.4649
      },
      "geometry": {
        "type": "Point",
        "coordinates": [52.464900405617769, 29.788130318620304]
      }
    },
    {
      "type": "Feature",
      "properties": {
        "fid": 52.0,
        "handle": "17420",
        "block": "-1",
        "etype": "25",
        "space": "0",
        "layer": "PLAK",
        "olinetype": "bylayer",
        "linetype": null,
        "color": "255,255,255,255",
        "ocolor": "7",
        "color24": "16777215",
        "transparen": "0",
        "lweight": "-1",
        "linewidth": 0.0,
        "ltscale": 1.0,
        "visible": "1",
        "thickness": 0.0,
        "ext": "(3:-0.003003440932991228,-0.004522054395397211,0.9999852650747446)",
        "height": 3.0,
        "text": "1450",
        "angle": 58.87298,
        "widthscale": 1.0,
        "oblique": 0.0,
        "style": "Standard",
        "textgen": "0",
        "alignh": "0",
        "alignv": "0",
        "interlin": -1.0,
        "lat": 29.78803,
        "lon": 52.46508
      },
      "geometry": {
        "type": "Point",
        "coordinates": [52.465076679920593, 29.788032847911982]
      }
    },
    {
      "type": "Feature",
      "properties": {
        "fid": 53.0,
        "handle": "17421",
        "block": "-1",
        "etype": "25",
        "space": "0",
        "layer": "PLAK",
        "olinetype": "bylayer",
        "linetype": null,
        "color": "255,255,255,255",
        "ocolor": "7",
        "color24": "16777215",
        "transparen": "0",
        "lweight": "-1",
        "linewidth": 0.0,
        "ltscale": 1.0,
        "visible": "1",
        "thickness": 0.0,
        "ext": "(3:-0.003003440932991228,-0.004522054395397211,0.9999852650747446)",
        "height": 3.0,
        "text": "1449",
        "angle": 58.87298,
        "widthscale": 1.0,
        "oblique": 0.0,
        "style": "Standard",
        "textgen": "0",
        "alignh": "0",
        "alignv": "0",
        "interlin": -1.0,
        "lat": 29.78792,
        "lon": 52.46526
      },
      "geometry": {
        "type": "Point",
        "coordinates": [52.465260903405003, 29.787918525493126]
      }
    },
    {
      "type": "Feature",
      "properties": {
        "fid": 54.0,
        "handle": "17422",
        "block": "-1",
        "etype": "25",
        "space": "0",
        "layer": "PLAK",
        "olinetype": "bylayer",
        "linetype": null,
        "color": "255,255,255,255",
        "ocolor": "7",
        "color24": "16777215",
        "transparen": "0",
        "lweight": "-1",
        "linewidth": 0.0,
        "ltscale": 1.0,
        "visible": "1",
        "thickness": 0.0,
        "ext": "(3:-0.003003440932991228,-0.004522054395397211,0.9999852650747446)",
        "height": 3.0,
        "text": "1448",
        "angle": 58.87298,
        "widthscale": 1.0,
        "oblique": 0.0,
        "style": "Standard",
        "textgen": "0",
        "alignh": "0",
        "alignv": "0",
        "interlin": -1.0,
        "lat": 29.78782,
        "lon": 52.46544
      },
      "geometry": {
        "type": "Point",
        "coordinates": [52.465441983650855, 29.787818230422754]
      }
    },
    {
      "type": "Feature",
      "properties": {
        "fid": 55.0,
        "handle": "17423",
        "block": "-1",
        "etype": "25",
        "space": "0",
        "layer": "PLAK",
        "olinetype": "bylayer",
        "linetype": null,
        "color": "255,255,255,255",
        "ocolor": "7",
        "color24": "16777215",
        "transparen": "0",
        "lweight": "-1",
        "linewidth": 0.0,
        "ltscale": 1.0,
        "visible": "1",
        "thickness": 0.0,
        "ext": "(3:-0.003003440932991228,-0.004522054395397211,0.9999852650747446)",
        "height": 3.0,
        "text": "1447",
        "angle": 58.87298,
        "widthscale": 1.0,
        "oblique": 0.0,
        "style": "Standard",
        "textgen": "0",
        "alignh": "0",
        "alignv": "0",
        "interlin": -1.0,
        "lat": 29.78772,
        "lon": 52.46563
      },
      "geometry": {
        "type": "Point",
        "coordinates": [52.46562629876636, 29.787722124985567]
      }
    },
    {
      "type": "Feature",
      "properties": {
        "fid": 56.0,
        "handle": "17424",
        "block": "-1",
        "etype": "25",
        "space": "0",
        "layer": "PLAK",
        "olinetype": "bylayer",
        "linetype": null,
        "color": "255,255,255,255",
        "ocolor": "7",
        "color24": "16777215",
        "transparen": "0",
        "lweight": "-1",
        "linewidth": 0.0,
        "ltscale": 1.0,
        "visible": "1",
        "thickness": 0.0,
        "ext": "(3:-0.003003440932991228,-0.004522054395397211,0.9999852650747446)",
        "height": 3.0,
        "text": "1446",
        "angle": 58.87298,
        "widthscale": 1.0,
        "oblique": 0.0,
        "style": "Standard",
        "textgen": "0",
        "alignh": "0",
        "alignv": "0",
        "interlin": -1.0,
        "lat": 29.78761,
        "lon": 52.46581
      },
      "geometry": {
        "type": "Point",
        "coordinates": [52.465810520966734, 29.787607801851589]
      }
    },
    {
      "type": "Feature",
      "properties": {
        "fid": 57.0,
        "handle": "17425",
        "block": "-1",
        "etype": "25",
        "space": "0",
        "layer": "PLAK",
        "olinetype": "bylayer",
        "linetype": null,
        "color": "255,255,255,255",
        "ocolor": "7",
        "color24": "16777215",
        "transparen": "0",
        "lweight": "-1",
        "linewidth": 0.0,
        "ltscale": 1.0,
        "visible": "1",
        "thickness": 0.0,
        "ext": "(3:-0.003003440932991228,-0.004522054395397211,0.9999852650747446)",
        "height": 3.0,
        "text": "1445",
        "angle": 58.87298,
        "widthscale": 1.0,
        "oblique": 0.0,
        "style": "Standard",
        "textgen": "0",
        "alignh": "0",
        "alignv": "0",
        "interlin": -1.0,
        "lat": 29.78751,
        "lon": 52.46599
      },
      "geometry": {
        "type": "Point",
        "coordinates": [52.465986793511114, 29.787510329967276]
      }
    },
    {
      "type": "Feature",
      "properties": {
        "fid": 58.0,
        "handle": "17426",
        "block": "-1",
        "etype": "25",
        "space": "0",
        "layer": "PLAK",
        "olinetype": "bylayer",
        "linetype": null,
        "color": "255,255,255,255",
        "ocolor": "7",
        "color24": "16777215",
        "transparen": "0",
        "lweight": "-1",
        "linewidth": 0.0,
        "ltscale": 1.0,
        "visible": "1",
        "thickness": 0.0,
        "ext": "(3:-0.003003440932991228,-0.004522054395397211,0.9999852650747446)",
        "height": 3.0,
        "text": "1444",
        "angle": 58.87298,
        "widthscale": 1.0,
        "oblique": 0.0,
        "style": "Standard",
        "textgen": "0",
        "alignh": "0",
        "alignv": "0",
        "interlin": -1.0,
        "lat": 29.78743,
        "lon": 52.46613
      },
      "geometry": {
        "type": "Point",
        "coordinates": [52.4661309910081, 29.787425611715797]
      }
    },
    {
      "type": "Feature",
      "properties": {
        "fid": 59.0,
        "handle": "17427",
        "block": "-1",
        "etype": "25",
        "space": "0",
        "layer": "PLAK",
        "olinetype": "bylayer",
        "linetype": null,
        "color": "255,255,255,255",
        "ocolor": "7",
        "color24": "16777215",
        "transparen": "0",
        "lweight": "-1",
        "linewidth": 0.0,
        "ltscale": 1.0,
        "visible": "1",
        "thickness": 0.0,
        "ext": "(3:-0.003003440932991228,-0.004522054395397211,0.9999852650747446)",
        "height": 3.0,
        "text": "1443",
        "angle": 58.87298,
        "widthscale": 1.0,
        "oblique": 0.0,
        "style": "Standard",
        "textgen": "0",
        "alignh": "0",
        "alignv": "0",
        "interlin": -1.0,
        "lat": 29.78734,
        "lon": 52.46628
      },
      "geometry": {
        "type": "Point",
        "coordinates": [52.466275188244325, 29.787340893296104]
      }
    },
    {
      "type": "Feature",
      "properties": {
        "fid": 60.0,
        "handle": "17428",
        "block": "-1",
        "etype": "25",
        "space": "0",
        "layer": "PLAK",
        "olinetype": "bylayer",
        "linetype": null,
        "color": "255,255,255,255",
        "ocolor": "7",
        "color24": "16777215",
        "transparen": "0",
        "lweight": "-1",
        "linewidth": 0.0,
        "ltscale": 1.0,
        "visible": "1",
        "thickness": 0.0,
        "ext": "(3:-0.003003440932991228,-0.004522054395397211,0.9999852650747446)",
        "height": 3.0,
        "text": "1442",
        "angle": 58.87298,
        "widthscale": 1.0,
        "oblique": 0.0,
        "style": "Standard",
        "textgen": "0",
        "alignh": "0",
        "alignv": "0",
        "interlin": -1.0,
        "lat": 29.78717,
        "lon": 52.46652
      },
      "geometry": {
        "type": "Point",
        "coordinates": [52.466523127174149, 29.787166072346373]
      }
    },
    {
      "type": "Feature",
      "properties": {
        "fid": 61.0,
        "handle": "17429",
        "block": "-1",
        "etype": "25",
        "space": "0",
        "layer": "PLAK",
        "olinetype": "bylayer",
        "linetype": null,
        "color": "255,255,255,255",
        "ocolor": "7",
        "color24": "16777215",
        "transparen": "0",
        "lweight": "-1",
        "linewidth": 0.0,
        "ltscale": 1.0,
        "visible": "1",
        "thickness": 0.0,
        "ext": "(3:-0.003003440932991228,-0.004522054395397211,0.9999852650747446)",
        "height": 3.0,
        "text": "1457",
        "angle": 58.87298,
        "widthscale": 1.0,
        "oblique": 0.0,
        "style": "Standard",
        "textgen": "0",
        "alignh": "0",
        "alignv": "0",
        "interlin": -1.0,
        "lat": 29.78839,
        "lon": 52.46379
      },
      "geometry": {
        "type": "Point",
        "coordinates": [52.46378646346195, 29.788388865046294]
      }
    },
    {
      "type": "Feature",
      "properties": {
        "fid": 62.0,
        "handle": "17430",
        "block": "-1",
        "etype": "25",
        "space": "0",
        "layer": "PLAK",
        "olinetype": "bylayer",
        "linetype": null,
        "color": "255,255,255,255",
        "ocolor": "7",
        "color24": "16777215",
        "transparen": "0",
        "lweight": "-1",
        "linewidth": 0.0,
        "ltscale": 1.0,
        "visible": "1",
        "thickness": 0.0,
        "ext": "(3:-0.003003440932991228,-0.004522054395397211,0.9999852650747446)",
        "height": 3.0,
        "text": "1458",
        "angle": 58.87298,
        "widthscale": 1.0,
        "oblique": 0.0,
        "style": "Standard",
        "textgen": "0",
        "alignh": "0",
        "alignv": "0",
        "interlin": -1.0,
        "lat": 29.78829,
        "lon": 52.46397
      },
      "geometry": {
        "type": "Point",
        "coordinates": [52.463967546108698, 29.788288571942505]
      }
    },
    {
      "type": "Feature",
      "properties": {
        "fid": 63.0,
        "handle": "17431",
        "block": "-1",
        "etype": "25",
        "space": "0",
        "layer": "PLAK",
        "olinetype": "bylayer",
        "linetype": null,
        "color": "255,255,255,255",
        "ocolor": "7",
        "color24": "16777215",
        "transparen": "0",
        "lweight": "-1",
        "linewidth": 0.0,
        "ltscale": 1.0,
        "visible": "1",
        "thickness": 0.0,
        "ext": "(3:-0.003003440932991228,-0.004522054395397211,0.9999852650747446)",
        "height": 3.0,
        "text": "1459",
        "angle": 58.87298,
        "widthscale": 1.0,
        "oblique": 0.0,
        "style": "Standard",
        "textgen": "0",
        "alignh": "0",
        "alignv": "0",
        "interlin": -1.0,
        "lat": 29.78818,
        "lon": 52.46416
      },
      "geometry": {
        "type": "Point",
        "coordinates": [52.464155006544189, 29.788178440887027]
      }
    },
    {
      "type": "Feature",
      "properties": {
        "fid": 64.0,
        "handle": "17432",
        "block": "-1",
        "etype": "25",
        "space": "0",
        "layer": "PLAK",
        "olinetype": "bylayer",
        "linetype": null,
        "color": "255,255,255,255",
        "ocolor": "7",
        "color24": "16777215",
        "transparen": "0",
        "lweight": "-1",
        "linewidth": 0.0,
        "ltscale": 1.0,
        "visible": "1",
        "thickness": 0.0,
        "ext": "(3:-0.003003440932991228,-0.004522054395397211,0.9999852650747446)",
        "height": 3.0,
        "text": "1460",
        "angle": 58.87298,
        "widthscale": 1.0,
        "oblique": 0.0,
        "style": "Standard",
        "textgen": "0",
        "alignh": "0",
        "alignv": "0",
        "interlin": -1.0,
        "lat": 29.78806,
        "lon": 52.46434
      },
      "geometry": {
        "type": "Point",
        "coordinates": [52.46433923135055, 29.788064119709574]
      }
    },
    {
      "type": "Feature",
      "properties": {
        "fid": 65.0,
        "handle": "17433",
        "block": "-1",
        "etype": "25",
        "space": "0",
        "layer": "PLAK",
        "olinetype": "bylayer",
        "linetype": null,
        "color": "255,255,255,255",
        "ocolor": "7",
        "color24": "16777215",
        "transparen": "0",
        "lweight": "-1",
        "linewidth": 0.0,
        "ltscale": 1.0,
        "visible": "1",
        "thickness": 0.0,
        "ext": "(3:-0.003003440932991228,-0.004522054395397211,0.9999852650747446)",
        "height": 3.0,
        "text": "1461",
        "angle": 58.87298,
        "widthscale": 1.0,
        "oblique": 0.0,
        "style": "Standard",
        "textgen": "0",
        "alignh": "0",
        "alignv": "0",
        "interlin": -1.0,
        "lat": 29.78796,
        "lon": 52.46452
      },
      "geometry": {
        "type": "Point",
        "coordinates": [52.464520312827801, 29.787963825864136]
      }
    },
    {
      "type": "Feature",
      "properties": {
        "fid": 66.0,
        "handle": "17434",
        "block": "-1",
        "etype": "25",
        "space": "0",
        "layer": "PLAK",
        "olinetype": "bylayer",
        "linetype": null,
        "color": "255,255,255,255",
        "ocolor": "7",
        "color24": "16777215",
        "transparen": "0",
        "lweight": "-1",
        "linewidth": 0.0,
        "ltscale": 1.0,
        "visible": "1",
        "thickness": 0.0,
        "ext": "(3:-0.003003440932991228,-0.004522054395397211,0.9999852650747446)",
        "height": 3.0,
        "text": "1462",
        "angle": 58.87298,
        "widthscale": 1.0,
        "oblique": 0.0,
        "style": "Standard",
        "textgen": "0",
        "alignh": "0",
        "alignv": "0",
        "interlin": -1.0,
        "lat": 29.78784,
        "lon": 52.46469
      },
      "geometry": {
        "type": "Point",
        "coordinates": [52.464693259776475, 29.787843948326614]
      }
    },
    {
      "type": "Feature",
      "properties": {
        "fid": 67.0,
        "handle": "17435",
        "block": "-1",
        "etype": "25",
        "space": "0",
        "layer": "PLAK",
        "olinetype": "bylayer",
        "linetype": null,
        "color": "255,255,255,255",
        "ocolor": "7",
        "color24": "16777215",
        "transparen": "0",
        "lweight": "-1",
        "linewidth": 0.0,
        "ltscale": 1.0,
        "visible": "1",
        "thickness": 0.0,
        "ext": "(3:-0.003003440932991228,-0.004522054395397211,0.9999852650747446)",
        "height": 3.0,
        "text": "1463",
        "angle": 58.87298,
        "widthscale": 1.0,
        "oblique": 0.0,
        "style": "Standard",
        "textgen": "0",
        "alignh": "0",
        "alignv": "0",
        "interlin": -1.0,
        "lat": 29.78774,
        "lon": 52.46487
      },
      "geometry": {
        "type": "Point",
        "coordinates": [52.464871105284509, 29.78773946412834]
      }
    },
    {
      "type": "Feature",
      "properties": {
        "fid": 68.0,
        "handle": "17436",
        "block": "-1",
        "etype": "25",
        "space": "0",
        "layer": "PLAK",
        "olinetype": "bylayer",
        "linetype": null,
        "color": "255,255,255,255",
        "ocolor": "7",
        "color24": "16777215",
        "transparen": "0",
        "lweight": "-1",
        "linewidth": 0.0,
        "ltscale": 1.0,
        "visible": "1",
        "thickness": 0.0,
        "ext": "(3:-0.003003440932991228,-0.004522054395397211,0.9999852650747446)",
        "height": 3.0,
        "text": "1464",
        "angle": 58.87298,
        "widthscale": 1.0,
        "oblique": 0.0,
        "style": "Standard",
        "textgen": "0",
        "alignh": "0",
        "alignv": "0",
        "interlin": -1.0,
        "lat": 29.78764,
        "lon": 52.46504
      },
      "geometry": {
        "type": "Point",
        "coordinates": [52.465044143823242, 29.787637803592634]
      }
    },
    {
      "type": "Feature",
      "properties": {
        "fid": 69.0,
        "handle": "17437",
        "block": "-1",
        "etype": "25",
        "space": "0",
        "layer": "PLAK",
        "olinetype": "bylayer",
        "linetype": null,
        "color": "255,255,255,255",
        "ocolor": "7",
        "color24": "16777215",
        "transparen": "0",
        "lweight": "-1",
        "linewidth": 0.0,
        "ltscale": 1.0,
        "visible": "1",
        "thickness": 0.0,
        "ext": "(3:-0.003003440932991228,-0.004522054395397211,0.9999852650747446)",
        "height": 3.0,
        "text": "1465",
        "angle": 58.87298,
        "widthscale": 1.0,
        "oblique": 0.0,
        "style": "Standard",
        "textgen": "0",
        "alignh": "0",
        "alignv": "0",
        "interlin": -1.0,
        "lat": 29.78753,
        "lon": 52.46523
      },
      "geometry": {
        "type": "Point",
        "coordinates": [52.465234837016389, 29.787531860978575]
      }
    },
    {
      "type": "Feature",
      "properties": {
        "fid": 70.0,
        "handle": "17438",
        "block": "-1",
        "etype": "25",
        "space": "0",
        "layer": "PLAK",
        "olinetype": "bylayer",
        "linetype": null,
        "color": "255,255,255,255",
        "ocolor": "7",
        "color24": "16777215",
        "transparen": "0",
        "lweight": "-1",
        "linewidth": 0.0,
        "ltscale": 1.0,
        "visible": "1",
        "thickness": 0.0,
        "ext": "(3:-0.003003440932991228,-0.004522054395397211,0.9999852650747446)",
        "height": 3.0,
        "text": "1466",
        "angle": 58.87298,
        "widthscale": 1.0,
        "oblique": 0.0,
        "style": "Standard",
        "textgen": "0",
        "alignh": "0",
        "alignv": "0",
        "interlin": -1.0,
        "lat": 29.78742,
        "lon": 52.46541
      },
      "geometry": {
        "type": "Point",
        "coordinates": [52.465414252774544, 29.787420362287609]
      }
    },
    {
      "type": "Feature",
      "properties": {
        "fid": 71.0,
        "handle": "17439",
        "block": "-1",
        "etype": "25",
        "space": "0",
        "layer": "PLAK",
        "olinetype": "bylayer",
        "linetype": null,
        "color": "255,255,255,255",
        "ocolor": "7",
        "color24": "16777215",
        "transparen": "0",
        "lweight": "-1",
        "linewidth": 0.0,
        "ltscale": 1.0,
        "visible": "1",
        "thickness": 0.0,
        "ext": "(3:-0.003003440932991228,-0.004522054395397211,0.9999852650747446)",
        "height": 3.0,
        "text": "1467",
        "angle": 58.87298,
        "widthscale": 1.0,
        "oblique": 0.0,
        "style": "Standard",
        "textgen": "0",
        "alignh": "0",
        "alignv": "0",
        "interlin": -1.0,
        "lat": 29.78733,
        "lon": 52.46559
      },
      "geometry": {
        "type": "Point",
        "coordinates": [52.465588954022095, 29.78732990476097]
      }
    },
    {
      "type": "Feature",
      "properties": {
        "fid": 72.0,
        "handle": "17440",
        "block": "-1",
        "etype": "25",
        "space": "0",
        "layer": "PLAK",
        "olinetype": "bylayer",
        "linetype": null,
        "color": "255,255,255,255",
        "ocolor": "7",
        "color24": "16777215",
        "transparen": "0",
        "lweight": "-1",
        "linewidth": 0.0,
        "ltscale": 1.0,
        "visible": "1",
        "thickness": 0.0,
        "ext": "(3:-0.003003440932991228,-0.004522054395397211,0.9999852650747446)",
        "height": 3.0,
        "text": "1468",
        "angle": 58.87298,
        "widthscale": 1.0,
        "oblique": 0.0,
        "style": "Standard",
        "textgen": "0",
        "alignh": "0",
        "alignv": "0",
        "interlin": -1.0,
        "lat": 29.78723,
        "lon": 52.46578
      },
      "geometry": {
        "type": "Point",
        "coordinates": [52.465778074724568, 29.787230975197104]
      }
    },
    {
      "type": "Feature",
      "properties": {
        "fid": 73.0,
        "handle": "17441",
        "block": "-1",
        "etype": "25",
        "space": "0",
        "layer": "PLAK",
        "olinetype": "bylayer",
        "linetype": null,
        "color": "255,255,255,255",
        "ocolor": "7",
        "color24": "16777215",
        "transparen": "0",
        "lweight": "-1",
        "linewidth": 0.0,
        "ltscale": 1.0,
        "visible": "1",
        "thickness": 0.0,
        "ext": "(3:-0.003003440932991228,-0.004522054395397211,0.9999852650747446)",
        "height": 3.0,
        "text": "1469",
        "angle": 58.87298,
        "widthscale": 1.0,
        "oblique": 0.0,
        "style": "Standard",
        "textgen": "0",
        "alignh": "0",
        "alignv": "0",
        "interlin": -1.0,
        "lat": 29.78714,
        "lon": 52.46593
      },
      "geometry": {
        "type": "Point",
        "coordinates": [52.465928649891659, 29.787136419436006]
      }
    },
    {
      "type": "Feature",
      "properties": {
        "fid": 74.0,
        "handle": "17442",
        "block": "-1",
        "etype": "25",
        "space": "0",
        "layer": "PLAK",
        "olinetype": "bylayer",
        "linetype": null,
        "color": "255,255,255,255",
        "ocolor": "7",
        "color24": "16777215",
        "transparen": "0",
        "lweight": "-1",
        "linewidth": 0.0,
        "ltscale": 1.0,
        "visible": "1",
        "thickness": 0.0,
        "ext": "(3:-0.003003440932991228,-0.004522054395397211,0.9999852650747446)",
        "height": 3.0,
        "text": "1470",
        "angle": 58.87298,
        "widthscale": 1.0,
        "oblique": 0.0,
        "style": "Standard",
        "textgen": "0",
        "alignh": "0",
        "alignv": "0",
        "interlin": -1.0,
        "lat": 29.78706,
        "lon": 52.46606
      },
      "geometry": {
        "type": "Point",
        "coordinates": [52.466063233774072, 29.787057349128343]
      }
    },
    {
      "type": "Feature",
      "properties": {
        "fid": 75.0,
        "handle": "17443",
        "block": "-1",
        "etype": "25",
        "space": "0",
        "layer": "PLAK",
        "olinetype": "bylayer",
        "linetype": null,
        "color": "255,255,255,255",
        "ocolor": "7",
        "color24": "16777215",
        "transparen": "0",
        "lweight": "-1",
        "linewidth": 0.0,
        "ltscale": 1.0,
        "visible": "1",
        "thickness": 0.0,
        "ext": "(3:-0.003003440932991228,-0.004522054395397211,0.9999852650747446)",
        "height": 3.0,
        "text": "2147",
        "angle": 58.87298,
        "widthscale": 1.0,
        "oblique": 0.0,
        "style": "Standard",
        "textgen": "0",
        "alignh": "0",
        "alignv": "0",
        "interlin": -1.0,
        "lat": 29.78698,
        "lon": 52.46619
      },
      "geometry": {
        "type": "Point",
        "coordinates": [52.466193010883572, 29.786981102637608]
      }
    },
    {
      "type": "Feature",
      "properties": {
        "fid": 76.0,
        "handle": "17444",
        "block": "-1",
        "etype": "25",
        "space": "0",
        "layer": "PLAK",
        "olinetype": "bylayer",
        "linetype": null,
        "color": "255,255,255,255",
        "ocolor": "7",
        "color24": "16777215",
        "transparen": "0",
        "lweight": "-1",
        "linewidth": 0.0,
        "ltscale": 1.0,
        "visible": "1",
        "thickness": 0.0,
        "ext": "(3:-0.003003440932991228,-0.004522054395397211,0.9999852650747446)",
        "height": 3.12,
        "text": "1377",
        "angle": 58.87298,
        "widthscale": 1.0,
        "oblique": 0.0,
        "style": "Standard",
        "textgen": "0",
        "alignh": "0",
        "alignv": "0",
        "interlin": -1.0,
        "lat": 29.79089,
        "lon": 52.46568
      },
      "geometry": {
        "type": "Point",
        "coordinates": [52.465684883676154, 29.79089464816813]
      }
    },
    {
      "type": "Feature",
      "properties": {
        "fid": 77.0,
        "handle": "17445",
        "block": "-1",
        "etype": "25",
        "space": "0",
        "layer": "PLAK",
        "olinetype": "bylayer",
        "linetype": null,
        "color": "255,255,255,255",
        "ocolor": "7",
        "color24": "16777215",
        "transparen": "0",
        "lweight": "-1",
        "linewidth": 0.0,
        "ltscale": 1.0,
        "visible": "1",
        "thickness": 0.0,
        "ext": "(3:-0.003003440932991228,-0.004522054395397211,0.9999852650747446)",
        "height": 3.12,
        "text": "1376",
        "angle": 58.87298,
        "widthscale": 1.0,
        "oblique": 0.0,
        "style": "Standard",
        "textgen": "0",
        "alignh": "0",
        "alignv": "0",
        "interlin": -1.0,
        "lat": 29.79082,
        "lon": 52.46579
      },
      "geometry": {
        "type": "Point",
        "coordinates": [52.465792903900542, 29.790819749582877]
      }
    },
    {
      "type": "Feature",
      "properties": {
        "fid": 78.0,
        "handle": "17446",
        "block": "-1",
        "etype": "25",
        "space": "0",
        "layer": "PLAK",
        "olinetype": "bylayer",
        "linetype": null,
        "color": "255,255,255,255",
        "ocolor": "7",
        "color24": "16777215",
        "transparen": "0",
        "lweight": "-1",
        "linewidth": 0.0,
        "ltscale": 1.0,
        "visible": "1",
        "thickness": 0.0,
        "ext": "(3:-0.003003440932991228,-0.004522054395397211,0.9999852650747446)",
        "height": 3.12,
        "text": "1375",
        "angle": 58.87298,
        "widthscale": 1.0,
        "oblique": 0.0,
        "style": "Standard",
        "textgen": "0",
        "alignh": "0",
        "alignv": "0",
        "interlin": -1.0,
        "lat": 29.79075,
        "lon": 52.46591
      },
      "geometry": {
        "type": "Point",
        "coordinates": [52.465908504239408, 29.790752613822502]
      }
    },
    {
      "type": "Feature",
      "properties": {
        "fid": 79.0,
        "handle": "17447",
        "block": "-1",
        "etype": "25",
        "space": "0",
        "layer": "PLAK",
        "olinetype": "bylayer",
        "linetype": null,
        "color": "255,255,255,255",
        "ocolor": "7",
        "color24": "16777215",
        "transparen": "0",
        "lweight": "-1",
        "linewidth": 0.0,
        "ltscale": 1.0,
        "visible": "1",
        "thickness": 0.0,
        "ext": "(3:-0.003003440932991228,-0.004522054395397211,0.9999852650747446)",
        "height": 3.12,
        "text": "1374",
        "angle": 58.87298,
        "widthscale": 1.0,
        "oblique": 0.0,
        "style": "Standard",
        "textgen": "0",
        "alignh": "0",
        "alignv": "0",
        "interlin": -1.0,
        "lat": 29.79068,
        "lon": 52.46604
      },
      "geometry": {
        "type": "Point",
        "coordinates": [52.46603543526183, 29.790677471240464]
      }
    },
    {
      "type": "Feature",
      "properties": {
        "fid": 80.0,
        "handle": "17448",
        "block": "-1",
        "etype": "25",
        "space": "0",
        "layer": "PLAK",
        "olinetype": "bylayer",
        "linetype": null,
        "color": "255,255,255,255",
        "ocolor": "7",
        "color24": "16777215",
        "transparen": "0",
        "lweight": "-1",
        "linewidth": 0.0,
        "ltscale": 1.0,
        "visible": "1",
        "thickness": 0.0,
        "ext": "(3:-0.003003440932991228,-0.004522054395397211,0.9999852650747446)",
        "height": 3.12,
        "text": "1373",
        "angle": 58.87298,
        "widthscale": 1.0,
        "oblique": 0.0,
        "style": "Standard",
        "textgen": "0",
        "alignh": "0",
        "alignv": "0",
        "interlin": -1.0,
        "lat": 29.79059,
        "lon": 52.46621
      },
      "geometry": {
        "type": "Point",
        "coordinates": [52.466209000459855, 29.790588964694201]
      }
    },
    {
      "type": "Feature",
      "properties": {
        "fid": 81.0,
        "handle": "17449",
        "block": "-1",
        "etype": "25",
        "space": "0",
        "layer": "PLAK",
        "olinetype": "bylayer",
        "linetype": null,
        "color": "255,255,255,255",
        "ocolor": "7",
        "color24": "16777215",
        "transparen": "0",
        "lweight": "-1",
        "linewidth": 0.0,
        "ltscale": 1.0,
        "visible": "1",
        "thickness": 0.0,
        "ext": "(3:-0.003003440932991228,-0.004522054395397211,0.9999852650747446)",
        "height": 3.12,
        "text": "2139",
        "angle": 54.46998,
        "widthscale": 1.0,
        "oblique": 0.0,
        "style": "Standard",
        "textgen": "0",
        "alignh": "0",
        "alignv": "0",
        "interlin": -1.0,
        "lat": 29.79004,
        "lon": 52.46587
      },
      "geometry": {
        "type": "Point",
        "coordinates": [52.465866995825657, 29.790037700427533]
      }
    },
    {
      "type": "Feature",
      "properties": {
        "fid": 82.0,
        "handle": "17450",
        "block": "-1",
        "etype": "25",
        "space": "0",
        "layer": "PLAK",
        "olinetype": "bylayer",
        "linetype": null,
        "color": "255,255,255,255",
        "ocolor": "7",
        "color24": "16777215",
        "transparen": "0",
        "lweight": "-1",
        "linewidth": 0.0,
        "ltscale": 1.0,
        "visible": "1",
        "thickness": 0.0,
        "ext": "(3:-0.003003440932991228,-0.004522054395397211,0.9999852650747446)",
        "height": 3.9,
        "text": "1370",
        "angle": 58.87298,
        "widthscale": 1.0,
        "oblique": 0.0,
        "style": "Standard",
        "textgen": "0",
        "alignh": "0",
        "alignv": "0",
        "interlin": -1.0,
        "lat": 29.79039,
        "lon": 52.46654
      },
      "geometry": {
        "type": "Point",
        "coordinates": [52.46654476297396, 29.790389589061967]
      }
    },
    {
      "type": "Feature",
      "properties": {
        "fid": 83.0,
        "handle": "17451",
        "block": "-1",
        "etype": "25",
        "space": "0",
        "layer": "PLAK",
        "olinetype": "bylayer",
        "linetype": null,
        "color": "255,255,255,255",
        "ocolor": "7",
        "color24": "16777215",
        "transparen": "0",
        "lweight": "-1",
        "linewidth": 0.0,
        "ltscale": 1.0,
        "visible": "1",
        "thickness": 0.0,
        "ext": "(3:-0.003003440932991228,-0.004522054395397211,0.9999852650747446)",
        "height": 3.9,
        "text": "1369",
        "angle": 58.87298,
        "widthscale": 1.0,
        "oblique": 0.0,
        "style": "Standard",
        "textgen": "0",
        "alignh": "0",
        "alignv": "0",
        "interlin": -1.0,
        "lat": 29.79028,
        "lon": 52.46673
      },
      "geometry": {
        "type": "Point",
        "coordinates": [52.466725936874255, 29.790278421613905]
      }
    },
    {
      "type": "Feature",
      "properties": {
        "fid": 84.0,
        "handle": "17452",
        "block": "-1",
        "etype": "25",
        "space": "0",
        "layer": "PLAK",
        "olinetype": "bylayer",
        "linetype": null,
        "color": "255,255,255,255",
        "ocolor": "7",
        "color24": "16777215",
        "transparen": "0",
        "lweight": "-1",
        "linewidth": 0.0,
        "ltscale": 1.0,
        "visible": "1",
        "thickness": 0.0,
        "ext": "(3:-0.003003440932991228,-0.004522054395397211,0.9999852650747446)",
        "height": 3.12,
        "text": "1368",
        "angle": 58.87298,
        "widthscale": 1.0,
        "oblique": 0.0,
        "style": "Standard",
        "textgen": "0",
        "alignh": "0",
        "alignv": "0",
        "interlin": -1.0,
        "lat": 29.79017,
        "lon": 52.46692
      },
      "geometry": {
        "type": "Point",
        "coordinates": [52.466921302693812, 29.790167881599853]
      }
    },
    {
      "type": "Feature",
      "properties": {
        "fid": 85.0,
        "handle": "17453",
        "block": "-1",
        "etype": "25",
        "space": "0",
        "layer": "PLAK",
        "olinetype": "bylayer",
        "linetype": null,
        "color": "255,255,255,255",
        "ocolor": "7",
        "color24": "16777215",
        "transparen": "0",
        "lweight": "-1",
        "linewidth": 0.0,
        "ltscale": 1.0,
        "visible": "1",
        "thickness": 0.0,
        "ext": "(3:-0.003003440932991228,-0.004522054395397211,0.9999852650747446)",
        "height": 3.12,
        "text": "1367",
        "angle": 58.87298,
        "widthscale": 1.0,
        "oblique": 0.0,
        "style": "Standard",
        "textgen": "0",
        "alignh": "0",
        "alignv": "0",
        "interlin": -1.0,
        "lat": 29.79005,
        "lon": 52.46711
      },
      "geometry": {
        "type": "Point",
        "coordinates": [52.467112502616942, 29.790048138262321]
      }
    },
    {
      "type": "Feature",
      "properties": {
        "fid": 86.0,
        "handle": "17454",
        "block": "-1",
        "etype": "25",
        "space": "0",
        "layer": "PLAK",
        "olinetype": "bylayer",
        "linetype": null,
        "color": "255,255,255,255",
        "ocolor": "7",
        "color24": "16777215",
        "transparen": "0",
        "lweight": "-1",
        "linewidth": 0.0,
        "ltscale": 1.0,
        "visible": "1",
        "thickness": 0.0,
        "ext": "(3:-0.003003440932991228,-0.004522054395397211,0.9999852650747446)",
        "height": 3.12,
        "text": "1366",
        "angle": 58.87298,
        "widthscale": 1.0,
        "oblique": 0.0,
        "style": "Standard",
        "textgen": "0",
        "alignh": "0",
        "alignv": "0",
        "interlin": -1.0,
        "lat": 29.78995,
        "lon": 52.46731
      },
      "geometry": {
        "type": "Point",
        "coordinates": [52.46731198621444, 29.789950935008484]
      }
    },
    {
      "type": "Feature",
      "properties": {
        "fid": 87.0,
        "handle": "17455",
        "block": "-1",
        "etype": "25",
        "space": "0",
        "layer": "PLAK",
        "olinetype": "bylayer",
        "linetype": null,
        "color": "255,255,255,255",
        "ocolor": "7",
        "color24": "16777215",
        "transparen": "0",
        "lweight": "-1",
        "linewidth": 0.0,
        "ltscale": 1.0,
        "visible": "1",
        "thickness": 0.0,
        "ext": "(3:-0.003003440932991228,-0.004522054395397211,0.9999852650747446)",
        "height": 3.12,
        "text": "1365",
        "angle": 58.87298,
        "widthscale": 1.0,
        "oblique": 0.0,
        "style": "Standard",
        "textgen": "0",
        "alignh": "0",
        "alignv": "0",
        "interlin": -1.0,
        "lat": 29.78983,
        "lon": 52.46748
      },
      "geometry": {
        "type": "Point",
        "coordinates": [52.46748377089083, 29.789834684566816]
      }
    },
    {
      "type": "Feature",
      "properties": {
        "fid": 88.0,
        "handle": "17456",
        "block": "-1",
        "etype": "25",
        "space": "0",
        "layer": "PLAK",
        "olinetype": "bylayer",
        "linetype": null,
        "color": "255,255,255,255",
        "ocolor": "7",
        "color24": "16777215",
        "transparen": "0",
        "lweight": "-1",
        "linewidth": 0.0,
        "ltscale": 1.0,
        "visible": "1",
        "thickness": 0.0,
        "ext": "(3:-0.003003440932991228,-0.004522054395397211,0.9999852650747446)",
        "height": 3.12,
        "text": "1364",
        "angle": 58.87298,
        "widthscale": 1.0,
        "oblique": 0.0,
        "style": "Standard",
        "textgen": "0",
        "alignh": "0",
        "alignv": "0",
        "interlin": -1.0,
        "lat": 29.78975,
        "lon": 52.46764
      },
      "geometry": {
        "type": "Point",
        "coordinates": [52.467639964200707, 29.789751848346654]
      }
    },
    {
      "type": "Feature",
      "properties": {
        "fid": 89.0,
        "handle": "17457",
        "block": "-1",
        "etype": "25",
        "space": "0",
        "layer": "PLAK",
        "olinetype": "bylayer",
        "linetype": null,
        "color": "255,255,255,255",
        "ocolor": "7",
        "color24": "16777215",
        "transparen": "0",
        "lweight": "-1",
        "linewidth": 0.0,
        "ltscale": 1.0,
        "visible": "1",
        "thickness": 0.0,
        "ext": "(3:-0.003003440932991228,-0.004522054395397211,0.9999852650747446)",
        "height": 3.12,
        "text": "1363",
        "angle": 58.87298,
        "widthscale": 1.0,
        "oblique": 0.0,
        "style": "Standard",
        "textgen": "0",
        "alignh": "0",
        "alignv": "0",
        "interlin": -1.0,
        "lat": 29.78966,
        "lon": 52.4678
      },
      "geometry": {
        "type": "Point",
        "coordinates": [52.467797258959621, 29.789658412758449]
      }
    },
    {
      "type": "Feature",
      "properties": {
        "fid": 90.0,
        "handle": "17458",
        "block": "-1",
        "etype": "25",
        "space": "0",
        "layer": "PLAK",
        "olinetype": "bylayer",
        "linetype": null,
        "color": "255,255,255,255",
        "ocolor": "7",
        "color24": "16777215",
        "transparen": "0",
        "lweight": "-1",
        "linewidth": 0.0,
        "ltscale": 1.0,
        "visible": "1",
        "thickness": 0.0,
        "ext": "(3:-0.003003440932991228,-0.004522054395397211,0.9999852650747446)",
        "height": 3.12,
        "text": "1362",
        "angle": 58.87298,
        "widthscale": 1.0,
        "oblique": 0.0,
        "style": "Standard",
        "textgen": "0",
        "alignh": "0",
        "alignv": "0",
        "interlin": -1.0,
        "lat": 29.78958,
        "lon": 52.46794
      },
      "geometry": {
        "type": "Point",
        "coordinates": [52.467943183858551, 29.78957754047455]
      }
    },
    {
      "type": "Feature",
      "properties": {
        "fid": 91.0,
        "handle": "17459",
        "block": "-1",
        "etype": "25",
        "space": "0",
        "layer": "PLAK",
        "olinetype": "bylayer",
        "linetype": null,
        "color": "255,255,255,255",
        "ocolor": "7",
        "color24": "16777215",
        "transparen": "0",
        "lweight": "-1",
        "linewidth": 0.0,
        "ltscale": 1.0,
        "visible": "1",
        "thickness": 0.0,
        "ext": "(3:-0.003003440932991228,-0.004522054395397211,0.9999852650747446)",
        "height": 3.12,
        "text": "1361",
        "angle": 58.87298,
        "widthscale": 1.0,
        "oblique": 0.0,
        "style": "Standard",
        "textgen": "0",
        "alignh": "0",
        "alignv": "0",
        "interlin": -1.0,
        "lat": 29.78938,
        "lon": 52.46825
      },
      "geometry": {
        "type": "Point",
        "coordinates": [52.468251554675895, 29.789375145352725]
      }
    },
    {
      "type": "Feature",
      "properties": {
        "fid": 92.0,
        "handle": "17460",
        "block": "-1",
        "etype": "25",
        "space": "0",
        "layer": "PLAK",
        "olinetype": "bylayer",
        "linetype": null,
        "color": "255,255,255,255",
        "ocolor": "7",
        "color24": "16777215",
        "transparen": "0",
        "lweight": "-1",
        "linewidth": 0.0,
        "ltscale": 1.0,
        "visible": "1",
        "thickness": 0.0,
        "ext": "(3:-0.003003440932991228,-0.004522054395397211,0.9999852650747446)",
        "height": 3.12,
        "text": "1386",
        "angle": 58.87298,
        "widthscale": 1.0,
        "oblique": 0.0,
        "style": "Standard",
        "textgen": "0",
        "alignh": "0",
        "alignv": "0",
        "interlin": -1.0,
        "lat": 29.78991,
        "lon": 52.46617
      },
      "geometry": {
        "type": "Point",
        "coordinates": [52.466165846764717, 29.789913955277701]
      }
    },
    {
      "type": "Feature",
      "properties": {
        "fid": 93.0,
        "handle": "17461",
        "block": "-1",
        "etype": "25",
        "space": "0",
        "layer": "PLAK",
        "olinetype": "bylayer",
        "linetype": null,
        "color": "255,255,255,255",
        "ocolor": "7",
        "color24": "16777215",
        "transparen": "0",
        "lweight": "-1",
        "linewidth": 0.0,
        "ltscale": 1.0,
        "visible": "1",
        "thickness": 0.0,
        "ext": "(3:-0.003003440932991228,-0.004522054395397211,0.9999852650747446)",
        "height": 3.12,
        "text": "1385",
        "angle": 58.87298,
        "widthscale": 1.0,
        "oblique": 0.0,
        "style": "Standard",
        "textgen": "0",
        "alignh": "0",
        "alignv": "0",
        "interlin": -1.0,
        "lat": 29.7898,
        "lon": 52.46635
      },
      "geometry": {
        "type": "Point",
        "coordinates": [52.466354368775853, 29.789802762087998]
      }
    },
    {
      "type": "Feature",
      "properties": {
        "fid": 94.0,
        "handle": "17462",
        "block": "-1",
        "etype": "25",
        "space": "0",
        "layer": "PLAK",
        "olinetype": "bylayer",
        "linetype": null,
        "color": "255,255,255,255",
        "ocolor": "7",
        "color24": "16777215",
        "transparen": "0",
        "lweight": "-1",
        "linewidth": 0.0,
        "ltscale": 1.0,
        "visible": "1",
        "thickness": 0.0,
        "ext": "(3:-0.003003440932991228,-0.004522054395397211,0.9999852650747446)",
        "height": 3.12,
        "text": "1384",
        "angle": 58.87298,
        "widthscale": 1.0,
        "oblique": 0.0,
        "style": "Standard",
        "textgen": "0",
        "alignh": "0",
        "alignv": "0",
        "interlin": -1.0,
        "lat": 29.78968,
        "lon": 52.46655
      },
      "geometry": {
        "type": "Point",
        "coordinates": [52.466553961714915, 29.7896811586299]
      }
    },
    {
      "type": "Feature",
      "properties": {
        "fid": 95.0,
        "handle": "17463",
        "block": "-1",
        "etype": "25",
        "space": "0",
        "layer": "PLAK",
        "olinetype": "bylayer",
        "linetype": null,
        "color": "255,255,255,255",
        "ocolor": "7",
        "color24": "16777215",
        "transparen": "0",
        "lweight": "-1",
        "linewidth": 0.0,
        "ltscale": 1.0,
        "visible": "1",
        "thickness": 0.0,
        "ext": "(3:-0.003003440932991228,-0.004522054395397211,0.9999852650747446)",
        "height": 3.12,
        "text": "1383",
        "angle": 58.87298,
        "widthscale": 1.0,
        "oblique": 0.0,
        "style": "Standard",
        "textgen": "0",
        "alignh": "0",
        "alignv": "0",
        "interlin": -1.0,
        "lat": 29.78959,
        "lon": 52.46675
      },
      "geometry": {
        "type": "Point",
        "coordinates": [52.466746902300002, 29.789586253636045]
      }
    },
    {
      "type": "Feature",
      "properties": {
        "fid": 96.0,
        "handle": "17464",
        "block": "-1",
        "etype": "25",
        "space": "0",
        "layer": "PLAK",
        "olinetype": "bylayer",
        "linetype": null,
        "color": "255,255,255,255",
        "ocolor": "7",
        "color24": "16777215",
        "transparen": "0",
        "lweight": "-1",
        "linewidth": 0.0,
        "ltscale": 1.0,
        "visible": "1",
        "thickness": 0.0,
        "ext": "(3:-0.003003440932991228,-0.004522054395397211,0.9999852650747446)",
        "height": 3.12,
        "text": "1382",
        "angle": 58.87298,
        "widthscale": 1.0,
        "oblique": 0.0,
        "style": "Standard",
        "textgen": "0",
        "alignh": "0",
        "alignv": "0",
        "interlin": -1.0,
        "lat": 29.78948,
        "lon": 52.46694
      },
      "geometry": {
        "type": "Point",
        "coordinates": [52.46693511018551, 29.789476275984892]
      }
    },
    {
      "type": "Feature",
      "properties": {
        "fid": 97.0,
        "handle": "17465",
        "block": "-1",
        "etype": "25",
        "space": "0",
        "layer": "PLAK",
        "olinetype": "bylayer",
        "linetype": null,
        "color": "255,255,255,255",
        "ocolor": "7",
        "color24": "16777215",
        "transparen": "0",
        "lweight": "-1",
        "linewidth": 0.0,
        "ltscale": 1.0,
        "visible": "1",
        "thickness": 0.0,
        "ext": "(3:-0.003003440932991228,-0.004522054395397211,0.9999852650747446)",
        "height": 3.12,
        "text": "1381",
        "angle": 58.87298,
        "widthscale": 1.0,
        "oblique": 0.0,
        "style": "Standard",
        "textgen": "0",
        "alignh": "0",
        "alignv": "0",
        "interlin": -1.0,
        "lat": 29.78936,
        "lon": 52.46711
      },
      "geometry": {
        "type": "Point",
        "coordinates": [52.467114619977323, 29.789355831384214]
      }
    },
    {
      "type": "Feature",
      "properties": {
        "fid": 98.0,
        "handle": "17466",
        "block": "-1",
        "etype": "25",
        "space": "0",
        "layer": "PLAK",
        "olinetype": "bylayer",
        "linetype": null,
        "color": "255,255,255,255",
        "ocolor": "7",
        "color24": "16777215",
        "transparen": "0",
        "lweight": "-1",
        "linewidth": 0.0,
        "ltscale": 1.0,
        "visible": "1",
        "thickness": 0.0,
        "ext": "(3:-0.003003440932991228,-0.004522054395397211,0.9999852650747446)",
        "height": 3.12,
        "text": "1380",
        "angle": 58.87298,
        "widthscale": 1.0,
        "oblique": 0.0,
        "style": "Standard",
        "textgen": "0",
        "alignh": "0",
        "alignv": "0",
        "interlin": -1.0,
        "lat": 29.78924,
        "lon": 52.4673
      },
      "geometry": {
        "type": "Point",
        "coordinates": [52.467298612092897, 29.789244098479731]
      }
    },
    {
      "type": "Feature",
      "properties": {
        "fid": 99.0,
        "handle": "17467",
        "block": "-1",
        "etype": "25",
        "space": "0",
        "layer": "PLAK",
        "olinetype": "bylayer",
        "linetype": null,
        "color": "255,255,255,255",
        "ocolor": "7",
        "color24": "16777215",
        "transparen": "0",
        "lweight": "-1",
        "linewidth": 0.0,
        "ltscale": 1.0,
        "visible": "1",
        "thickness": 0.0,
        "ext": "(3:-0.003003440932991228,-0.004522054395397211,0.9999852650747446)",
        "height": 3.12,
        "text": "1379",
        "angle": 58.87298,
        "widthscale": 1.0,
        "oblique": 0.0,
        "style": "Standard",
        "textgen": "0",
        "alignh": "0",
        "alignv": "0",
        "interlin": -1.0,
        "lat": 29.78913,
        "lon": 52.4675
      },
      "geometry": {
        "type": "Point",
        "coordinates": [52.467496253098595, 29.789130693447525]
      }
    },
    {
      "type": "Feature",
      "properties": {
        "fid": 100.0,
        "handle": "17468",
        "block": "-1",
        "etype": "25",
        "space": "0",
        "layer": "PLAK",
        "olinetype": "bylayer",
        "linetype": null,
        "color": "255,255,255,255",
        "ocolor": "7",
        "color24": "16777215",
        "transparen": "0",
        "lweight": "-1",
        "linewidth": 0.0,
        "ltscale": 1.0,
        "visible": "1",
        "thickness": 0.0,
        "ext": "(3:-0.003003440932991228,-0.004522054395397211,0.9999852650747446)",
        "height": 3.12,
        "text": "1378",
        "angle": 58.87298,
        "widthscale": 1.0,
        "oblique": 0.0,
        "style": "Standard",
        "textgen": "0",
        "alignh": "0",
        "alignv": "0",
        "interlin": -1.0,
        "lat": 29.78891,
        "lon": 52.46786
      },
      "geometry": {
        "type": "Point",
        "coordinates": [52.467857157267701, 29.78891151045886]
      }
    },
    {
      "type": "Feature",
      "properties": {
        "fid": 101.0,
        "handle": "17469",
        "block": "-1",
        "etype": "25",
        "space": "0",
        "layer": "PLAK",
        "olinetype": "bylayer",
        "linetype": null,
        "color": "255,255,255,255",
        "ocolor": "7",
        "color24": "16777215",
        "transparen": "0",
        "lweight": "-1",
        "linewidth": 0.0,
        "ltscale": 1.0,
        "visible": "1",
        "thickness": 0.0,
        "ext": "(3:-0.003003440932991228,-0.004522054395397211,0.9999852650747446)",
        "height": 3.12,
        "text": "1402",
        "angle": 58.87298,
        "widthscale": 1.0,
        "oblique": 0.0,
        "style": "Standard",
        "textgen": "0",
        "alignh": "0",
        "alignv": "0",
        "interlin": -1.0,
        "lat": 29.78944,
        "lon": 52.46578
      },
      "geometry": {
        "type": "Point",
        "coordinates": [52.465777917611199, 29.789436107609433]
      }
    },
    {
      "type": "Feature",
      "properties": {
        "fid": 102.0,
        "handle": "17470",
        "block": "-1",
        "etype": "25",
        "space": "0",
        "layer": "PLAK",
        "olinetype": "bylayer",
        "linetype": null,
        "color": "255,255,255,255",
        "ocolor": "7",
        "color24": "16777215",
        "transparen": "0",
        "lweight": "-1",
        "linewidth": 0.0,
        "ltscale": 1.0,
        "visible": "1",
        "thickness": 0.0,
        "ext": "(3:-0.003003440932991228,-0.004522054395397211,0.9999852650747446)",
        "height": 3.12,
        "text": "1403",
        "angle": 58.87298,
        "widthscale": 1.0,
        "oblique": 0.0,
        "style": "Standard",
        "textgen": "0",
        "alignh": "0",
        "alignv": "0",
        "interlin": -1.0,
        "lat": 29.78933,
        "lon": 52.46596
      },
      "geometry": {
        "type": "Point",
        "coordinates": [52.465958932571795, 29.789325920296012]
      }
    },
    {
      "type": "Feature",
      "properties": {
        "fid": 103.0,
        "handle": "17471",
        "block": "-1",
        "etype": "25",
        "space": "0",
        "layer": "PLAK",
        "olinetype": "bylayer",
        "linetype": null,
        "color": "255,255,255,255",
        "ocolor": "7",
        "color24": "16777215",
        "transparen": "0",
        "lweight": "-1",
        "linewidth": 0.0,
        "ltscale": 1.0,
        "visible": "1",
        "thickness": 0.0,
        "ext": "(3:-0.003003440932991228,-0.004522054395397211,0.9999852650747446)",
        "height": 3.12,
        "text": "1404",
        "angle": 58.87298,
        "widthscale": 1.0,
        "oblique": 0.0,
        "style": "Standard",
        "textgen": "0",
        "alignh": "0",
        "alignv": "0",
        "interlin": -1.0,
        "lat": 29.78921,
        "lon": 52.46617
      },
      "geometry": {
        "type": "Point",
        "coordinates": [52.466168165679605, 29.789211389359441]
      }
    },
    {
      "type": "Feature",
      "properties": {
        "fid": 104.0,
        "handle": "17472",
        "block": "-1",
        "etype": "25",
        "space": "0",
        "layer": "PLAK",
        "olinetype": "bylayer",
        "linetype": null,
        "color": "255,255,255,255",
        "ocolor": "7",
        "color24": "16777215",
        "transparen": "0",
        "lweight": "-1",
        "linewidth": 0.0,
        "ltscale": 1.0,
        "visible": "1",
        "thickness": 0.0,
        "ext": "(3:-0.003003440932991228,-0.004522054395397211,0.9999852650747446)",
        "height": 3.12,
        "text": "1405",
        "angle": 58.87298,
        "widthscale": 1.0,
        "oblique": 0.0,
        "style": "Standard",
        "textgen": "0",
        "alignh": "0",
        "alignv": "0",
        "interlin": -1.0,
        "lat": 29.7891,
        "lon": 52.46635
      },
      "geometry": {
        "type": "Point",
        "coordinates": [52.466348839168745, 29.789100687826629]
      }
    },
    {
      "type": "Feature",
      "properties": {
        "fid": 105.0,
        "handle": "17473",
        "block": "-1",
        "etype": "25",
        "space": "0",
        "layer": "PLAK",
        "olinetype": "bylayer",
        "linetype": null,
        "color": "255,255,255,255",
        "ocolor": "7",
        "color24": "16777215",
        "transparen": "0",
        "lweight": "-1",
        "linewidth": 0.0,
        "ltscale": 1.0,
        "visible": "1",
        "thickness": 0.0,
        "ext": "(3:-0.003003440932991228,-0.004522054395397211,0.9999852650747446)",
        "height": 3.12,
        "text": "1406",
        "angle": 58.87298,
        "widthscale": 1.0,
        "oblique": 0.0,
        "style": "Standard",
        "textgen": "0",
        "alignh": "0",
        "alignv": "0",
        "interlin": -1.0,
        "lat": 29.78898,
        "lon": 52.46655
      },
      "geometry": {
        "type": "Point",
        "coordinates": [52.466553638157336, 29.788980415054695]
      }
    },
    {
      "type": "Feature",
      "properties": {
        "fid": 106.0,
        "handle": "17474",
        "block": "-1",
        "etype": "25",
        "space": "0",
        "layer": "PLAK",
        "olinetype": "bylayer",
        "linetype": null,
        "color": "255,255,255,255",
        "ocolor": "7",
        "color24": "16777215",
        "transparen": "0",
        "lweight": "-1",
        "linewidth": 0.0,
        "ltscale": 1.0,
        "visible": "1",
        "thickness": 0.0,
        "ext": "(3:-0.003003440932991228,-0.004522054395397211,0.9999852650747446)",
        "height": 3.12,
        "text": "1407",
        "angle": 58.87298,
        "widthscale": 1.0,
        "oblique": 0.0,
        "style": "Standard",
        "textgen": "0",
        "alignh": "0",
        "alignv": "0",
        "interlin": -1.0,
        "lat": 29.78888,
        "lon": 52.46672
      },
      "geometry": {
        "type": "Point",
        "coordinates": [52.466719878341038, 29.788882697631735]
      }
    },
    {
      "type": "Feature",
      "properties": {
        "fid": 107.0,
        "handle": "17475",
        "block": "-1",
        "etype": "25",
        "space": "0",
        "layer": "PLAK",
        "olinetype": "bylayer",
        "linetype": null,
        "color": "255,255,255,255",
        "ocolor": "7",
        "color24": "16777215",
        "transparen": "0",
        "lweight": "-1",
        "linewidth": 0.0,
        "ltscale": 1.0,
        "visible": "1",
        "thickness": 0.0,
        "ext": "(3:-0.003003440932991228,-0.004522054395397211,0.9999852650747446)",
        "height": 3.12,
        "text": "1408",
        "angle": 58.87298,
        "widthscale": 1.0,
        "oblique": 0.0,
        "style": "Standard",
        "textgen": "0",
        "alignh": "0",
        "alignv": "0",
        "interlin": -1.0,
        "lat": 29.78877,
        "lon": 52.46691
      },
      "geometry": {
        "type": "Point",
        "coordinates": [52.466910209388125, 29.788770826148909]
      }
    },
    {
      "type": "Feature",
      "properties": {
        "fid": 108.0,
        "handle": "17476",
        "block": "-1",
        "etype": "25",
        "space": "0",
        "layer": "PLAK",
        "olinetype": "bylayer",
        "linetype": null,
        "color": "255,255,255,255",
        "ocolor": "7",
        "color24": "16777215",
        "transparen": "0",
        "lweight": "-1",
        "linewidth": 0.0,
        "ltscale": 1.0,
        "visible": "1",
        "thickness": 0.0,
        "ext": "(3:-0.003003440932991228,-0.004522054395397211,0.9999852650747446)",
        "height": 3.12,
        "text": "1409",
        "angle": 58.87298,
        "widthscale": 1.0,
        "oblique": 0.0,
        "style": "Standard",
        "textgen": "0",
        "alignh": "0",
        "alignv": "0",
        "interlin": -1.0,
        "lat": 29.78867,
        "lon": 52.46711
      },
      "geometry": {
        "type": "Point",
        "coordinates": [52.46711382421617, 29.788669464543371]
      }
    },
    {
      "type": "Feature",
      "properties": {
        "fid": 109.0,
        "handle": "17477",
        "block": "-1",
        "etype": "25",
        "space": "0",
        "layer": "PLAK",
        "olinetype": "bylayer",
        "linetype": null,
        "color": "255,255,255,255",
        "ocolor": "7",
        "color24": "16777215",
        "transparen": "0",
        "lweight": "-1",
        "linewidth": 0.0,
        "ltscale": 1.0,
        "visible": "1",
        "thickness": 0.0,
        "ext": "(3:-0.003003440932991228,-0.004522054395397211,0.9999852650747446)",
        "height": 3.12,
        "text": "1410",
        "angle": 58.87298,
        "widthscale": 1.0,
        "oblique": 0.0,
        "style": "Standard",
        "textgen": "0",
        "alignh": "0",
        "alignv": "0",
        "interlin": -1.0,
        "lat": 29.78844,
        "lon": 52.4675
      },
      "geometry": {
        "type": "Point",
        "coordinates": [52.467495280845462, 29.788436060620047]
      }
    },
    {
      "type": "Feature",
      "properties": {
        "fid": 110.0,
        "handle": "17478",
        "block": "-1",
        "etype": "25",
        "space": "0",
        "layer": "PLAK",
        "olinetype": "bylayer",
        "linetype": null,
        "color": "255,255,255,255",
        "ocolor": "7",
        "color24": "16777215",
        "transparen": "0",
        "lweight": "-1",
        "linewidth": 0.0,
        "ltscale": 1.0,
        "visible": "1",
        "thickness": 0.0,
        "ext": "(3:-0.003003440932991228,-0.004522054395397211,0.9999852650747446)",
        "height": 2.4,
        "text": "1482",
        "angle": 58.87298,
        "widthscale": 1.0,
        "oblique": 0.0,
        "style": "Standard",
        "textgen": "0",
        "alignh": "0",
        "alignv": "0",
        "interlin": -1.0,
        "lat": 29.7921,
        "lon": 52.46359
      },
      "geometry": {
        "type": "Point",
        "coordinates": [52.463593460468054, 29.792095838217229]
      }
    },
    {
      "type": "Feature",
      "properties": {
        "fid": 111.0,
        "handle": "17479",
        "block": "-1",
        "etype": "25",
        "space": "0",
        "layer": "PLAK",
        "olinetype": "bylayer",
        "linetype": null,
        "color": "255,255,255,255",
        "ocolor": "7",
        "color24": "16777215",
        "transparen": "0",
        "lweight": "-1",
        "linewidth": 0.0,
        "ltscale": 1.0,
        "visible": "1",
        "thickness": 0.0,
        "ext": "(3:-0.003003440932991228,-0.004522054395397211,0.9999852650747446)",
        "height": 2.4,
        "text": "1481",
        "angle": 58.87298,
        "widthscale": 1.0,
        "oblique": 0.0,
        "style": "Standard",
        "textgen": "0",
        "alignh": "0",
        "alignv": "0",
        "interlin": -1.0,
        "lat": 29.792,
        "lon": 52.46375
      },
      "geometry": {
        "type": "Point",
        "coordinates": [52.463746040627363, 29.79199699746118]
      }
    },
    {
      "type": "Feature",
      "properties": {
        "fid": 112.0,
        "handle": "17480",
        "block": "-1",
        "etype": "25",
        "space": "0",
        "layer": "PLAK",
        "olinetype": "bylayer",
        "linetype": null,
        "color": "255,255,255,255",
        "ocolor": "7",
        "color24": "16777215",
        "transparen": "0",
        "lweight": "-1",
        "linewidth": 0.0,
        "ltscale": 1.0,
        "visible": "1",
        "thickness": 0.0,
        "ext": "(3:-0.003003440932991228,-0.004522054395397211,0.9999852650747446)",
        "height": 3.0,
        "text": "1480",
        "angle": 58.87298,
        "widthscale": 1.0,
        "oblique": 0.0,
        "style": "Standard",
        "textgen": "0",
        "alignh": "0",
        "alignv": "0",
        "interlin": -1.0,
        "lat": 29.79189,
        "lon": 52.46393
      },
      "geometry": {
        "type": "Point",
        "coordinates": [52.463930724757667, 29.791888579340466]
      }
    },
    {
      "type": "Feature",
      "properties": {
        "fid": 113.0,
        "handle": "17481",
        "block": "-1",
        "etype": "25",
        "space": "0",
        "layer": "PLAK",
        "olinetype": "bylayer",
        "linetype": null,
        "color": "255,255,255,255",
        "ocolor": "7",
        "color24": "16777215",
        "transparen": "0",
        "lweight": "-1",
        "linewidth": 0.0,
        "ltscale": 1.0,
        "visible": "1",
        "thickness": 0.0,
        "ext": "(3:-0.003003440932991228,-0.004522054395397211,0.9999852650747446)",
        "height": 3.0,
        "text": "1479",
        "angle": 58.87298,
        "widthscale": 1.0,
        "oblique": 0.0,
        "style": "Standard",
        "textgen": "0",
        "alignh": "0",
        "alignv": "0",
        "interlin": -1.0,
        "lat": 29.79178,
        "lon": 52.4641
      },
      "geometry": {
        "type": "Point",
        "coordinates": [52.464102132393243, 29.791782751521538]
      }
    },
    {
      "type": "Feature",
      "properties": {
        "fid": 114.0,
        "handle": "17482",
        "block": "-1",
        "etype": "25",
        "space": "0",
        "layer": "PLAK",
        "olinetype": "bylayer",
        "linetype": null,
        "color": "255,255,255,255",
        "ocolor": "7",
        "color24": "16777215",
        "transparen": "0",
        "lweight": "-1",
        "linewidth": 0.0,
        "ltscale": 1.0,
        "visible": "1",
        "thickness": 0.0,
        "ext": "(3:-0.003003440932991228,-0.004522054395397211,0.9999852650747446)",
        "height": 3.0,
        "text": "1478",
        "angle": 58.87298,
        "widthscale": 1.0,
        "oblique": 0.0,
        "style": "Standard",
        "textgen": "0",
        "alignh": "0",
        "alignv": "0",
        "interlin": -1.0,
        "lat": 29.79169,
        "lon": 52.46427
      },
      "geometry": {
        "type": "Point",
        "coordinates": [52.464268166113222, 29.791685211396253]
      }
    },
    {
      "type": "Feature",
      "properties": {
        "fid": 115.0,
        "handle": "17483",
        "block": "-1",
        "etype": "25",
        "space": "0",
        "layer": "PLAK",
        "olinetype": "bylayer",
        "linetype": null,
        "color": "255,255,255,255",
        "ocolor": "7",
        "color24": "16777215",
        "transparen": "0",
        "lweight": "-1",
        "linewidth": 0.0,
        "ltscale": 1.0,
        "visible": "1",
        "thickness": 0.0,
        "ext": "(3:-0.003003440932991228,-0.004522054395397211,0.9999852650747446)",
        "height": 3.0,
        "text": "1477",
        "angle": 58.87298,
        "widthscale": 1.0,
        "oblique": 0.0,
        "style": "Standard",
        "textgen": "0",
        "alignh": "0",
        "alignv": "0",
        "interlin": -1.0,
        "lat": 29.79158,
        "lon": 52.46444
      },
      "geometry": {
        "type": "Point",
        "coordinates": [52.464442298670697, 29.791582912985799]
      }
    },
    {
      "type": "Feature",
      "properties": {
        "fid": 116.0,
        "handle": "17484",
        "block": "-1",
        "etype": "25",
        "space": "0",
        "layer": "PLAK",
        "olinetype": "bylayer",
        "linetype": null,
        "color": "255,255,255,255",
        "ocolor": "7",
        "color24": "16777215",
        "transparen": "0",
        "lweight": "-1",
        "linewidth": 0.0,
        "ltscale": 1.0,
        "visible": "1",
        "thickness": 0.0,
        "ext": "(3:-0.003003440932991228,-0.004522054395397211,0.9999852650747446)",
        "height": 3.0,
        "text": "1476",
        "angle": 58.87298,
        "widthscale": 1.0,
        "oblique": 0.0,
        "style": "Standard",
        "textgen": "0",
        "alignh": "0",
        "alignv": "0",
        "interlin": -1.0,
        "lat": 29.79148,
        "lon": 52.46462
      },
      "geometry": {
        "type": "Point",
        "coordinates": [52.464623206127818, 29.791481765192909]
      }
    },
    {
      "type": "Feature",
      "properties": {
        "fid": 117.0,
        "handle": "17485",
        "block": "-1",
        "etype": "25",
        "space": "0",
        "layer": "PLAK",
        "olinetype": "bylayer",
        "linetype": null,
        "color": "255,255,255,255",
        "ocolor": "7",
        "color24": "16777215",
        "transparen": "0",
        "lweight": "-1",
        "linewidth": 0.0,
        "ltscale": 1.0,
        "visible": "1",
        "thickness": 0.0,
        "ext": "(3:-0.003003440932991228,-0.004522054395397211,0.9999852650747446)",
        "height": 3.0,
        "text": "1475",
        "angle": 58.87298,
        "widthscale": 1.0,
        "oblique": 0.0,
        "style": "Standard",
        "textgen": "0",
        "alignh": "0",
        "alignv": "0",
        "interlin": -1.0,
        "lat": 29.79138,
        "lon": 52.46479
      },
      "geometry": {
        "type": "Point",
        "coordinates": [52.464790562733633, 29.79137831554408]
      }
    },
    {
      "type": "Feature",
      "properties": {
        "fid": 118.0,
        "handle": "17486",
        "block": "-1",
        "etype": "25",
        "space": "0",
        "layer": "PLAK",
        "olinetype": "bylayer",
        "linetype": null,
        "color": "255,255,255,255",
        "ocolor": "7",
        "color24": "16777215",
        "transparen": "0",
        "lweight": "-1",
        "linewidth": 0.0,
        "ltscale": 1.0,
        "visible": "1",
        "thickness": 0.0,
        "ext": "(3:-0.003003440932991228,-0.004522054395397211,0.9999852650747446)",
        "height": 3.0,
        "text": "1474",
        "angle": 58.87298,
        "widthscale": 1.0,
        "oblique": 0.0,
        "style": "Standard",
        "textgen": "0",
        "alignh": "0",
        "alignv": "0",
        "interlin": -1.0,
        "lat": 29.79128,
        "lon": 52.46496
      },
      "geometry": {
        "type": "Point",
        "coordinates": [52.464959320753529, 29.791284304426078]
      }
    },
    {
      "type": "Feature",
      "properties": {
        "fid": 119.0,
        "handle": "17487",
        "block": "-1",
        "etype": "25",
        "space": "0",
        "layer": "PLAK",
        "olinetype": "bylayer",
        "linetype": null,
        "color": "255,255,255,255",
        "ocolor": "7",
        "color24": "16777215",
        "transparen": "0",
        "lweight": "-1",
        "linewidth": 0.0,
        "ltscale": 1.0,
        "visible": "1",
        "thickness": 0.0,
        "ext": "(3:-0.003003440932991228,-0.004522054395397211,0.9999852650747446)",
        "height": 3.0,
        "text": "1473",
        "angle": 58.87298,
        "widthscale": 1.0,
        "oblique": 0.0,
        "style": "Standard",
        "textgen": "0",
        "alignh": "0",
        "alignv": "0",
        "interlin": -1.0,
        "lat": 29.79117,
        "lon": 52.46514
      },
      "geometry": {
        "type": "Point",
        "coordinates": [52.46513882532799, 29.791173717243417]
      }
    },
    {
      "type": "Feature",
      "properties": {
        "fid": 120.0,
        "handle": "17488",
        "block": "-1",
        "etype": "25",
        "space": "0",
        "layer": "PLAK",
        "olinetype": "bylayer",
        "linetype": null,
        "color": "255,255,255,255",
        "ocolor": "7",
        "color24": "16777215",
        "transparen": "0",
        "lweight": "-1",
        "linewidth": 0.0,
        "ltscale": 1.0,
        "visible": "1",
        "thickness": 0.0,
        "ext": "(3:-0.003003440932991228,-0.004522054395397211,0.9999852650747446)",
        "height": 3.0,
        "text": "1472",
        "angle": 58.87298,
        "widthscale": 1.0,
        "oblique": 0.0,
        "style": "Standard",
        "textgen": "0",
        "alignh": "0",
        "alignv": "0",
        "interlin": -1.0,
        "lat": 29.79109,
        "lon": 52.46531
      },
      "geometry": {
        "type": "Point",
        "coordinates": [52.46531171012321, 29.791092674254028]
      }
    },
    {
      "type": "Feature",
      "properties": {
        "fid": 121.0,
        "handle": "17489",
        "block": "-1",
        "etype": "25",
        "space": "0",
        "layer": "PLAK",
        "olinetype": "bylayer",
        "linetype": null,
        "color": "255,255,255,255",
        "ocolor": "7",
        "color24": "16777215",
        "transparen": "0",
        "lweight": "-1",
        "linewidth": 0.0,
        "ltscale": 1.0,
        "visible": "1",
        "thickness": 0.0,
        "ext": "(3:-0.003003440932991228,-0.004522054395397211,0.9999852650747446)",
        "height": 3.0,
        "text": "1483",
        "angle": 58.87298,
        "widthscale": 1.0,
        "oblique": 0.0,
        "style": "Standard",
        "textgen": "0",
        "alignh": "0",
        "alignv": "0",
        "interlin": -1.0,
        "lat": 29.79184,
        "lon": 52.46339
      },
      "geometry": {
        "type": "Point",
        "coordinates": [52.463392987165371, 29.791840175070046]
      }
    },
    {
      "type": "Feature",
      "properties": {
        "fid": 122.0,
        "handle": "17490",
        "block": "-1",
        "etype": "25",
        "space": "0",
        "layer": "PLAK",
        "olinetype": "bylayer",
        "linetype": null,
        "color": "255,255,255,255",
        "ocolor": "7",
        "color24": "16777215",
        "transparen": "0",
        "lweight": "-1",
        "linewidth": 0.0,
        "ltscale": 1.0,
        "visible": "1",
        "thickness": 0.0,
        "ext": "(3:-0.003003440932991228,-0.004522054395397211,0.9999852650747446)",
        "height": 3.0,
        "text": "1484",
        "angle": 58.87298,
        "widthscale": 1.0,
        "oblique": 0.0,
        "style": "Standard",
        "textgen": "0",
        "alignh": "0",
        "alignv": "0",
        "interlin": -1.0,
        "lat": 29.79173,
        "lon": 52.46357
      },
      "geometry": {
        "type": "Point",
        "coordinates": [52.463565719298764, 29.791728439042878]
      }
    },
    {
      "type": "Feature",
      "properties": {
        "fid": 123.0,
        "handle": "17491",
        "block": "-1",
        "etype": "25",
        "space": "0",
        "layer": "PLAK",
        "olinetype": "bylayer",
        "linetype": null,
        "color": "255,255,255,255",
        "ocolor": "7",
        "color24": "16777215",
        "transparen": "0",
        "lweight": "-1",
        "linewidth": 0.0,
        "ltscale": 1.0,
        "visible": "1",
        "thickness": 0.0,
        "ext": "(3:-0.003003440932991228,-0.004522054395397211,0.9999852650747446)",
        "height": 3.0,
        "text": "1485",
        "angle": 58.87298,
        "widthscale": 1.0,
        "oblique": 0.0,
        "style": "Standard",
        "textgen": "0",
        "alignh": "0",
        "alignv": "0",
        "interlin": -1.0,
        "lat": 29.79163,
        "lon": 52.46374
      },
      "geometry": {
        "type": "Point",
        "coordinates": [52.463742578324307, 29.791629671408703]
      }
    },
    {
      "type": "Feature",
      "properties": {
        "fid": 124.0,
        "handle": "17492",
        "block": "-1",
        "etype": "25",
        "space": "0",
        "layer": "PLAK",
        "olinetype": "bylayer",
        "linetype": null,
        "color": "255,255,255,255",
        "ocolor": "7",
        "color24": "16777215",
        "transparen": "0",
        "lweight": "-1",
        "linewidth": 0.0,
        "ltscale": 1.0,
        "visible": "1",
        "thickness": 0.0,
        "ext": "(3:-0.003003440932991228,-0.004522054395397211,0.9999852650747446)",
        "height": 3.0,
        "text": "1486",
        "angle": 58.87298,
        "widthscale": 1.0,
        "oblique": 0.0,
        "style": "Standard",
        "textgen": "0",
        "alignh": "0",
        "alignv": "0",
        "interlin": -1.0,
        "lat": 29.79153,
        "lon": 52.46391
      },
      "geometry": {
        "type": "Point",
        "coordinates": [52.463908612123575, 29.791532131781562]
      }
    },
    {
      "type": "Feature",
      "properties": {
        "fid": 125.0,
        "handle": "17493",
        "block": "-1",
        "etype": "25",
        "space": "0",
        "layer": "PLAK",
        "olinetype": "bylayer",
        "linetype": null,
        "color": "255,255,255,255",
        "ocolor": "7",
        "color24": "16777215",
        "transparen": "0",
        "lweight": "-1",
        "linewidth": 0.0,
        "ltscale": 1.0,
        "visible": "1",
        "thickness": 0.0,
        "ext": "(3:-0.003003440932991228,-0.004522054395397211,0.9999852650747446)",
        "height": 3.0,
        "text": "1487",
        "angle": 58.87298,
        "widthscale": 1.0,
        "oblique": 0.0,
        "style": "Standard",
        "textgen": "0",
        "alignh": "0",
        "alignv": "0",
        "interlin": -1.0,
        "lat": 29.79143,
        "lon": 52.46408
      },
      "geometry": {
        "type": "Point",
        "coordinates": [52.464075969629285, 29.79142868301188]
      }
    },
    {
      "type": "Feature",
      "properties": {
        "fid": 126.0,
        "handle": "17494",
        "block": "-1",
        "etype": "25",
        "space": "0",
        "layer": "PLAK",
        "olinetype": "bylayer",
        "linetype": null,
        "color": "255,255,255,255",
        "ocolor": "7",
        "color24": "16777215",
        "transparen": "0",
        "lweight": "-1",
        "linewidth": 0.0,
        "ltscale": 1.0,
        "visible": "1",
        "thickness": 0.0,
        "ext": "(3:-0.003003440932991228,-0.004522054395397211,0.9999852650747446)",
        "height": 3.0,
        "text": "1488",
        "angle": 58.87298,
        "widthscale": 1.0,
        "oblique": 0.0,
        "style": "Standard",
        "textgen": "0",
        "alignh": "0",
        "alignv": "0",
        "interlin": -1.0,
        "lat": 29.79132,
        "lon": 52.46425
      },
      "geometry": {
        "type": "Point",
        "coordinates": [52.464254151544779, 29.791324005831086]
      }
    },
    {
      "type": "Feature",
      "properties": {
        "fid": 127.0,
        "handle": "17495",
        "block": "-1",
        "etype": "25",
        "space": "0",
        "layer": "PLAK",
        "olinetype": "bylayer",
        "linetype": null,
        "color": "255,255,255,255",
        "ocolor": "7",
        "color24": "16777215",
        "transparen": "0",
        "lweight": "-1",
        "linewidth": 0.0,
        "ltscale": 1.0,
        "visible": "1",
        "thickness": 0.0,
        "ext": "(3:-0.003003440932991228,-0.004522054395397211,0.9999852650747446)",
        "height": 3.0,
        "text": "1489",
        "angle": 58.87298,
        "widthscale": 1.0,
        "oblique": 0.0,
        "style": "Standard",
        "textgen": "0",
        "alignh": "0",
        "alignv": "0",
        "interlin": -1.0,
        "lat": 29.79123,
        "lon": 52.46443
      },
      "geometry": {
        "type": "Point",
        "coordinates": [52.464426959597581, 29.7912276163682]
      }
    },
    {
      "type": "Feature",
      "properties": {
        "fid": 128.0,
        "handle": "17496",
        "block": "-1",
        "etype": "25",
        "space": "0",
        "layer": "PLAK",
        "olinetype": "bylayer",
        "linetype": null,
        "color": "255,255,255,255",
        "ocolor": "7",
        "color24": "16777215",
        "transparen": "0",
        "lweight": "-1",
        "linewidth": 0.0,
        "ltscale": 1.0,
        "visible": "1",
        "thickness": 0.0,
        "ext": "(3:-0.003003440932991228,-0.004522054395397211,0.9999852650747446)",
        "height": 3.0,
        "text": "1490",
        "angle": 58.87298,
        "widthscale": 1.0,
        "oblique": 0.0,
        "style": "Standard",
        "textgen": "0",
        "alignh": "0",
        "alignv": "0",
        "interlin": -1.0,
        "lat": 29.79113,
        "lon": 52.4646
      },
      "geometry": {
        "type": "Point",
        "coordinates": [52.464601091226307, 29.791125317792119]
      }
    },
    {
      "type": "Feature",
      "properties": {
        "fid": 129.0,
        "handle": "17497",
        "block": "-1",
        "etype": "25",
        "space": "0",
        "layer": "PLAK",
        "olinetype": "bylayer",
        "linetype": null,
        "color": "255,255,255,255",
        "ocolor": "7",
        "color24": "16777215",
        "transparen": "0",
        "lweight": "-1",
        "linewidth": 0.0,
        "ltscale": 1.0,
        "visible": "1",
        "thickness": 0.0,
        "ext": "(3:-0.003003440932991228,-0.004522054395397211,0.9999852650747446)",
        "height": 3.0,
        "text": "1491",
        "angle": 58.87298,
        "widthscale": 1.0,
        "oblique": 0.0,
        "style": "Standard",
        "textgen": "0",
        "alignh": "0",
        "alignv": "0",
        "interlin": -1.0,
        "lat": 29.79102,
        "lon": 52.46478
      },
      "geometry": {
        "type": "Point",
        "coordinates": [52.46477522248113, 29.791023018978965]
      }
    },
    {
      "type": "Feature",
      "properties": {
        "fid": 130.0,
        "handle": "17498",
        "block": "-1",
        "etype": "25",
        "space": "0",
        "layer": "PLAK",
        "olinetype": "bylayer",
        "linetype": null,
        "color": "255,255,255,255",
        "ocolor": "7",
        "color24": "16777215",
        "transparen": "0",
        "lweight": "-1",
        "linewidth": 0.0,
        "ltscale": 1.0,
        "visible": "1",
        "thickness": 0.0,
        "ext": "(3:-0.003003440932991228,-0.004522054395397211,0.9999852650747446)",
        "height": 3.0,
        "text": "1492",
        "angle": 58.87298,
        "widthscale": 1.0,
        "oblique": 0.0,
        "style": "Standard",
        "textgen": "0",
        "alignh": "0",
        "alignv": "0",
        "interlin": -1.0,
        "lat": 29.79093,
        "lon": 52.46494
      },
      "geometry": {
        "type": "Point",
        "coordinates": [52.464937204722773, 29.790927857145103]
      }
    },
    {
      "type": "Feature",
      "properties": {
        "fid": 131.0,
        "handle": "17499",
        "block": "-1",
        "etype": "25",
        "space": "0",
        "layer": "PLAK",
        "olinetype": "bylayer",
        "linetype": null,
        "color": "255,255,255,255",
        "ocolor": "7",
        "color24": "16777215",
        "transparen": "0",
        "lweight": "-1",
        "linewidth": 0.0,
        "ltscale": 1.0,
        "visible": "1",
        "thickness": 0.0,
        "ext": "(3:-0.003003440932991228,-0.004522054395397211,0.9999852650747446)",
        "height": 3.0,
        "text": "1493",
        "angle": 58.87298,
        "widthscale": 1.0,
        "oblique": 0.0,
        "style": "Standard",
        "textgen": "0",
        "alignh": "0",
        "alignv": "0",
        "interlin": -1.0,
        "lat": 29.79083,
        "lon": 52.46511
      },
      "geometry": {
        "type": "Point",
        "coordinates": [52.465114060960602, 29.790829087722447]
      }
    },
    {
      "type": "Feature",
      "properties": {
        "fid": 132.0,
        "handle": "17500",
        "block": "-1",
        "etype": "25",
        "space": "0",
        "layer": "PLAK",
        "olinetype": "bylayer",
        "linetype": null,
        "color": "255,255,255,255",
        "ocolor": "7",
        "color24": "16777215",
        "transparen": "0",
        "lweight": "-1",
        "linewidth": 0.0,
        "ltscale": 1.0,
        "visible": "1",
        "thickness": 0.0,
        "ext": "(3:-0.003003440932991228,-0.004522054395397211,0.9999852650747446)",
        "height": 3.0,
        "text": "1504",
        "angle": 58.87298,
        "widthscale": 1.0,
        "oblique": 0.0,
        "style": "Standard",
        "textgen": "0",
        "alignh": "0",
        "alignv": "0",
        "interlin": -1.0,
        "lat": 29.7914,
        "lon": 52.46305
      },
      "geometry": {
        "type": "Point",
        "coordinates": [52.463052423022646, 29.791402476410624]
      }
    },
    {
      "type": "Feature",
      "properties": {
        "fid": 133.0,
        "handle": "17501",
        "block": "-1",
        "etype": "25",
        "space": "0",
        "layer": "PLAK",
        "olinetype": "bylayer",
        "linetype": null,
        "color": "255,255,255,255",
        "ocolor": "7",
        "color24": "16777215",
        "transparen": "0",
        "lweight": "-1",
        "linewidth": 0.0,
        "ltscale": 1.0,
        "visible": "1",
        "thickness": 0.0,
        "ext": "(3:-0.003003440932991228,-0.004522054395397211,0.9999852650747446)",
        "height": 3.0,
        "text": "1503",
        "angle": 58.87298,
        "widthscale": 1.0,
        "oblique": 0.0,
        "style": "Standard",
        "textgen": "0",
        "alignh": "0",
        "alignv": "0",
        "interlin": -1.0,
        "lat": 29.7913,
        "lon": 52.46323
      },
      "geometry": {
        "type": "Point",
        "coordinates": [52.463226556411747, 29.791300179572602]
      }
    },
    {
      "type": "Feature",
      "properties": {
        "fid": 134.0,
        "handle": "17502",
        "block": "-1",
        "etype": "25",
        "space": "0",
        "layer": "PLAK",
        "olinetype": "bylayer",
        "linetype": null,
        "color": "255,255,255,255",
        "ocolor": "7",
        "color24": "16777215",
        "transparen": "0",
        "lweight": "-1",
        "linewidth": 0.0,
        "ltscale": 1.0,
        "visible": "1",
        "thickness": 0.0,
        "ext": "(3:-0.003003440932991228,-0.004522054395397211,0.9999852650747446)",
        "height": 3.0,
        "text": "1502",
        "angle": 58.87298,
        "widthscale": 1.0,
        "oblique": 0.0,
        "style": "Standard",
        "textgen": "0",
        "alignh": "0",
        "alignv": "0",
        "interlin": -1.0,
        "lat": 29.7912,
        "lon": 52.4634
      },
      "geometry": {
        "type": "Point",
        "coordinates": [52.463400689468777, 29.791197882551717]
      }
    },
    {
      "type": "Feature",
      "properties": {
        "fid": 135.0,
        "handle": "17503",
        "block": "-1",
        "etype": "25",
        "space": "0",
        "layer": "PLAK",
        "olinetype": "bylayer",
        "linetype": null,
        "color": "255,255,255,255",
        "ocolor": "7",
        "color24": "16777215",
        "transparen": "0",
        "lweight": "-1",
        "linewidth": 0.0,
        "ltscale": 1.0,
        "visible": "1",
        "thickness": 0.0,
        "ext": "(3:-0.003003440932991228,-0.004522054395397211,0.9999852650747446)",
        "height": 3.0,
        "text": "1501",
        "angle": 58.87298,
        "widthscale": 1.0,
        "oblique": 0.0,
        "style": "Standard",
        "textgen": "0",
        "alignh": "0",
        "alignv": "0",
        "interlin": -1.0,
        "lat": 29.79111,
        "lon": 52.46356
      },
      "geometry": {
        "type": "Point",
        "coordinates": [52.463558623740646, 29.791105101322749]
      }
    },
    {
      "type": "Feature",
      "properties": {
        "fid": 136.0,
        "handle": "17504",
        "block": "-1",
        "etype": "25",
        "space": "0",
        "layer": "PLAK",
        "olinetype": "bylayer",
        "linetype": null,
        "color": "255,255,255,255",
        "ocolor": "7",
        "color24": "16777215",
        "transparen": "0",
        "lweight": "-1",
        "linewidth": 0.0,
        "ltscale": 1.0,
        "visible": "1",
        "thickness": 0.0,
        "ext": "(3:-0.003003440932991228,-0.004522054395397211,0.9999852650747446)",
        "height": 3.0,
        "text": "1500",
        "angle": 58.87298,
        "widthscale": 1.0,
        "oblique": 0.0,
        "style": "Standard",
        "textgen": "0",
        "alignh": "0",
        "alignv": "0",
        "interlin": -1.0,
        "lat": 29.791,
        "lon": 52.46373
      },
      "geometry": {
        "type": "Point",
        "coordinates": [52.463734080103201, 29.790996894977145]
      }
    },
    {
      "type": "Feature",
      "properties": {
        "fid": 137.0,
        "handle": "17505",
        "block": "-1",
        "etype": "25",
        "space": "0",
        "layer": "PLAK",
        "olinetype": "bylayer",
        "linetype": null,
        "color": "255,255,255,255",
        "ocolor": "7",
        "color24": "16777215",
        "transparen": "0",
        "lweight": "-1",
        "linewidth": 0.0,
        "ltscale": 1.0,
        "visible": "1",
        "thickness": 0.0,
        "ext": "(3:-0.003003440932991228,-0.004522054395397211,0.9999852650747446)",
        "height": 3.0,
        "text": "1499",
        "angle": 58.87298,
        "widthscale": 1.0,
        "oblique": 0.0,
        "style": "Standard",
        "textgen": "0",
        "alignh": "0",
        "alignv": "0",
        "interlin": -1.0,
        "lat": 29.79089,
        "lon": 52.4639
      },
      "geometry": {
        "type": "Point",
        "coordinates": [52.463901436874508, 29.790893446478293]
      }
    },
    {
      "type": "Feature",
      "properties": {
        "fid": 138.0,
        "handle": "17506",
        "block": "-1",
        "etype": "25",
        "space": "0",
        "layer": "PLAK",
        "olinetype": "bylayer",
        "linetype": null,
        "color": "255,255,255,255",
        "ocolor": "7",
        "color24": "16777215",
        "transparen": "0",
        "lweight": "-1",
        "linewidth": 0.0,
        "ltscale": 1.0,
        "visible": "1",
        "thickness": 0.0,
        "ext": "(3:-0.003003440932991228,-0.004522054395397211,0.9999852650747446)",
        "height": 3.0,
        "text": "1498",
        "angle": 58.87298,
        "widthscale": 1.0,
        "oblique": 0.0,
        "style": "Standard",
        "textgen": "0",
        "alignh": "0",
        "alignv": "0",
        "interlin": -1.0,
        "lat": 29.79079,
        "lon": 52.46407
      },
      "geometry": {
        "type": "Point",
        "coordinates": [52.46407151893785, 29.790793527613491]
      }
    },
    {
      "type": "Feature",
      "properties": {
        "fid": 139.0,
        "handle": "17507",
        "block": "-1",
        "etype": "25",
        "space": "0",
        "layer": "PLAK",
        "olinetype": "bylayer",
        "linetype": null,
        "color": "255,255,255,255",
        "ocolor": "7",
        "color24": "16777215",
        "transparen": "0",
        "lweight": "-1",
        "linewidth": 0.0,
        "ltscale": 1.0,
        "visible": "1",
        "thickness": 0.0,
        "ext": "(3:-0.003003440932991228,-0.004522054395397211,0.9999852650747446)",
        "height": 3.0,
        "text": "1497",
        "angle": 58.87298,
        "widthscale": 1.0,
        "oblique": 0.0,
        "style": "Standard",
        "textgen": "0",
        "alignh": "0",
        "alignv": "0",
        "interlin": -1.0,
        "lat": 29.79069,
        "lon": 52.46424
      },
      "geometry": {
        "type": "Point",
        "coordinates": [52.4642416006578, 29.790693608539812]
      }
    },
    {
      "type": "Feature",
      "properties": {
        "fid": 140.0,
        "handle": "17508",
        "block": "-1",
        "etype": "25",
        "space": "0",
        "layer": "PLAK",
        "olinetype": "bylayer",
        "linetype": null,
        "color": "255,255,255,255",
        "ocolor": "7",
        "color24": "16777215",
        "transparen": "0",
        "lweight": "-1",
        "linewidth": 0.0,
        "ltscale": 1.0,
        "visible": "1",
        "thickness": 0.0,
        "ext": "(3:-0.003003440932991228,-0.004522054395397211,0.9999852650747446)",
        "height": 3.0,
        "text": "1496",
        "angle": 58.87298,
        "widthscale": 1.0,
        "oblique": 0.0,
        "style": "Standard",
        "textgen": "0",
        "alignh": "0",
        "alignv": "0",
        "interlin": -1.0,
        "lat": 29.79059,
        "lon": 52.46443
      },
      "geometry": {
        "type": "Point",
        "coordinates": [52.464429281924509, 29.790593611850564]
      }
    },
    {
      "type": "Feature",
      "properties": {
        "fid": 141.0,
        "handle": "17509",
        "block": "-1",
        "etype": "25",
        "space": "0",
        "layer": "PLAK",
        "olinetype": "bylayer",
        "linetype": null,
        "color": "255,255,255,255",
        "ocolor": "7",
        "color24": "16777215",
        "transparen": "0",
        "lweight": "-1",
        "linewidth": 0.0,
        "ltscale": 1.0,
        "visible": "1",
        "thickness": 0.0,
        "ext": "(3:-0.003003440932991228,-0.004522054395397211,0.9999852650747446)",
        "height": 3.0,
        "text": "1495",
        "angle": 58.87298,
        "widthscale": 1.0,
        "oblique": 0.0,
        "style": "Standard",
        "textgen": "0",
        "alignh": "0",
        "alignv": "0",
        "interlin": -1.0,
        "lat": 29.79049,
        "lon": 52.46459
      },
      "geometry": {
        "type": "Point",
        "coordinates": [52.464592587745891, 29.790492541549824]
      }
    },
    {
      "type": "Feature",
      "properties": {
        "fid": 142.0,
        "handle": "17510",
        "block": "-1",
        "etype": "25",
        "space": "0",
        "layer": "PLAK",
        "olinetype": "bylayer",
        "linetype": null,
        "color": "255,255,255,255",
        "ocolor": "7",
        "color24": "16777215",
        "transparen": "0",
        "lweight": "-1",
        "linewidth": 0.0,
        "ltscale": 1.0,
        "visible": "1",
        "thickness": 0.0,
        "ext": "(3:-0.003003440932991228,-0.004522054395397211,0.9999852650747446)",
        "height": 3.0,
        "text": "1494",
        "angle": 58.87298,
        "widthscale": 1.0,
        "oblique": 0.0,
        "style": "Standard",
        "textgen": "0",
        "alignh": "0",
        "alignv": "0",
        "interlin": -1.0,
        "lat": 29.7904,
        "lon": 52.46477
      },
      "geometry": {
        "type": "Point",
        "coordinates": [52.464765394033044, 29.79039615165609]
      }
    },
    {
      "type": "Feature",
      "properties": {
        "fid": 143.0,
        "handle": "17511",
        "block": "-1",
        "etype": "25",
        "space": "0",
        "layer": "PLAK",
        "olinetype": "bylayer",
        "linetype": null,
        "color": "255,255,255,255",
        "ocolor": "7",
        "color24": "16777215",
        "transparen": "0",
        "lweight": "-1",
        "linewidth": 0.0,
        "ltscale": 1.0,
        "visible": "1",
        "thickness": 0.0,
        "ext": "(3:-0.003003440932991228,-0.004522054395397211,0.9999852650747446)",
        "height": 3.0,
        "text": "1505",
        "angle": 58.87298,
        "widthscale": 1.0,
        "oblique": 0.0,
        "style": "Standard",
        "textgen": "0",
        "alignh": "0",
        "alignv": "0",
        "interlin": -1.0,
        "lat": 29.79114,
        "lon": 52.46284
      },
      "geometry": {
        "type": "Point",
        "coordinates": [52.462841228560343, 29.791136584544589]
      }
    },
    {
      "type": "Feature",
      "properties": {
        "fid": 144.0,
        "handle": "17512",
        "block": "-1",
        "etype": "25",
        "space": "0",
        "layer": "PLAK",
        "olinetype": "bylayer",
        "linetype": null,
        "color": "255,255,255,255",
        "ocolor": "7",
        "color24": "16777215",
        "transparen": "0",
        "lweight": "-1",
        "linewidth": 0.0,
        "ltscale": 1.0,
        "visible": "1",
        "thickness": 0.0,
        "ext": "(3:-0.003003440932991228,-0.004522054395397211,0.9999852650747446)",
        "height": 3.0,
        "text": "1506",
        "angle": 58.87298,
        "widthscale": 1.0,
        "oblique": 0.0,
        "style": "Standard",
        "textgen": "0",
        "alignh": "0",
        "alignv": "0",
        "interlin": -1.0,
        "lat": 29.79103,
        "lon": 52.46303
      },
      "geometry": {
        "type": "Point",
        "coordinates": [52.463030236148995, 29.791030680926962]
      }
    },
    {
      "type": "Feature",
      "properties": {
        "fid": 145.0,
        "handle": "17513",
        "block": "-1",
        "etype": "25",
        "space": "0",
        "layer": "PLAK",
        "olinetype": "bylayer",
        "linetype": null,
        "color": "255,255,255,255",
        "ocolor": "7",
        "color24": "16777215",
        "transparen": "0",
        "lweight": "-1",
        "linewidth": 0.0,
        "ltscale": 1.0,
        "visible": "1",
        "thickness": 0.0,
        "ext": "(3:-0.003003440932991228,-0.004522054395397211,0.9999852650747446)",
        "height": 3.0,
        "text": "1507",
        "angle": 58.87298,
        "widthscale": 1.0,
        "oblique": 0.0,
        "style": "Standard",
        "textgen": "0",
        "alignh": "0",
        "alignv": "0",
        "interlin": -1.0,
        "lat": 29.79094,
        "lon": 52.4632
      },
      "geometry": {
        "type": "Point",
        "coordinates": [52.46319767130926, 29.790942580900992]
      }
    },
    {
      "type": "Feature",
      "properties": {
        "fid": 146.0,
        "handle": "17514",
        "block": "-1",
        "etype": "25",
        "space": "0",
        "layer": "PLAK",
        "olinetype": "bylayer",
        "linetype": null,
        "color": "255,255,255,255",
        "ocolor": "7",
        "color24": "16777215",
        "transparen": "0",
        "lweight": "-1",
        "linewidth": 0.0,
        "ltscale": 1.0,
        "visible": "1",
        "thickness": 0.0,
        "ext": "(3:-0.003003440932991228,-0.004522054395397211,0.9999852650747446)",
        "height": 3.0,
        "text": "1508",
        "angle": 58.87298,
        "widthscale": 1.0,
        "oblique": 0.0,
        "style": "Standard",
        "textgen": "0",
        "alignh": "0",
        "alignv": "0",
        "interlin": -1.0,
        "lat": 29.79084,
        "lon": 52.46336
      },
      "geometry": {
        "type": "Point",
        "coordinates": [52.463358253427039, 29.790837982181106]
      }
    },
    {
      "type": "Feature",
      "properties": {
        "fid": 147.0,
        "handle": "17515",
        "block": "-1",
        "etype": "25",
        "space": "0",
        "layer": "PLAK",
        "olinetype": "bylayer",
        "linetype": null,
        "color": "255,255,255,255",
        "ocolor": "7",
        "color24": "16777215",
        "transparen": "0",
        "lweight": "-1",
        "linewidth": 0.0,
        "ltscale": 1.0,
        "visible": "1",
        "thickness": 0.0,
        "ext": "(3:-0.003003440932991228,-0.004522054395397211,0.9999852650747446)",
        "height": 3.0,
        "text": "1509",
        "angle": 58.87298,
        "widthscale": 1.0,
        "oblique": 0.0,
        "style": "Standard",
        "textgen": "0",
        "alignh": "0",
        "alignv": "0",
        "interlin": -1.0,
        "lat": 29.79073,
        "lon": 52.46354
      },
      "geometry": {
        "type": "Point",
        "coordinates": [52.463543210298532, 29.7907344568453]
      }
    },
    {
      "type": "Feature",
      "properties": {
        "fid": 148.0,
        "handle": "17516",
        "block": "-1",
        "etype": "25",
        "space": "0",
        "layer": "PLAK",
        "olinetype": "bylayer",
        "linetype": null,
        "color": "255,255,255,255",
        "ocolor": "7",
        "color24": "16777215",
        "transparen": "0",
        "lweight": "-1",
        "linewidth": 0.0,
        "ltscale": 1.0,
        "visible": "1",
        "thickness": 0.0,
        "ext": "(3:-0.003003440932991228,-0.004522054395397211,0.9999852650747446)",
        "height": 3.0,
        "text": "1510",
        "angle": 58.87298,
        "widthscale": 1.0,
        "oblique": 0.0,
        "style": "Standard",
        "textgen": "0",
        "alignh": "0",
        "alignv": "0",
        "interlin": -1.0,
        "lat": 29.79063,
        "lon": 52.4637
      },
      "geometry": {
        "type": "Point",
        "coordinates": [52.463695692574412, 29.790634615747841]
      }
    },
    {
      "type": "Feature",
      "properties": {
        "fid": 149.0,
        "handle": "17517",
        "block": "-1",
        "etype": "25",
        "space": "0",
        "layer": "PLAK",
        "olinetype": "bylayer",
        "linetype": null,
        "color": "255,255,255,255",
        "ocolor": "7",
        "color24": "16777215",
        "transparen": "0",
        "lweight": "-1",
        "linewidth": 0.0,
        "ltscale": 1.0,
        "visible": "1",
        "thickness": 0.0,
        "ext": "(3:-0.003003440932991228,-0.004522054395397211,0.9999852650747446)",
        "height": 3.0,
        "text": "1511",
        "angle": 58.87298,
        "widthscale": 1.0,
        "oblique": 0.0,
        "style": "Standard",
        "textgen": "0",
        "alignh": "0",
        "alignv": "0",
        "interlin": -1.0,
        "lat": 29.79053,
        "lon": 52.46387
      },
      "geometry": {
        "type": "Point",
        "coordinates": [52.463867098392001, 29.790528788278525]
      }
    },
    {
      "type": "Feature",
      "properties": {
        "fid": 150.0,
        "handle": "17518",
        "block": "-1",
        "etype": "25",
        "space": "0",
        "layer": "PLAK",
        "olinetype": "bylayer",
        "linetype": null,
        "color": "255,255,255,255",
        "ocolor": "7",
        "color24": "16777215",
        "transparen": "0",
        "lweight": "-1",
        "linewidth": 0.0,
        "ltscale": 1.0,
        "visible": "1",
        "thickness": 0.0,
        "ext": "(3:-0.003003440932991228,-0.004522054395397211,0.9999852650747446)",
        "height": 3.0,
        "text": "1512",
        "angle": 58.87298,
        "widthscale": 1.0,
        "oblique": 0.0,
        "style": "Standard",
        "textgen": "0",
        "alignh": "0",
        "alignv": "0",
        "interlin": -1.0,
        "lat": 29.79042,
        "lon": 52.46404
      },
      "geometry": {
        "type": "Point",
        "coordinates": [52.464038503829862, 29.790422960579413]
      }
    },
    {
      "type": "Feature",
      "properties": {
        "fid": 151.0,
        "handle": "17519",
        "block": "-1",
        "etype": "25",
        "space": "0",
        "layer": "PLAK",
        "olinetype": "bylayer",
        "linetype": null,
        "color": "255,255,255,255",
        "ocolor": "7",
        "color24": "16777215",
        "transparen": "0",
        "lweight": "-1",
        "linewidth": 0.0,
        "ltscale": 1.0,
        "visible": "1",
        "thickness": 0.0,
        "ext": "(3:-0.003003440932991228,-0.004522054395397211,0.9999852650747446)",
        "height": 3.0,
        "text": "1513",
        "angle": 58.87298,
        "widthscale": 1.0,
        "oblique": 0.0,
        "style": "Standard",
        "textgen": "0",
        "alignh": "0",
        "alignv": "0",
        "interlin": -1.0,
        "lat": 29.79033,
        "lon": 52.46421
      },
      "geometry": {
        "type": "Point",
        "coordinates": [52.464211310563094, 29.790326571448276]
      }
    },
    {
      "type": "Feature",
      "properties": {
        "fid": 152.0,
        "handle": "17520",
        "block": "-1",
        "etype": "25",
        "space": "0",
        "layer": "PLAK",
        "olinetype": "bylayer",
        "linetype": null,
        "color": "255,255,255,255",
        "ocolor": "7",
        "color24": "16777215",
        "transparen": "0",
        "lweight": "-1",
        "linewidth": 0.0,
        "ltscale": 1.0,
        "visible": "1",
        "thickness": 0.0,
        "ext": "(3:-0.003003440932991228,-0.004522054395397211,0.9999852650747446)",
        "height": 3.0,
        "text": "1514",
        "angle": 338.34157,
        "widthscale": 1.0,
        "oblique": 0.0,
        "style": "Standard",
        "textgen": "0",
        "alignh": "0",
        "alignv": "0",
        "interlin": -1.0,
        "lat": 29.79035,
        "lon": 52.46443
      },
      "geometry": {
        "type": "Point",
        "coordinates": [52.464432942049214, 29.790353974633511]
      }
    },
    {
      "type": "Feature",
      "properties": {
        "fid": 153.0,
        "handle": "17521",
        "block": "-1",
        "etype": "25",
        "space": "0",
        "layer": "PLAK",
        "olinetype": "bylayer",
        "linetype": null,
        "color": "255,255,255,255",
        "ocolor": "7",
        "color24": "16777215",
        "transparen": "0",
        "lweight": "-1",
        "linewidth": 0.0,
        "ltscale": 1.0,
        "visible": "1",
        "thickness": 0.0,
        "ext": "(3:-0.003003440932991228,-0.004522054395397211,0.9999852650747446)",
        "height": 3.0,
        "text": "1426",
        "angle": 329.89164,
        "widthscale": 1.0,
        "oblique": 0.0,
        "style": "Standard",
        "textgen": "0",
        "alignh": "0",
        "alignv": "0",
        "interlin": -1.0,
        "lat": 29.78903,
        "lon": 52.46446
      },
      "geometry": {
        "type": "Point",
        "coordinates": [52.464463827454132, 29.789025506936007]
      }
    },
    {
      "type": "Feature",
      "properties": {
        "fid": 154.0,
        "handle": "17522",
        "block": "-1",
        "etype": "25",
        "space": "0",
        "layer": "PLAK",
        "olinetype": "bylayer",
        "linetype": null,
        "color": "255,255,255,255",
        "ocolor": "7",
        "color24": "16777215",
        "transparen": "0",
        "lweight": "-1",
        "linewidth": 0.0,
        "ltscale": 1.0,
        "visible": "1",
        "thickness": 0.0,
        "ext": "(3:-0.003003440932991228,-0.004522054395397211,0.9999852650747446)",
        "height": 3.0,
        "text": "1526",
        "angle": 58.87298,
        "widthscale": 1.0,
        "oblique": 0.0,
        "style": "Standard",
        "textgen": "0",
        "alignh": "0",
        "alignv": "0",
        "interlin": -1.0,
        "lat": 29.79098,
        "lon": 52.46179
      },
      "geometry": {
        "type": "Point",
        "coordinates": [52.461788498980056, 29.790975929323466]
      }
    },
    {
      "type": "Feature",
      "properties": {
        "fid": 155.0,
        "handle": "17523",
        "block": "-1",
        "etype": "25",
        "space": "0",
        "layer": "PLAK",
        "olinetype": "bylayer",
        "linetype": null,
        "color": "255,255,255,255",
        "ocolor": "7",
        "color24": "16777215",
        "transparen": "0",
        "lweight": "-1",
        "linewidth": 0.0,
        "ltscale": 1.0,
        "visible": "1",
        "thickness": 0.0,
        "ext": "(3:-0.003003440932991228,-0.004522054395397211,0.9999852650747446)",
        "height": 3.0,
        "text": "1525",
        "angle": 58.87298,
        "widthscale": 1.0,
        "oblique": 0.0,
        "style": "Standard",
        "textgen": "0",
        "alignh": "0",
        "alignv": "0",
        "interlin": -1.0,
        "lat": 29.7909,
        "lon": 52.46193
      },
      "geometry": {
        "type": "Point",
        "coordinates": [52.461929190418033, 29.790898908232336]
      }
    },
    {
      "type": "Feature",
      "properties": {
        "fid": 156.0,
        "handle": "17524",
        "block": "-1",
        "etype": "25",
        "space": "0",
        "layer": "PLAK",
        "olinetype": "bylayer",
        "linetype": null,
        "color": "255,255,255,255",
        "ocolor": "7",
        "color24": "16777215",
        "transparen": "0",
        "lweight": "-1",
        "linewidth": 0.0,
        "ltscale": 1.0,
        "visible": "1",
        "thickness": 0.0,
        "ext": "(3:-0.003003440932991228,-0.004522054395397211,0.9999852650747446)",
        "height": 3.0,
        "text": "1524",
        "angle": 58.87298,
        "widthscale": 1.0,
        "oblique": 0.0,
        "style": "Standard",
        "textgen": "0",
        "alignh": "0",
        "alignv": "0",
        "interlin": -1.0,
        "lat": 29.79081,
        "lon": 52.46206
      },
      "geometry": {
        "type": "Point",
        "coordinates": [52.462057923171066, 29.790806399342937]
      }
    },
    {
      "type": "Feature",
      "properties": {
        "fid": 157.0,
        "handle": "17525",
        "block": "-1",
        "etype": "25",
        "space": "0",
        "layer": "PLAK",
        "olinetype": "bylayer",
        "linetype": null,
        "color": "255,255,255,255",
        "ocolor": "7",
        "color24": "16777215",
        "transparen": "0",
        "lweight": "-1",
        "linewidth": 0.0,
        "ltscale": 1.0,
        "visible": "1",
        "thickness": 0.0,
        "ext": "(3:-0.003003440932991228,-0.004522054395397211,0.9999852650747446)",
        "height": 3.0,
        "text": "1523",
        "angle": 58.87298,
        "widthscale": 1.0,
        "oblique": 0.0,
        "style": "Standard",
        "textgen": "0",
        "alignh": "0",
        "alignv": "0",
        "interlin": -1.0,
        "lat": 29.79074,
        "lon": 52.4622
      },
      "geometry": {
        "type": "Point",
        "coordinates": [52.462204593410682, 29.790737121790766]
      }
    },
    {
      "type": "Feature",
      "properties": {
        "fid": 158.0,
        "handle": "17526",
        "block": "-1",
        "etype": "25",
        "space": "0",
        "layer": "PLAK",
        "olinetype": "bylayer",
        "linetype": null,
        "color": "255,255,255,255",
        "ocolor": "7",
        "color24": "16777215",
        "transparen": "0",
        "lweight": "-1",
        "linewidth": 0.0,
        "ltscale": 1.0,
        "visible": "1",
        "thickness": 0.0,
        "ext": "(3:-0.003003440932991228,-0.004522054395397211,0.9999852650747446)",
        "height": 3.0,
        "text": "1522",
        "angle": 58.87298,
        "widthscale": 1.0,
        "oblique": 0.0,
        "style": "Standard",
        "textgen": "0",
        "alignh": "0",
        "alignv": "0",
        "interlin": -1.0,
        "lat": 29.79065,
        "lon": 52.46234
      },
      "geometry": {
        "type": "Point",
        "coordinates": [52.462343746895648, 29.790649747002096]
      }
    },
    {
      "type": "Feature",
      "properties": {
        "fid": 159.0,
        "handle": "17527",
        "block": "-1",
        "etype": "25",
        "space": "0",
        "layer": "PLAK",
        "olinetype": "bylayer",
        "linetype": null,
        "color": "255,255,255,255",
        "ocolor": "7",
        "color24": "16777215",
        "transparen": "0",
        "lweight": "-1",
        "linewidth": 0.0,
        "ltscale": 1.0,
        "visible": "1",
        "thickness": 0.0,
        "ext": "(3:-0.003003440932991228,-0.004522054395397211,0.9999852650747446)",
        "height": 3.0,
        "text": "1521",
        "angle": 58.87298,
        "widthscale": 1.0,
        "oblique": 0.0,
        "style": "Standard",
        "textgen": "0",
        "alignh": "0",
        "alignv": "0",
        "interlin": -1.0,
        "lat": 29.79057,
        "lon": 52.46247
      },
      "geometry": {
        "type": "Point",
        "coordinates": [52.462474016211537, 29.790567591018323]
      }
    },
    {
      "type": "Feature",
      "properties": {
        "fid": 160.0,
        "handle": "17528",
        "block": "-1",
        "etype": "25",
        "space": "0",
        "layer": "PLAK",
        "olinetype": "bylayer",
        "linetype": null,
        "color": "255,255,255,255",
        "ocolor": "7",
        "color24": "16777215",
        "transparen": "0",
        "lweight": "-1",
        "linewidth": 0.0,
        "ltscale": 1.0,
        "visible": "1",
        "thickness": 0.0,
        "ext": "(3:-0.003003440932991228,-0.004522054395397211,0.9999852650747446)",
        "height": 3.0,
        "text": "1520",
        "angle": 58.87298,
        "widthscale": 1.0,
        "oblique": 0.0,
        "style": "Standard",
        "textgen": "0",
        "alignh": "0",
        "alignv": "0",
        "interlin": -1.0,
        "lat": 29.79048,
        "lon": 52.46262
      },
      "geometry": {
        "type": "Point",
        "coordinates": [52.462616158884096, 29.790484087839626]
      }
    },
    {
      "type": "Feature",
      "properties": {
        "fid": 161.0,
        "handle": "17529",
        "block": "-1",
        "etype": "25",
        "space": "0",
        "layer": "PLAK",
        "olinetype": "bylayer",
        "linetype": null,
        "color": "255,255,255,255",
        "ocolor": "7",
        "color24": "16777215",
        "transparen": "0",
        "lweight": "-1",
        "linewidth": 0.0,
        "ltscale": 1.0,
        "visible": "1",
        "thickness": 0.0,
        "ext": "(3:-0.003003440932991228,-0.004522054395397211,0.9999852650747446)",
        "height": 3.0,
        "text": "1519",
        "angle": 58.87298,
        "widthscale": 1.0,
        "oblique": 0.0,
        "style": "Standard",
        "textgen": "0",
        "alignh": "0",
        "alignv": "0",
        "interlin": -1.0,
        "lat": 29.79039,
        "lon": 52.46274
      },
      "geometry": {
        "type": "Point",
        "coordinates": [52.462744890432347, 29.790391578331693]
      }
    },
    {
      "type": "Feature",
      "properties": {
        "fid": 162.0,
        "handle": "17530",
        "block": "-1",
        "etype": "25",
        "space": "0",
        "layer": "PLAK",
        "olinetype": "bylayer",
        "linetype": null,
        "color": "255,255,255,255",
        "ocolor": "7",
        "color24": "16777215",
        "transparen": "0",
        "lweight": "-1",
        "linewidth": 0.0,
        "ltscale": 1.0,
        "visible": "1",
        "thickness": 0.0,
        "ext": "(3:-0.003003440932991228,-0.004522054395397211,0.9999852650747446)",
        "height": 3.0,
        "text": "1518",
        "angle": 58.87298,
        "widthscale": 1.0,
        "oblique": 0.0,
        "style": "Standard",
        "textgen": "0",
        "alignh": "0",
        "alignv": "0",
        "interlin": -1.0,
        "lat": 29.79032,
        "lon": 52.46289
      },
      "geometry": {
        "type": "Point",
        "coordinates": [52.462891559586168, 29.790322300067508]
      }
    },
    {
      "type": "Feature",
      "properties": {
        "fid": 163.0,
        "handle": "17531",
        "block": "-1",
        "etype": "25",
        "space": "0",
        "layer": "PLAK",
        "olinetype": "bylayer",
        "linetype": null,
        "color": "255,255,255,255",
        "ocolor": "7",
        "color24": "16777215",
        "transparen": "0",
        "lweight": "-1",
        "linewidth": 0.0,
        "ltscale": 1.0,
        "visible": "1",
        "thickness": 0.0,
        "ext": "(3:-0.003003440932991228,-0.004522054395397211,0.9999852650747446)",
        "height": 3.0,
        "text": "1517",
        "angle": 58.87298,
        "widthscale": 1.0,
        "oblique": 0.0,
        "style": "Standard",
        "textgen": "0",
        "alignh": "0",
        "alignv": "0",
        "interlin": -1.0,
        "lat": 29.79022,
        "lon": 52.46308
      },
      "geometry": {
        "type": "Point",
        "coordinates": [52.463076668582183, 29.79021918293062]
      }
    },
    {
      "type": "Feature",
      "properties": {
        "fid": 164.0,
        "handle": "17532",
        "block": "-1",
        "etype": "25",
        "space": "0",
        "layer": "PLAK",
        "olinetype": "bylayer",
        "linetype": null,
        "color": "255,255,255,255",
        "ocolor": "7",
        "color24": "16777215",
        "transparen": "0",
        "lweight": "-1",
        "linewidth": 0.0,
        "ltscale": 1.0,
        "visible": "1",
        "thickness": 0.0,
        "ext": "(3:-0.003003440932991228,-0.004522054395397211,0.9999852650747446)",
        "height": 3.0,
        "text": "1516",
        "angle": 58.87298,
        "widthscale": 1.0,
        "oblique": 0.0,
        "style": "Standard",
        "textgen": "0",
        "alignh": "0",
        "alignv": "0",
        "interlin": -1.0,
        "lat": 29.79011,
        "lon": 52.46328
      },
      "geometry": {
        "type": "Point",
        "coordinates": [52.463275102896766, 29.790108237086873]
      }
    },
    {
      "type": "Feature",
      "properties": {
        "fid": 165.0,
        "handle": "17533",
        "block": "-1",
        "etype": "25",
        "space": "0",
        "layer": "PLAK",
        "olinetype": "bylayer",
        "linetype": null,
        "color": "255,255,255,255",
        "ocolor": "7",
        "color24": "16777215",
        "transparen": "0",
        "lweight": "-1",
        "linewidth": 0.0,
        "ltscale": 1.0,
        "visible": "1",
        "thickness": 0.0,
        "ext": "(3:-0.003003440932991228,-0.004522054395397211,0.9999852650747446)",
        "height": 3.0,
        "text": "1515",
        "angle": 329.24447,
        "widthscale": 1.0,
        "oblique": 0.0,
        "style": "Standard",
        "textgen": "0",
        "alignh": "0",
        "alignv": "0",
        "interlin": -1.0,
        "lat": 29.78958,
        "lon": 52.464
      },
      "geometry": {
        "type": "Point",
        "coordinates": [52.464003127714598, 29.789575073293552]
      }
    },
    {
      "type": "Feature",
      "properties": {
        "fid": 166.0,
        "handle": "17534",
        "block": "-1",
        "etype": "25",
        "space": "0",
        "layer": "PLAK",
        "olinetype": "bylayer",
        "linetype": null,
        "color": "255,255,255,255",
        "ocolor": "7",
        "color24": "16777215",
        "transparen": "0",
        "lweight": "-1",
        "linewidth": 0.0,
        "ltscale": 1.0,
        "visible": "1",
        "thickness": 0.0,
        "ext": "(3:-0.003003440932991228,-0.004522054395397211,0.9999852650747446)",
        "height": 3.0,
        "text": "1527",
        "angle": 58.87298,
        "widthscale": 1.0,
        "oblique": 0.0,
        "style": "Standard",
        "textgen": "0",
        "alignh": "0",
        "alignv": "0",
        "interlin": -1.0,
        "lat": 29.79068,
        "lon": 52.46157
      },
      "geometry": {
        "type": "Point",
        "coordinates": [52.461573162362967, 29.790680316675662]
      }
    },
    {
      "type": "Feature",
      "properties": {
        "fid": 167.0,
        "handle": "17535",
        "block": "-1",
        "etype": "25",
        "space": "0",
        "layer": "PLAK",
        "olinetype": "bylayer",
        "linetype": null,
        "color": "255,255,255,255",
        "ocolor": "7",
        "color24": "16777215",
        "transparen": "0",
        "lweight": "-1",
        "linewidth": 0.0,
        "ltscale": 1.0,
        "visible": "1",
        "thickness": 0.0,
        "ext": "(3:-0.003003440932991228,-0.004522054395397211,0.9999852650747446)",
        "height": 3.0,
        "text": "1528",
        "angle": 58.87298,
        "widthscale": 1.0,
        "oblique": 0.0,
        "style": "Standard",
        "textgen": "0",
        "alignh": "0",
        "alignv": "0",
        "interlin": -1.0,
        "lat": 29.79061,
        "lon": 52.46171
      },
      "geometry": {
        "type": "Point",
        "coordinates": [52.461707959192495, 29.790612386613368]
      }
    },
    {
      "type": "Feature",
      "properties": {
        "fid": 168.0,
        "handle": "17536",
        "block": "-1",
        "etype": "25",
        "space": "0",
        "layer": "PLAK",
        "olinetype": "bylayer",
        "linetype": null,
        "color": "255,255,255,255",
        "ocolor": "7",
        "color24": "16777215",
        "transparen": "0",
        "lweight": "-1",
        "linewidth": 0.0,
        "ltscale": 1.0,
        "visible": "1",
        "thickness": 0.0,
        "ext": "(3:-0.003003440932991228,-0.004522054395397211,0.9999852650747446)",
        "height": 3.0,
        "text": "1529",
        "angle": 58.87298,
        "widthscale": 1.0,
        "oblique": 0.0,
        "style": "Standard",
        "textgen": "0",
        "alignh": "0",
        "alignv": "0",
        "interlin": -1.0,
        "lat": 29.79054,
        "lon": 52.46184
      },
      "geometry": {
        "type": "Point",
        "coordinates": [52.461844208250234, 29.790537975053656]
      }
    },
    {
      "type": "Feature",
      "properties": {
        "fid": 169.0,
        "handle": "17537",
        "block": "-1",
        "etype": "25",
        "space": "0",
        "layer": "PLAK",
        "olinetype": "bylayer",
        "linetype": null,
        "color": "255,255,255,255",
        "ocolor": "7",
        "color24": "16777215",
        "transparen": "0",
        "lweight": "-1",
        "linewidth": 0.0,
        "ltscale": 1.0,
        "visible": "1",
        "thickness": 0.0,
        "ext": "(3:-0.003003440932991228,-0.004522054395397211,0.9999852650747446)",
        "height": 3.0,
        "text": "1530",
        "angle": 58.87298,
        "widthscale": 1.0,
        "oblique": 0.0,
        "style": "Standard",
        "textgen": "0",
        "alignh": "0",
        "alignv": "0",
        "interlin": -1.0,
        "lat": 29.79045,
        "lon": 52.46198
      },
      "geometry": {
        "type": "Point",
        "coordinates": [52.461983361797373, 29.79045060064065]
      }
    },
    {
      "type": "Feature",
      "properties": {
        "fid": 170.0,
        "handle": "17538",
        "block": "-1",
        "etype": "25",
        "space": "0",
        "layer": "PLAK",
        "olinetype": "bylayer",
        "linetype": null,
        "color": "255,255,255,255",
        "ocolor": "7",
        "color24": "16777215",
        "transparen": "0",
        "lweight": "-1",
        "linewidth": 0.0,
        "ltscale": 1.0,
        "visible": "1",
        "thickness": 0.0,
        "ext": "(3:-0.003003440932991228,-0.004522054395397211,0.9999852650747446)",
        "height": 3.0,
        "text": "1531",
        "angle": 58.87298,
        "widthscale": 1.0,
        "oblique": 0.0,
        "style": "Standard",
        "textgen": "0",
        "alignh": "0",
        "alignv": "0",
        "interlin": -1.0,
        "lat": 29.79037,
        "lon": 52.46211
      },
      "geometry": {
        "type": "Point",
        "coordinates": [52.462113631172805, 29.790368445008514]
      }
    },
    {
      "type": "Feature",
      "properties": {
        "fid": 171.0,
        "handle": "17539",
        "block": "-1",
        "etype": "25",
        "space": "0",
        "layer": "PLAK",
        "olinetype": "bylayer",
        "linetype": null,
        "color": "255,255,255,255",
        "ocolor": "7",
        "color24": "16777215",
        "transparen": "0",
        "lweight": "-1",
        "linewidth": 0.0,
        "ltscale": 1.0,
        "visible": "1",
        "thickness": 0.0,
        "ext": "(3:-0.003003440932991228,-0.004522054395397211,0.9999852650747446)",
        "height": 3.0,
        "text": "1532",
        "angle": 58.87298,
        "widthscale": 1.0,
        "oblique": 0.0,
        "style": "Standard",
        "textgen": "0",
        "alignh": "0",
        "alignv": "0",
        "interlin": -1.0,
        "lat": 29.7903,
        "lon": 52.46228
      },
      "geometry": {
        "type": "Point",
        "coordinates": [52.462276616272256, 29.790295210924604]
      }
    },
    {
      "type": "Feature",
      "properties": {
        "fid": 172.0,
        "handle": "17540",
        "block": "-1",
        "etype": "25",
        "space": "0",
        "layer": "PLAK",
        "olinetype": "bylayer",
        "linetype": null,
        "color": "255,255,255,255",
        "ocolor": "7",
        "color24": "16777215",
        "transparen": "0",
        "lweight": "-1",
        "linewidth": 0.0,
        "ltscale": 1.0,
        "visible": "1",
        "thickness": 0.0,
        "ext": "(3:-0.003003440932991228,-0.004522054395397211,0.9999852650747446)",
        "height": 3.0,
        "text": "1533",
        "angle": 58.87298,
        "widthscale": 1.0,
        "oblique": 0.0,
        "style": "Standard",
        "textgen": "0",
        "alignh": "0",
        "alignv": "0",
        "interlin": -1.0,
        "lat": 29.79021,
        "lon": 52.4624
      },
      "geometry": {
        "type": "Point",
        "coordinates": [52.46239501168413, 29.790214402052598]
      }
    },
    {
      "type": "Feature",
      "properties": {
        "fid": 173.0,
        "handle": "17541",
        "block": "-1",
        "etype": "25",
        "space": "0",
        "layer": "PLAK",
        "olinetype": "bylayer",
        "linetype": null,
        "color": "255,255,255,255",
        "ocolor": "7",
        "color24": "16777215",
        "transparen": "0",
        "lweight": "-1",
        "linewidth": 0.0,
        "ltscale": 1.0,
        "visible": "1",
        "thickness": 0.0,
        "ext": "(3:-0.003003440932991228,-0.004522054395397211,0.9999852650747446)",
        "height": 3.0,
        "text": "1534",
        "angle": 58.87298,
        "widthscale": 1.0,
        "oblique": 0.0,
        "style": "Standard",
        "textgen": "0",
        "alignh": "0",
        "alignv": "0",
        "interlin": -1.0,
        "lat": 29.79011,
        "lon": 52.46254
      },
      "geometry": {
        "type": "Point",
        "coordinates": [52.462543299422407, 29.790108263615412]
      }
    },
    {
      "type": "Feature",
      "properties": {
        "fid": 174.0,
        "handle": "17542",
        "block": "-1",
        "etype": "25",
        "space": "0",
        "layer": "PLAK",
        "olinetype": "bylayer",
        "linetype": null,
        "color": "255,255,255,255",
        "ocolor": "7",
        "color24": "16777215",
        "transparen": "0",
        "lweight": "-1",
        "linewidth": 0.0,
        "ltscale": 1.0,
        "visible": "1",
        "thickness": 0.0,
        "ext": "(3:-0.003003440932991228,-0.004522054395397211,0.9999852650747446)",
        "height": 3.0,
        "text": "1535",
        "angle": 58.87298,
        "widthscale": 1.0,
        "oblique": 0.0,
        "style": "Standard",
        "textgen": "0",
        "alignh": "0",
        "alignv": "0",
        "interlin": -1.0,
        "lat": 29.79005,
        "lon": 52.46267
      },
      "geometry": {
        "type": "Point",
        "coordinates": [52.462674853949956, 29.790050005233869]
      }
    },
    {
      "type": "Feature",
      "properties": {
        "fid": 175.0,
        "handle": "17543",
        "block": "-1",
        "etype": "25",
        "space": "0",
        "layer": "PLAK",
        "olinetype": "bylayer",
        "linetype": null,
        "color": "255,255,255,255",
        "ocolor": "7",
        "color24": "16777215",
        "transparen": "0",
        "lweight": "-1",
        "linewidth": 0.0,
        "ltscale": 1.0,
        "visible": "1",
        "thickness": 0.0,
        "ext": "(3:-0.003003440932991228,-0.004522054395397211,0.9999852650747446)",
        "height": 3.0,
        "text": "1536",
        "angle": 58.87298,
        "widthscale": 1.0,
        "oblique": 0.0,
        "style": "Standard",
        "textgen": "0",
        "alignh": "0",
        "alignv": "0",
        "interlin": -1.0,
        "lat": 29.78997,
        "lon": 52.46282
      },
      "geometry": {
        "type": "Point",
        "coordinates": [52.462822974984149, 29.789974245648775]
      }
    },
    {
      "type": "Feature",
      "properties": {
        "fid": 176.0,
        "handle": "17544",
        "block": "-1",
        "etype": "25",
        "space": "0",
        "layer": "PLAK",
        "olinetype": "bylayer",
        "linetype": null,
        "color": "255,255,255,255",
        "ocolor": "7",
        "color24": "16777215",
        "transparen": "0",
        "lweight": "-1",
        "linewidth": 0.0,
        "ltscale": 1.0,
        "visible": "1",
        "thickness": 0.0,
        "ext": "(3:-0.003003440932991228,-0.004522054395397211,0.9999852650747446)",
        "height": 3.0,
        "text": "1537",
        "angle": 58.87298,
        "widthscale": 1.0,
        "oblique": 0.0,
        "style": "Standard",
        "textgen": "0",
        "alignh": "0",
        "alignv": "0",
        "interlin": -1.0,
        "lat": 29.78988,
        "lon": 52.46295
      },
      "geometry": {
        "type": "Point",
        "coordinates": [52.462947263781501, 29.789884345447923]
      }
    },
    {
      "type": "Feature",
      "properties": {
        "fid": 177.0,
        "handle": "17545",
        "block": "-1",
        "etype": "25",
        "space": "0",
        "layer": "PLAK",
        "olinetype": "bylayer",
        "linetype": null,
        "color": "255,255,255,255",
        "ocolor": "7",
        "color24": "16777215",
        "transparen": "0",
        "lweight": "-1",
        "linewidth": 0.0,
        "ltscale": 1.0,
        "visible": "1",
        "thickness": 0.0,
        "ext": "(3:-0.003003440932991228,-0.004522054395397211,0.9999852650747446)",
        "height": 3.0,
        "text": "1538",
        "angle": 58.87298,
        "widthscale": 1.0,
        "oblique": 0.0,
        "style": "Standard",
        "textgen": "0",
        "alignh": "0",
        "alignv": "0",
        "interlin": -1.0,
        "lat": 29.78981,
        "lon": 52.46309
      },
      "geometry": {
        "type": "Point",
        "coordinates": [52.463087952800514, 29.789807323210763]
      }
    },
    {
      "type": "Feature",
      "properties": {
        "fid": 178.0,
        "handle": "17546",
        "block": "-1",
        "etype": "25",
        "space": "0",
        "layer": "PLAK",
        "olinetype": "bylayer",
        "linetype": null,
        "color": "255,255,255,255",
        "ocolor": "7",
        "color24": "16777215",
        "transparen": "0",
        "lweight": "-1",
        "linewidth": 0.0,
        "ltscale": 1.0,
        "visible": "1",
        "thickness": 0.0,
        "ext": "(3:-0.003003440932991228,-0.004522054395397211,0.9999852650747446)",
        "height": 3.0,
        "text": "1539",
        "angle": 58.87298,
        "widthscale": 1.0,
        "oblique": 0.0,
        "style": "Standard",
        "textgen": "0",
        "alignh": "0",
        "alignv": "0",
        "interlin": -1.0,
        "lat": 29.78974,
        "lon": 52.46323
      },
      "geometry": {
        "type": "Point",
        "coordinates": [52.463227189328265, 29.789736782156432]
      }
    },
    {
      "type": "Feature",
      "properties": {
        "fid": 179.0,
        "handle": "17547",
        "block": "-1",
        "etype": "25",
        "space": "0",
        "layer": "PLAK",
        "olinetype": "bylayer",
        "linetype": null,
        "color": "255,255,255,255",
        "ocolor": "7",
        "color24": "16777215",
        "transparen": "0",
        "lweight": "-1",
        "linewidth": 0.0,
        "ltscale": 1.0,
        "visible": "1",
        "thickness": 0.0,
        "ext": "(3:-0.003003440932991228,-0.004522054395397211,0.9999852650747446)",
        "height": 3.0,
        "text": "1540",
        "angle": 58.87298,
        "widthscale": 1.0,
        "oblique": 0.0,
        "style": "Standard",
        "textgen": "0",
        "alignh": "0",
        "alignv": "0",
        "interlin": -1.0,
        "lat": 29.78966,
        "lon": 52.46337
      },
      "geometry": {
        "type": "Point",
        "coordinates": [52.463370867540405, 29.789663631495909]
      }
    },
    {
      "type": "Feature",
      "properties": {
        "fid": 180.0,
        "handle": "17548",
        "block": "-1",
        "etype": "25",
        "space": "0",
        "layer": "PLAK",
        "olinetype": "bylayer",
        "linetype": null,
        "color": "255,255,255,255",
        "ocolor": "7",
        "color24": "16777215",
        "transparen": "0",
        "lweight": "-1",
        "linewidth": 0.0,
        "ltscale": 1.0,
        "visible": "1",
        "thickness": 0.0,
        "ext": "(3:-0.003003440932991228,-0.004522054395397211,0.9999852650747446)",
        "height": 3.0,
        "text": "1541",
        "angle": 58.87298,
        "widthscale": 1.0,
        "oblique": 0.0,
        "style": "Standard",
        "textgen": "0",
        "alignh": "0",
        "alignv": "0",
        "interlin": -1.0,
        "lat": 29.7896,
        "lon": 52.4635
      },
      "geometry": {
        "type": "Point",
        "coordinates": [52.463501219862835, 29.789598309199917]
      }
    },
    {
      "type": "Feature",
      "properties": {
        "fid": 181.0,
        "handle": "17549",
        "block": "-1",
        "etype": "25",
        "space": "0",
        "layer": "PLAK",
        "olinetype": "bylayer",
        "linetype": null,
        "color": "255,255,255,255",
        "ocolor": "7",
        "color24": "16777215",
        "transparen": "0",
        "lweight": "-1",
        "linewidth": 0.0,
        "ltscale": 1.0,
        "visible": "1",
        "thickness": 0.0,
        "ext": "(3:-0.003003440932991228,-0.004522054395397211,0.9999852650747446)",
        "height": 3.0,
        "text": "1542",
        "angle": 58.87298,
        "widthscale": 1.0,
        "oblique": 0.0,
        "style": "Standard",
        "textgen": "0",
        "alignh": "0",
        "alignv": "0",
        "interlin": -1.0,
        "lat": 29.7895,
        "lon": 52.46365
      },
      "geometry": {
        "type": "Point",
        "coordinates": [52.463646264755482, 29.789501842230887]
      }
    },
    {
      "type": "Feature",
      "properties": {
        "fid": 182.0,
        "handle": "17550",
        "block": "-1",
        "etype": "25",
        "space": "0",
        "layer": "PLAK",
        "olinetype": "bylayer",
        "linetype": null,
        "color": "255,255,255,255",
        "ocolor": "7",
        "color24": "16777215",
        "transparen": "0",
        "lweight": "-1",
        "linewidth": 0.0,
        "ltscale": 1.0,
        "visible": "1",
        "thickness": 0.0,
        "ext": "(3:-0.003003440932991228,-0.004522054395397211,0.9999852650747446)",
        "height": 3.0,
        "text": "1543",
        "angle": 58.87298,
        "widthscale": 1.0,
        "oblique": 0.0,
        "style": "Standard",
        "textgen": "0",
        "alignh": "0",
        "alignv": "0",
        "interlin": -1.0,
        "lat": 29.78941,
        "lon": 52.46379
      },
      "geometry": {
        "type": "Point",
        "coordinates": [52.463785415300777, 29.789414466010008]
      }
    },
    {
      "type": "Feature",
      "properties": {
        "fid": 183.0,
        "handle": "17551",
        "block": "-1",
        "etype": "25",
        "space": "0",
        "layer": "PLAK",
        "olinetype": "bylayer",
        "linetype": null,
        "color": "255,255,255,255",
        "ocolor": "7",
        "color24": "16777215",
        "transparen": "0",
        "lweight": "-1",
        "linewidth": 0.0,
        "ltscale": 1.0,
        "visible": "1",
        "thickness": 0.0,
        "ext": "(3:-0.003003440932991228,-0.004522054395397211,0.9999852650747446)",
        "height": 3.0,
        "text": "1544",
        "angle": 58.87298,
        "widthscale": 1.0,
        "oblique": 0.0,
        "style": "Standard",
        "textgen": "0",
        "alignh": "0",
        "alignv": "0",
        "interlin": -1.0,
        "lat": 29.78934,
        "lon": 52.46392
      },
      "geometry": {
        "type": "Point",
        "coordinates": [52.463917219243129, 29.78934266193739]
      }
    },
    {
      "type": "Feature",
      "properties": {
        "fid": 184.0,
        "handle": "17552",
        "block": "-1",
        "etype": "25",
        "space": "0",
        "layer": "PLAK",
        "olinetype": "bylayer",
        "linetype": null,
        "color": "255,255,255,255",
        "ocolor": "7",
        "color24": "16777215",
        "transparen": "0",
        "lweight": "-1",
        "linewidth": 0.0,
        "ltscale": 1.0,
        "visible": "1",
        "thickness": 0.0,
        "ext": "(3:-0.003003440932991228,-0.004522054395397211,0.9999852650747446)",
        "height": 3.0,
        "text": "1562",
        "angle": 58.87298,
        "widthscale": 1.0,
        "oblique": 0.0,
        "style": "Standard",
        "textgen": "0",
        "alignh": "0",
        "alignv": "0",
        "interlin": -1.0,
        "lat": 29.79026,
        "lon": 52.46124
      },
      "geometry": {
        "type": "Point",
        "coordinates": [52.461242855410816, 29.790260886386445]
      }
    },
    {
      "type": "Feature",
      "properties": {
        "fid": 185.0,
        "handle": "17553",
        "block": "-1",
        "etype": "25",
        "space": "0",
        "layer": "PLAK",
        "olinetype": "bylayer",
        "linetype": null,
        "color": "255,255,255,255",
        "ocolor": "7",
        "color24": "16777215",
        "transparen": "0",
        "lweight": "-1",
        "linewidth": 0.0,
        "ltscale": 1.0,
        "visible": "1",
        "thickness": 0.0,
        "ext": "(3:-0.003003440932991228,-0.004522054395397211,0.9999852650747446)",
        "height": 3.0,
        "text": "1561",
        "angle": 58.87298,
        "widthscale": 1.0,
        "oblique": 0.0,
        "style": "Standard",
        "textgen": "0",
        "alignh": "0",
        "alignv": "0",
        "interlin": -1.0,
        "lat": 29.79019,
        "lon": 52.46138
      },
      "geometry": {
        "type": "Point",
        "coordinates": [52.461379104340651, 29.790186475323797]
      }
    },
    {
      "type": "Feature",
      "properties": {
        "fid": 186.0,
        "handle": "17554",
        "block": "-1",
        "etype": "25",
        "space": "0",
        "layer": "PLAK",
        "olinetype": "bylayer",
        "linetype": null,
        "color": "255,255,255,255",
        "ocolor": "7",
        "color24": "16777215",
        "transparen": "0",
        "lweight": "-1",
        "linewidth": 0.0,
        "ltscale": 1.0,
        "visible": "1",
        "thickness": 0.0,
        "ext": "(3:-0.003003440932991228,-0.004522054395397211,0.9999852650747446)",
        "height": 3.0,
        "text": "1560",
        "angle": 58.87298,
        "widthscale": 1.0,
        "oblique": 0.0,
        "style": "Standard",
        "textgen": "0",
        "alignh": "0",
        "alignv": "0",
        "interlin": -1.0,
        "lat": 29.7901,
        "lon": 52.46153
      },
      "geometry": {
        "type": "Point",
        "coordinates": [52.461528679013583, 29.790104235806716]
      }
    },
    {
      "type": "Feature",
      "properties": {
        "fid": 187.0,
        "handle": "17555",
        "block": "-1",
        "etype": "25",
        "space": "0",
        "layer": "PLAK",
        "olinetype": "bylayer",
        "linetype": null,
        "color": "255,255,255,255",
        "ocolor": "7",
        "color24": "16777215",
        "transparen": "0",
        "lweight": "-1",
        "linewidth": 0.0,
        "ltscale": 1.0,
        "visible": "1",
        "thickness": 0.0,
        "ext": "(3:-0.003003440932991228,-0.004522054395397211,0.9999852650747446)",
        "height": 3.0,
        "text": "1559",
        "angle": 58.87298,
        "widthscale": 1.0,
        "oblique": 0.0,
        "style": "Standard",
        "textgen": "0",
        "alignh": "0",
        "alignv": "0",
        "interlin": -1.0,
        "lat": 29.79002,
        "lon": 52.46166
      },
      "geometry": {
        "type": "Point",
        "coordinates": [52.46165595876105, 29.790018208700797]
      }
    },
    {
      "type": "Feature",
      "properties": {
        "fid": 188.0,
        "handle": "17556",
        "block": "-1",
        "etype": "25",
        "space": "0",
        "layer": "PLAK",
        "olinetype": "bylayer",
        "linetype": null,
        "color": "255,255,255,255",
        "ocolor": "7",
        "color24": "16777215",
        "transparen": "0",
        "lweight": "-1",
        "linewidth": 0.0,
        "ltscale": 1.0,
        "visible": "1",
        "thickness": 0.0,
        "ext": "(3:-0.003003440932991228,-0.004522054395397211,0.9999852650747446)",
        "height": 3.0,
        "text": "1558",
        "angle": 58.87298,
        "widthscale": 1.0,
        "oblique": 0.0,
        "style": "Standard",
        "textgen": "0",
        "alignh": "0",
        "alignv": "0",
        "interlin": -1.0,
        "lat": 29.78993,
        "lon": 52.46179
      },
      "geometry": {
        "type": "Point",
        "coordinates": [52.461790669841669, 29.789933443965264]
      }
    },
    {
      "type": "Feature",
      "properties": {
        "fid": 189.0,
        "handle": "17557",
        "block": "-1",
        "etype": "25",
        "space": "0",
        "layer": "PLAK",
        "olinetype": "bylayer",
        "linetype": null,
        "color": "255,255,255,255",
        "ocolor": "7",
        "color24": "16777215",
        "transparen": "0",
        "lweight": "-1",
        "linewidth": 0.0,
        "ltscale": 1.0,
        "visible": "1",
        "thickness": 0.0,
        "ext": "(3:-0.003003440932991228,-0.004522054395397211,0.9999852650747446)",
        "height": 3.0,
        "text": "1557",
        "angle": 58.87298,
        "widthscale": 1.0,
        "oblique": 0.0,
        "style": "Standard",
        "textgen": "0",
        "alignh": "0",
        "alignv": "0",
        "interlin": -1.0,
        "lat": 29.78985,
        "lon": 52.46191
      },
      "geometry": {
        "type": "Point",
        "coordinates": [52.461913507198204, 29.789850026019764]
      }
    },
    {
      "type": "Feature",
      "properties": {
        "fid": 190.0,
        "handle": "17558",
        "block": "-1",
        "etype": "25",
        "space": "0",
        "layer": "PLAK",
        "olinetype": "bylayer",
        "linetype": null,
        "color": "255,255,255,255",
        "ocolor": "7",
        "color24": "16777215",
        "transparen": "0",
        "lweight": "-1",
        "linewidth": 0.0,
        "ltscale": 1.0,
        "visible": "1",
        "thickness": 0.0,
        "ext": "(3:-0.003003440932991228,-0.004522054395397211,0.9999852650747446)",
        "height": 3.0,
        "text": "1556",
        "angle": 58.87298,
        "widthscale": 1.0,
        "oblique": 0.0,
        "style": "Standard",
        "textgen": "0",
        "alignh": "0",
        "alignv": "0",
        "interlin": -1.0,
        "lat": 29.78978,
        "lon": 52.46206
      },
      "geometry": {
        "type": "Point",
        "coordinates": [52.462064618118333, 29.789778139204405]
      }
    },
    {
      "type": "Feature",
      "properties": {
        "fid": 191.0,
        "handle": "17559",
        "block": "-1",
        "etype": "25",
        "space": "0",
        "layer": "PLAK",
        "olinetype": "bylayer",
        "linetype": null,
        "color": "255,255,255,255",
        "ocolor": "7",
        "color24": "16777215",
        "transparen": "0",
        "lweight": "-1",
        "linewidth": 0.0,
        "ltscale": 1.0,
        "visible": "1",
        "thickness": 0.0,
        "ext": "(3:-0.003003440932991228,-0.004522054395397211,0.9999852650747446)",
        "height": 3.0,
        "text": "1555",
        "angle": 58.87298,
        "widthscale": 1.0,
        "oblique": 0.0,
        "style": "Standard",
        "textgen": "0",
        "alignh": "0",
        "alignv": "0",
        "interlin": -1.0,
        "lat": 29.7897,
        "lon": 52.4622
      },
      "geometry": {
        "type": "Point",
        "coordinates": [52.462202318102776, 29.789697245961875]
      }
    },
    {
      "type": "Feature",
      "properties": {
        "fid": 192.0,
        "handle": "17560",
        "block": "-1",
        "etype": "25",
        "space": "0",
        "layer": "PLAK",
        "olinetype": "bylayer",
        "linetype": null,
        "color": "255,255,255,255",
        "ocolor": "7",
        "color24": "16777215",
        "transparen": "0",
        "lweight": "-1",
        "linewidth": 0.0,
        "ltscale": 1.0,
        "visible": "1",
        "thickness": 0.0,
        "ext": "(3:-0.003003440932991228,-0.004522054395397211,0.9999852650747446)",
        "height": 3.0,
        "text": "1554",
        "angle": 58.87298,
        "widthscale": 1.0,
        "oblique": 0.0,
        "style": "Standard",
        "textgen": "0",
        "alignh": "0",
        "alignv": "0",
        "interlin": -1.0,
        "lat": 29.78962,
        "lon": 52.46234
      },
      "geometry": {
        "type": "Point",
        "coordinates": [52.462335575937011, 29.789618962048952]
      }
    },
    {
      "type": "Feature",
      "properties": {
        "fid": 193.0,
        "handle": "17561",
        "block": "-1",
        "etype": "25",
        "space": "0",
        "layer": "PLAK",
        "olinetype": "bylayer",
        "linetype": null,
        "color": "255,255,255,255",
        "ocolor": "7",
        "color24": "16777215",
        "transparen": "0",
        "lweight": "-1",
        "linewidth": 0.0,
        "ltscale": 1.0,
        "visible": "1",
        "thickness": 0.0,
        "ext": "(3:-0.003003440932991228,-0.004522054395397211,0.9999852650747446)",
        "height": 3.0,
        "text": "1553",
        "angle": 58.87298,
        "widthscale": 1.0,
        "oblique": 0.0,
        "style": "Standard",
        "textgen": "0",
        "alignh": "0",
        "alignv": "0",
        "interlin": -1.0,
        "lat": 29.78953,
        "lon": 52.46248
      },
      "geometry": {
        "type": "Point",
        "coordinates": [52.462482159314078, 29.789532849594938]
      }
    },
    {
      "type": "Feature",
      "properties": {
        "fid": 194.0,
        "handle": "17562",
        "block": "-1",
        "etype": "25",
        "space": "0",
        "layer": "PLAK",
        "olinetype": "bylayer",
        "linetype": null,
        "color": "255,255,255,255",
        "ocolor": "7",
        "color24": "16777215",
        "transparen": "0",
        "lweight": "-1",
        "linewidth": 0.0,
        "ltscale": 1.0,
        "visible": "1",
        "thickness": 0.0,
        "ext": "(3:-0.003003440932991228,-0.004522054395397211,0.9999852650747446)",
        "height": 3.0,
        "text": "1552",
        "angle": 58.87298,
        "widthscale": 1.0,
        "oblique": 0.0,
        "style": "Standard",
        "textgen": "0",
        "alignh": "0",
        "alignv": "0",
        "interlin": -1.0,
        "lat": 29.78945,
        "lon": 52.46262
      },
      "geometry": {
        "type": "Point",
        "coordinates": [52.462615416748328, 29.789454565413894]
      }
    },
    {
      "type": "Feature",
      "properties": {
        "fid": 195.0,
        "handle": "17563",
        "block": "-1",
        "etype": "25",
        "space": "0",
        "layer": "PLAK",
        "olinetype": "bylayer",
        "linetype": null,
        "color": "255,255,255,255",
        "ocolor": "7",
        "color24": "16777215",
        "transparen": "0",
        "lweight": "-1",
        "linewidth": 0.0,
        "ltscale": 1.0,
        "visible": "1",
        "thickness": 0.0,
        "ext": "(3:-0.003003440932991228,-0.004522054395397211,0.9999852650747446)",
        "height": 3.0,
        "text": "1551",
        "angle": 58.87298,
        "widthscale": 1.0,
        "oblique": 0.0,
        "style": "Standard",
        "textgen": "0",
        "alignh": "0",
        "alignv": "0",
        "interlin": -1.0,
        "lat": 29.78937,
        "lon": 52.46275
      },
      "geometry": {
        "type": "Point",
        "coordinates": [52.462745684325292, 29.789372409207992]
      }
    },
    {
      "type": "Feature",
      "properties": {
        "fid": 196.0,
        "handle": "17564",
        "block": "-1",
        "etype": "25",
        "space": "0",
        "layer": "PLAK",
        "olinetype": "bylayer",
        "linetype": null,
        "color": "255,255,255,255",
        "ocolor": "7",
        "color24": "16777215",
        "transparen": "0",
        "lweight": "-1",
        "linewidth": 0.0,
        "ltscale": 1.0,
        "visible": "1",
        "thickness": 0.0,
        "ext": "(3:-0.003003440932991228,-0.004522054395397211,0.9999852650747446)",
        "height": 3.0,
        "text": "1550",
        "angle": 58.87298,
        "widthscale": 1.0,
        "oblique": 0.0,
        "style": "Standard",
        "textgen": "0",
        "alignh": "0",
        "alignv": "0",
        "interlin": -1.0,
        "lat": 29.78929,
        "lon": 52.46289
      },
      "geometry": {
        "type": "Point",
        "coordinates": [52.462887825085019, 29.78928890580427]
      }
    },
    {
      "type": "Feature",
      "properties": {
        "fid": 197.0,
        "handle": "17565",
        "block": "-1",
        "etype": "25",
        "space": "0",
        "layer": "PLAK",
        "olinetype": "bylayer",
        "linetype": null,
        "color": "255,255,255,255",
        "ocolor": "7",
        "color24": "16777215",
        "transparen": "0",
        "lweight": "-1",
        "linewidth": 0.0,
        "ltscale": 1.0,
        "visible": "1",
        "thickness": 0.0,
        "ext": "(3:-0.003003440932991228,-0.004522054395397211,0.9999852650747446)",
        "height": 3.0,
        "text": "1549",
        "angle": 58.87298,
        "widthscale": 1.0,
        "oblique": 0.0,
        "style": "Standard",
        "textgen": "0",
        "alignh": "0",
        "alignv": "0",
        "interlin": -1.0,
        "lat": 29.78921,
        "lon": 52.46303
      },
      "geometry": {
        "type": "Point",
        "coordinates": [52.463025523759107, 29.789208011744549]
      }
    },
    {
      "type": "Feature",
      "properties": {
        "fid": 198.0,
        "handle": "17566",
        "block": "-1",
        "etype": "25",
        "space": "0",
        "layer": "PLAK",
        "olinetype": "bylayer",
        "linetype": null,
        "color": "255,255,255,255",
        "ocolor": "7",
        "color24": "16777215",
        "transparen": "0",
        "lweight": "-1",
        "linewidth": 0.0,
        "ltscale": 1.0,
        "visible": "1",
        "thickness": 0.0,
        "ext": "(3:-0.003003440932991228,-0.004522054395397211,0.9999852650747446)",
        "height": 3.0,
        "text": "1548",
        "angle": 58.87298,
        "widthscale": 1.0,
        "oblique": 0.0,
        "style": "Standard",
        "textgen": "0",
        "alignh": "0",
        "alignv": "0",
        "interlin": -1.0,
        "lat": 29.78913,
        "lon": 52.46316
      },
      "geometry": {
        "type": "Point",
        "coordinates": [52.463155790672474, 29.789125855153603]
      }
    },
    {
      "type": "Feature",
      "properties": {
        "fid": 199.0,
        "handle": "17567",
        "block": "-1",
        "etype": "25",
        "space": "0",
        "layer": "PLAK",
        "olinetype": "bylayer",
        "linetype": null,
        "color": "255,255,255,255",
        "ocolor": "7",
        "color24": "16777215",
        "transparen": "0",
        "lweight": "-1",
        "linewidth": 0.0,
        "ltscale": 1.0,
        "visible": "1",
        "thickness": 0.0,
        "ext": "(3:-0.003003440932991228,-0.004522054395397211,0.9999852650747446)",
        "height": 3.0,
        "text": "1547",
        "angle": 58.87298,
        "widthscale": 1.0,
        "oblique": 0.0,
        "style": "Standard",
        "textgen": "0",
        "alignh": "0",
        "alignv": "0",
        "interlin": -1.0,
        "lat": 29.78905,
        "lon": 52.4633
      },
      "geometry": {
        "type": "Point",
        "coordinates": [52.463296478487266, 29.789048832674322]
      }
    },
    {
      "type": "Feature",
      "properties": {
        "fid": 200.0,
        "handle": "17568",
        "block": "-1",
        "etype": "25",
        "space": "0",
        "layer": "PLAK",
        "olinetype": "bylayer",
        "linetype": null,
        "color": "255,255,255,255",
        "ocolor": "7",
        "color24": "16777215",
        "transparen": "0",
        "lweight": "-1",
        "linewidth": 0.0,
        "ltscale": 1.0,
        "visible": "1",
        "thickness": 0.0,
        "ext": "(3:-0.003003440932991228,-0.004522054395397211,0.9999852650747446)",
        "height": 3.0,
        "text": "1546",
        "angle": 58.87298,
        "widthscale": 1.0,
        "oblique": 0.0,
        "style": "Standard",
        "textgen": "0",
        "alignh": "0",
        "alignv": "0",
        "interlin": -1.0,
        "lat": 29.78896,
        "lon": 52.46343
      },
      "geometry": {
        "type": "Point",
        "coordinates": [52.463431186834022, 29.788964066327388]
      }
    },
    {
      "type": "Feature",
      "properties": {
        "fid": 201.0,
        "handle": "17569",
        "block": "-1",
        "etype": "25",
        "space": "0",
        "layer": "PLAK",
        "olinetype": "bylayer",
        "linetype": null,
        "color": "255,255,255,255",
        "ocolor": "7",
        "color24": "16777215",
        "transparen": "0",
        "lweight": "-1",
        "linewidth": 0.0,
        "ltscale": 1.0,
        "visible": "1",
        "thickness": 0.0,
        "ext": "(3:-0.003003440932991228,-0.004522054395397211,0.9999852650747446)",
        "height": 3.0,
        "text": "1545",
        "angle": 58.87298,
        "widthscale": 1.0,
        "oblique": 0.0,
        "style": "Standard",
        "textgen": "0",
        "alignh": "0",
        "alignv": "0",
        "interlin": -1.0,
        "lat": 29.78889,
        "lon": 52.46356
      },
      "geometry": {
        "type": "Point",
        "coordinates": [52.463562990482956, 29.788892262632853]
      }
    },
    {
      "type": "Feature",
      "properties": {
        "fid": 202.0,
        "handle": "17570",
        "block": "-1",
        "etype": "25",
        "space": "0",
        "layer": "PLAK",
        "olinetype": "bylayer",
        "linetype": null,
        "color": "255,255,255,255",
        "ocolor": "7",
        "color24": "16777215",
        "transparen": "0",
        "lweight": "-1",
        "linewidth": 0.0,
        "ltscale": 1.0,
        "visible": "1",
        "thickness": 0.0,
        "ext": "(3:-0.003003440932991228,-0.004522054395397211,0.9999852650747446)",
        "height": 3.0,
        "text": "1563",
        "angle": 58.87298,
        "widthscale": 1.0,
        "oblique": 0.0,
        "style": "Standard",
        "textgen": "0",
        "alignh": "0",
        "alignv": "0",
        "interlin": -1.0,
        "lat": 29.78997,
        "lon": 52.46103
      },
      "geometry": {
        "type": "Point",
        "coordinates": [52.461026069565349, 29.789971754072013]
      }
    },
    {
      "type": "Feature",
      "properties": {
        "fid": 203.0,
        "handle": "17571",
        "block": "-1",
        "etype": "25",
        "space": "0",
        "layer": "PLAK",
        "olinetype": "bylayer",
        "linetype": null,
        "color": "255,255,255,255",
        "ocolor": "7",
        "color24": "16777215",
        "transparen": "0",
        "lweight": "-1",
        "linewidth": 0.0,
        "ltscale": 1.0,
        "visible": "1",
        "thickness": 0.0,
        "ext": "(3:-0.003003440932991228,-0.004522054395397211,0.9999852650747446)",
        "height": 3.0,
        "text": "1564",
        "angle": 58.87298,
        "widthscale": 1.0,
        "oblique": 0.0,
        "style": "Standard",
        "textgen": "0",
        "alignh": "0",
        "alignv": "0",
        "interlin": -1.0,
        "lat": 29.78989,
        "lon": 52.46115
      },
      "geometry": {
        "type": "Point",
        "coordinates": [52.461151897192657, 29.789892208800428]
      }
    },
    {
      "type": "Feature",
      "properties": {
        "fid": 204.0,
        "handle": "17572",
        "block": "-1",
        "etype": "25",
        "space": "0",
        "layer": "PLAK",
        "olinetype": "bylayer",
        "linetype": null,
        "color": "255,255,255,255",
        "ocolor": "7",
        "color24": "16777215",
        "transparen": "0",
        "lweight": "-1",
        "linewidth": 0.0,
        "ltscale": 1.0,
        "visible": "1",
        "thickness": 0.0,
        "ext": "(3:-0.003003440932991228,-0.004522054395397211,0.9999852650747446)",
        "height": 3.0,
        "text": "1565",
        "angle": 58.87298,
        "widthscale": 1.0,
        "oblique": 0.0,
        "style": "Standard",
        "textgen": "0",
        "alignh": "0",
        "alignv": "0",
        "interlin": -1.0,
        "lat": 29.78982,
        "lon": 52.4613
      },
      "geometry": {
        "type": "Point",
        "coordinates": [52.461303008786871, 29.789820322818933]
      }
    },
    {
      "type": "Feature",
      "properties": {
        "fid": 205.0,
        "handle": "17573",
        "block": "-1",
        "etype": "25",
        "space": "0",
        "layer": "PLAK",
        "olinetype": "bylayer",
        "linetype": null,
        "color": "255,255,255,255",
        "ocolor": "7",
        "color24": "16777215",
        "transparen": "0",
        "lweight": "-1",
        "linewidth": 0.0,
        "ltscale": 1.0,
        "visible": "1",
        "thickness": 0.0,
        "ext": "(3:-0.003003440932991228,-0.004522054395397211,0.9999852650747446)",
        "height": 3.0,
        "text": "1566",
        "angle": 58.87298,
        "widthscale": 1.0,
        "oblique": 0.0,
        "style": "Standard",
        "textgen": "0",
        "alignh": "0",
        "alignv": "0",
        "interlin": -1.0,
        "lat": 29.78973,
        "lon": 52.46143
      },
      "geometry": {
        "type": "Point",
        "coordinates": [52.46143028838852, 29.789734295932423]
      }
    },
    {
      "type": "Feature",
      "properties": {
        "fid": 206.0,
        "handle": "17574",
        "block": "-1",
        "etype": "25",
        "space": "0",
        "layer": "PLAK",
        "olinetype": "bylayer",
        "linetype": null,
        "color": "255,255,255,255",
        "ocolor": "7",
        "color24": "16777215",
        "transparen": "0",
        "lweight": "-1",
        "linewidth": 0.0,
        "ltscale": 1.0,
        "visible": "1",
        "thickness": 0.0,
        "ext": "(3:-0.003003440932991228,-0.004522054395397211,0.9999852650747446)",
        "height": 3.0,
        "text": "1567",
        "angle": 58.87298,
        "widthscale": 1.0,
        "oblique": 0.0,
        "style": "Standard",
        "textgen": "0",
        "alignh": "0",
        "alignv": "0",
        "interlin": -1.0,
        "lat": 29.78965,
        "lon": 52.46156
      },
      "geometry": {
        "type": "Point",
        "coordinates": [52.461564999285976, 29.789649531411825]
      }
    },
    {
      "type": "Feature",
      "properties": {
        "fid": 207.0,
        "handle": "17575",
        "block": "-1",
        "etype": "25",
        "space": "0",
        "layer": "PLAK",
        "olinetype": "bylayer",
        "linetype": null,
        "color": "255,255,255,255",
        "ocolor": "7",
        "color24": "16777215",
        "transparen": "0",
        "lweight": "-1",
        "linewidth": 0.0,
        "ltscale": 1.0,
        "visible": "1",
        "thickness": 0.0,
        "ext": "(3:-0.003003440932991228,-0.004522054395397211,0.9999852650747446)",
        "height": 3.0,
        "text": "1568",
        "angle": 58.87298,
        "widthscale": 1.0,
        "oblique": 0.0,
        "style": "Standard",
        "textgen": "0",
        "alignh": "0",
        "alignv": "0",
        "interlin": -1.0,
        "lat": 29.78956,
        "lon": 52.46171
      },
      "geometry": {
        "type": "Point",
        "coordinates": [52.461711583404508, 29.789563419789079]
      }
    },
    {
      "type": "Feature",
      "properties": {
        "fid": 208.0,
        "handle": "17576",
        "block": "-1",
        "etype": "25",
        "space": "0",
        "layer": "PLAK",
        "olinetype": "bylayer",
        "linetype": null,
        "color": "255,255,255,255",
        "ocolor": "7",
        "color24": "16777215",
        "transparen": "0",
        "lweight": "-1",
        "linewidth": 0.0,
        "ltscale": 1.0,
        "visible": "1",
        "thickness": 0.0,
        "ext": "(3:-0.003003440932991228,-0.004522054395397211,0.9999852650747446)",
        "height": 3.0,
        "text": "1569",
        "angle": 58.87298,
        "widthscale": 1.0,
        "oblique": 0.0,
        "style": "Standard",
        "textgen": "0",
        "alignh": "0",
        "alignv": "0",
        "interlin": -1.0,
        "lat": 29.78948,
        "lon": 52.46185
      },
      "geometry": {
        "type": "Point",
        "coordinates": [52.461846293858237, 29.789478654978492]
      }
    },
    {
      "type": "Feature",
      "properties": {
        "fid": 209.0,
        "handle": "17577",
        "block": "-1",
        "etype": "25",
        "space": "0",
        "layer": "PLAK",
        "olinetype": "bylayer",
        "linetype": null,
        "color": "255,255,255,255",
        "ocolor": "7",
        "color24": "16777215",
        "transparen": "0",
        "lweight": "-1",
        "linewidth": 0.0,
        "ltscale": 1.0,
        "visible": "1",
        "thickness": 0.0,
        "ext": "(3:-0.003003440932991228,-0.004522054395397211,0.9999852650747446)",
        "height": 3.0,
        "text": "1570",
        "angle": 58.87298,
        "widthscale": 1.0,
        "oblique": 0.0,
        "style": "Standard",
        "textgen": "0",
        "alignh": "0",
        "alignv": "0",
        "interlin": -1.0,
        "lat": 29.7894,
        "lon": 52.46198
      },
      "geometry": {
        "type": "Point",
        "coordinates": [52.461975109777789, 29.789402980877007]
      }
    },
    {
      "type": "Feature",
      "properties": {
        "fid": 210.0,
        "handle": "17578",
        "block": "-1",
        "etype": "25",
        "space": "0",
        "layer": "PLAK",
        "olinetype": "bylayer",
        "linetype": null,
        "color": "255,255,255,255",
        "ocolor": "7",
        "color24": "16777215",
        "transparen": "0",
        "lweight": "-1",
        "linewidth": 0.0,
        "ltscale": 1.0,
        "visible": "1",
        "thickness": 0.0,
        "ext": "(3:-0.003003440932991228,-0.004522054395397211,0.9999852650747446)",
        "height": 3.0,
        "text": "1571",
        "angle": 58.87298,
        "widthscale": 1.0,
        "oblique": 0.0,
        "style": "Standard",
        "textgen": "0",
        "alignh": "0",
        "alignv": "0",
        "interlin": -1.0,
        "lat": 29.78932,
        "lon": 52.46211
      },
      "geometry": {
        "type": "Point",
        "coordinates": [52.462108367419347, 29.789324697197053]
      }
    },
    {
      "type": "Feature",
      "properties": {
        "fid": 211.0,
        "handle": "17579",
        "block": "-1",
        "etype": "25",
        "space": "0",
        "layer": "PLAK",
        "olinetype": "bylayer",
        "linetype": null,
        "color": "255,255,255,255",
        "ocolor": "7",
        "color24": "16777215",
        "transparen": "0",
        "lweight": "-1",
        "linewidth": 0.0,
        "ltscale": 1.0,
        "visible": "1",
        "thickness": 0.0,
        "ext": "(3:-0.003003440932991228,-0.004522054395397211,0.9999852650747446)",
        "height": 3.0,
        "text": "1572",
        "angle": 58.87298,
        "widthscale": 1.0,
        "oblique": 0.0,
        "style": "Standard",
        "textgen": "0",
        "alignh": "0",
        "alignv": "0",
        "interlin": -1.0,
        "lat": 29.78925,
        "lon": 52.46225
      },
      "geometry": {
        "type": "Point",
        "coordinates": [52.462253498283133, 29.78924506635321]
      }
    },
    {
      "type": "Feature",
      "properties": {
        "fid": 212.0,
        "handle": "17580",
        "block": "-1",
        "etype": "25",
        "space": "0",
        "layer": "PLAK",
        "olinetype": "bylayer",
        "linetype": null,
        "color": "255,255,255,255",
        "ocolor": "7",
        "color24": "16777215",
        "transparen": "0",
        "lweight": "-1",
        "linewidth": 0.0,
        "ltscale": 1.0,
        "visible": "1",
        "thickness": 0.0,
        "ext": "(3:-0.003003440932991228,-0.004522054395397211,0.9999852650747446)",
        "height": 3.0,
        "text": "1573",
        "angle": 58.87298,
        "widthscale": 1.0,
        "oblique": 0.0,
        "style": "Standard",
        "textgen": "0",
        "alignh": "0",
        "alignv": "0",
        "interlin": -1.0,
        "lat": 29.78917,
        "lon": 52.4624
      },
      "geometry": {
        "type": "Point",
        "coordinates": [52.462401618468348, 29.789169307277803]
      }
    },
    {
      "type": "Feature",
      "properties": {
        "fid": 213.0,
        "handle": "17581",
        "block": "-1",
        "etype": "25",
        "space": "0",
        "layer": "PLAK",
        "olinetype": "bylayer",
        "linetype": null,
        "color": "255,255,255,255",
        "ocolor": "7",
        "color24": "16777215",
        "transparen": "0",
        "lweight": "-1",
        "linewidth": 0.0,
        "ltscale": 1.0,
        "visible": "1",
        "thickness": 0.0,
        "ext": "(3:-0.003003440932991228,-0.004522054395397211,0.9999852650747446)",
        "height": 3.0,
        "text": "1574",
        "angle": 58.87298,
        "widthscale": 1.0,
        "oblique": 0.0,
        "style": "Standard",
        "textgen": "0",
        "alignh": "0",
        "alignv": "0",
        "interlin": -1.0,
        "lat": 29.78909,
        "lon": 52.46253
      },
      "geometry": {
        "type": "Point",
        "coordinates": [52.462531885870206, 29.789087151285859]
      }
    },
    {
      "type": "Feature",
      "properties": {
        "fid": 214.0,
        "handle": "17582",
        "block": "-1",
        "etype": "25",
        "space": "0",
        "layer": "PLAK",
        "olinetype": "bylayer",
        "linetype": null,
        "color": "255,255,255,255",
        "ocolor": "7",
        "color24": "16777215",
        "transparen": "0",
        "lweight": "-1",
        "linewidth": 0.0,
        "ltscale": 1.0,
        "visible": "1",
        "thickness": 0.0,
        "ext": "(3:-0.003003440932991228,-0.004522054395397211,0.9999852650747446)",
        "height": 3.0,
        "text": "1575",
        "angle": 58.87298,
        "widthscale": 1.0,
        "oblique": 0.0,
        "style": "Standard",
        "textgen": "0",
        "alignh": "0",
        "alignv": "0",
        "interlin": -1.0,
        "lat": 29.78901,
        "lon": 52.46268
      },
      "geometry": {
        "type": "Point",
        "coordinates": [52.462677016043337, 29.789007519997121]
      }
    },
    {
      "type": "Feature",
      "properties": {
        "fid": 215.0,
        "handle": "17583",
        "block": "-1",
        "etype": "25",
        "space": "0",
        "layer": "PLAK",
        "olinetype": "bylayer",
        "linetype": null,
        "color": "255,255,255,255",
        "ocolor": "7",
        "color24": "16777215",
        "transparen": "0",
        "lweight": "-1",
        "linewidth": 0.0,
        "ltscale": 1.0,
        "visible": "1",
        "thickness": 0.0,
        "ext": "(3:-0.003003440932991228,-0.004522054395397211,0.9999852650747446)",
        "height": 3.0,
        "text": "1576",
        "angle": 58.87298,
        "widthscale": 1.0,
        "oblique": 0.0,
        "style": "Standard",
        "textgen": "0",
        "alignh": "0",
        "alignv": "0",
        "interlin": -1.0,
        "lat": 29.78892,
        "lon": 52.4628
      },
      "geometry": {
        "type": "Point",
        "coordinates": [52.462799851529979, 29.788924101332707]
      }
    },
    {
      "type": "Feature",
      "properties": {
        "fid": 216.0,
        "handle": "17584",
        "block": "-1",
        "etype": "25",
        "space": "0",
        "layer": "PLAK",
        "olinetype": "bylayer",
        "linetype": null,
        "color": "255,255,255,255",
        "ocolor": "7",
        "color24": "16777215",
        "transparen": "0",
        "lweight": "-1",
        "linewidth": 0.0,
        "ltscale": 1.0,
        "visible": "1",
        "thickness": 0.0,
        "ext": "(3:-0.003003440932991228,-0.004522054395397211,0.9999852650747446)",
        "height": 3.0,
        "text": "1577",
        "angle": 58.87298,
        "widthscale": 1.0,
        "oblique": 0.0,
        "style": "Standard",
        "textgen": "0",
        "alignh": "0",
        "alignv": "0",
        "interlin": -1.0,
        "lat": 29.78885,
        "lon": 52.46294
      },
      "geometry": {
        "type": "Point",
        "coordinates": [52.46294352893878, 29.788850951156906]
      }
    },
    {
      "type": "Feature",
      "properties": {
        "fid": 217.0,
        "handle": "17585",
        "block": "-1",
        "etype": "25",
        "space": "0",
        "layer": "PLAK",
        "olinetype": "bylayer",
        "linetype": null,
        "color": "255,255,255,255",
        "ocolor": "7",
        "color24": "16777215",
        "transparen": "0",
        "lweight": "-1",
        "linewidth": 0.0,
        "ltscale": 1.0,
        "visible": "1",
        "thickness": 0.0,
        "ext": "(3:-0.003003440932991228,-0.004522054395397211,0.9999852650747446)",
        "height": 3.0,
        "text": "1578",
        "angle": 58.87298,
        "widthscale": 1.0,
        "oblique": 0.0,
        "style": "Standard",
        "textgen": "0",
        "alignh": "0",
        "alignv": "0",
        "interlin": -1.0,
        "lat": 29.78877,
        "lon": 52.46309
      },
      "geometry": {
        "type": "Point",
        "coordinates": [52.463085668835589, 29.788767447547777]
      }
    },
    {
      "type": "Feature",
      "properties": {
        "fid": 218.0,
        "handle": "17586",
        "block": "-1",
        "etype": "25",
        "space": "0",
        "layer": "PLAK",
        "olinetype": "bylayer",
        "linetype": null,
        "color": "255,255,255,255",
        "ocolor": "7",
        "color24": "16777215",
        "transparen": "0",
        "lweight": "-1",
        "linewidth": 0.0,
        "ltscale": 1.0,
        "visible": "1",
        "thickness": 0.0,
        "ext": "(3:-0.003003440932991228,-0.004522054395397211,0.9999852650747446)",
        "height": 3.0,
        "text": "1579",
        "angle": 58.87298,
        "widthscale": 1.0,
        "oblique": 0.0,
        "style": "Standard",
        "textgen": "0",
        "alignh": "0",
        "alignv": "0",
        "interlin": -1.0,
        "lat": 29.78868,
        "lon": 52.46323
      },
      "geometry": {
        "type": "Point",
        "coordinates": [52.463232250324275, 29.788681334314894]
      }
    },
    {
      "type": "Feature",
      "properties": {
        "fid": 219.0,
        "handle": "17587",
        "block": "-1",
        "etype": "25",
        "space": "0",
        "layer": "PLAK",
        "olinetype": "bylayer",
        "linetype": null,
        "color": "255,255,255,255",
        "ocolor": "7",
        "color24": "16777215",
        "transparen": "0",
        "lweight": "-1",
        "linewidth": 0.0,
        "ltscale": 1.0,
        "visible": "1",
        "thickness": 0.0,
        "ext": "(3:-0.003003440932991228,-0.004522054395397211,0.9999852650747446)",
        "height": 3.0,
        "text": "1580",
        "angle": 58.87298,
        "widthscale": 1.0,
        "oblique": 0.0,
        "style": "Standard",
        "textgen": "0",
        "alignh": "0",
        "alignv": "0",
        "interlin": -1.0,
        "lat": 29.7886,
        "lon": 52.46338
      },
      "geometry": {
        "type": "Point",
        "coordinates": [52.463377379308298, 29.788601702307879]
      }
    },
    {
      "type": "Feature",
      "properties": {
        "fid": 220.0,
        "handle": "17588",
        "block": "-1",
        "etype": "25",
        "space": "0",
        "layer": "PLAK",
        "olinetype": "bylayer",
        "linetype": null,
        "color": "255,255,255,255",
        "ocolor": "7",
        "color24": "16777215",
        "transparen": "0",
        "lweight": "-1",
        "linewidth": 0.0,
        "ltscale": 1.0,
        "visible": "1",
        "thickness": 0.0,
        "ext": "(3:-0.003003440932991228,-0.004522054395397211,0.9999852650747446)",
        "height": 3.0,
        "text": "1594",
        "angle": 58.87298,
        "widthscale": 1.0,
        "oblique": 0.0,
        "style": "Standard",
        "textgen": "0",
        "alignh": "0",
        "alignv": "0",
        "interlin": -1.0,
        "lat": 29.79314,
        "lon": 52.46152
      },
      "geometry": {
        "type": "Point",
        "coordinates": [52.461517791725996, 29.793138472381585]
      }
    },
    {
      "type": "Feature",
      "properties": {
        "fid": 221.0,
        "handle": "17589",
        "block": "-1",
        "etype": "25",
        "space": "0",
        "layer": "PLAK",
        "olinetype": "bylayer",
        "linetype": null,
        "color": "255,255,255,255",
        "ocolor": "7",
        "color24": "16777215",
        "transparen": "0",
        "lweight": "-1",
        "linewidth": 0.0,
        "ltscale": 1.0,
        "visible": "1",
        "thickness": 0.0,
        "ext": "(3:-0.003003440932991228,-0.004522054395397211,0.9999852650747446)",
        "height": 3.0,
        "text": "1593",
        "angle": 58.87298,
        "widthscale": 1.0,
        "oblique": 0.0,
        "style": "Standard",
        "textgen": "0",
        "alignh": "0",
        "alignv": "0",
        "interlin": -1.0,
        "lat": 29.79307,
        "lon": 52.46165
      },
      "geometry": {
        "type": "Point",
        "coordinates": [52.461646033714828, 29.793067693204158]
      }
    },
    {
      "type": "Feature",
      "properties": {
        "fid": 222.0,
        "handle": "17590",
        "block": "-1",
        "etype": "25",
        "space": "0",
        "layer": "PLAK",
        "olinetype": "bylayer",
        "linetype": null,
        "color": "255,255,255,255",
        "ocolor": "7",
        "color24": "16777215",
        "transparen": "0",
        "lweight": "-1",
        "linewidth": 0.0,
        "ltscale": 1.0,
        "visible": "1",
        "thickness": 0.0,
        "ext": "(3:-0.003003440932991228,-0.004522054395397211,0.9999852650747446)",
        "height": 3.0,
        "text": "1592",
        "angle": 58.87298,
        "widthscale": 1.0,
        "oblique": 0.0,
        "style": "Standard",
        "textgen": "0",
        "alignh": "0",
        "alignv": "0",
        "interlin": -1.0,
        "lat": 29.79299,
        "lon": 52.46177
      },
      "geometry": {
        "type": "Point",
        "coordinates": [52.461767016997243, 29.792987513523194]
      }
    },
    {
      "type": "Feature",
      "properties": {
        "fid": 223.0,
        "handle": "17591",
        "block": "-1",
        "etype": "25",
        "space": "0",
        "layer": "PLAK",
        "olinetype": "bylayer",
        "linetype": null,
        "color": "255,255,255,255",
        "ocolor": "7",
        "color24": "16777215",
        "transparen": "0",
        "lweight": "-1",
        "linewidth": 0.0,
        "ltscale": 1.0,
        "visible": "1",
        "thickness": 0.0,
        "ext": "(3:-0.003003440932991228,-0.004522054395397211,0.9999852650747446)",
        "height": 3.0,
        "text": "1591",
        "angle": 58.87298,
        "widthscale": 1.0,
        "oblique": 0.0,
        "style": "Standard",
        "textgen": "0",
        "alignh": "0",
        "alignv": "0",
        "interlin": -1.0,
        "lat": 29.79291,
        "lon": 52.4619
      },
      "geometry": {
        "type": "Point",
        "coordinates": [52.46189885356263, 29.792914622366947]
      }
    },
    {
      "type": "Feature",
      "properties": {
        "fid": 224.0,
        "handle": "17592",
        "block": "-1",
        "etype": "25",
        "space": "0",
        "layer": "PLAK",
        "olinetype": "bylayer",
        "linetype": null,
        "color": "255,255,255,255",
        "ocolor": "7",
        "color24": "16777215",
        "transparen": "0",
        "lweight": "-1",
        "linewidth": 0.0,
        "ltscale": 1.0,
        "visible": "1",
        "thickness": 0.0,
        "ext": "(3:-0.003003440932991228,-0.004522054395397211,0.9999852650747446)",
        "height": 3.0,
        "text": "1590",
        "angle": 58.87298,
        "widthscale": 1.0,
        "oblique": 0.0,
        "style": "Standard",
        "textgen": "0",
        "alignh": "0",
        "alignv": "0",
        "interlin": -1.0,
        "lat": 29.79284,
        "lon": 52.46203
      },
      "geometry": {
        "type": "Point",
        "coordinates": [52.462031865317115, 29.792836485788346]
      }
    },
    {
      "type": "Feature",
      "properties": {
        "fid": 225.0,
        "handle": "17593",
        "block": "-1",
        "etype": "25",
        "space": "0",
        "layer": "PLAK",
        "olinetype": "bylayer",
        "linetype": null,
        "color": "255,255,255,255",
        "ocolor": "7",
        "color24": "16777215",
        "transparen": "0",
        "lweight": "-1",
        "linewidth": 0.0,
        "ltscale": 1.0,
        "visible": "1",
        "thickness": 0.0,
        "ext": "(3:-0.003003440932991228,-0.004522054395397211,0.9999852650747446)",
        "height": 3.0,
        "text": "1589",
        "angle": 58.87298,
        "widthscale": 1.0,
        "oblique": 0.0,
        "style": "Standard",
        "textgen": "0",
        "alignh": "0",
        "alignv": "0",
        "interlin": -1.0,
        "lat": 29.79276,
        "lon": 52.46217
      },
      "geometry": {
        "type": "Point",
        "coordinates": [52.462169715914321, 29.792764615998824]
      }
    },
    {
      "type": "Feature",
      "properties": {
        "fid": 226.0,
        "handle": "17594",
        "block": "-1",
        "etype": "25",
        "space": "0",
        "layer": "PLAK",
        "olinetype": "bylayer",
        "linetype": null,
        "color": "255,255,255,255",
        "ocolor": "7",
        "color24": "16777215",
        "transparen": "0",
        "lweight": "-1",
        "linewidth": 0.0,
        "ltscale": 1.0,
        "visible": "1",
        "thickness": 0.0,
        "ext": "(3:-0.003003440932991228,-0.004522054395397211,0.9999852650747446)",
        "height": 3.0,
        "text": "1588",
        "angle": 58.87298,
        "widthscale": 1.0,
        "oblique": 0.0,
        "style": "Standard",
        "textgen": "0",
        "alignh": "0",
        "alignv": "0",
        "interlin": -1.0,
        "lat": 29.79269,
        "lon": 52.4623
      },
      "geometry": {
        "type": "Point",
        "coordinates": [52.462295537383085, 29.792690702818863]
      }
    },
    {
      "type": "Feature",
      "properties": {
        "fid": 227.0,
        "handle": "17595",
        "block": "-1",
        "etype": "25",
        "space": "0",
        "layer": "PLAK",
        "olinetype": "bylayer",
        "linetype": null,
        "color": "255,255,255,255",
        "ocolor": "7",
        "color24": "16777215",
        "transparen": "0",
        "lweight": "-1",
        "linewidth": 0.0,
        "ltscale": 1.0,
        "visible": "1",
        "thickness": 0.0,
        "ext": "(3:-0.003003440932991228,-0.004522054395397211,0.9999852650747446)",
        "height": 3.0,
        "text": "1587",
        "angle": 58.87298,
        "widthscale": 1.0,
        "oblique": 0.0,
        "style": "Standard",
        "textgen": "0",
        "alignh": "0",
        "alignv": "0",
        "interlin": -1.0,
        "lat": 29.7926,
        "lon": 52.46242
      },
      "geometry": {
        "type": "Point",
        "coordinates": [52.46242128997136, 29.792603165439768]
      }
    },
    {
      "type": "Feature",
      "properties": {
        "fid": 228.0,
        "handle": "17596",
        "block": "-1",
        "etype": "25",
        "space": "0",
        "layer": "PLAK",
        "olinetype": "bylayer",
        "linetype": null,
        "color": "255,255,255,255",
        "ocolor": "7",
        "color24": "16777215",
        "transparen": "0",
        "lweight": "-1",
        "linewidth": 0.0,
        "ltscale": 1.0,
        "visible": "1",
        "thickness": 0.0,
        "ext": "(3:-0.003003440932991228,-0.004522054395397211,0.9999852650747446)",
        "height": 3.0,
        "text": "1586",
        "angle": 58.87298,
        "widthscale": 1.0,
        "oblique": 0.0,
        "style": "Standard",
        "textgen": "0",
        "alignh": "0",
        "alignv": "0",
        "interlin": -1.0,
        "lat": 29.79253,
        "lon": 52.46255
      },
      "geometry": {
        "type": "Point",
        "coordinates": [52.462549530637702, 29.79253238544894]
      }
    },
    {
      "type": "Feature",
      "properties": {
        "fid": 229.0,
        "handle": "17597",
        "block": "-1",
        "etype": "25",
        "space": "0",
        "layer": "PLAK",
        "olinetype": "bylayer",
        "linetype": null,
        "color": "255,255,255,255",
        "ocolor": "7",
        "color24": "16777215",
        "transparen": "0",
        "lweight": "-1",
        "linewidth": 0.0,
        "ltscale": 1.0,
        "visible": "1",
        "thickness": 0.0,
        "ext": "(3:-0.003003440932991228,-0.004522054395397211,0.9999852650747446)",
        "height": 3.0,
        "text": "1585",
        "angle": 58.87298,
        "widthscale": 1.0,
        "oblique": 0.0,
        "style": "Standard",
        "textgen": "0",
        "alignh": "0",
        "alignv": "0",
        "interlin": -1.0,
        "lat": 29.79245,
        "lon": 52.46268
      },
      "geometry": {
        "type": "Point",
        "coordinates": [52.462676526931773, 29.792453226624492]
      }
    },
    {
      "type": "Feature",
      "properties": {
        "fid": 230.0,
        "handle": "17598",
        "block": "-1",
        "etype": "25",
        "space": "0",
        "layer": "PLAK",
        "olinetype": "bylayer",
        "linetype": null,
        "color": "255,255,255,255",
        "ocolor": "7",
        "color24": "16777215",
        "transparen": "0",
        "lweight": "-1",
        "linewidth": 0.0,
        "ltscale": 1.0,
        "visible": "1",
        "thickness": 0.0,
        "ext": "(3:-0.003003440932991228,-0.004522054395397211,0.9999852650747446)",
        "height": 3.0,
        "text": "1584",
        "angle": 58.87298,
        "widthscale": 1.0,
        "oblique": 0.0,
        "style": "Standard",
        "textgen": "0",
        "alignh": "0",
        "alignv": "0",
        "interlin": -1.0,
        "lat": 29.79238,
        "lon": 52.46281
      },
      "geometry": {
        "type": "Point",
        "coordinates": [52.462810781630743, 29.792383468059054]
      }
    },
    {
      "type": "Feature",
      "properties": {
        "fid": 231.0,
        "handle": "17599",
        "block": "-1",
        "etype": "25",
        "space": "0",
        "layer": "PLAK",
        "olinetype": "bylayer",
        "linetype": null,
        "color": "255,255,255,255",
        "ocolor": "7",
        "color24": "16777215",
        "transparen": "0",
        "lweight": "-1",
        "linewidth": 0.0,
        "ltscale": 1.0,
        "visible": "1",
        "thickness": 0.0,
        "ext": "(3:-0.003003440932991228,-0.004522054395397211,0.9999852650747446)",
        "height": 3.0,
        "text": "1583",
        "angle": 58.87298,
        "widthscale": 1.0,
        "oblique": 0.0,
        "style": "Standard",
        "textgen": "0",
        "alignh": "0",
        "alignv": "0",
        "interlin": -1.0,
        "lat": 29.7923,
        "lon": 52.46294
      },
      "geometry": {
        "type": "Point",
        "coordinates": [52.46293535804493, 29.792301175517014]
      }
    },
    {
      "type": "Feature",
      "properties": {
        "fid": 232.0,
        "handle": "17600",
        "block": "-1",
        "etype": "25",
        "space": "0",
        "layer": "PLAK",
        "olinetype": "bylayer",
        "linetype": null,
        "color": "255,255,255,255",
        "ocolor": "7",
        "color24": "16777215",
        "transparen": "0",
        "lweight": "-1",
        "linewidth": 0.0,
        "ltscale": 1.0,
        "visible": "1",
        "thickness": 0.0,
        "ext": "(3:-0.003003440932991228,-0.004522054395397211,0.9999852650747446)",
        "height": 3.0,
        "text": "1582",
        "angle": 58.87298,
        "widthscale": 1.0,
        "oblique": 0.0,
        "style": "Standard",
        "textgen": "0",
        "alignh": "0",
        "alignv": "0",
        "interlin": -1.0,
        "lat": 29.79223,
        "lon": 52.46306
      },
      "geometry": {
        "type": "Point",
        "coordinates": [52.46306359793261, 29.792230395025229]
      }
    },
    {
      "type": "Feature",
      "properties": {
        "fid": 233.0,
        "handle": "17601",
        "block": "-1",
        "etype": "25",
        "space": "0",
        "layer": "PLAK",
        "olinetype": "bylayer",
        "linetype": null,
        "color": "255,255,255,255",
        "ocolor": "7",
        "color24": "16777215",
        "transparen": "0",
        "lweight": "-1",
        "linewidth": 0.0,
        "ltscale": 1.0,
        "visible": "1",
        "thickness": 0.0,
        "ext": "(3:-0.003003440932991228,-0.004522054395397211,0.9999852650747446)",
        "height": 3.0,
        "text": "1581",
        "angle": 58.87298,
        "widthscale": 1.0,
        "oblique": 0.0,
        "style": "Standard",
        "textgen": "0",
        "alignh": "0",
        "alignv": "0",
        "interlin": -1.0,
        "lat": 29.79216,
        "lon": 52.46318
      },
      "geometry": {
        "type": "Point",
        "coordinates": [52.463183403731946, 29.792155459414001]
      }
    },
    {
      "type": "Feature",
      "properties": {
        "fid": 234.0,
        "handle": "17602",
        "block": "-1",
        "etype": "25",
        "space": "0",
        "layer": "PLAK",
        "olinetype": "bylayer",
        "linetype": null,
        "color": "255,255,255,255",
        "ocolor": "7",
        "color24": "16777215",
        "transparen": "0",
        "lweight": "-1",
        "linewidth": 0.0,
        "ltscale": 1.0,
        "visible": "1",
        "thickness": 0.0,
        "ext": "(3:-0.003003440932991228,-0.004522054395397211,0.9999852650747446)",
        "height": 3.0,
        "text": "1595",
        "angle": 58.87298,
        "widthscale": 1.0,
        "oblique": 0.0,
        "style": "Standard",
        "textgen": "0",
        "alignh": "0",
        "alignv": "0",
        "interlin": -1.0,
        "lat": 29.79287,
        "lon": 52.46133
      },
      "geometry": {
        "type": "Point",
        "coordinates": [52.461331353106452, 29.792869945310791]
      }
    },
    {
      "type": "Feature",
      "properties": {
        "fid": 235.0,
        "handle": "17603",
        "block": "-1",
        "etype": "25",
        "space": "0",
        "layer": "PLAK",
        "olinetype": "bylayer",
        "linetype": null,
        "color": "255,255,255,255",
        "ocolor": "7",
        "color24": "16777215",
        "transparen": "0",
        "lweight": "-1",
        "linewidth": 0.0,
        "ltscale": 1.0,
        "visible": "1",
        "thickness": 0.0,
        "ext": "(3:-0.003003440932991228,-0.004522054395397211,0.9999852650747446)",
        "height": 3.0,
        "text": "1596",
        "angle": 58.87298,
        "widthscale": 1.0,
        "oblique": 0.0,
        "style": "Standard",
        "textgen": "0",
        "alignh": "0",
        "alignv": "0",
        "interlin": -1.0,
        "lat": 29.7928,
        "lon": 52.46145
      },
      "geometry": {
        "type": "Point",
        "coordinates": [52.461452405100133, 29.792803389936488]
      }
    },
    {
      "type": "Feature",
      "properties": {
        "fid": 236.0,
        "handle": "17604",
        "block": "-1",
        "etype": "25",
        "space": "0",
        "layer": "PLAK",
        "olinetype": "bylayer",
        "linetype": null,
        "color": "255,255,255,255",
        "ocolor": "7",
        "color24": "16777215",
        "transparen": "0",
        "lweight": "-1",
        "linewidth": 0.0,
        "ltscale": 1.0,
        "visible": "1",
        "thickness": 0.0,
        "ext": "(3:-0.003003440932991228,-0.004522054395397211,0.9999852650747446)",
        "height": 3.0,
        "text": "1597",
        "angle": 58.87298,
        "widthscale": 1.0,
        "oblique": 0.0,
        "style": "Standard",
        "textgen": "0",
        "alignh": "0",
        "alignv": "0",
        "interlin": -1.0,
        "lat": 29.79272,
        "lon": 52.46158
      },
      "geometry": {
        "type": "Point",
        "coordinates": [52.461580578044348, 29.792718986835435]
      }
    },
    {
      "type": "Feature",
      "properties": {
        "fid": 237.0,
        "handle": "17605",
        "block": "-1",
        "etype": "25",
        "space": "0",
        "layer": "PLAK",
        "olinetype": "bylayer",
        "linetype": null,
        "color": "255,255,255,255",
        "ocolor": "7",
        "color24": "16777215",
        "transparen": "0",
        "lweight": "-1",
        "linewidth": 0.0,
        "ltscale": 1.0,
        "visible": "1",
        "thickness": 0.0,
        "ext": "(3:-0.003003440932991228,-0.004522054395397211,0.9999852650747446)",
        "height": 3.0,
        "text": "1598",
        "angle": 58.87298,
        "widthscale": 1.0,
        "oblique": 0.0,
        "style": "Standard",
        "textgen": "0",
        "alignh": "0",
        "alignv": "0",
        "interlin": -1.0,
        "lat": 29.79265,
        "lon": 52.46171
      },
      "geometry": {
        "type": "Point",
        "coordinates": [52.461706399974133, 29.792645074133524]
      }
    },
    {
      "type": "Feature",
      "properties": {
        "fid": 238.0,
        "handle": "17606",
        "block": "-1",
        "etype": "25",
        "space": "0",
        "layer": "PLAK",
        "olinetype": "bylayer",
        "linetype": null,
        "color": "255,255,255,255",
        "ocolor": "7",
        "color24": "16777215",
        "transparen": "0",
        "lweight": "-1",
        "linewidth": 0.0,
        "ltscale": 1.0,
        "visible": "1",
        "thickness": 0.0,
        "ext": "(3:-0.003003440932991228,-0.004522054395397211,0.9999852650747446)",
        "height": 3.0,
        "text": "1599",
        "angle": 58.87298,
        "widthscale": 1.0,
        "oblique": 0.0,
        "style": "Standard",
        "textgen": "0",
        "alignh": "0",
        "alignv": "0",
        "interlin": -1.0,
        "lat": 29.79257,
        "lon": 52.46185
      },
      "geometry": {
        "type": "Point",
        "coordinates": [52.461851440366033, 29.792568981164166]
      }
    },
    {
      "type": "Feature",
      "properties": {
        "fid": 239.0,
        "handle": "17607",
        "block": "-1",
        "etype": "25",
        "space": "0",
        "layer": "PLAK",
        "olinetype": "bylayer",
        "linetype": null,
        "color": "255,255,255,255",
        "ocolor": "7",
        "color24": "16777215",
        "transparen": "0",
        "lweight": "-1",
        "linewidth": 0.0,
        "ltscale": 1.0,
        "visible": "1",
        "thickness": 0.0,
        "ext": "(3:-0.003003440932991228,-0.004522054395397211,0.9999852650747446)",
        "height": 3.0,
        "text": "1600",
        "angle": 58.87298,
        "widthscale": 1.0,
        "oblique": 0.0,
        "style": "Standard",
        "textgen": "0",
        "alignh": "0",
        "alignv": "0",
        "interlin": -1.0,
        "lat": 29.7925,
        "lon": 52.46196
      },
      "geometry": {
        "type": "Point",
        "coordinates": [52.461960462820215, 29.792500381933728]
      }
    },
    {
      "type": "Feature",
      "properties": {
        "fid": 240.0,
        "handle": "17608",
        "block": "-1",
        "etype": "25",
        "space": "0",
        "layer": "PLAK",
        "olinetype": "bylayer",
        "linetype": null,
        "color": "255,255,255,255",
        "ocolor": "7",
        "color24": "16777215",
        "transparen": "0",
        "lweight": "-1",
        "linewidth": 0.0,
        "ltscale": 1.0,
        "visible": "1",
        "thickness": 0.0,
        "ext": "(3:-0.003003440932991228,-0.004522054395397211,0.9999852650747446)",
        "height": 3.0,
        "text": "1601",
        "angle": 58.87298,
        "widthscale": 1.0,
        "oblique": 0.0,
        "style": "Standard",
        "textgen": "0",
        "alignh": "0",
        "alignv": "0",
        "interlin": -1.0,
        "lat": 29.79243,
        "lon": 52.46212
      },
      "geometry": {
        "type": "Point",
        "coordinates": [52.462117531522274, 29.792426332035074]
      }
    },
    {
      "type": "Feature",
      "properties": {
        "fid": 241.0,
        "handle": "17609",
        "block": "-1",
        "etype": "25",
        "space": "0",
        "layer": "PLAK",
        "olinetype": "bylayer",
        "linetype": null,
        "color": "255,255,255,255",
        "ocolor": "7",
        "color24": "16777215",
        "transparen": "0",
        "lweight": "-1",
        "linewidth": 0.0,
        "ltscale": 1.0,
        "visible": "1",
        "thickness": 0.0,
        "ext": "(3:-0.003003440932991228,-0.004522054395397211,0.9999852650747446)",
        "height": 3.0,
        "text": "1602",
        "angle": 58.87298,
        "widthscale": 1.0,
        "oblique": 0.0,
        "style": "Standard",
        "textgen": "0",
        "alignh": "0",
        "alignv": "0",
        "interlin": -1.0,
        "lat": 29.79235,
        "lon": 52.46224
      },
      "geometry": {
        "type": "Point",
        "coordinates": [52.462237338330645, 29.792351397229265]
      }
    },
    {
      "type": "Feature",
      "properties": {
        "fid": 242.0,
        "handle": "17610",
        "block": "-1",
        "etype": "25",
        "space": "0",
        "layer": "PLAK",
        "olinetype": "bylayer",
        "linetype": null,
        "color": "255,255,255,255",
        "ocolor": "7",
        "color24": "16777215",
        "transparen": "0",
        "lweight": "-1",
        "linewidth": 0.0,
        "ltscale": 1.0,
        "visible": "1",
        "thickness": 0.0,
        "ext": "(3:-0.003003440932991228,-0.004522054395397211,0.9999852650747446)",
        "height": 3.0,
        "text": "1603",
        "angle": 58.87298,
        "widthscale": 1.0,
        "oblique": 0.0,
        "style": "Standard",
        "textgen": "0",
        "alignh": "0",
        "alignv": "0",
        "interlin": -1.0,
        "lat": 29.79227,
        "lon": 52.46238
      },
      "geometry": {
        "type": "Point",
        "coordinates": [52.462375119321763, 29.792265903230124]
      }
    },
    {
      "type": "Feature",
      "properties": {
        "fid": 243.0,
        "handle": "17611",
        "block": "-1",
        "etype": "25",
        "space": "0",
        "layer": "PLAK",
        "olinetype": "bylayer",
        "linetype": null,
        "color": "255,255,255,255",
        "ocolor": "7",
        "color24": "16777215",
        "transparen": "0",
        "lweight": "-1",
        "linewidth": 0.0,
        "ltscale": 1.0,
        "visible": "1",
        "thickness": 0.0,
        "ext": "(3:-0.003003440932991228,-0.004522054395397211,0.9999852650747446)",
        "height": 3.0,
        "text": "1604",
        "angle": 58.87298,
        "widthscale": 1.0,
        "oblique": 0.0,
        "style": "Standard",
        "textgen": "0",
        "alignh": "0",
        "alignv": "0",
        "interlin": -1.0,
        "lat": 29.79219,
        "lon": 52.46251
      },
      "geometry": {
        "type": "Point",
        "coordinates": [52.462506954516073, 29.792193011459499]
      }
    },
    {
      "type": "Feature",
      "properties": {
        "fid": 244.0,
        "handle": "17612",
        "block": "-1",
        "etype": "25",
        "space": "0",
        "layer": "PLAK",
        "olinetype": "bylayer",
        "linetype": null,
        "color": "255,255,255,255",
        "ocolor": "7",
        "color24": "16777215",
        "transparen": "0",
        "lweight": "-1",
        "linewidth": 0.0,
        "ltscale": 1.0,
        "visible": "1",
        "thickness": 0.0,
        "ext": "(3:-0.003003440932991228,-0.004522054395397211,0.9999852650747446)",
        "height": 3.0,
        "text": "1605",
        "angle": 58.87298,
        "widthscale": 1.0,
        "oblique": 0.0,
        "style": "Standard",
        "textgen": "0",
        "alignh": "0",
        "alignv": "0",
        "interlin": -1.0,
        "lat": 29.79211,
        "lon": 52.46262
      },
      "geometry": {
        "type": "Point",
        "coordinates": [52.462622269633783, 29.79211226009205]
      }
    },
    {
      "type": "Feature",
      "properties": {
        "fid": 245.0,
        "handle": "17613",
        "block": "-1",
        "etype": "25",
        "space": "0",
        "layer": "PLAK",
        "olinetype": "bylayer",
        "linetype": null,
        "color": "255,255,255,255",
        "ocolor": "7",
        "color24": "16777215",
        "transparen": "0",
        "lweight": "-1",
        "linewidth": 0.0,
        "ltscale": 1.0,
        "visible": "1",
        "thickness": 0.0,
        "ext": "(3:-0.003003440932991228,-0.004522054395397211,0.9999852650747446)",
        "height": 3.0,
        "text": "1606",
        "angle": 58.87298,
        "widthscale": 1.0,
        "oblique": 0.0,
        "style": "Standard",
        "textgen": "0",
        "alignh": "0",
        "alignv": "0",
        "interlin": -1.0,
        "lat": 29.79203,
        "lon": 52.46275
      },
      "geometry": {
        "type": "Point",
        "coordinates": [52.462748917361793, 29.79203265046478]
      }
    },
    {
      "type": "Feature",
      "properties": {
        "fid": 246.0,
        "handle": "17614",
        "block": "-1",
        "etype": "25",
        "space": "0",
        "layer": "PLAK",
        "olinetype": "bylayer",
        "linetype": null,
        "color": "255,255,255,255",
        "ocolor": "7",
        "color24": "16777215",
        "transparen": "0",
        "lweight": "-1",
        "linewidth": 0.0,
        "ltscale": 1.0,
        "visible": "1",
        "thickness": 0.0,
        "ext": "(3:-0.003003440932991228,-0.004522054395397211,0.9999852650747446)",
        "height": 3.0,
        "text": "1607",
        "angle": 58.87298,
        "widthscale": 1.0,
        "oblique": 0.0,
        "style": "Standard",
        "textgen": "0",
        "alignh": "0",
        "alignv": "0",
        "interlin": -1.0,
        "lat": 29.79197,
        "lon": 52.46286
      },
      "geometry": {
        "type": "Point",
        "coordinates": [52.462860050451084, 29.791973229855067]
      }
    },
    {
      "type": "Feature",
      "properties": {
        "fid": 247.0,
        "handle": "17615",
        "block": "-1",
        "etype": "25",
        "space": "0",
        "layer": "PLAK",
        "olinetype": "bylayer",
        "linetype": null,
        "color": "255,255,255,255",
        "ocolor": "7",
        "color24": "16777215",
        "transparen": "0",
        "lweight": "-1",
        "linewidth": 0.0,
        "ltscale": 1.0,
        "visible": "1",
        "thickness": 0.0,
        "ext": "(3:-0.003003440932991228,-0.004522054395397211,0.9999852650747446)",
        "height": 3.0,
        "text": "1608",
        "angle": 58.87298,
        "widthscale": 1.0,
        "oblique": 0.0,
        "style": "Standard",
        "textgen": "0",
        "alignh": "0",
        "alignv": "0",
        "interlin": -1.0,
        "lat": 29.7919,
        "lon": 52.463
      },
      "geometry": {
        "type": "Point",
        "coordinates": [52.462998206894156, 29.791895313502074]
      }
    },
    {
      "type": "Feature",
      "properties": {
        "fid": 248.0,
        "handle": "17616",
        "block": "-1",
        "etype": "25",
        "space": "0",
        "layer": "PLAK",
        "olinetype": "bylayer",
        "linetype": null,
        "color": "255,255,255,255",
        "ocolor": "7",
        "color24": "16777215",
        "transparen": "0",
        "lweight": "-1",
        "linewidth": 0.0,
        "ltscale": 1.0,
        "visible": "1",
        "thickness": 0.0,
        "ext": "(3:-0.003003440932991228,-0.004522054395397211,0.9999852650747446)",
        "height": 3.0,
        "text": "1623",
        "angle": 58.87298,
        "widthscale": 1.0,
        "oblique": 0.0,
        "style": "Standard",
        "textgen": "0",
        "alignh": "0",
        "alignv": "0",
        "interlin": -1.0,
        "lat": 29.79251,
        "lon": 52.46104
      },
      "geometry": {
        "type": "Point",
        "coordinates": [52.461037504223619, 29.792513946212917]
      }
    },
    {
      "type": "Feature",
      "properties": {
        "fid": 249.0,
        "handle": "17617",
        "block": "-1",
        "etype": "25",
        "space": "0",
        "layer": "PLAK",
        "olinetype": "bylayer",
        "linetype": null,
        "color": "255,255,255,255",
        "ocolor": "7",
        "color24": "16777215",
        "transparen": "0",
        "lweight": "-1",
        "linewidth": 0.0,
        "ltscale": 1.0,
        "visible": "1",
        "thickness": 0.0,
        "ext": "(3:-0.003003440932991228,-0.004522054395397211,0.9999852650747446)",
        "height": 3.0,
        "text": "1622",
        "angle": 58.87298,
        "widthscale": 1.0,
        "oblique": 0.0,
        "style": "Standard",
        "textgen": "0",
        "alignh": "0",
        "alignv": "0",
        "interlin": -1.0,
        "lat": 29.79244,
        "lon": 52.46116
      },
      "geometry": {
        "type": "Point",
        "coordinates": [52.461156773125786, 29.79244388363314]
      }
    },
    {
      "type": "Feature",
      "properties": {
        "fid": 250.0,
        "handle": "17618",
        "block": "-1",
        "etype": "25",
        "space": "0",
        "layer": "PLAK",
        "olinetype": "bylayer",
        "linetype": null,
        "color": "255,255,255,255",
        "ocolor": "7",
        "color24": "16777215",
        "transparen": "0",
        "lweight": "-1",
        "linewidth": 0.0,
        "ltscale": 1.0,
        "visible": "1",
        "thickness": 0.0,
        "ext": "(3:-0.003003440932991228,-0.004522054395397211,0.9999852650747446)",
        "height": 3.0,
        "text": "1621",
        "angle": 58.87298,
        "widthscale": 1.0,
        "oblique": 0.0,
        "style": "Standard",
        "textgen": "0",
        "alignh": "0",
        "alignv": "0",
        "interlin": -1.0,
        "lat": 29.79236,
        "lon": 52.4613
      },
      "geometry": {
        "type": "Point",
        "coordinates": [52.461301297547237, 29.792358651367781]
      }
    },
    {
      "type": "Feature",
      "properties": {
        "fid": 251.0,
        "handle": "17619",
        "block": "-1",
        "etype": "25",
        "space": "0",
        "layer": "PLAK",
        "olinetype": "bylayer",
        "linetype": null,
        "color": "255,255,255,255",
        "ocolor": "7",
        "color24": "16777215",
        "transparen": "0",
        "lweight": "-1",
        "linewidth": 0.0,
        "ltscale": 1.0,
        "visible": "1",
        "thickness": 0.0,
        "ext": "(3:-0.003003440932991228,-0.004522054395397211,0.9999852650747446)",
        "height": 3.0,
        "text": "1620",
        "angle": 58.87298,
        "widthscale": 1.0,
        "oblique": 0.0,
        "style": "Standard",
        "textgen": "0",
        "alignh": "0",
        "alignv": "0",
        "interlin": -1.0,
        "lat": 29.7923,
        "lon": 52.46141
      },
      "geometry": {
        "type": "Point",
        "coordinates": [52.461407826834609, 29.792300723153737]
      }
    },
    {
      "type": "Feature",
      "properties": {
        "fid": 252.0,
        "handle": "17620",
        "block": "-1",
        "etype": "25",
        "space": "0",
        "layer": "PLAK",
        "olinetype": "bylayer",
        "linetype": null,
        "color": "255,255,255,255",
        "ocolor": "7",
        "color24": "16777215",
        "transparen": "0",
        "lweight": "-1",
        "linewidth": 0.0,
        "ltscale": 1.0,
        "visible": "1",
        "thickness": 0.0,
        "ext": "(3:-0.003003440932991228,-0.004522054395397211,0.9999852650747446)",
        "height": 3.0,
        "text": "1619",
        "angle": 58.87298,
        "widthscale": 1.0,
        "oblique": 0.0,
        "style": "Standard",
        "textgen": "0",
        "alignh": "0",
        "alignv": "0",
        "interlin": -1.0,
        "lat": 29.79221,
        "lon": 52.46157
      },
      "geometry": {
        "type": "Point",
        "coordinates": [52.461566451544591, 29.792212525248889]
      }
    },
    {
      "type": "Feature",
      "properties": {
        "fid": 253.0,
        "handle": "17621",
        "block": "-1",
        "etype": "25",
        "space": "0",
        "layer": "PLAK",
        "olinetype": "bylayer",
        "linetype": null,
        "color": "255,255,255,255",
        "ocolor": "7",
        "color24": "16777215",
        "transparen": "0",
        "lweight": "-1",
        "linewidth": 0.0,
        "ltscale": 1.0,
        "visible": "1",
        "thickness": 0.0,
        "ext": "(3:-0.003003440932991228,-0.004522054395397211,0.9999852650747446)",
        "height": 3.0,
        "text": "1618",
        "angle": 58.87298,
        "widthscale": 1.0,
        "oblique": 0.0,
        "style": "Standard",
        "textgen": "0",
        "alignh": "0",
        "alignv": "0",
        "interlin": -1.0,
        "lat": 29.79215,
        "lon": 52.46164
      },
      "geometry": {
        "type": "Point",
        "coordinates": [52.461640597170216, 29.792146714294343]
      }
    },
    {
      "type": "Feature",
      "properties": {
        "fid": 254.0,
        "handle": "17622",
        "block": "-1",
        "etype": "25",
        "space": "0",
        "layer": "PLAK",
        "olinetype": "bylayer",
        "linetype": null,
        "color": "255,255,255,255",
        "ocolor": "7",
        "color24": "16777215",
        "transparen": "0",
        "lweight": "-1",
        "linewidth": 0.0,
        "ltscale": 1.0,
        "visible": "1",
        "thickness": 0.0,
        "ext": "(3:-0.003003440932991228,-0.004522054395397211,0.9999852650747446)",
        "height": 3.0,
        "text": "1617",
        "angle": 58.87298,
        "widthscale": 1.0,
        "oblique": 0.0,
        "style": "Standard",
        "textgen": "0",
        "alignh": "0",
        "alignv": "0",
        "interlin": -1.0,
        "lat": 29.79209,
        "lon": 52.46175
      },
      "geometry": {
        "type": "Point",
        "coordinates": [52.461751935645246, 29.792085626938082]
      }
    },
    {
      "type": "Feature",
      "properties": {
        "fid": 255.0,
        "handle": "17623",
        "block": "-1",
        "etype": "25",
        "space": "0",
        "layer": "PLAK",
        "olinetype": "bylayer",
        "linetype": null,
        "color": "255,255,255,255",
        "ocolor": "7",
        "color24": "16777215",
        "transparen": "0",
        "lweight": "-1",
        "linewidth": 0.0,
        "ltscale": 1.0,
        "visible": "1",
        "thickness": 0.0,
        "ext": "(3:-0.003003440932991228,-0.004522054395397211,0.9999852650747446)",
        "height": 3.0,
        "text": "1616",
        "angle": 58.87298,
        "widthscale": 1.0,
        "oblique": 0.0,
        "style": "Standard",
        "textgen": "0",
        "alignh": "0",
        "alignv": "0",
        "interlin": -1.0,
        "lat": 29.79201,
        "lon": 52.46189
      },
      "geometry": {
        "type": "Point",
        "coordinates": [52.461887127603362, 29.792010526805754]
      }
    },
    {
      "type": "Feature",
      "properties": {
        "fid": 256.0,
        "handle": "17624",
        "block": "-1",
        "etype": "25",
        "space": "0",
        "layer": "PLAK",
        "olinetype": "bylayer",
        "linetype": null,
        "color": "255,255,255,255",
        "ocolor": "7",
        "color24": "16777215",
        "transparen": "0",
        "lweight": "-1",
        "linewidth": 0.0,
        "ltscale": 1.0,
        "visible": "1",
        "thickness": 0.0,
        "ext": "(3:-0.003003440932991228,-0.004522054395397211,0.9999852650747446)",
        "height": 3.0,
        "text": "1615",
        "angle": 58.87298,
        "widthscale": 1.0,
        "oblique": 0.0,
        "style": "Standard",
        "textgen": "0",
        "alignh": "0",
        "alignv": "0",
        "interlin": -1.0,
        "lat": 29.79195,
        "lon": 52.462
      },
      "geometry": {
        "type": "Point",
        "coordinates": [52.461998465810829, 29.791949439228045]
      }
    },
    {
      "type": "Feature",
      "properties": {
        "fid": 257.0,
        "handle": "17625",
        "block": "-1",
        "etype": "25",
        "space": "0",
        "layer": "PLAK",
        "olinetype": "bylayer",
        "linetype": null,
        "color": "255,255,255,255",
        "ocolor": "7",
        "color24": "16777215",
        "transparen": "0",
        "lweight": "-1",
        "linewidth": 0.0,
        "ltscale": 1.0,
        "visible": "1",
        "thickness": 0.0,
        "ext": "(3:-0.003003440932991228,-0.004522054395397211,0.9999852650747446)",
        "height": 3.0,
        "text": "1614",
        "angle": 58.87298,
        "widthscale": 1.0,
        "oblique": 0.0,
        "style": "Standard",
        "textgen": "0",
        "alignh": "0",
        "alignv": "0",
        "interlin": -1.0,
        "lat": 29.79187,
        "lon": 52.46213
      },
      "geometry": {
        "type": "Point",
        "coordinates": [52.46212566278448, 29.791870400102717]
      }
    },
    {
      "type": "Feature",
      "properties": {
        "fid": 258.0,
        "handle": "17626",
        "block": "-1",
        "etype": "25",
        "space": "0",
        "layer": "PLAK",
        "olinetype": "bylayer",
        "linetype": null,
        "color": "255,255,255,255",
        "ocolor": "7",
        "color24": "16777215",
        "transparen": "0",
        "lweight": "-1",
        "linewidth": 0.0,
        "ltscale": 1.0,
        "visible": "1",
        "thickness": 0.0,
        "ext": "(3:-0.003003440932991228,-0.004522054395397211,0.9999852650747446)",
        "height": 3.0,
        "text": "1613",
        "angle": 58.87298,
        "widthscale": 1.0,
        "oblique": 0.0,
        "style": "Standard",
        "textgen": "0",
        "alignh": "0",
        "alignv": "0",
        "interlin": -1.0,
        "lat": 29.79181,
        "lon": 52.46223
      },
      "geometry": {
        "type": "Point",
        "coordinates": [52.462229006135104, 29.791805373589021]
      }
    },
    {
      "type": "Feature",
      "properties": {
        "fid": 259.0,
        "handle": "17627",
        "block": "-1",
        "etype": "25",
        "space": "0",
        "layer": "PLAK",
        "olinetype": "bylayer",
        "linetype": null,
        "color": "255,255,255,255",
        "ocolor": "7",
        "color24": "16777215",
        "transparen": "0",
        "lweight": "-1",
        "linewidth": 0.0,
        "ltscale": 1.0,
        "visible": "1",
        "thickness": 0.0,
        "ext": "(3:-0.003003440932991228,-0.004522054395397211,0.9999852650747446)",
        "height": 3.0,
        "text": "1612",
        "angle": 58.87298,
        "widthscale": 1.0,
        "oblique": 0.0,
        "style": "Standard",
        "textgen": "0",
        "alignh": "0",
        "alignv": "0",
        "interlin": -1.0,
        "lat": 29.79173,
        "lon": 52.46235
      },
      "geometry": {
        "type": "Point",
        "coordinates": [52.46235168094254, 29.791733308181861]
      }
    },
    {
      "type": "Feature",
      "properties": {
        "fid": 260.0,
        "handle": "17628",
        "block": "-1",
        "etype": "25",
        "space": "0",
        "layer": "PLAK",
        "olinetype": "bylayer",
        "linetype": null,
        "color": "255,255,255,255",
        "ocolor": "7",
        "color24": "16777215",
        "transparen": "0",
        "lweight": "-1",
        "linewidth": 0.0,
        "ltscale": 1.0,
        "visible": "1",
        "thickness": 0.0,
        "ext": "(3:-0.003003440932991228,-0.004522054395397211,0.9999852650747446)",
        "height": 3.0,
        "text": "1611",
        "angle": 58.87298,
        "widthscale": 1.0,
        "oblique": 0.0,
        "style": "Standard",
        "textgen": "0",
        "alignh": "0",
        "alignv": "0",
        "interlin": -1.0,
        "lat": 29.79166,
        "lon": 52.46248
      },
      "geometry": {
        "type": "Point",
        "coordinates": [52.462483464270427, 29.791660209289084]
      }
    },
    {
      "type": "Feature",
      "properties": {
        "fid": 261.0,
        "handle": "17629",
        "block": "-1",
        "etype": "25",
        "space": "0",
        "layer": "PLAK",
        "olinetype": "bylayer",
        "linetype": null,
        "color": "255,255,255,255",
        "ocolor": "7",
        "color24": "16777215",
        "transparen": "0",
        "lweight": "-1",
        "linewidth": 0.0,
        "ltscale": 1.0,
        "visible": "1",
        "thickness": 0.0,
        "ext": "(3:-0.003003440932991228,-0.004522054395397211,0.9999852650747446)",
        "height": 3.0,
        "text": "1610",
        "angle": 58.87298,
        "widthscale": 1.0,
        "oblique": 0.0,
        "style": "Standard",
        "textgen": "0",
        "alignh": "0",
        "alignv": "0",
        "interlin": -1.0,
        "lat": 29.79159,
        "lon": 52.46261
      },
      "geometry": {
        "type": "Point",
        "coordinates": [52.462614133356119, 29.791592082356605]
      }
    },
    {
      "type": "Feature",
      "properties": {
        "fid": 262.0,
        "handle": "17630",
        "block": "-1",
        "etype": "25",
        "space": "0",
        "layer": "PLAK",
        "olinetype": "bylayer",
        "linetype": null,
        "color": "255,255,255,255",
        "ocolor": "7",
        "color24": "16777215",
        "transparen": "0",
        "lweight": "-1",
        "linewidth": 0.0,
        "ltscale": 1.0,
        "visible": "1",
        "thickness": 0.0,
        "ext": "(3:-0.003003440932991228,-0.004522054395397211,0.9999852650747446)",
        "height": 3.0,
        "text": "1609",
        "angle": 58.87298,
        "widthscale": 1.0,
        "oblique": 0.0,
        "style": "Standard",
        "textgen": "0",
        "alignh": "0",
        "alignv": "0",
        "interlin": -1.0,
        "lat": 29.79152,
        "lon": 52.46271
      },
      "geometry": {
        "type": "Point",
        "coordinates": [52.462709481492183, 29.791523116761912]
      }
    },
    {
      "type": "Feature",
      "properties": {
        "fid": 263.0,
        "handle": "17631",
        "block": "-1",
        "etype": "25",
        "space": "0",
        "layer": "PLAK",
        "olinetype": "bylayer",
        "linetype": null,
        "color": "255,255,255,255",
        "ocolor": "7",
        "color24": "16777215",
        "transparen": "0",
        "lweight": "-1",
        "linewidth": 0.0,
        "ltscale": 1.0,
        "visible": "1",
        "thickness": 0.0,
        "ext": "(3:-0.003003440932991228,-0.004522054395397211,0.9999852650747446)",
        "height": 3.0,
        "text": "1624",
        "angle": 58.87298,
        "widthscale": 1.0,
        "oblique": 0.0,
        "style": "Standard",
        "textgen": "0",
        "alignh": "0",
        "alignv": "0",
        "interlin": -1.0,
        "lat": 29.79228,
        "lon": 52.46088
      },
      "geometry": {
        "type": "Point",
        "coordinates": [52.460882533555882, 29.792281164871117]
      }
    },
    {
      "type": "Feature",
      "properties": {
        "fid": 264.0,
        "handle": "17632",
        "block": "-1",
        "etype": "25",
        "space": "0",
        "layer": "PLAK",
        "olinetype": "bylayer",
        "linetype": null,
        "color": "255,255,255,255",
        "ocolor": "7",
        "color24": "16777215",
        "transparen": "0",
        "lweight": "-1",
        "linewidth": 0.0,
        "ltscale": 1.0,
        "visible": "1",
        "thickness": 0.0,
        "ext": "(3:-0.003003440932991228,-0.004522054395397211,0.9999852650747446)",
        "height": 3.0,
        "text": "1625",
        "angle": 58.87298,
        "widthscale": 1.0,
        "oblique": 0.0,
        "style": "Standard",
        "textgen": "0",
        "alignh": "0",
        "alignv": "0",
        "interlin": -1.0,
        "lat": 29.79222,
        "lon": 52.461
      },
      "geometry": {
        "type": "Point",
        "coordinates": [52.461000688074336, 29.792216074530518]
      }
    },
    {
      "type": "Feature",
      "properties": {
        "fid": 265.0,
        "handle": "17633",
        "block": "-1",
        "etype": "25",
        "space": "0",
        "layer": "PLAK",
        "olinetype": "bylayer",
        "linetype": null,
        "color": "255,255,255,255",
        "ocolor": "7",
        "color24": "16777215",
        "transparen": "0",
        "lweight": "-1",
        "linewidth": 0.0,
        "ltscale": 1.0,
        "visible": "1",
        "thickness": 0.0,
        "ext": "(3:-0.003003440932991228,-0.004522054395397211,0.9999852650747446)",
        "height": 3.0,
        "text": "1626",
        "angle": 58.87298,
        "widthscale": 1.0,
        "oblique": 0.0,
        "style": "Standard",
        "textgen": "0",
        "alignh": "0",
        "alignv": "0",
        "interlin": -1.0,
        "lat": 29.79213,
        "lon": 52.46116
      },
      "geometry": {
        "type": "Point",
        "coordinates": [52.461160639735716, 29.79213108184582]
      }
    },
    {
      "type": "Feature",
      "properties": {
        "fid": 266.0,
        "handle": "17634",
        "block": "-1",
        "etype": "25",
        "space": "0",
        "layer": "PLAK",
        "olinetype": "bylayer",
        "linetype": null,
        "color": "255,255,255,255",
        "ocolor": "7",
        "color24": "16777215",
        "transparen": "0",
        "lweight": "-1",
        "linewidth": 0.0,
        "ltscale": 1.0,
        "visible": "1",
        "thickness": 0.0,
        "ext": "(3:-0.003003440932991228,-0.004522054395397211,0.9999852650747446)",
        "height": 3.0,
        "text": "1627",
        "angle": 58.87298,
        "widthscale": 1.0,
        "oblique": 0.0,
        "style": "Standard",
        "textgen": "0",
        "alignh": "0",
        "alignv": "0",
        "interlin": -1.0,
        "lat": 29.79207,
        "lon": 52.46125
      },
      "geometry": {
        "type": "Point",
        "coordinates": [52.461251741484062, 29.792072914307628]
      }
    },
    {
      "type": "Feature",
      "properties": {
        "fid": 267.0,
        "handle": "17635",
        "block": "-1",
        "etype": "25",
        "space": "0",
        "layer": "PLAK",
        "olinetype": "bylayer",
        "linetype": null,
        "color": "255,255,255,255",
        "ocolor": "7",
        "color24": "16777215",
        "transparen": "0",
        "lweight": "-1",
        "linewidth": 0.0,
        "ltscale": 1.0,
        "visible": "1",
        "thickness": 0.0,
        "ext": "(3:-0.003003440932991228,-0.004522054395397211,0.9999852650747446)",
        "height": 3.0,
        "text": "1628",
        "angle": 58.87298,
        "widthscale": 1.0,
        "oblique": 0.0,
        "style": "Standard",
        "textgen": "0",
        "alignh": "0",
        "alignv": "0",
        "interlin": -1.0,
        "lat": 29.792,
        "lon": 52.46138
      },
      "geometry": {
        "type": "Point",
        "coordinates": [52.461376710793274, 29.792003820050304]
      }
    },
    {
      "type": "Feature",
      "properties": {
        "fid": 268.0,
        "handle": "17636",
        "block": "-1",
        "etype": "25",
        "space": "0",
        "layer": "PLAK",
        "olinetype": "bylayer",
        "linetype": null,
        "color": "255,255,255,255",
        "ocolor": "7",
        "color24": "16777215",
        "transparen": "0",
        "lweight": "-1",
        "linewidth": 0.0,
        "ltscale": 1.0,
        "visible": "1",
        "thickness": 0.0,
        "ext": "(3:-0.003003440932991228,-0.004522054395397211,0.9999852650747446)",
        "height": 3.0,
        "text": "1629",
        "angle": 58.87298,
        "widthscale": 1.0,
        "oblique": 0.0,
        "style": "Standard",
        "textgen": "0",
        "alignh": "0",
        "alignv": "0",
        "interlin": -1.0,
        "lat": 29.79195,
        "lon": 52.46149
      },
      "geometry": {
        "type": "Point",
        "coordinates": [52.461490342824952, 29.791945703166441]
      }
    },
    {
      "type": "Feature",
      "properties": {
        "fid": 269.0,
        "handle": "17637",
        "block": "-1",
        "etype": "25",
        "space": "0",
        "layer": "PLAK",
        "olinetype": "bylayer",
        "linetype": null,
        "color": "255,255,255,255",
        "ocolor": "7",
        "color24": "16777215",
        "transparen": "0",
        "lweight": "-1",
        "linewidth": 0.0,
        "ltscale": 1.0,
        "visible": "1",
        "thickness": 0.0,
        "ext": "(3:-0.003003440932991228,-0.004522054395397211,0.9999852650747446)",
        "height": 3.0,
        "text": "1630",
        "angle": 58.87298,
        "widthscale": 1.0,
        "oblique": 0.0,
        "style": "Standard",
        "textgen": "0",
        "alignh": "0",
        "alignv": "0",
        "interlin": -1.0,
        "lat": 29.79186,
        "lon": 52.46164
      },
      "geometry": {
        "type": "Point",
        "coordinates": [52.461636684007814, 29.79185541863086]
      }
    },
    {
      "type": "Feature",
      "properties": {
        "fid": 270.0,
        "handle": "17638",
        "block": "-1",
        "etype": "25",
        "space": "0",
        "layer": "PLAK",
        "olinetype": "bylayer",
        "linetype": null,
        "color": "255,255,255,255",
        "ocolor": "7",
        "color24": "16777215",
        "transparen": "0",
        "lweight": "-1",
        "linewidth": 0.0,
        "ltscale": 1.0,
        "visible": "1",
        "thickness": 0.0,
        "ext": "(3:-0.003003440932991228,-0.004522054395397211,0.9999852650747446)",
        "height": 3.0,
        "text": "1631",
        "angle": 58.87298,
        "widthscale": 1.0,
        "oblique": 0.0,
        "style": "Standard",
        "textgen": "0",
        "alignh": "0",
        "alignv": "0",
        "interlin": -1.0,
        "lat": 29.79179,
        "lon": 52.46173
      },
      "geometry": {
        "type": "Point",
        "coordinates": [52.461728813313812, 29.791792662692814]
      }
    },
    {
      "type": "Feature",
      "properties": {
        "fid": 271.0,
        "handle": "17639",
        "block": "-1",
        "etype": "25",
        "space": "0",
        "layer": "PLAK",
        "olinetype": "bylayer",
        "linetype": null,
        "color": "255,255,255,255",
        "ocolor": "7",
        "color24": "16777215",
        "transparen": "0",
        "lweight": "-1",
        "linewidth": 0.0,
        "ltscale": 1.0,
        "visible": "1",
        "thickness": 0.0,
        "ext": "(3:-0.003003440932991228,-0.004522054395397211,0.9999852650747446)",
        "height": 3.0,
        "text": "1632",
        "angle": 58.87298,
        "widthscale": 1.0,
        "oblique": 0.0,
        "style": "Standard",
        "textgen": "0",
        "alignh": "0",
        "alignv": "0",
        "interlin": -1.0,
        "lat": 29.79173,
        "lon": 52.46187
      },
      "geometry": {
        "type": "Point",
        "coordinates": [52.461866534843125, 29.791730696497119]
      }
    },
    {
      "type": "Feature",
      "properties": {
        "fid": 272.0,
        "handle": "17640",
        "block": "-1",
        "etype": "25",
        "space": "0",
        "layer": "PLAK",
        "olinetype": "bylayer",
        "linetype": null,
        "color": "255,255,255,255",
        "ocolor": "7",
        "color24": "16777215",
        "transparen": "0",
        "lweight": "-1",
        "linewidth": 0.0,
        "ltscale": 1.0,
        "visible": "1",
        "thickness": 0.0,
        "ext": "(3:-0.003003440932991228,-0.004522054395397211,0.9999852650747446)",
        "height": 3.0,
        "text": "1633",
        "angle": 58.87298,
        "widthscale": 1.0,
        "oblique": 0.0,
        "style": "Standard",
        "textgen": "0",
        "alignh": "0",
        "alignv": "0",
        "interlin": -1.0,
        "lat": 29.79165,
        "lon": 52.46195
      },
      "geometry": {
        "type": "Point",
        "coordinates": [52.461950244913687, 29.791649630906402]
      }
    },
    {
      "type": "Feature",
      "properties": {
        "fid": 273.0,
        "handle": "17641",
        "block": "-1",
        "etype": "25",
        "space": "0",
        "layer": "PLAK",
        "olinetype": "bylayer",
        "linetype": null,
        "color": "255,255,255,255",
        "ocolor": "7",
        "color24": "16777215",
        "transparen": "0",
        "lweight": "-1",
        "linewidth": 0.0,
        "ltscale": 1.0,
        "visible": "1",
        "thickness": 0.0,
        "ext": "(3:-0.003003440932991228,-0.004522054395397211,0.9999852650747446)",
        "height": 3.0,
        "text": "1634",
        "angle": 58.87298,
        "widthscale": 1.0,
        "oblique": 0.0,
        "style": "Standard",
        "textgen": "0",
        "alignh": "0",
        "alignv": "0",
        "interlin": -1.0,
        "lat": 29.79159,
        "lon": 52.46208
      },
      "geometry": {
        "type": "Point",
        "coordinates": [52.46208438708895, 29.791592417092687]
      }
    },
    {
      "type": "Feature",
      "properties": {
        "fid": 274.0,
        "handle": "17642",
        "block": "-1",
        "etype": "25",
        "space": "0",
        "layer": "PLAK",
        "olinetype": "bylayer",
        "linetype": null,
        "color": "255,255,255,255",
        "ocolor": "7",
        "color24": "16777215",
        "transparen": "0",
        "lweight": "-1",
        "linewidth": 0.0,
        "ltscale": 1.0,
        "visible": "1",
        "thickness": 0.0,
        "ext": "(3:-0.003003440932991228,-0.004522054395397211,0.9999852650747446)",
        "height": 3.0,
        "text": "1635",
        "angle": 58.87298,
        "widthscale": 1.0,
        "oblique": 0.0,
        "style": "Standard",
        "textgen": "0",
        "alignh": "0",
        "alignv": "0",
        "interlin": -1.0,
        "lat": 29.7915,
        "lon": 52.46224
      },
      "geometry": {
        "type": "Point",
        "coordinates": [52.462236605494418, 29.791503329853381]
      }
    },
    {
      "type": "Feature",
      "properties": {
        "fid": 275.0,
        "handle": "17643",
        "block": "-1",
        "etype": "25",
        "space": "0",
        "layer": "PLAK",
        "olinetype": "bylayer",
        "linetype": null,
        "color": "255,255,255,255",
        "ocolor": "7",
        "color24": "16777215",
        "transparen": "0",
        "lweight": "-1",
        "linewidth": 0.0,
        "ltscale": 1.0,
        "visible": "1",
        "thickness": 0.0,
        "ext": "(3:-0.003003440932991228,-0.004522054395397211,0.9999852650747446)",
        "height": 3.0,
        "text": "1636",
        "angle": 58.87298,
        "widthscale": 1.0,
        "oblique": 0.0,
        "style": "Standard",
        "textgen": "0",
        "alignh": "0",
        "alignv": "0",
        "interlin": -1.0,
        "lat": 29.79144,
        "lon": 52.46232
      },
      "geometry": {
        "type": "Point",
        "coordinates": [52.462321741674174, 29.791444347727634]
      }
    },
    {
      "type": "Feature",
      "properties": {
        "fid": 276.0,
        "handle": "17644",
        "block": "-1",
        "etype": "25",
        "space": "0",
        "layer": "PLAK",
        "olinetype": "bylayer",
        "linetype": null,
        "color": "255,255,255,255",
        "ocolor": "7",
        "color24": "16777215",
        "transparen": "0",
        "lweight": "-1",
        "linewidth": 0.0,
        "ltscale": 1.0,
        "visible": "1",
        "thickness": 0.0,
        "ext": "(3:-0.003003440932991228,-0.004522054395397211,0.9999852650747446)",
        "height": 3.0,
        "text": "1637",
        "angle": 58.87298,
        "widthscale": 1.0,
        "oblique": 0.0,
        "style": "Standard",
        "textgen": "0",
        "alignh": "0",
        "alignv": "0",
        "interlin": -1.0,
        "lat": 29.79137,
        "lon": 52.46244
      },
      "geometry": {
        "type": "Point",
        "coordinates": [52.46243642142008, 29.791368343537918]
      }
    },
    {
      "type": "Feature",
      "properties": {
        "fid": 277.0,
        "handle": "17645",
        "block": "-1",
        "etype": "25",
        "space": "0",
        "layer": "PLAK",
        "olinetype": "bylayer",
        "linetype": null,
        "color": "255,255,255,255",
        "ocolor": "7",
        "color24": "16777215",
        "transparen": "0",
        "lweight": "-1",
        "linewidth": 0.0,
        "ltscale": 1.0,
        "visible": "1",
        "thickness": 0.0,
        "ext": "(3:-0.003003440932991228,-0.004522054395397211,0.9999852650747446)",
        "height": 3.0,
        "text": "1638",
        "angle": 58.87298,
        "widthscale": 1.0,
        "oblique": 0.0,
        "style": "Standard",
        "textgen": "0",
        "alignh": "0",
        "alignv": "0",
        "interlin": -1.0,
        "lat": 29.79129,
        "lon": 52.4626
      },
      "geometry": {
        "type": "Point",
        "coordinates": [52.462595022954602, 29.791293442975885]
      }
    },
    {
      "type": "Feature",
      "properties": {
        "fid": 278.0,
        "handle": "17646",
        "block": "-1",
        "etype": "25",
        "space": "0",
        "layer": "PLAK",
        "olinetype": "bylayer",
        "linetype": null,
        "color": "255,255,255,255",
        "ocolor": "7",
        "color24": "16777215",
        "transparen": "0",
        "lweight": "-1",
        "linewidth": 0.0,
        "ltscale": 1.0,
        "visible": "1",
        "thickness": 0.0,
        "ext": "(3:-0.003003440932991228,-0.004522054395397211,0.9999852650747446)",
        "height": 3.0,
        "text": "1646",
        "angle": 58.87298,
        "widthscale": 1.0,
        "oblique": 0.0,
        "style": "Standard",
        "textgen": "0",
        "alignh": "0",
        "alignv": "0",
        "interlin": -1.0,
        "lat": 29.79186,
        "lon": 52.46012
      },
      "geometry": {
        "type": "Point",
        "coordinates": [52.460123438791847, 29.791860911585005]
      }
    },
    {
      "type": "Feature",
      "properties": {
        "fid": 279.0,
        "handle": "17647",
        "block": "-1",
        "etype": "25",
        "space": "0",
        "layer": "PLAK",
        "olinetype": "bylayer",
        "linetype": null,
        "color": "255,255,255,255",
        "ocolor": "7",
        "color24": "16777215",
        "transparen": "0",
        "lweight": "-1",
        "linewidth": 0.0,
        "ltscale": 1.0,
        "visible": "1",
        "thickness": 0.0,
        "ext": "(3:-0.003003440932991228,-0.004522054395397211,0.9999852650747446)",
        "height": 3.0,
        "text": "1645",
        "angle": 58.87298,
        "widthscale": 1.0,
        "oblique": 0.0,
        "style": "Standard",
        "textgen": "0",
        "alignh": "0",
        "alignv": "0",
        "interlin": -1.0,
        "lat": 29.79175,
        "lon": 52.4603
      },
      "geometry": {
        "type": "Point",
        "coordinates": [52.460296472295369, 29.791749662793389]
      }
    },
    {
      "type": "Feature",
      "properties": {
        "fid": 280.0,
        "handle": "17648",
        "block": "-1",
        "etype": "25",
        "space": "0",
        "layer": "PLAK",
        "olinetype": "bylayer",
        "linetype": null,
        "color": "255,255,255,255",
        "ocolor": "7",
        "color24": "16777215",
        "transparen": "0",
        "lweight": "-1",
        "linewidth": 0.0,
        "ltscale": 1.0,
        "visible": "1",
        "thickness": 0.0,
        "ext": "(3:-0.003003440932991228,-0.004522054395397211,0.9999852650747446)",
        "height": 3.0,
        "text": "1644",
        "angle": 58.87298,
        "widthscale": 1.0,
        "oblique": 0.0,
        "style": "Standard",
        "textgen": "0",
        "alignh": "0",
        "alignv": "0",
        "interlin": -1.0,
        "lat": 29.79163,
        "lon": 52.46049
      },
      "geometry": {
        "type": "Point",
        "coordinates": [52.460487216599283, 29.791632811727503]
      }
    },
    {
      "type": "Feature",
      "properties": {
        "fid": 281.0,
        "handle": "17649",
        "block": "-1",
        "etype": "25",
        "space": "0",
        "layer": "PLAK",
        "olinetype": "bylayer",
        "linetype": null,
        "color": "255,255,255,255",
        "ocolor": "7",
        "color24": "16777215",
        "transparen": "0",
        "lweight": "-1",
        "linewidth": 0.0,
        "ltscale": 1.0,
        "visible": "1",
        "thickness": 0.0,
        "ext": "(3:-0.003003440932991228,-0.004522054395397211,0.9999852650747446)",
        "height": 3.0,
        "text": "1643",
        "angle": 58.87298,
        "widthscale": 1.0,
        "oblique": 0.0,
        "style": "Standard",
        "textgen": "0",
        "alignh": "0",
        "alignv": "0",
        "interlin": -1.0,
        "lat": 29.79153,
        "lon": 52.46066
      },
      "geometry": {
        "type": "Point",
        "coordinates": [52.460661560848521, 29.791530396216331]
      }
    },
    {
      "type": "Feature",
      "properties": {
        "fid": 282.0,
        "handle": "17650",
        "block": "-1",
        "etype": "25",
        "space": "0",
        "layer": "PLAK",
        "olinetype": "bylayer",
        "linetype": null,
        "color": "255,255,255,255",
        "ocolor": "7",
        "color24": "16777215",
        "transparen": "0",
        "lweight": "-1",
        "linewidth": 0.0,
        "ltscale": 1.0,
        "visible": "1",
        "thickness": 0.0,
        "ext": "(3:-0.003003440932991228,-0.004522054395397211,0.9999852650747446)",
        "height": 3.0,
        "text": "1642",
        "angle": 58.87298,
        "widthscale": 1.0,
        "oblique": 0.0,
        "style": "Standard",
        "textgen": "0",
        "alignh": "0",
        "alignv": "0",
        "interlin": -1.0,
        "lat": 29.79142,
        "lon": 52.46084
      },
      "geometry": {
        "type": "Point",
        "coordinates": [52.460837143949291, 29.791422450360084]
      }
    },
    {
      "type": "Feature",
      "properties": {
        "fid": 283.0,
        "handle": "17651",
        "block": "-1",
        "etype": "25",
        "space": "0",
        "layer": "PLAK",
        "olinetype": "bylayer",
        "linetype": null,
        "color": "255,255,255,255",
        "ocolor": "7",
        "color24": "16777215",
        "transparen": "0",
        "lweight": "-1",
        "linewidth": 0.0,
        "ltscale": 1.0,
        "visible": "1",
        "thickness": 0.0,
        "ext": "(3:-0.003003440932991228,-0.004522054395397211,0.9999852650747446)",
        "height": 3.0,
        "text": "1641",
        "angle": 58.87298,
        "widthscale": 1.0,
        "oblique": 0.0,
        "style": "Standard",
        "textgen": "0",
        "alignh": "0",
        "alignv": "0",
        "interlin": -1.0,
        "lat": 29.79133,
        "lon": 52.46102
      },
      "geometry": {
        "type": "Point",
        "coordinates": [52.461019139880754, 29.791329945312928]
      }
    },
    {
      "type": "Feature",
      "properties": {
        "fid": 284.0,
        "handle": "17652",
        "block": "-1",
        "etype": "25",
        "space": "0",
        "layer": "PLAK",
        "olinetype": "bylayer",
        "linetype": null,
        "color": "255,255,255,255",
        "ocolor": "7",
        "color24": "16777215",
        "transparen": "0",
        "lweight": "-1",
        "linewidth": 0.0,
        "ltscale": 1.0,
        "visible": "1",
        "thickness": 0.0,
        "ext": "(3:-0.003003440932991228,-0.004522054395397211,0.9999852650747446)",
        "height": 3.0,
        "text": "1640",
        "angle": 58.87298,
        "widthscale": 1.0,
        "oblique": 0.0,
        "style": "Standard",
        "textgen": "0",
        "alignh": "0",
        "alignv": "0",
        "interlin": -1.0,
        "lat": 29.79122,
        "lon": 52.46119
      },
      "geometry": {
        "type": "Point",
        "coordinates": [52.461188381443534, 29.791220921813796]
      }
    },
    {
      "type": "Feature",
      "properties": {
        "fid": 285.0,
        "handle": "17653",
        "block": "-1",
        "etype": "25",
        "space": "0",
        "layer": "PLAK",
        "olinetype": "bylayer",
        "linetype": null,
        "color": "255,255,255,255",
        "ocolor": "7",
        "color24": "16777215",
        "transparen": "0",
        "lweight": "-1",
        "linewidth": 0.0,
        "ltscale": 1.0,
        "visible": "1",
        "thickness": 0.0,
        "ext": "(3:-0.003003440932991228,-0.004522054395397211,0.9999852650747446)",
        "height": 3.0,
        "text": "1639",
        "angle": 58.87298,
        "widthscale": 1.0,
        "oblique": 0.0,
        "style": "Standard",
        "textgen": "0",
        "alignh": "0",
        "alignv": "0",
        "interlin": -1.0,
        "lat": 29.79112,
        "lon": 52.46139
      },
      "geometry": {
        "type": "Point",
        "coordinates": [52.461389326894007, 29.791117284140896]
      }
    },
    {
      "type": "Feature",
      "properties": {
        "fid": 286.0,
        "handle": "17654",
        "block": "-1",
        "etype": "25",
        "space": "0",
        "layer": "PLAK",
        "olinetype": "bylayer",
        "linetype": null,
        "color": "255,255,255,255",
        "ocolor": "7",
        "color24": "16777215",
        "transparen": "0",
        "lweight": "-1",
        "linewidth": 0.0,
        "ltscale": 1.0,
        "visible": "1",
        "thickness": 0.0,
        "ext": "(3:-0.003003440932991228,-0.004522054395397211,0.9999852650747446)",
        "height": 3.0,
        "text": "1647",
        "angle": 58.87298,
        "widthscale": 1.0,
        "oblique": 0.0,
        "style": "Standard",
        "textgen": "0",
        "alignh": "0",
        "alignv": "0",
        "interlin": -1.0,
        "lat": 29.79155,
        "lon": 52.4599
      },
      "geometry": {
        "type": "Point",
        "coordinates": [52.459870974094436, 29.791568535446817]
      }
    },
    {
      "type": "Feature",
      "properties": {
        "fid": 287.0,
        "handle": "17655",
        "block": "-1",
        "etype": "25",
        "space": "0",
        "layer": "PLAK",
        "olinetype": "bylayer",
        "linetype": null,
        "color": "255,255,255,255",
        "ocolor": "7",
        "color24": "16777215",
        "transparen": "0",
        "lweight": "-1",
        "linewidth": 0.0,
        "ltscale": 1.0,
        "visible": "1",
        "thickness": 0.0,
        "ext": "(3:-0.003003440932991228,-0.004522054395397211,0.9999852650747446)",
        "height": 3.0,
        "text": "1648",
        "angle": 58.87298,
        "widthscale": 1.0,
        "oblique": 0.0,
        "style": "Standard",
        "textgen": "0",
        "alignh": "0",
        "alignv": "0",
        "interlin": -1.0,
        "lat": 29.79148,
        "lon": 52.46
      },
      "geometry": {
        "type": "Point",
        "coordinates": [52.459973792963929, 29.791491567805227]
      }
    },
    {
      "type": "Feature",
      "properties": {
        "fid": 288.0,
        "handle": "17656",
        "block": "-1",
        "etype": "25",
        "space": "0",
        "layer": "PLAK",
        "olinetype": "bylayer",
        "linetype": null,
        "color": "255,255,255,255",
        "ocolor": "7",
        "color24": "16777215",
        "transparen": "0",
        "lweight": "-1",
        "linewidth": 0.0,
        "ltscale": 1.0,
        "visible": "1",
        "thickness": 0.0,
        "ext": "(3:-0.003003440932991228,-0.004522054395397211,0.9999852650747446)",
        "height": 3.0,
        "text": "1649",
        "angle": 58.87298,
        "widthscale": 1.0,
        "oblique": 0.0,
        "style": "Standard",
        "textgen": "0",
        "alignh": "0",
        "alignv": "0",
        "interlin": -1.0,
        "lat": 29.79143,
        "lon": 52.46009
      },
      "geometry": {
        "type": "Point",
        "coordinates": [52.460060407045027, 29.791442851235157]
      }
    },
    {
      "type": "Feature",
      "properties": {
        "fid": 289.0,
        "handle": "17657",
        "block": "-1",
        "etype": "25",
        "space": "0",
        "layer": "PLAK",
        "olinetype": "bylayer",
        "linetype": null,
        "color": "255,255,255,255",
        "ocolor": "7",
        "color24": "16777215",
        "transparen": "0",
        "lweight": "-1",
        "linewidth": 0.0,
        "ltscale": 1.0,
        "visible": "1",
        "thickness": 0.0,
        "ext": "(3:-0.003003440932991228,-0.004522054395397211,0.9999852650747446)",
        "height": 3.0,
        "text": "1650",
        "angle": 58.87298,
        "widthscale": 1.0,
        "oblique": 0.0,
        "style": "Standard",
        "textgen": "0",
        "alignh": "0",
        "alignv": "0",
        "interlin": -1.0,
        "lat": 29.79138,
        "lon": 52.46018
      },
      "geometry": {
        "type": "Point",
        "coordinates": [52.460153920136669, 29.791392721010006]
      }
    },
    {
      "type": "Feature",
      "properties": {
        "fid": 290.0,
        "handle": "17658",
        "block": "-1",
        "etype": "25",
        "space": "0",
        "layer": "PLAK",
        "olinetype": "bylayer",
        "linetype": null,
        "color": "255,255,255,255",
        "ocolor": "7",
        "color24": "16777215",
        "transparen": "0",
        "lweight": "-1",
        "linewidth": 0.0,
        "ltscale": 1.0,
        "visible": "1",
        "thickness": 0.0,
        "ext": "(3:-0.003003440932991228,-0.004522054395397211,0.9999852650747446)",
        "height": 3.0,
        "text": "1651",
        "angle": 58.87298,
        "widthscale": 1.0,
        "oblique": 0.0,
        "style": "Standard",
        "textgen": "0",
        "alignh": "0",
        "alignv": "0",
        "interlin": -1.0,
        "lat": 29.79132,
        "lon": 52.46029
      },
      "geometry": {
        "type": "Point",
        "coordinates": [52.460266383538283, 29.791331458664242]
      }
    },
    {
      "type": "Feature",
      "properties": {
        "fid": 291.0,
        "handle": "17659",
        "block": "-1",
        "etype": "25",
        "space": "0",
        "layer": "PLAK",
        "olinetype": "bylayer",
        "linetype": null,
        "color": "255,255,255,255",
        "ocolor": "7",
        "color24": "16777215",
        "transparen": "0",
        "lweight": "-1",
        "linewidth": 0.0,
        "ltscale": 1.0,
        "visible": "1",
        "thickness": 0.0,
        "ext": "(3:-0.003003440932991228,-0.004522054395397211,0.9999852650747446)",
        "height": 3.0,
        "text": "1652",
        "angle": 58.87298,
        "widthscale": 1.0,
        "oblique": 0.0,
        "style": "Standard",
        "textgen": "0",
        "alignh": "0",
        "alignv": "0",
        "interlin": -1.0,
        "lat": 29.79123,
        "lon": 52.46041
      },
      "geometry": {
        "type": "Point",
        "coordinates": [52.460383614329274, 29.791247466310267]
      }
    },
    {
      "type": "Feature",
      "properties": {
        "fid": 292.0,
        "handle": "17660",
        "block": "-1",
        "etype": "25",
        "space": "0",
        "layer": "PLAK",
        "olinetype": "bylayer",
        "linetype": null,
        "color": "255,255,255,255",
        "ocolor": "7",
        "color24": "16777215",
        "transparen": "0",
        "lweight": "-1",
        "linewidth": 0.0,
        "ltscale": 1.0,
        "visible": "1",
        "thickness": 0.0,
        "ext": "(3:-0.003003440932991228,-0.004522054395397211,0.9999852650747446)",
        "height": 3.0,
        "text": "1653",
        "angle": 58.87298,
        "widthscale": 1.0,
        "oblique": 0.0,
        "style": "Standard",
        "textgen": "0",
        "alignh": "0",
        "alignv": "0",
        "interlin": -1.0,
        "lat": 29.79117,
        "lon": 52.46052
      },
      "geometry": {
        "type": "Point",
        "coordinates": [52.46049882606458, 29.791184589166576]
      }
    },
    {
      "type": "Feature",
      "properties": {
        "fid": 293.0,
        "handle": "17661",
        "block": "-1",
        "etype": "25",
        "space": "0",
        "layer": "PLAK",
        "olinetype": "bylayer",
        "linetype": null,
        "color": "255,255,255,255",
        "ocolor": "7",
        "color24": "16777215",
        "transparen": "0",
        "lweight": "-1",
        "linewidth": 0.0,
        "ltscale": 1.0,
        "visible": "1",
        "thickness": 0.0,
        "ext": "(3:-0.003003440932991228,-0.004522054395397211,0.9999852650747446)",
        "height": 3.0,
        "text": "1654",
        "angle": 58.87298,
        "widthscale": 1.0,
        "oblique": 0.0,
        "style": "Standard",
        "textgen": "0",
        "alignh": "0",
        "alignv": "0",
        "interlin": -1.0,
        "lat": 29.79113,
        "lon": 52.4606
      },
      "geometry": {
        "type": "Point",
        "coordinates": [52.460570829395152, 29.791147814912343]
      }
    },
    {
      "type": "Feature",
      "properties": {
        "fid": 294.0,
        "handle": "17662",
        "block": "-1",
        "etype": "25",
        "space": "0",
        "layer": "PLAK",
        "olinetype": "bylayer",
        "linetype": null,
        "color": "255,255,255,255",
        "ocolor": "7",
        "color24": "16777215",
        "transparen": "0",
        "lweight": "-1",
        "linewidth": 0.0,
        "ltscale": 1.0,
        "visible": "1",
        "thickness": 0.0,
        "ext": "(3:-0.003003440932991228,-0.004522054395397211,0.9999852650747446)",
        "height": 3.0,
        "text": "1655",
        "angle": 58.87298,
        "widthscale": 1.0,
        "oblique": 0.0,
        "style": "Standard",
        "textgen": "0",
        "alignh": "0",
        "alignv": "0",
        "interlin": -1.0,
        "lat": 29.79107,
        "lon": 52.4607
      },
      "geometry": {
        "type": "Point",
        "coordinates": [52.460675712189683, 29.7910910050417]
      }
    },
    {
      "type": "Feature",
      "properties": {
        "fid": 295.0,
        "handle": "17663",
        "block": "-1",
        "etype": "25",
        "space": "0",
        "layer": "PLAK",
        "olinetype": "bylayer",
        "linetype": null,
        "color": "255,255,255,255",
        "ocolor": "7",
        "color24": "16777215",
        "transparen": "0",
        "lweight": "-1",
        "linewidth": 0.0,
        "ltscale": 1.0,
        "visible": "1",
        "thickness": 0.0,
        "ext": "(3:-0.003003440932991228,-0.004522054395397211,0.9999852650747446)",
        "height": 3.0,
        "text": "1656",
        "angle": 58.87298,
        "widthscale": 1.0,
        "oblique": 0.0,
        "style": "Standard",
        "textgen": "0",
        "alignh": "0",
        "alignv": "0",
        "interlin": -1.0,
        "lat": 29.791,
        "lon": 52.46081
      },
      "geometry": {
        "type": "Point",
        "coordinates": [52.460785551852439, 29.791012074783556]
      }
    },
    {
      "type": "Feature",
      "properties": {
        "fid": 296.0,
        "handle": "17664",
        "block": "-1",
        "etype": "25",
        "space": "0",
        "layer": "PLAK",
        "olinetype": "bylayer",
        "linetype": null,
        "color": "255,255,255,255",
        "ocolor": "7",
        "color24": "16777215",
        "transparen": "0",
        "lweight": "-1",
        "linewidth": 0.0,
        "ltscale": 1.0,
        "visible": "1",
        "thickness": 0.0,
        "ext": "(3:-0.003003440932991228,-0.004522054395397211,0.9999852650747446)",
        "height": 3.0,
        "text": "1657",
        "angle": 58.87298,
        "widthscale": 1.0,
        "oblique": 0.0,
        "style": "Standard",
        "textgen": "0",
        "alignh": "0",
        "alignv": "0",
        "interlin": -1.0,
        "lat": 29.79092,
        "lon": 52.46093
      },
      "geometry": {
        "type": "Point",
        "coordinates": [52.460901387226365, 29.790940545996015]
      }
    },
    {
      "type": "Feature",
      "properties": {
        "fid": 297.0,
        "handle": "17665",
        "block": "-1",
        "etype": "25",
        "space": "0",
        "layer": "PLAK",
        "olinetype": "bylayer",
        "linetype": null,
        "color": "255,255,255,255",
        "ocolor": "7",
        "color24": "16777215",
        "transparen": "0",
        "lweight": "-1",
        "linewidth": 0.0,
        "ltscale": 1.0,
        "visible": "1",
        "thickness": 0.0,
        "ext": "(3:-0.003003440932991228,-0.004522054395397211,0.9999852650747446)",
        "height": 3.0,
        "text": "1658",
        "angle": 58.87298,
        "widthscale": 1.0,
        "oblique": 0.0,
        "style": "Standard",
        "textgen": "0",
        "alignh": "0",
        "alignv": "0",
        "interlin": -1.0,
        "lat": 29.79087,
        "lon": 52.46104
      },
      "geometry": {
        "type": "Point",
        "coordinates": [52.461014274260819, 29.790888039237458]
      }
    },
    {
      "type": "Feature",
      "properties": {
        "fid": 298.0,
        "handle": "17666",
        "block": "-1",
        "etype": "25",
        "space": "0",
        "layer": "PLAK",
        "olinetype": "bylayer",
        "linetype": null,
        "color": "255,255,255,255",
        "ocolor": "7",
        "color24": "16777215",
        "transparen": "0",
        "lweight": "-1",
        "linewidth": 0.0,
        "ltscale": 1.0,
        "visible": "1",
        "thickness": 0.0,
        "ext": "(3:-0.003003440932991228,-0.004522054395397211,0.9999852650747446)",
        "height": 3.0,
        "text": "1659",
        "angle": 58.87298,
        "widthscale": 1.0,
        "oblique": 0.0,
        "style": "Standard",
        "textgen": "0",
        "alignh": "0",
        "alignv": "0",
        "interlin": -1.0,
        "lat": 29.79079,
        "lon": 52.46114
      },
      "geometry": {
        "type": "Point",
        "coordinates": [52.46111287605239, 29.79081078550271]
      }
    },
    {
      "type": "Feature",
      "properties": {
        "fid": 299.0,
        "handle": "17667",
        "block": "-1",
        "etype": "25",
        "space": "0",
        "layer": "PLAK",
        "olinetype": "bylayer",
        "linetype": null,
        "color": "255,255,255,255",
        "ocolor": "7",
        "color24": "16777215",
        "transparen": "0",
        "lweight": "-1",
        "linewidth": 0.0,
        "ltscale": 1.0,
        "visible": "1",
        "thickness": 0.0,
        "ext": "(3:-0.003003440932991228,-0.004522054395397211,0.9999852650747446)",
        "height": 3.0,
        "text": "1660",
        "angle": 58.87298,
        "widthscale": 1.0,
        "oblique": 0.0,
        "style": "Standard",
        "textgen": "0",
        "alignh": "0",
        "alignv": "0",
        "interlin": -1.0,
        "lat": 29.79073,
        "lon": 52.46125
      },
      "geometry": {
        "type": "Point",
        "coordinates": [52.461220560932126, 29.790750288193404]
      }
    },
    {
      "type": "Feature",
      "properties": {
        "fid": 300.0,
        "handle": "17668",
        "block": "-1",
        "etype": "25",
        "space": "0",
        "layer": "PLAK",
        "olinetype": "bylayer",
        "linetype": null,
        "color": "255,255,255,255",
        "ocolor": "7",
        "color24": "16777215",
        "transparen": "0",
        "lweight": "-1",
        "linewidth": 0.0,
        "ltscale": 1.0,
        "visible": "1",
        "thickness": 0.0,
        "ext": "(3:-0.003003440932991228,-0.004522054395397211,0.9999852650747446)",
        "height": 3.0,
        "text": "1674",
        "angle": 58.87298,
        "widthscale": 1.0,
        "oblique": 0.0,
        "style": "Standard",
        "textgen": "0",
        "alignh": "0",
        "alignv": "0",
        "interlin": -1.0,
        "lat": 29.79135,
        "lon": 52.45976
      },
      "geometry": {
        "type": "Point",
        "coordinates": [52.459737473069481, 29.791369757406571]
      }
    },
    {
      "type": "Feature",
      "properties": {
        "fid": 301.0,
        "handle": "17669",
        "block": "-1",
        "etype": "25",
        "space": "0",
        "layer": "PLAK",
        "olinetype": "bylayer",
        "linetype": null,
        "color": "255,255,255,255",
        "ocolor": "7",
        "color24": "16777215",
        "transparen": "0",
        "lweight": "-1",
        "linewidth": 0.0,
        "ltscale": 1.0,
        "visible": "1",
        "thickness": 0.0,
        "ext": "(3:-0.003003440932991228,-0.004522054395397211,0.9999852650747446)",
        "height": 3.0,
        "text": "1673",
        "angle": 58.87298,
        "widthscale": 1.0,
        "oblique": 0.0,
        "style": "Standard",
        "textgen": "0",
        "alignh": "0",
        "alignv": "0",
        "interlin": -1.0,
        "lat": 29.79128,
        "lon": 52.45986
      },
      "geometry": {
        "type": "Point",
        "coordinates": [52.459832175818121, 29.791297052186852]
      }
    },
    {
      "type": "Feature",
      "properties": {
        "fid": 302.0,
        "handle": "17670",
        "block": "-1",
        "etype": "25",
        "space": "0",
        "layer": "PLAK",
        "olinetype": "bylayer",
        "linetype": null,
        "color": "255,255,255,255",
        "ocolor": "7",
        "color24": "16777215",
        "transparen": "0",
        "lweight": "-1",
        "linewidth": 0.0,
        "ltscale": 1.0,
        "visible": "1",
        "thickness": 0.0,
        "ext": "(3:-0.003003440932991228,-0.004522054395397211,0.9999852650747446)",
        "height": 3.0,
        "text": "1672",
        "angle": 58.87298,
        "widthscale": 1.0,
        "oblique": 0.0,
        "style": "Standard",
        "textgen": "0",
        "alignh": "0",
        "alignv": "0",
        "interlin": -1.0,
        "lat": 29.79124,
        "lon": 52.45993
      },
      "geometry": {
        "type": "Point",
        "coordinates": [52.459909516068961, 29.791254156337274]
      }
    },
    {
      "type": "Feature",
      "properties": {
        "fid": 303.0,
        "handle": "17671",
        "block": "-1",
        "etype": "25",
        "space": "0",
        "layer": "PLAK",
        "olinetype": "bylayer",
        "linetype": null,
        "color": "255,255,255,255",
        "ocolor": "7",
        "color24": "16777215",
        "transparen": "0",
        "lweight": "-1",
        "linewidth": 0.0,
        "ltscale": 1.0,
        "visible": "1",
        "thickness": 0.0,
        "ext": "(3:-0.003003440932991228,-0.004522054395397211,0.9999852650747446)",
        "height": 3.0,
        "text": "1671",
        "angle": 58.87298,
        "widthscale": 1.0,
        "oblique": 0.0,
        "style": "Standard",
        "textgen": "0",
        "alignh": "0",
        "alignv": "0",
        "interlin": -1.0,
        "lat": 29.79119,
        "lon": 52.46005
      },
      "geometry": {
        "type": "Point",
        "coordinates": [52.460022446634071, 29.791201036632408]
      }
    },
    {
      "type": "Feature",
      "properties": {
        "fid": 304.0,
        "handle": "17672",
        "block": "-1",
        "etype": "25",
        "space": "0",
        "layer": "PLAK",
        "olinetype": "bylayer",
        "linetype": null,
        "color": "255,255,255,255",
        "ocolor": "7",
        "color24": "16777215",
        "transparen": "0",
        "lweight": "-1",
        "linewidth": 0.0,
        "ltscale": 1.0,
        "visible": "1",
        "thickness": 0.0,
        "ext": "(3:-0.003003440932991228,-0.004522054395397211,0.9999852650747446)",
        "height": 3.0,
        "text": "1670",
        "angle": 58.87298,
        "widthscale": 1.0,
        "oblique": 0.0,
        "style": "Standard",
        "textgen": "0",
        "alignh": "0",
        "alignv": "0",
        "interlin": -1.0,
        "lat": 29.79112,
        "lon": 52.46012
      },
      "geometry": {
        "type": "Point",
        "coordinates": [52.460094109255941, 29.791137740930495]
      }
    },
    {
      "type": "Feature",
      "properties": {
        "fid": 305.0,
        "handle": "17673",
        "block": "-1",
        "etype": "25",
        "space": "0",
        "layer": "PLAK",
        "olinetype": "bylayer",
        "linetype": null,
        "color": "255,255,255,255",
        "ocolor": "7",
        "color24": "16777215",
        "transparen": "0",
        "lweight": "-1",
        "linewidth": 0.0,
        "ltscale": 1.0,
        "visible": "1",
        "thickness": 0.0,
        "ext": "(3:-0.003003440932991228,-0.004522054395397211,0.9999852650747446)",
        "height": 3.0,
        "text": "1669",
        "angle": 58.87298,
        "widthscale": 1.0,
        "oblique": 0.0,
        "style": "Standard",
        "textgen": "0",
        "alignh": "0",
        "alignv": "0",
        "interlin": -1.0,
        "lat": 29.79105,
        "lon": 52.46029
      },
      "geometry": {
        "type": "Point",
        "coordinates": [52.460268062817747, 29.791070852453874]
      }
    },
    {
      "type": "Feature",
      "properties": {
        "fid": 306.0,
        "handle": "17674",
        "block": "-1",
        "etype": "25",
        "space": "0",
        "layer": "PLAK",
        "olinetype": "bylayer",
        "linetype": null,
        "color": "255,255,255,255",
        "ocolor": "7",
        "color24": "16777215",
        "transparen": "0",
        "lweight": "-1",
        "linewidth": 0.0,
        "ltscale": 1.0,
        "visible": "1",
        "thickness": 0.0,
        "ext": "(3:-0.003003440932991228,-0.004522054395397211,0.9999852650747446)",
        "height": 3.0,
        "text": "1668",
        "angle": 58.87298,
        "widthscale": 1.0,
        "oblique": 0.0,
        "style": "Standard",
        "textgen": "0",
        "alignh": "0",
        "alignv": "0",
        "interlin": -1.0,
        "lat": 29.791,
        "lon": 52.46035
      },
      "geometry": {
        "type": "Point",
        "coordinates": [52.460329443287442, 29.791020697147598]
      }
    },
    {
      "type": "Feature",
      "properties": {
        "fid": 307.0,
        "handle": "17675",
        "block": "-1",
        "etype": "25",
        "space": "0",
        "layer": "PLAK",
        "olinetype": "bylayer",
        "linetype": null,
        "color": "255,255,255,255",
        "ocolor": "7",
        "color24": "16777215",
        "transparen": "0",
        "lweight": "-1",
        "linewidth": 0.0,
        "ltscale": 1.0,
        "visible": "1",
        "thickness": 0.0,
        "ext": "(3:-0.003003440932991228,-0.004522054395397211,0.9999852650747446)",
        "height": 3.0,
        "text": "1667",
        "angle": 58.87298,
        "widthscale": 1.0,
        "oblique": 0.0,
        "style": "Standard",
        "textgen": "0",
        "alignh": "0",
        "alignv": "0",
        "interlin": -1.0,
        "lat": 29.79095,
        "lon": 52.46044
      },
      "geometry": {
        "type": "Point",
        "coordinates": [52.460412072618766, 29.790961395793811]
      }
    },
    {
      "type": "Feature",
      "properties": {
        "fid": 308.0,
        "handle": "17676",
        "block": "-1",
        "etype": "25",
        "space": "0",
        "layer": "PLAK",
        "olinetype": "bylayer",
        "linetype": null,
        "color": "255,255,255,255",
        "ocolor": "7",
        "color24": "16777215",
        "transparen": "0",
        "lweight": "-1",
        "linewidth": 0.0,
        "ltscale": 1.0,
        "visible": "1",
        "thickness": 0.0,
        "ext": "(3:-0.003003440932991228,-0.004522054395397211,0.9999852650747446)",
        "height": 3.0,
        "text": "1666",
        "angle": 58.87298,
        "widthscale": 1.0,
        "oblique": 0.0,
        "style": "Standard",
        "textgen": "0",
        "alignh": "0",
        "alignv": "0",
        "interlin": -1.0,
        "lat": 29.79088,
        "lon": 52.46054
      },
      "geometry": {
        "type": "Point",
        "coordinates": [52.460515600063943, 29.790897476111756]
      }
    },
    {
      "type": "Feature",
      "properties": {
        "fid": 309.0,
        "handle": "17677",
        "block": "-1",
        "etype": "25",
        "space": "0",
        "layer": "PLAK",
        "olinetype": "bylayer",
        "linetype": null,
        "color": "255,255,255,255",
        "ocolor": "7",
        "color24": "16777215",
        "transparen": "0",
        "lweight": "-1",
        "linewidth": 0.0,
        "ltscale": 1.0,
        "visible": "1",
        "thickness": 0.0,
        "ext": "(3:-0.003003440932991228,-0.004522054395397211,0.9999852650747446)",
        "height": 3.0,
        "text": "1665",
        "angle": 58.87298,
        "widthscale": 1.0,
        "oblique": 0.0,
        "style": "Standard",
        "textgen": "0",
        "alignh": "0",
        "alignv": "0",
        "interlin": -1.0,
        "lat": 29.79082,
        "lon": 52.46065
      },
      "geometry": {
        "type": "Point",
        "coordinates": [52.460621623382671, 29.790835841192198]
      }
    },
    {
      "type": "Feature",
      "properties": {
        "fid": 310.0,
        "handle": "17678",
        "block": "-1",
        "etype": "25",
        "space": "0",
        "layer": "PLAK",
        "olinetype": "bylayer",
        "linetype": null,
        "color": "255,255,255,255",
        "ocolor": "7",
        "color24": "16777215",
        "transparen": "0",
        "lweight": "-1",
        "linewidth": 0.0,
        "ltscale": 1.0,
        "visible": "1",
        "thickness": 0.0,
        "ext": "(3:-0.003003440932991228,-0.004522054395397211,0.9999852650747446)",
        "height": 3.0,
        "text": "1664",
        "angle": 58.87298,
        "widthscale": 1.0,
        "oblique": 0.0,
        "style": "Standard",
        "textgen": "0",
        "alignh": "0",
        "alignv": "0",
        "interlin": -1.0,
        "lat": 29.79074,
        "lon": 52.46079
      },
      "geometry": {
        "type": "Point",
        "coordinates": [52.460760404884347, 29.790751404447551]
      }
    },
    {
      "type": "Feature",
      "properties": {
        "fid": 311.0,
        "handle": "17679",
        "block": "-1",
        "etype": "25",
        "space": "0",
        "layer": "PLAK",
        "olinetype": "bylayer",
        "linetype": null,
        "color": "255,255,255,255",
        "ocolor": "7",
        "color24": "16777215",
        "transparen": "0",
        "lweight": "-1",
        "linewidth": 0.0,
        "ltscale": 1.0,
        "visible": "1",
        "thickness": 0.0,
        "ext": "(3:-0.003003440932991228,-0.004522054395397211,0.9999852650747446)",
        "height": 3.0,
        "text": "1663",
        "angle": 58.87298,
        "widthscale": 1.0,
        "oblique": 0.0,
        "style": "Standard",
        "textgen": "0",
        "alignh": "0",
        "alignv": "0",
        "interlin": -1.0,
        "lat": 29.7907,
        "lon": 52.46085
      },
      "geometry": {
        "type": "Point",
        "coordinates": [52.460827931401205, 29.790714377993851]
      }
    },
    {
      "type": "Feature",
      "properties": {
        "fid": 312.0,
        "handle": "17680",
        "block": "-1",
        "etype": "25",
        "space": "0",
        "layer": "PLAK",
        "olinetype": "bylayer",
        "linetype": null,
        "color": "255,255,255,255",
        "ocolor": "7",
        "color24": "16777215",
        "transparen": "0",
        "lweight": "-1",
        "linewidth": 0.0,
        "ltscale": 1.0,
        "visible": "1",
        "thickness": 0.0,
        "ext": "(3:-0.003003440932991228,-0.004522054395397211,0.9999852650747446)",
        "height": 3.0,
        "text": "1662",
        "angle": 58.87298,
        "widthscale": 1.0,
        "oblique": 0.0,
        "style": "Standard",
        "textgen": "0",
        "alignh": "0",
        "alignv": "0",
        "interlin": -1.0,
        "lat": 29.79064,
        "lon": 52.46097
      },
      "geometry": {
        "type": "Point",
        "coordinates": [52.460943433354046, 29.790660016067939]
      }
    },
    {
      "type": "Feature",
      "properties": {
        "fid": 313.0,
        "handle": "17681",
        "block": "-1",
        "etype": "25",
        "space": "0",
        "layer": "PLAK",
        "olinetype": "bylayer",
        "linetype": null,
        "color": "255,255,255,255",
        "ocolor": "7",
        "color24": "16777215",
        "transparen": "0",
        "lweight": "-1",
        "linewidth": 0.0,
        "ltscale": 1.0,
        "visible": "1",
        "thickness": 0.0,
        "ext": "(3:-0.003003440932991228,-0.004522054395397211,0.9999852650747446)",
        "height": 3.0,
        "text": "1661",
        "angle": 58.87298,
        "widthscale": 1.0,
        "oblique": 0.0,
        "style": "Standard",
        "textgen": "0",
        "alignh": "0",
        "alignv": "0",
        "interlin": -1.0,
        "lat": 29.79058,
        "lon": 52.46107
      },
      "geometry": {
        "type": "Point",
        "coordinates": [52.461044453077122, 29.790591068565362]
      }
    },
    {
      "type": "Feature",
      "properties": {
        "fid": 314.0,
        "handle": "17682",
        "block": "-1",
        "etype": "25",
        "space": "0",
        "layer": "PLAK",
        "olinetype": "bylayer",
        "linetype": null,
        "color": "255,255,255,255",
        "ocolor": "7",
        "color24": "16777215",
        "transparen": "0",
        "lweight": "-1",
        "linewidth": 0.0,
        "ltscale": 1.0,
        "visible": "1",
        "thickness": 0.0,
        "ext": "(3:-0.003003440932991228,-0.004522054395397211,0.9999852650747446)",
        "height": 3.0,
        "text": "1675",
        "angle": 58.87298,
        "widthscale": 1.0,
        "oblique": 0.0,
        "style": "Standard",
        "textgen": "0",
        "alignh": "0",
        "alignv": "0",
        "interlin": -1.0,
        "lat": 29.79102,
        "lon": 52.45953
      },
      "geometry": {
        "type": "Point",
        "coordinates": [52.459525665467986, 29.791057646029564]
      }
    },
    {
      "type": "Feature",
      "properties": {
        "fid": 315.0,
        "handle": "17683",
        "block": "-1",
        "etype": "25",
        "space": "0",
        "layer": "PLAK",
        "olinetype": "bylayer",
        "linetype": null,
        "color": "255,255,255,255",
        "ocolor": "7",
        "color24": "16777215",
        "transparen": "0",
        "lweight": "-1",
        "linewidth": 0.0,
        "ltscale": 1.0,
        "visible": "1",
        "thickness": 0.0,
        "ext": "(3:-0.003003440932991228,-0.004522054395397211,0.9999852650747446)",
        "height": 3.0,
        "text": "1676",
        "angle": 58.87298,
        "widthscale": 1.0,
        "oblique": 0.0,
        "style": "Standard",
        "textgen": "0",
        "alignh": "0",
        "alignv": "0",
        "interlin": -1.0,
        "lat": 29.79097,
        "lon": 52.45962
      },
      "geometry": {
        "type": "Point",
        "coordinates": [52.45961268569279, 29.791011869677508]
      }
    },
    {
      "type": "Feature",
      "properties": {
        "fid": 316.0,
        "handle": "17684",
        "block": "-1",
        "etype": "25",
        "space": "0",
        "layer": "PLAK",
        "olinetype": "bylayer",
        "linetype": null,
        "color": "255,255,255,255",
        "ocolor": "7",
        "color24": "16777215",
        "transparen": "0",
        "lweight": "-1",
        "linewidth": 0.0,
        "ltscale": 1.0,
        "visible": "1",
        "thickness": 0.0,
        "ext": "(3:-0.003003440932991228,-0.004522054395397211,0.9999852650747446)",
        "height": 3.0,
        "text": "1677",
        "angle": 58.87298,
        "widthscale": 1.0,
        "oblique": 0.0,
        "style": "Standard",
        "textgen": "0",
        "alignh": "0",
        "alignv": "0",
        "interlin": -1.0,
        "lat": 29.79092,
        "lon": 52.45972
      },
      "geometry": {
        "type": "Point",
        "coordinates": [52.459712788169774, 29.790958578493001]
      }
    },
    {
      "type": "Feature",
      "properties": {
        "fid": 317.0,
        "handle": "17685",
        "block": "-1",
        "etype": "25",
        "space": "0",
        "layer": "PLAK",
        "olinetype": "bylayer",
        "linetype": null,
        "color": "255,255,255,255",
        "ocolor": "7",
        "color24": "16777215",
        "transparen": "0",
        "lweight": "-1",
        "linewidth": 0.0,
        "ltscale": 1.0,
        "visible": "1",
        "thickness": 0.0,
        "ext": "(3:-0.003003440932991228,-0.004522054395397211,0.9999852650747446)",
        "height": 3.0,
        "text": "1678",
        "angle": 58.87298,
        "widthscale": 1.0,
        "oblique": 0.0,
        "style": "Standard",
        "textgen": "0",
        "alignh": "0",
        "alignv": "0",
        "interlin": -1.0,
        "lat": 29.79086,
        "lon": 52.45981
      },
      "geometry": {
        "type": "Point",
        "coordinates": [52.459804632576393, 29.790899554712912]
      }
    },
    {
      "type": "Feature",
      "properties": {
        "fid": 318.0,
        "handle": "17686",
        "block": "-1",
        "etype": "25",
        "space": "0",
        "layer": "PLAK",
        "olinetype": "bylayer",
        "linetype": null,
        "color": "255,255,255,255",
        "ocolor": "7",
        "color24": "16777215",
        "transparen": "0",
        "lweight": "-1",
        "linewidth": 0.0,
        "ltscale": 1.0,
        "visible": "1",
        "thickness": 0.0,
        "ext": "(3:-0.003003440932991228,-0.004522054395397211,0.9999852650747446)",
        "height": 3.0,
        "text": "1679",
        "angle": 58.87298,
        "widthscale": 1.0,
        "oblique": 0.0,
        "style": "Standard",
        "textgen": "0",
        "alignh": "0",
        "alignv": "0",
        "interlin": -1.0,
        "lat": 29.79079,
        "lon": 52.45994
      },
      "geometry": {
        "type": "Point",
        "coordinates": [52.459929467139879, 29.790828489423046]
      }
    },
    {
      "type": "Feature",
      "properties": {
        "fid": 319.0,
        "handle": "17687",
        "block": "-1",
        "etype": "25",
        "space": "0",
        "layer": "PLAK",
        "olinetype": "bylayer",
        "linetype": null,
        "color": "255,255,255,255",
        "ocolor": "7",
        "color24": "16777215",
        "transparen": "0",
        "lweight": "-1",
        "linewidth": 0.0,
        "ltscale": 1.0,
        "visible": "1",
        "thickness": 0.0,
        "ext": "(3:-0.003003440932991228,-0.004522054395397211,0.9999852650747446)",
        "height": 3.0,
        "text": "1680",
        "angle": 58.87298,
        "widthscale": 1.0,
        "oblique": 0.0,
        "style": "Standard",
        "textgen": "0",
        "alignh": "0",
        "alignv": "0",
        "interlin": -1.0,
        "lat": 29.79074,
        "lon": 52.46004
      },
      "geometry": {
        "type": "Point",
        "coordinates": [52.460035352676861, 29.790775942985498]
      }
    },
    {
      "type": "Feature",
      "properties": {
        "fid": 320.0,
        "handle": "17688",
        "block": "-1",
        "etype": "25",
        "space": "0",
        "layer": "PLAK",
        "olinetype": "bylayer",
        "linetype": null,
        "color": "255,255,255,255",
        "ocolor": "7",
        "color24": "16777215",
        "transparen": "0",
        "lweight": "-1",
        "linewidth": 0.0,
        "ltscale": 1.0,
        "visible": "1",
        "thickness": 0.0,
        "ext": "(3:-0.003003440932991228,-0.004522054395397211,0.9999852650747446)",
        "height": 3.0,
        "text": "1681",
        "angle": 58.87298,
        "widthscale": 1.0,
        "oblique": 0.0,
        "style": "Standard",
        "textgen": "0",
        "alignh": "0",
        "alignv": "0",
        "interlin": -1.0,
        "lat": 29.7907,
        "lon": 52.46011
      },
      "geometry": {
        "type": "Point",
        "coordinates": [52.460100542885407, 29.79073662496943]
      }
    },
    {
      "type": "Feature",
      "properties": {
        "fid": 321.0,
        "handle": "17689",
        "block": "-1",
        "etype": "25",
        "space": "0",
        "layer": "PLAK",
        "olinetype": "bylayer",
        "linetype": null,
        "color": "255,255,255,255",
        "ocolor": "7",
        "color24": "16777215",
        "transparen": "0",
        "lweight": "-1",
        "linewidth": 0.0,
        "ltscale": 1.0,
        "visible": "1",
        "thickness": 0.0,
        "ext": "(3:-0.003003440932991228,-0.004522054395397211,0.9999852650747446)",
        "height": 3.0,
        "text": "1682",
        "angle": 58.87298,
        "widthscale": 1.0,
        "oblique": 0.0,
        "style": "Standard",
        "textgen": "0",
        "alignh": "0",
        "alignv": "0",
        "interlin": -1.0,
        "lat": 29.79061,
        "lon": 52.46025
      },
      "geometry": {
        "type": "Point",
        "coordinates": [52.460247210829067, 29.790647711491754]
      }
    },
    {
      "type": "Feature",
      "properties": {
        "fid": 322.0,
        "handle": "17690",
        "block": "-1",
        "etype": "25",
        "space": "0",
        "layer": "PLAK",
        "olinetype": "bylayer",
        "linetype": null,
        "color": "255,255,255,255",
        "ocolor": "7",
        "color24": "16777215",
        "transparen": "0",
        "lweight": "-1",
        "linewidth": 0.0,
        "ltscale": 1.0,
        "visible": "1",
        "thickness": 0.0,
        "ext": "(3:-0.003003440932991228,-0.004522054395397211,0.9999852650747446)",
        "height": 3.0,
        "text": "1683",
        "angle": 58.87298,
        "widthscale": 1.0,
        "oblique": 0.0,
        "style": "Standard",
        "textgen": "0",
        "alignh": "0",
        "alignv": "0",
        "interlin": -1.0,
        "lat": 29.79057,
        "lon": 52.46031
      },
      "geometry": {
        "type": "Point",
        "coordinates": [52.460307684990852, 29.790605338519246]
      }
    },
    {
      "type": "Feature",
      "properties": {
        "fid": 323.0,
        "handle": "17691",
        "block": "-1",
        "etype": "25",
        "space": "0",
        "layer": "PLAK",
        "olinetype": "bylayer",
        "linetype": null,
        "color": "255,255,255,255",
        "ocolor": "7",
        "color24": "16777215",
        "transparen": "0",
        "lweight": "-1",
        "linewidth": 0.0,
        "ltscale": 1.0,
        "visible": "1",
        "thickness": 0.0,
        "ext": "(3:-0.003003440932991228,-0.004522054395397211,0.9999852650747446)",
        "height": 3.0,
        "text": "1684",
        "angle": 58.87298,
        "widthscale": 1.0,
        "oblique": 0.0,
        "style": "Standard",
        "textgen": "0",
        "alignh": "0",
        "alignv": "0",
        "interlin": -1.0,
        "lat": 29.79051,
        "lon": 52.46042
      },
      "geometry": {
        "type": "Point",
        "coordinates": [52.460412567360997, 29.790548528857649]
      }
    },
    {
      "type": "Feature",
      "properties": {
        "fid": 324.0,
        "handle": "17692",
        "block": "-1",
        "etype": "25",
        "space": "0",
        "layer": "PLAK",
        "olinetype": "bylayer",
        "linetype": null,
        "color": "255,255,255,255",
        "ocolor": "7",
        "color24": "16777215",
        "transparen": "0",
        "lweight": "-1",
        "linewidth": 0.0,
        "ltscale": 1.0,
        "visible": "1",
        "thickness": 0.0,
        "ext": "(3:-0.003003440932991228,-0.004522054395397211,0.9999852650747446)",
        "height": 3.0,
        "text": "1685",
        "angle": 58.87298,
        "widthscale": 1.0,
        "oblique": 0.0,
        "style": "Standard",
        "textgen": "0",
        "alignh": "0",
        "alignv": "0",
        "interlin": -1.0,
        "lat": 29.79044,
        "lon": 52.46052
      },
      "geometry": {
        "type": "Point",
        "coordinates": [52.46051613806992, 29.790482885426133]
      }
    },
    {
      "type": "Feature",
      "properties": {
        "fid": 325.0,
        "handle": "17693",
        "block": "-1",
        "etype": "25",
        "space": "0",
        "layer": "PLAK",
        "olinetype": "bylayer",
        "linetype": null,
        "color": "255,255,255,255",
        "ocolor": "7",
        "color24": "16777215",
        "transparen": "0",
        "lweight": "-1",
        "linewidth": 0.0,
        "ltscale": 1.0,
        "visible": "1",
        "thickness": 0.0,
        "ext": "(3:-0.003003440932991228,-0.004522054395397211,0.9999852650747446)",
        "height": 3.0,
        "text": "1686",
        "angle": 58.87298,
        "widthscale": 1.0,
        "oblique": 0.0,
        "style": "Standard",
        "textgen": "0",
        "alignh": "0",
        "alignv": "0",
        "interlin": -1.0,
        "lat": 29.79039,
        "lon": 52.46061
      },
      "geometry": {
        "type": "Point",
        "coordinates": [52.460606867725382, 29.790428738469142]
      }
    },
    {
      "type": "Feature",
      "properties": {
        "fid": 326.0,
        "handle": "17694",
        "block": "-1",
        "etype": "25",
        "space": "0",
        "layer": "PLAK",
        "olinetype": "bylayer",
        "linetype": null,
        "color": "255,255,255,255",
        "ocolor": "7",
        "color24": "16777215",
        "transparen": "0",
        "lweight": "-1",
        "linewidth": 0.0,
        "ltscale": 1.0,
        "visible": "1",
        "thickness": 0.0,
        "ext": "(3:-0.003003440932991228,-0.004522054395397211,0.9999852650747446)",
        "height": 3.0,
        "text": "1687",
        "angle": 58.87298,
        "widthscale": 1.0,
        "oblique": 0.0,
        "style": "Standard",
        "textgen": "0",
        "alignh": "0",
        "alignv": "0",
        "interlin": -1.0,
        "lat": 29.79032,
        "lon": 52.46077
      },
      "geometry": {
        "type": "Point",
        "coordinates": [52.460758391136508, 29.790356715188977]
      }
    },
    {
      "type": "Feature",
      "properties": {
        "fid": 327.0,
        "handle": "17695",
        "block": "-1",
        "etype": "25",
        "space": "0",
        "layer": "PLAK",
        "olinetype": "bylayer",
        "linetype": null,
        "color": "255,255,255,255",
        "ocolor": "7",
        "color24": "16777215",
        "transparen": "0",
        "lweight": "-1",
        "linewidth": 0.0,
        "ltscale": 1.0,
        "visible": "1",
        "thickness": 0.0,
        "ext": "(3:-0.003003440932991228,-0.004522054395397211,0.9999852650747446)",
        "height": 3.0,
        "text": "1688",
        "angle": 58.87298,
        "widthscale": 1.0,
        "oblique": 0.0,
        "style": "Standard",
        "textgen": "0",
        "alignh": "0",
        "alignv": "0",
        "interlin": -1.0,
        "lat": 29.79026,
        "lon": 52.46087
      },
      "geometry": {
        "type": "Point",
        "coordinates": [52.460866142636426, 29.790296486746591]
      }
    },
    {
      "type": "Feature",
      "properties": {
        "fid": 328.0,
        "handle": "17696",
        "block": "-1",
        "etype": "25",
        "space": "0",
        "layer": "PLAK",
        "olinetype": "bylayer",
        "linetype": null,
        "color": "255,255,255,255",
        "ocolor": "7",
        "color24": "16777215",
        "transparen": "0",
        "lweight": "-1",
        "linewidth": 0.0,
        "ltscale": 1.0,
        "visible": "1",
        "thickness": 0.0,
        "ext": "(3:-0.003003440932991228,-0.004522054395397211,0.9999852650747446)",
        "height": 3.0,
        "text": "1702",
        "angle": 58.87298,
        "widthscale": 1.0,
        "oblique": 0.0,
        "style": "Standard",
        "textgen": "0",
        "alignh": "0",
        "alignv": "0",
        "interlin": -1.0,
        "lat": 29.79088,
        "lon": 52.45936
      },
      "geometry": {
        "type": "Point",
        "coordinates": [52.459353853419948, 29.790914207501103]
      }
    },
    {
      "type": "Feature",
      "properties": {
        "fid": 329.0,
        "handle": "17697",
        "block": "-1",
        "etype": "25",
        "space": "0",
        "layer": "PLAK",
        "olinetype": "bylayer",
        "linetype": null,
        "color": "255,255,255,255",
        "ocolor": "7",
        "color24": "16777215",
        "transparen": "0",
        "lweight": "-1",
        "linewidth": 0.0,
        "ltscale": 1.0,
        "visible": "1",
        "thickness": 0.0,
        "ext": "(3:-0.003003440932991228,-0.004522054395397211,0.9999852650747446)",
        "height": 3.0,
        "text": "1701",
        "angle": 58.87298,
        "widthscale": 1.0,
        "oblique": 0.0,
        "style": "Standard",
        "textgen": "0",
        "alignh": "0",
        "alignv": "0",
        "interlin": -1.0,
        "lat": 29.79079,
        "lon": 52.45948
      },
      "geometry": {
        "type": "Point",
        "coordinates": [52.459475206577046, 29.790831485336582]
      }
    },
    {
      "type": "Feature",
      "properties": {
        "fid": 330.0,
        "handle": "17698",
        "block": "-1",
        "etype": "25",
        "space": "0",
        "layer": "PLAK",
        "olinetype": "bylayer",
        "linetype": null,
        "color": "255,255,255,255",
        "ocolor": "7",
        "color24": "16777215",
        "transparen": "0",
        "lweight": "-1",
        "linewidth": 0.0,
        "ltscale": 1.0,
        "visible": "1",
        "thickness": 0.0,
        "ext": "(3:-0.003003440932991228,-0.004522054395397211,0.9999852650747446)",
        "height": 3.0,
        "text": "1700",
        "angle": 58.87298,
        "widthscale": 1.0,
        "oblique": 0.0,
        "style": "Standard",
        "textgen": "0",
        "alignh": "0",
        "alignv": "0",
        "interlin": -1.0,
        "lat": 29.79073,
        "lon": 52.45959
      },
      "geometry": {
        "type": "Point",
        "coordinates": [52.459586126928365, 29.790765574445199]
      }
    },
    {
      "type": "Feature",
      "properties": {
        "fid": 331.0,
        "handle": "17699",
        "block": "-1",
        "etype": "25",
        "space": "0",
        "layer": "PLAK",
        "olinetype": "bylayer",
        "linetype": null,
        "color": "255,255,255,255",
        "ocolor": "7",
        "color24": "16777215",
        "transparen": "0",
        "lweight": "-1",
        "linewidth": 0.0,
        "ltscale": 1.0,
        "visible": "1",
        "thickness": 0.0,
        "ext": "(3:-0.003003440932991228,-0.004522054395397211,0.9999852650747446)",
        "height": 3.0,
        "text": "1699",
        "angle": 58.87298,
        "widthscale": 1.0,
        "oblique": 0.0,
        "style": "Standard",
        "textgen": "0",
        "alignh": "0",
        "alignv": "0",
        "interlin": -1.0,
        "lat": 29.79069,
        "lon": 52.45965
      },
      "geometry": {
        "type": "Point",
        "coordinates": [52.459641623382964, 29.790726570880629]
      }
    },
    {
      "type": "Feature",
      "properties": {
        "fid": 332.0,
        "handle": "17700",
        "block": "-1",
        "etype": "25",
        "space": "0",
        "layer": "PLAK",
        "olinetype": "bylayer",
        "linetype": null,
        "color": "255,255,255,255",
        "ocolor": "7",
        "color24": "16777215",
        "transparen": "0",
        "lweight": "-1",
        "linewidth": 0.0,
        "ltscale": 1.0,
        "visible": "1",
        "thickness": 0.0,
        "ext": "(3:-0.003003440932991228,-0.004522054395397211,0.9999852650747446)",
        "height": 3.0,
        "text": "1698",
        "angle": 58.87298,
        "widthscale": 1.0,
        "oblique": 0.0,
        "style": "Standard",
        "textgen": "0",
        "alignh": "0",
        "alignv": "0",
        "interlin": -1.0,
        "lat": 29.79062,
        "lon": 52.45977
      },
      "geometry": {
        "type": "Point",
        "coordinates": [52.459759280865967, 29.790662296343566]
      }
    },
    {
      "type": "Feature",
      "properties": {
        "fid": 333.0,
        "handle": "17701",
        "block": "-1",
        "etype": "25",
        "space": "0",
        "layer": "PLAK",
        "olinetype": "bylayer",
        "linetype": null,
        "color": "255,255,255,255",
        "ocolor": "7",
        "color24": "16777215",
        "transparen": "0",
        "lweight": "-1",
        "linewidth": 0.0,
        "ltscale": 1.0,
        "visible": "1",
        "thickness": 0.0,
        "ext": "(3:-0.003003440932991228,-0.004522054395397211,0.9999852650747446)",
        "height": 3.0,
        "text": "1697",
        "angle": 58.87298,
        "widthscale": 1.0,
        "oblique": 0.0,
        "style": "Standard",
        "textgen": "0",
        "alignh": "0",
        "alignv": "0",
        "interlin": -1.0,
        "lat": 29.79056,
        "lon": 52.45985
      },
      "geometry": {
        "type": "Point",
        "coordinates": [52.459841364984698, 29.790601937702775]
      }
    },
    {
      "type": "Feature",
      "properties": {
        "fid": 334.0,
        "handle": "17702",
        "block": "-1",
        "etype": "25",
        "space": "0",
        "layer": "PLAK",
        "olinetype": "bylayer",
        "linetype": null,
        "color": "255,255,255,255",
        "ocolor": "7",
        "color24": "16777215",
        "transparen": "0",
        "lweight": "-1",
        "linewidth": 0.0,
        "ltscale": 1.0,
        "visible": "1",
        "thickness": 0.0,
        "ext": "(3:-0.003003440932991228,-0.004522054395397211,0.9999852650747446)",
        "height": 3.0,
        "text": "1696",
        "angle": 58.87298,
        "widthscale": 1.0,
        "oblique": 0.0,
        "style": "Standard",
        "textgen": "0",
        "alignh": "0",
        "alignv": "0",
        "interlin": -1.0,
        "lat": 29.79053,
        "lon": 52.45998
      },
      "geometry": {
        "type": "Point",
        "coordinates": [52.459978034165275, 29.79056368522885]
      }
    },
    {
      "type": "Feature",
      "properties": {
        "fid": 335.0,
        "handle": "17703",
        "block": "-1",
        "etype": "25",
        "space": "0",
        "layer": "PLAK",
        "olinetype": "bylayer",
        "linetype": null,
        "color": "255,255,255,255",
        "ocolor": "7",
        "color24": "16777215",
        "transparen": "0",
        "lweight": "-1",
        "linewidth": 0.0,
        "ltscale": 1.0,
        "visible": "1",
        "thickness": 0.0,
        "ext": "(3:-0.003003440932991228,-0.004522054395397211,0.9999852650747446)",
        "height": 3.0,
        "text": "1695",
        "angle": 58.87298,
        "widthscale": 1.0,
        "oblique": 0.0,
        "style": "Standard",
        "textgen": "0",
        "alignh": "0",
        "alignv": "0",
        "interlin": -1.0,
        "lat": 29.79046,
        "lon": 52.46008
      },
      "geometry": {
        "type": "Point",
        "coordinates": [52.460075264396338, 29.790496964881616]
      }
    },
    {
      "type": "Feature",
      "properties": {
        "fid": 336.0,
        "handle": "17704",
        "block": "-1",
        "etype": "25",
        "space": "0",
        "layer": "PLAK",
        "olinetype": "bylayer",
        "linetype": null,
        "color": "255,255,255,255",
        "ocolor": "7",
        "color24": "16777215",
        "transparen": "0",
        "lweight": "-1",
        "linewidth": 0.0,
        "ltscale": 1.0,
        "visible": "1",
        "thickness": 0.0,
        "ext": "(3:-0.003003440932991228,-0.004522054395397211,0.9999852650747446)",
        "height": 3.0,
        "text": "1694",
        "angle": 58.87298,
        "widthscale": 1.0,
        "oblique": 0.0,
        "style": "Standard",
        "textgen": "0",
        "alignh": "0",
        "alignv": "0",
        "interlin": -1.0,
        "lat": 29.7904,
        "lon": 52.46018
      },
      "geometry": {
        "type": "Point",
        "coordinates": [52.460175045244036, 29.790433548111572]
      }
    },
    {
      "type": "Feature",
      "properties": {
        "fid": 337.0,
        "handle": "17705",
        "block": "-1",
        "etype": "25",
        "space": "0",
        "layer": "PLAK",
        "olinetype": "bylayer",
        "linetype": null,
        "color": "255,255,255,255",
        "ocolor": "7",
        "color24": "16777215",
        "transparen": "0",
        "lweight": "-1",
        "linewidth": 0.0,
        "ltscale": 1.0,
        "visible": "1",
        "thickness": 0.0,
        "ext": "(3:-0.003003440932991228,-0.004522054395397211,0.9999852650747446)",
        "height": 3.0,
        "text": "1693",
        "angle": 58.87298,
        "widthscale": 1.0,
        "oblique": 0.0,
        "style": "Standard",
        "textgen": "0",
        "alignh": "0",
        "alignv": "0",
        "interlin": -1.0,
        "lat": 29.79032,
        "lon": 52.46029
      },
      "geometry": {
        "type": "Point",
        "coordinates": [52.460279855309324, 29.790362374767852]
      }
    },
    {
      "type": "Feature",
      "properties": {
        "fid": 338.0,
        "handle": "17706",
        "block": "-1",
        "etype": "25",
        "space": "0",
        "layer": "PLAK",
        "olinetype": "bylayer",
        "linetype": null,
        "color": "255,255,255,255",
        "ocolor": "7",
        "color24": "16777215",
        "transparen": "0",
        "lweight": "-1",
        "linewidth": 0.0,
        "ltscale": 1.0,
        "visible": "1",
        "thickness": 0.0,
        "ext": "(3:-0.003003440932991228,-0.004522054395397211,0.9999852650747446)",
        "height": 3.0,
        "text": "1692",
        "angle": 58.87298,
        "widthscale": 1.0,
        "oblique": 0.0,
        "style": "Standard",
        "textgen": "0",
        "alignh": "0",
        "alignv": "0",
        "interlin": -1.0,
        "lat": 29.79024,
        "lon": 52.46041
      },
      "geometry": {
        "type": "Point",
        "coordinates": [52.460403385448089, 29.790281931150915]
      }
    },
    {
      "type": "Feature",
      "properties": {
        "fid": 339.0,
        "handle": "17707",
        "block": "-1",
        "etype": "25",
        "space": "0",
        "layer": "PLAK",
        "olinetype": "bylayer",
        "linetype": null,
        "color": "255,255,255,255",
        "ocolor": "7",
        "color24": "16777215",
        "transparen": "0",
        "lweight": "-1",
        "linewidth": 0.0,
        "ltscale": 1.0,
        "visible": "1",
        "thickness": 0.0,
        "ext": "(3:-0.003003440932991228,-0.004522054395397211,0.9999852650747446)",
        "height": 3.0,
        "text": "1691",
        "angle": 58.87298,
        "widthscale": 1.0,
        "oblique": 0.0,
        "style": "Standard",
        "textgen": "0",
        "alignh": "0",
        "alignv": "0",
        "interlin": -1.0,
        "lat": 29.79019,
        "lon": 52.46051
      },
      "geometry": {
        "type": "Point",
        "coordinates": [52.460503329325697, 29.790224243374656]
      }
    },
    {
      "type": "Feature",
      "properties": {
        "fid": 340.0,
        "handle": "17708",
        "block": "-1",
        "etype": "25",
        "space": "0",
        "layer": "PLAK",
        "olinetype": "bylayer",
        "linetype": null,
        "color": "255,255,255,255",
        "ocolor": "7",
        "color24": "16777215",
        "transparen": "0",
        "lweight": "-1",
        "linewidth": 0.0,
        "ltscale": 1.0,
        "visible": "1",
        "thickness": 0.0,
        "ext": "(3:-0.003003440932991228,-0.004522054395397211,0.9999852650747446)",
        "height": 3.0,
        "text": "1690",
        "angle": 58.87298,
        "widthscale": 1.0,
        "oblique": 0.0,
        "style": "Standard",
        "textgen": "0",
        "alignh": "0",
        "alignv": "0",
        "interlin": -1.0,
        "lat": 29.79015,
        "lon": 52.4606
      },
      "geometry": {
        "type": "Point",
        "coordinates": [52.460595740556116, 29.790186415693594]
      }
    },
    {
      "type": "Feature",
      "properties": {
        "fid": 341.0,
        "handle": "17709",
        "block": "-1",
        "etype": "25",
        "space": "0",
        "layer": "PLAK",
        "olinetype": "bylayer",
        "linetype": null,
        "color": "255,255,255,255",
        "ocolor": "7",
        "color24": "16777215",
        "transparen": "0",
        "lweight": "-1",
        "linewidth": 0.0,
        "ltscale": 1.0,
        "visible": "1",
        "thickness": 0.0,
        "ext": "(3:-0.003003440932991228,-0.004522054395397211,0.9999852650747446)",
        "height": 3.0,
        "text": "1689",
        "angle": 58.87298,
        "widthscale": 1.0,
        "oblique": 0.0,
        "style": "Standard",
        "textgen": "0",
        "alignh": "0",
        "alignv": "0",
        "interlin": -1.0,
        "lat": 29.79009,
        "lon": 52.46072
      },
      "geometry": {
        "type": "Point",
        "coordinates": [52.4607082024203, 29.790125152986388]
      }
    },
    {
      "type": "Feature",
      "properties": {
        "fid": 342.0,
        "handle": "17710",
        "block": "-1",
        "etype": "25",
        "space": "0",
        "layer": "PLAK",
        "olinetype": "bylayer",
        "linetype": null,
        "color": "255,255,255,255",
        "ocolor": "7",
        "color24": "16777215",
        "transparen": "0",
        "lweight": "-1",
        "linewidth": 0.0,
        "ltscale": 1.0,
        "visible": "1",
        "thickness": 0.0,
        "ext": "(3:-0.003003440932991228,-0.004522054395397211,0.9999852650747446)",
        "height": 3.0,
        "text": "1720",
        "angle": 58.87298,
        "widthscale": 1.0,
        "oblique": 0.0,
        "style": "Standard",
        "textgen": "0",
        "alignh": "0",
        "alignv": "0",
        "interlin": -1.0,
        "lat": 29.79446,
        "lon": 52.45915
      },
      "geometry": {
        "type": "Point",
        "coordinates": [52.459145088322003, 29.794456386967823]
      }
    },
    {
      "type": "Feature",
      "properties": {
        "fid": 343.0,
        "handle": "17711",
        "block": "-1",
        "etype": "25",
        "space": "0",
        "layer": "PLAK",
        "olinetype": "bylayer",
        "linetype": null,
        "color": "255,255,255,255",
        "ocolor": "7",
        "color24": "16777215",
        "transparen": "0",
        "lweight": "-1",
        "linewidth": 0.0,
        "ltscale": 1.0,
        "visible": "1",
        "thickness": 0.0,
        "ext": "(3:-0.003003440932991228,-0.004522054395397211,0.9999852650747446)",
        "height": 3.0,
        "text": "1719",
        "angle": 58.87298,
        "widthscale": 1.0,
        "oblique": 0.0,
        "style": "Standard",
        "textgen": "0",
        "alignh": "0",
        "alignv": "0",
        "interlin": -1.0,
        "lat": 29.7944,
        "lon": 52.45926
      },
      "geometry": {
        "type": "Point",
        "coordinates": [52.459260896099181, 29.794397839674776]
      }
    },
    {
      "type": "Feature",
      "properties": {
        "fid": 344.0,
        "handle": "17712",
        "block": "-1",
        "etype": "25",
        "space": "0",
        "layer": "PLAK",
        "olinetype": "bylayer",
        "linetype": null,
        "color": "255,255,255,255",
        "ocolor": "7",
        "color24": "16777215",
        "transparen": "0",
        "lweight": "-1",
        "linewidth": 0.0,
        "ltscale": 1.0,
        "visible": "1",
        "thickness": 0.0,
        "ext": "(3:-0.003003440932991228,-0.004522054395397211,0.9999852650747446)",
        "height": 3.0,
        "text": "1718",
        "angle": 58.87298,
        "widthscale": 1.0,
        "oblique": 0.0,
        "style": "Standard",
        "textgen": "0",
        "alignh": "0",
        "alignv": "0",
        "interlin": -1.0,
        "lat": 29.79432,
        "lon": 52.4594
      },
      "geometry": {
        "type": "Point",
        "coordinates": [52.459395291784702, 29.794315413493241]
      }
    },
    {
      "type": "Feature",
      "properties": {
        "fid": 345.0,
        "handle": "17713",
        "block": "-1",
        "etype": "25",
        "space": "0",
        "layer": "PLAK",
        "olinetype": "bylayer",
        "linetype": null,
        "color": "255,255,255,255",
        "ocolor": "7",
        "color24": "16777215",
        "transparen": "0",
        "lweight": "-1",
        "linewidth": 0.0,
        "ltscale": 1.0,
        "visible": "1",
        "thickness": 0.0,
        "ext": "(3:-0.003003440932991228,-0.004522054395397211,0.9999852650747446)",
        "height": 3.0,
        "text": "1717",
        "angle": 58.87298,
        "widthscale": 1.0,
        "oblique": 0.0,
        "style": "Standard",
        "textgen": "0",
        "alignh": "0",
        "alignv": "0",
        "interlin": -1.0,
        "lat": 29.79425,
        "lon": 52.45951
      },
      "geometry": {
        "type": "Point",
        "coordinates": [52.459505735797137, 29.794254374900078]
      }
    },
    {
      "type": "Feature",
      "properties": {
        "fid": 346.0,
        "handle": "17714",
        "block": "-1",
        "etype": "25",
        "space": "0",
        "layer": "PLAK",
        "olinetype": "bylayer",
        "linetype": null,
        "color": "255,255,255,255",
        "ocolor": "7",
        "color24": "16777215",
        "transparen": "0",
        "lweight": "-1",
        "linewidth": 0.0,
        "ltscale": 1.0,
        "visible": "1",
        "thickness": 0.0,
        "ext": "(3:-0.003003440932991228,-0.004522054395397211,0.9999852650747446)",
        "height": 3.0,
        "text": "1716",
        "angle": 58.87298,
        "widthscale": 1.0,
        "oblique": 0.0,
        "style": "Standard",
        "textgen": "0",
        "alignh": "0",
        "alignv": "0",
        "interlin": -1.0,
        "lat": 29.79418,
        "lon": 52.45964
      },
      "geometry": {
        "type": "Point",
        "coordinates": [52.459638767113553, 29.794177382380038]
      }
    },
    {
      "type": "Feature",
      "properties": {
        "fid": 347.0,
        "handle": "17715",
        "block": "-1",
        "etype": "25",
        "space": "0",
        "layer": "PLAK",
        "olinetype": "bylayer",
        "linetype": null,
        "color": "255,255,255,255",
        "ocolor": "7",
        "color24": "16777215",
        "transparen": "0",
        "lweight": "-1",
        "linewidth": 0.0,
        "ltscale": 1.0,
        "visible": "1",
        "thickness": 0.0,
        "ext": "(3:-0.003003440932991228,-0.004522054395397211,0.9999852650747446)",
        "height": 3.0,
        "text": "1715",
        "angle": 58.87298,
        "widthscale": 1.0,
        "oblique": 0.0,
        "style": "Standard",
        "textgen": "0",
        "alignh": "0",
        "alignv": "0",
        "interlin": -1.0,
        "lat": 29.79407,
        "lon": 52.45982
      },
      "geometry": {
        "type": "Point",
        "coordinates": [52.459821930798554, 29.794065426362359]
      }
    },
    {
      "type": "Feature",
      "properties": {
        "fid": 348.0,
        "handle": "17716",
        "block": "-1",
        "etype": "25",
        "space": "0",
        "layer": "PLAK",
        "olinetype": "bylayer",
        "linetype": null,
        "color": "255,255,255,255",
        "ocolor": "7",
        "color24": "16777215",
        "transparen": "0",
        "lweight": "-1",
        "linewidth": 0.0,
        "ltscale": 1.0,
        "visible": "1",
        "thickness": 0.0,
        "ext": "(3:-0.003003440932991228,-0.004522054395397211,0.9999852650747446)",
        "height": 3.0,
        "text": "1714",
        "angle": 58.87298,
        "widthscale": 1.0,
        "oblique": 0.0,
        "style": "Standard",
        "textgen": "0",
        "alignh": "0",
        "alignv": "0",
        "interlin": -1.0,
        "lat": 29.79405,
        "lon": 52.45988
      },
      "geometry": {
        "type": "Point",
        "coordinates": [52.459877084096561, 29.794045720032475]
      }
    },
    {
      "type": "Feature",
      "properties": {
        "fid": 349.0,
        "handle": "17717",
        "block": "-1",
        "etype": "25",
        "space": "0",
        "layer": "PLAK",
        "olinetype": "bylayer",
        "linetype": null,
        "color": "255,255,255,255",
        "ocolor": "7",
        "color24": "16777215",
        "transparen": "0",
        "lweight": "-1",
        "linewidth": 0.0,
        "ltscale": 1.0,
        "visible": "1",
        "thickness": 0.0,
        "ext": "(3:-0.003003440932991228,-0.004522054395397211,0.9999852650747446)",
        "height": 3.0,
        "text": "1713",
        "angle": 58.87298,
        "widthscale": 1.0,
        "oblique": 0.0,
        "style": "Standard",
        "textgen": "0",
        "alignh": "0",
        "alignv": "0",
        "interlin": -1.0,
        "lat": 29.79398,
        "lon": 52.46
      },
      "geometry": {
        "type": "Point",
        "coordinates": [52.460001001536291, 29.793975927798279]
      }
    },
    {
      "type": "Feature",
      "properties": {
        "fid": 350.0,
        "handle": "17718",
        "block": "-1",
        "etype": "25",
        "space": "0",
        "layer": "PLAK",
        "olinetype": "bylayer",
        "linetype": null,
        "color": "255,255,255,255",
        "ocolor": "7",
        "color24": "16777215",
        "transparen": "0",
        "lweight": "-1",
        "linewidth": 0.0,
        "ltscale": 1.0,
        "visible": "1",
        "thickness": 0.0,
        "ext": "(3:-0.003003440932991228,-0.004522054395397211,0.9999852650747446)",
        "height": 3.0,
        "text": "1712",
        "angle": 58.87298,
        "widthscale": 1.0,
        "oblique": 0.0,
        "style": "Standard",
        "textgen": "0",
        "alignh": "0",
        "alignv": "0",
        "interlin": -1.0,
        "lat": 29.79391,
        "lon": 52.46011
      },
      "geometry": {
        "type": "Point",
        "coordinates": [52.460112226456729, 29.793906272630906]
      }
    },
    {
      "type": "Feature",
      "properties": {
        "fid": 351.0,
        "handle": "17719",
        "block": "-1",
        "etype": "25",
        "space": "0",
        "layer": "PLAK",
        "olinetype": "bylayer",
        "linetype": null,
        "color": "255,255,255,255",
        "ocolor": "7",
        "color24": "16777215",
        "transparen": "0",
        "lweight": "-1",
        "linewidth": 0.0,
        "ltscale": 1.0,
        "visible": "1",
        "thickness": 0.0,
        "ext": "(3:-0.003003440932991228,-0.004522054395397211,0.9999852650747446)",
        "height": 3.0,
        "text": "1711",
        "angle": 58.87298,
        "widthscale": 1.0,
        "oblique": 0.0,
        "style": "Standard",
        "textgen": "0",
        "alignh": "0",
        "alignv": "0",
        "interlin": -1.0,
        "lat": 29.79383,
        "lon": 52.46024
      },
      "geometry": {
        "type": "Point",
        "coordinates": [52.460236175120265, 29.793830820005915]
      }
    },
    {
      "type": "Feature",
      "properties": {
        "fid": 352.0,
        "handle": "17720",
        "block": "-1",
        "etype": "25",
        "space": "0",
        "layer": "PLAK",
        "olinetype": "bylayer",
        "linetype": null,
        "color": "255,255,255,255",
        "ocolor": "7",
        "color24": "16777215",
        "transparen": "0",
        "lweight": "-1",
        "linewidth": 0.0,
        "ltscale": 1.0,
        "visible": "1",
        "thickness": 0.0,
        "ext": "(3:-0.003003440932991228,-0.004522054395397211,0.9999852650747446)",
        "height": 3.0,
        "text": "1710",
        "angle": 58.87298,
        "widthscale": 1.0,
        "oblique": 0.0,
        "style": "Standard",
        "textgen": "0",
        "alignh": "0",
        "alignv": "0",
        "interlin": -1.0,
        "lat": 29.79376,
        "lon": 52.46036
      },
      "geometry": {
        "type": "Point",
        "coordinates": [52.46035753671665, 29.793762173237678]
      }
    },
    {
      "type": "Feature",
      "properties": {
        "fid": 353.0,
        "handle": "17721",
        "block": "-1",
        "etype": "25",
        "space": "0",
        "layer": "PLAK",
        "olinetype": "bylayer",
        "linetype": null,
        "color": "255,255,255,255",
        "ocolor": "7",
        "color24": "16777215",
        "transparen": "0",
        "lweight": "-1",
        "linewidth": 0.0,
        "ltscale": 1.0,
        "visible": "1",
        "thickness": 0.0,
        "ext": "(3:-0.003003440932991228,-0.004522054395397211,0.9999852650747446)",
        "height": 3.0,
        "text": "1709",
        "angle": 58.87298,
        "widthscale": 1.0,
        "oblique": 0.0,
        "style": "Standard",
        "textgen": "0",
        "alignh": "0",
        "alignv": "0",
        "interlin": -1.0,
        "lat": 29.79369,
        "lon": 52.46049
      },
      "geometry": {
        "type": "Point",
        "coordinates": [52.460493006174659, 29.793685594273274]
      }
    },
    {
      "type": "Feature",
      "properties": {
        "fid": 354.0,
        "handle": "17722",
        "block": "-1",
        "etype": "25",
        "space": "0",
        "layer": "PLAK",
        "olinetype": "bylayer",
        "linetype": null,
        "color": "255,255,255,255",
        "ocolor": "7",
        "color24": "16777215",
        "transparen": "0",
        "lweight": "-1",
        "linewidth": 0.0,
        "ltscale": 1.0,
        "visible": "1",
        "thickness": 0.0,
        "ext": "(3:-0.003003440932991228,-0.004522054395397211,0.9999852650747446)",
        "height": 3.0,
        "text": "1708",
        "angle": 58.87298,
        "widthscale": 1.0,
        "oblique": 0.0,
        "style": "Standard",
        "textgen": "0",
        "alignh": "0",
        "alignv": "0",
        "interlin": -1.0,
        "lat": 29.79362,
        "lon": 52.4606
      },
      "geometry": {
        "type": "Point",
        "coordinates": [52.46060126609612, 29.793618518456555]
      }
    },
    {
      "type": "Feature",
      "properties": {
        "fid": 355.0,
        "handle": "17723",
        "block": "-1",
        "etype": "25",
        "space": "0",
        "layer": "PLAK",
        "olinetype": "bylayer",
        "linetype": null,
        "color": "255,255,255,255",
        "ocolor": "7",
        "color24": "16777215",
        "transparen": "0",
        "lweight": "-1",
        "linewidth": 0.0,
        "ltscale": 1.0,
        "visible": "1",
        "thickness": 0.0,
        "ext": "(3:-0.003003440932991228,-0.004522054395397211,0.9999852650747446)",
        "height": 3.0,
        "text": "1707",
        "angle": 58.87298,
        "widthscale": 1.0,
        "oblique": 0.0,
        "style": "Standard",
        "textgen": "0",
        "alignh": "0",
        "alignv": "0",
        "interlin": -1.0,
        "lat": 29.79355,
        "lon": 52.46072
      },
      "geometry": {
        "type": "Point",
        "coordinates": [52.460724107881305, 29.793554998530453]
      }
    },
    {
      "type": "Feature",
      "properties": {
        "fid": 356.0,
        "handle": "17724",
        "block": "-1",
        "etype": "25",
        "space": "0",
        "layer": "PLAK",
        "olinetype": "bylayer",
        "linetype": null,
        "color": "255,255,255,255",
        "ocolor": "7",
        "color24": "16777215",
        "transparen": "0",
        "lweight": "-1",
        "linewidth": 0.0,
        "ltscale": 1.0,
        "visible": "1",
        "thickness": 0.0,
        "ext": "(3:-0.003003440932991228,-0.004522054395397211,0.9999852650747446)",
        "height": 3.0,
        "text": "1706",
        "angle": 58.87298,
        "widthscale": 1.0,
        "oblique": 0.0,
        "style": "Standard",
        "textgen": "0",
        "alignh": "0",
        "alignv": "0",
        "interlin": -1.0,
        "lat": 29.79347,
        "lon": 52.46087
      },
      "geometry": {
        "type": "Point",
        "coordinates": [52.460866595010195, 29.79346829957144]
      }
    },
    {
      "type": "Feature",
      "properties": {
        "fid": 357.0,
        "handle": "17725",
        "block": "-1",
        "etype": "25",
        "space": "0",
        "layer": "PLAK",
        "olinetype": "bylayer",
        "linetype": null,
        "color": "255,255,255,255",
        "ocolor": "7",
        "color24": "16777215",
        "transparen": "0",
        "lweight": "-1",
        "linewidth": 0.0,
        "ltscale": 1.0,
        "visible": "1",
        "thickness": 0.0,
        "ext": "(3:-0.003003440932991228,-0.004522054395397211,0.9999852650747446)",
        "height": 3.0,
        "text": "1705",
        "angle": 58.87298,
        "widthscale": 1.0,
        "oblique": 0.0,
        "style": "Standard",
        "textgen": "0",
        "alignh": "0",
        "alignv": "0",
        "interlin": -1.0,
        "lat": 29.79338,
        "lon": 52.46101
      },
      "geometry": {
        "type": "Point",
        "coordinates": [52.46100632553761, 29.793376019622134]
      }
    },
    {
      "type": "Feature",
      "properties": {
        "fid": 358.0,
        "handle": "17726",
        "block": "-1",
        "etype": "25",
        "space": "0",
        "layer": "PLAK",
        "olinetype": "bylayer",
        "linetype": null,
        "color": "255,255,255,255",
        "ocolor": "7",
        "color24": "16777215",
        "transparen": "0",
        "lweight": "-1",
        "linewidth": 0.0,
        "ltscale": 1.0,
        "visible": "1",
        "thickness": 0.0,
        "ext": "(3:-0.003003440932991228,-0.004522054395397211,0.9999852650747446)",
        "height": 3.0,
        "text": "1704",
        "angle": 58.87298,
        "widthscale": 1.0,
        "oblique": 0.0,
        "style": "Standard",
        "textgen": "0",
        "alignh": "0",
        "alignv": "0",
        "interlin": -1.0,
        "lat": 29.79335,
        "lon": 52.46108
      },
      "geometry": {
        "type": "Point",
        "coordinates": [52.461075349324517, 29.79334650999283]
      }
    },
    {
      "type": "Feature",
      "properties": {
        "fid": 359.0,
        "handle": "17727",
        "block": "-1",
        "etype": "25",
        "space": "0",
        "layer": "PLAK",
        "olinetype": "bylayer",
        "linetype": null,
        "color": "255,255,255,255",
        "ocolor": "7",
        "color24": "16777215",
        "transparen": "0",
        "lweight": "-1",
        "linewidth": 0.0,
        "ltscale": 1.0,
        "visible": "1",
        "thickness": 0.0,
        "ext": "(3:-0.003003440932991228,-0.004522054395397211,0.9999852650747446)",
        "height": 3.0,
        "text": "1703",
        "angle": 58.87298,
        "widthscale": 1.0,
        "oblique": 0.0,
        "style": "Standard",
        "textgen": "0",
        "alignh": "0",
        "alignv": "0",
        "interlin": -1.0,
        "lat": 29.79327,
        "lon": 52.46121
      },
      "geometry": {
        "type": "Point",
        "coordinates": [52.461205481878409, 29.793266229362889]
      }
    },
    {
      "type": "Feature",
      "properties": {
        "fid": 360.0,
        "handle": "17728",
        "block": "-1",
        "etype": "25",
        "space": "0",
        "layer": "PLAK",
        "olinetype": "bylayer",
        "linetype": null,
        "color": "255,255,255,255",
        "ocolor": "7",
        "color24": "16777215",
        "transparen": "0",
        "lweight": "-1",
        "linewidth": 0.0,
        "ltscale": 1.0,
        "visible": "1",
        "thickness": 0.0,
        "ext": "(3:-0.003003440932991228,-0.004522054395397211,0.9999852650747446)",
        "height": 3.0,
        "text": "1721",
        "angle": 58.87298,
        "widthscale": 1.0,
        "oblique": 0.0,
        "style": "Standard",
        "textgen": "0",
        "alignh": "0",
        "alignv": "0",
        "interlin": -1.0,
        "lat": 29.79426,
        "lon": 52.45899
      },
      "geometry": {
        "type": "Point",
        "coordinates": [52.458991357754257, 29.794256038779285]
      }
    },
    {
      "type": "Feature",
      "properties": {
        "fid": 361.0,
        "handle": "17729",
        "block": "-1",
        "etype": "25",
        "space": "0",
        "layer": "PLAK",
        "olinetype": "bylayer",
        "linetype": null,
        "color": "255,255,255,255",
        "ocolor": "7",
        "color24": "16777215",
        "transparen": "0",
        "lweight": "-1",
        "linewidth": 0.0,
        "ltscale": 1.0,
        "visible": "1",
        "thickness": 0.0,
        "ext": "(3:-0.003003440932991228,-0.004522054395397211,0.9999852650747446)",
        "height": 3.0,
        "text": "1722",
        "angle": 58.87298,
        "widthscale": 1.0,
        "oblique": 0.0,
        "style": "Standard",
        "textgen": "0",
        "alignh": "0",
        "alignv": "0",
        "interlin": -1.0,
        "lat": 29.7942,
        "lon": 52.45911
      },
      "geometry": {
        "type": "Point",
        "coordinates": [52.459107903777877, 29.794200411634076]
      }
    },
    {
      "type": "Feature",
      "properties": {
        "fid": 362.0,
        "handle": "17730",
        "block": "-1",
        "etype": "25",
        "space": "0",
        "layer": "PLAK",
        "olinetype": "bylayer",
        "linetype": null,
        "color": "255,255,255,255",
        "ocolor": "7",
        "color24": "16777215",
        "transparen": "0",
        "lweight": "-1",
        "linewidth": 0.0,
        "ltscale": 1.0,
        "visible": "1",
        "thickness": 0.0,
        "ext": "(3:-0.003003440932991228,-0.004522054395397211,0.9999852650747446)",
        "height": 3.0,
        "text": "1723",
        "angle": 58.87298,
        "widthscale": 1.0,
        "oblique": 0.0,
        "style": "Standard",
        "textgen": "0",
        "alignh": "0",
        "alignv": "0",
        "interlin": -1.0,
        "lat": 29.7941,
        "lon": 52.45924
      },
      "geometry": {
        "type": "Point",
        "coordinates": [52.459238414855967, 29.794100116680635]
      }
    },
    {
      "type": "Feature",
      "properties": {
        "fid": 363.0,
        "handle": "17731",
        "block": "-1",
        "etype": "25",
        "space": "0",
        "layer": "PLAK",
        "olinetype": "bylayer",
        "linetype": null,
        "color": "255,255,255,255",
        "ocolor": "7",
        "color24": "16777215",
        "transparen": "0",
        "lweight": "-1",
        "linewidth": 0.0,
        "ltscale": 1.0,
        "visible": "1",
        "thickness": 0.0,
        "ext": "(3:-0.003003440932991228,-0.004522054395397211,0.9999852650747446)",
        "height": 3.0,
        "text": "1724",
        "angle": 58.87298,
        "widthscale": 1.0,
        "oblique": 0.0,
        "style": "Standard",
        "textgen": "0",
        "alignh": "0",
        "alignv": "0",
        "interlin": -1.0,
        "lat": 29.79404,
        "lon": 52.45936
      },
      "geometry": {
        "type": "Point",
        "coordinates": [52.459355598570092, 29.794044597728242]
      }
    },
    {
      "type": "Feature",
      "properties": {
        "fid": 364.0,
        "handle": "17732",
        "block": "-1",
        "etype": "25",
        "space": "0",
        "layer": "PLAK",
        "olinetype": "bylayer",
        "linetype": null,
        "color": "255,255,255,255",
        "ocolor": "7",
        "color24": "16777215",
        "transparen": "0",
        "lweight": "-1",
        "linewidth": 0.0,
        "ltscale": 1.0,
        "visible": "1",
        "thickness": 0.0,
        "ext": "(3:-0.003003440932991228,-0.004522054395397211,0.9999852650747446)",
        "height": 3.0,
        "text": "1725",
        "angle": 58.87298,
        "widthscale": 1.0,
        "oblique": 0.0,
        "style": "Standard",
        "textgen": "0",
        "alignh": "0",
        "alignv": "0",
        "interlin": -1.0,
        "lat": 29.79396,
        "lon": 52.45949
      },
      "geometry": {
        "type": "Point",
        "coordinates": [52.459487510143326, 29.793958955015675]
      }
    },
    {
      "type": "Feature",
      "properties": {
        "fid": 365.0,
        "handle": "17733",
        "block": "-1",
        "etype": "25",
        "space": "0",
        "layer": "PLAK",
        "olinetype": "bylayer",
        "linetype": null,
        "color": "255,255,255,255",
        "ocolor": "7",
        "color24": "16777215",
        "transparen": "0",
        "lweight": "-1",
        "linewidth": 0.0,
        "ltscale": 1.0,
        "visible": "1",
        "thickness": 0.0,
        "ext": "(3:-0.003003440932991228,-0.004522054395397211,0.9999852650747446)",
        "height": 3.0,
        "text": "1726",
        "angle": 58.87298,
        "widthscale": 1.0,
        "oblique": 0.0,
        "style": "Standard",
        "textgen": "0",
        "alignh": "0",
        "alignv": "0",
        "interlin": -1.0,
        "lat": 29.7939,
        "lon": 52.45961
      },
      "geometry": {
        "type": "Point",
        "coordinates": [52.459606614859183, 29.793901468826071]
      }
    },
    {
      "type": "Feature",
      "properties": {
        "fid": 366.0,
        "handle": "17734",
        "block": "-1",
        "etype": "25",
        "space": "0",
        "layer": "PLAK",
        "olinetype": "bylayer",
        "linetype": null,
        "color": "255,255,255,255",
        "ocolor": "7",
        "color24": "16777215",
        "transparen": "0",
        "lweight": "-1",
        "linewidth": 0.0,
        "ltscale": 1.0,
        "visible": "1",
        "thickness": 0.0,
        "ext": "(3:-0.003003440932991228,-0.004522054395397211,0.9999852650747446)",
        "height": 3.0,
        "text": "1727",
        "angle": 58.87298,
        "widthscale": 1.0,
        "oblique": 0.0,
        "style": "Standard",
        "textgen": "0",
        "alignh": "0",
        "alignv": "0",
        "interlin": -1.0,
        "lat": 29.79383,
        "lon": 52.45972
      },
      "geometry": {
        "type": "Point",
        "coordinates": [52.459724875915022, 29.793826842570471]
      }
    },
    {
      "type": "Feature",
      "properties": {
        "fid": 367.0,
        "handle": "17735",
        "block": "-1",
        "etype": "25",
        "space": "0",
        "layer": "PLAK",
        "olinetype": "bylayer",
        "linetype": null,
        "color": "255,255,255,255",
        "ocolor": "7",
        "color24": "16777215",
        "transparen": "0",
        "lweight": "-1",
        "linewidth": 0.0,
        "ltscale": 1.0,
        "visible": "1",
        "thickness": 0.0,
        "ext": "(3:-0.003003440932991228,-0.004522054395397211,0.9999852650747446)",
        "height": 3.0,
        "text": "1728",
        "angle": 58.87298,
        "widthscale": 1.0,
        "oblique": 0.0,
        "style": "Standard",
        "textgen": "0",
        "alignh": "0",
        "alignv": "0",
        "interlin": -1.0,
        "lat": 29.79376,
        "lon": 52.45983
      },
      "geometry": {
        "type": "Point",
        "coordinates": [52.459832619302489, 29.793763552801192]
      }
    },
    {
      "type": "Feature",
      "properties": {
        "fid": 368.0,
        "handle": "17736",
        "block": "-1",
        "etype": "25",
        "space": "0",
        "layer": "PLAK",
        "olinetype": "bylayer",
        "linetype": null,
        "color": "255,255,255,255",
        "ocolor": "7",
        "color24": "16777215",
        "transparen": "0",
        "lweight": "-1",
        "linewidth": 0.0,
        "ltscale": 1.0,
        "visible": "1",
        "thickness": 0.0,
        "ext": "(3:-0.003003440932991228,-0.004522054395397211,0.9999852650747446)",
        "height": 3.0,
        "text": "1729",
        "angle": 58.87298,
        "widthscale": 1.0,
        "oblique": 0.0,
        "style": "Standard",
        "textgen": "0",
        "alignh": "0",
        "alignv": "0",
        "interlin": -1.0,
        "lat": 29.79369,
        "lon": 52.45997
      },
      "geometry": {
        "type": "Point",
        "coordinates": [52.459969745956357, 29.793689838049861]
      }
    },
    {
      "type": "Feature",
      "properties": {
        "fid": 369.0,
        "handle": "17737",
        "block": "-1",
        "etype": "25",
        "space": "0",
        "layer": "PLAK",
        "olinetype": "bylayer",
        "linetype": null,
        "color": "255,255,255,255",
        "ocolor": "7",
        "color24": "16777215",
        "transparen": "0",
        "lweight": "-1",
        "linewidth": 0.0,
        "ltscale": 1.0,
        "visible": "1",
        "thickness": 0.0,
        "ext": "(3:-0.003003440932991228,-0.004522054395397211,0.9999852650747446)",
        "height": 3.0,
        "text": "1730",
        "angle": 58.87298,
        "widthscale": 1.0,
        "oblique": 0.0,
        "style": "Standard",
        "textgen": "0",
        "alignh": "0",
        "alignv": "0",
        "interlin": -1.0,
        "lat": 29.79363,
        "lon": 52.46008
      },
      "geometry": {
        "type": "Point",
        "coordinates": [52.46008315334123, 29.793626219256179]
      }
    },
    {
      "type": "Feature",
      "properties": {
        "fid": 370.0,
        "handle": "17738",
        "block": "-1",
        "etype": "25",
        "space": "0",
        "layer": "PLAK",
        "olinetype": "bylayer",
        "linetype": null,
        "color": "255,255,255,255",
        "ocolor": "7",
        "color24": "16777215",
        "transparen": "0",
        "lweight": "-1",
        "linewidth": 0.0,
        "ltscale": 1.0,
        "visible": "1",
        "thickness": 0.0,
        "ext": "(3:-0.003003440932991228,-0.004522054395397211,0.9999852650747446)",
        "height": 3.0,
        "text": "1731",
        "angle": 58.87298,
        "widthscale": 1.0,
        "oblique": 0.0,
        "style": "Standard",
        "textgen": "0",
        "alignh": "0",
        "alignv": "0",
        "interlin": -1.0,
        "lat": 29.79353,
        "lon": 52.46024
      },
      "geometry": {
        "type": "Point",
        "coordinates": [52.460237399624283, 29.793530367371016]
      }
    },
    {
      "type": "Feature",
      "properties": {
        "fid": 371.0,
        "handle": "17739",
        "block": "-1",
        "etype": "25",
        "space": "0",
        "layer": "PLAK",
        "olinetype": "bylayer",
        "linetype": null,
        "color": "255,255,255,255",
        "ocolor": "7",
        "color24": "16777215",
        "transparen": "0",
        "lweight": "-1",
        "linewidth": 0.0,
        "ltscale": 1.0,
        "visible": "1",
        "thickness": 0.0,
        "ext": "(3:-0.003003440932991228,-0.004522054395397211,0.9999852650747446)",
        "height": 3.0,
        "text": "1732",
        "angle": 58.87298,
        "widthscale": 1.0,
        "oblique": 0.0,
        "style": "Standard",
        "textgen": "0",
        "alignh": "0",
        "alignv": "0",
        "interlin": -1.0,
        "lat": 29.79347,
        "lon": 52.46033
      },
      "geometry": {
        "type": "Point",
        "coordinates": [52.460334896198802, 29.793470667143161]
      }
    },
    {
      "type": "Feature",
      "properties": {
        "fid": 372.0,
        "handle": "17740",
        "block": "-1",
        "etype": "25",
        "space": "0",
        "layer": "PLAK",
        "olinetype": "bylayer",
        "linetype": null,
        "color": "255,255,255,255",
        "ocolor": "7",
        "color24": "16777215",
        "transparen": "0",
        "lweight": "-1",
        "linewidth": 0.0,
        "ltscale": 1.0,
        "visible": "1",
        "thickness": 0.0,
        "ext": "(3:-0.003003440932991228,-0.004522054395397211,0.9999852650747446)",
        "height": 3.0,
        "text": "1733",
        "angle": 58.87298,
        "widthscale": 1.0,
        "oblique": 0.0,
        "style": "Standard",
        "textgen": "0",
        "alignh": "0",
        "alignv": "0",
        "interlin": -1.0,
        "lat": 29.7934,
        "lon": 52.46044
      },
      "geometry": {
        "type": "Point",
        "coordinates": [52.460441387118081, 29.793403792081897]
      }
    },
    {
      "type": "Feature",
      "properties": {
        "fid": 373.0,
        "handle": "17741",
        "block": "-1",
        "etype": "25",
        "space": "0",
        "layer": "PLAK",
        "olinetype": "bylayer",
        "linetype": null,
        "color": "255,255,255,255",
        "ocolor": "7",
        "color24": "16777215",
        "transparen": "0",
        "lweight": "-1",
        "linewidth": 0.0,
        "ltscale": 1.0,
        "visible": "1",
        "thickness": 0.0,
        "ext": "(3:-0.003003440932991228,-0.004522054395397211,0.9999852650747446)",
        "height": 3.0,
        "text": "1734",
        "angle": 58.87298,
        "widthscale": 1.0,
        "oblique": 0.0,
        "style": "Standard",
        "textgen": "0",
        "alignh": "0",
        "alignv": "0",
        "interlin": -1.0,
        "lat": 29.79333,
        "lon": 52.46056
      },
      "geometry": {
        "type": "Point",
        "coordinates": [52.460563939641851, 29.793333478879507]
      }
    },
    {
      "type": "Feature",
      "properties": {
        "fid": 374.0,
        "handle": "17742",
        "block": "-1",
        "etype": "25",
        "space": "0",
        "layer": "PLAK",
        "olinetype": "bylayer",
        "linetype": null,
        "color": "255,255,255,255",
        "ocolor": "7",
        "color24": "16777215",
        "transparen": "0",
        "lweight": "-1",
        "linewidth": 0.0,
        "ltscale": 1.0,
        "visible": "1",
        "thickness": 0.0,
        "ext": "(3:-0.003003440932991228,-0.004522054395397211,0.9999852650747446)",
        "height": 3.0,
        "text": "1735",
        "angle": 58.87298,
        "widthscale": 1.0,
        "oblique": 0.0,
        "style": "Standard",
        "textgen": "0",
        "alignh": "0",
        "alignv": "0",
        "interlin": -1.0,
        "lat": 29.79326,
        "lon": 52.46069
      },
      "geometry": {
        "type": "Point",
        "coordinates": [52.460692143532427, 29.793260328837334]
      }
    },
    {
      "type": "Feature",
      "properties": {
        "fid": 375.0,
        "handle": "17743",
        "block": "-1",
        "etype": "25",
        "space": "0",
        "layer": "PLAK",
        "olinetype": "bylayer",
        "linetype": null,
        "color": "255,255,255,255",
        "ocolor": "7",
        "color24": "16777215",
        "transparen": "0",
        "lweight": "-1",
        "linewidth": 0.0,
        "ltscale": 1.0,
        "visible": "1",
        "thickness": 0.0,
        "ext": "(3:-0.003003440932991228,-0.004522054395397211,0.9999852650747446)",
        "height": 3.0,
        "text": "1753",
        "angle": 58.87298,
        "widthscale": 1.0,
        "oblique": 0.0,
        "style": "Standard",
        "textgen": "0",
        "alignh": "0",
        "alignv": "0",
        "interlin": -1.0,
        "lat": 29.79368,
        "lon": 52.45907
      },
      "geometry": {
        "type": "Point",
        "coordinates": [52.45907109466755, 29.793682015875365]
      }
    },
    {
      "type": "Feature",
      "properties": {
        "fid": 376.0,
        "handle": "17744",
        "block": "-1",
        "etype": "25",
        "space": "0",
        "layer": "PLAK",
        "olinetype": "bylayer",
        "linetype": null,
        "color": "255,255,255,255",
        "ocolor": "7",
        "color24": "16777215",
        "transparen": "0",
        "lweight": "-1",
        "linewidth": 0.0,
        "ltscale": 1.0,
        "visible": "1",
        "thickness": 0.0,
        "ext": "(3:-0.003003440932991228,-0.004522054395397211,0.9999852650747446)",
        "height": 3.0,
        "text": "1750",
        "angle": 58.87298,
        "widthscale": 1.0,
        "oblique": 0.0,
        "style": "Standard",
        "textgen": "0",
        "alignh": "0",
        "alignv": "0",
        "interlin": -1.0,
        "lat": 29.79343,
        "lon": 52.45945
      },
      "geometry": {
        "type": "Point",
        "coordinates": [52.459447572923466, 29.793433847324845]
      }
    },
    {
      "type": "Feature",
      "properties": {
        "fid": 377.0,
        "handle": "17745",
        "block": "-1",
        "etype": "25",
        "space": "0",
        "layer": "PLAK",
        "olinetype": "bylayer",
        "linetype": null,
        "color": "255,255,255,255",
        "ocolor": "7",
        "color24": "16777215",
        "transparen": "0",
        "lweight": "-1",
        "linewidth": 0.0,
        "ltscale": 1.0,
        "visible": "1",
        "thickness": 0.0,
        "ext": "(3:-0.003003440932991228,-0.004522054395397211,0.9999852650747446)",
        "height": 3.0,
        "text": "1736",
        "angle": 58.87298,
        "widthscale": 1.0,
        "oblique": 0.0,
        "style": "Standard",
        "textgen": "0",
        "alignh": "0",
        "alignv": "0",
        "interlin": -1.0,
        "lat": 29.79319,
        "lon": 52.46081
      },
      "geometry": {
        "type": "Point",
        "coordinates": [52.460810723654149, 29.793186834885567]
      }
    },
    {
      "type": "Feature",
      "properties": {
        "fid": 378.0,
        "handle": "17746",
        "block": "-1",
        "etype": "25",
        "space": "0",
        "layer": "PLAK",
        "olinetype": "bylayer",
        "linetype": null,
        "color": "255,255,255,255",
        "ocolor": "7",
        "color24": "16777215",
        "transparen": "0",
        "lweight": "-1",
        "linewidth": 0.0,
        "ltscale": 1.0,
        "visible": "1",
        "thickness": 0.0,
        "ext": "(3:-0.003003440932991228,-0.004522054395397211,0.9999852650747446)",
        "height": 3.0,
        "text": "1747",
        "angle": 58.87298,
        "widthscale": 1.0,
        "oblique": 0.0,
        "style": "Standard",
        "textgen": "0",
        "alignh": "0",
        "alignv": "0",
        "interlin": -1.0,
        "lat": 29.79325,
        "lon": 52.45979
      },
      "geometry": {
        "type": "Point",
        "coordinates": [52.459789790447346, 29.793254531991792]
      }
    },
    {
      "type": "Feature",
      "properties": {
        "fid": 379.0,
        "handle": "17747",
        "block": "-1",
        "etype": "25",
        "space": "0",
        "layer": "PLAK",
        "olinetype": "bylayer",
        "linetype": null,
        "color": "255,255,255,255",
        "ocolor": "7",
        "color24": "16777215",
        "transparen": "0",
        "lweight": "-1",
        "linewidth": 0.0,
        "ltscale": 1.0,
        "visible": "1",
        "thickness": 0.0,
        "ext": "(3:-0.003003440932991228,-0.004522054395397211,0.9999852650747446)",
        "height": 3.0,
        "text": "1749",
        "angle": 58.87298,
        "widthscale": 1.0,
        "oblique": 0.0,
        "style": "Standard",
        "textgen": "0",
        "alignh": "0",
        "alignv": "0",
        "interlin": -1.0,
        "lat": 29.79339,
        "lon": 52.45955
      },
      "geometry": {
        "type": "Point",
        "coordinates": [52.459549231656084, 29.793385209876423]
      }
    },
    {
      "type": "Feature",
      "properties": {
        "fid": 380.0,
        "handle": "17748",
        "block": "-1",
        "etype": "25",
        "space": "0",
        "layer": "PLAK",
        "olinetype": "bylayer",
        "linetype": null,
        "color": "255,255,255,255",
        "ocolor": "7",
        "color24": "16777215",
        "transparen": "0",
        "lweight": "-1",
        "linewidth": 0.0,
        "ltscale": 1.0,
        "visible": "1",
        "thickness": 0.0,
        "ext": "(3:-0.003003440932991228,-0.004522054395397211,0.9999852650747446)",
        "height": 3.0,
        "text": "1737",
        "angle": 58.87298,
        "widthscale": 1.0,
        "oblique": 0.0,
        "style": "Standard",
        "textgen": "0",
        "alignh": "0",
        "alignv": "0",
        "interlin": -1.0,
        "lat": 29.7931,
        "lon": 52.46095
      },
      "geometry": {
        "type": "Point",
        "coordinates": [52.460947656610479, 29.793095263244304]
      }
    },
    {
      "type": "Feature",
      "properties": {
        "fid": 381.0,
        "handle": "17749",
        "block": "-1",
        "etype": "25",
        "space": "0",
        "layer": "PLAK",
        "olinetype": "bylayer",
        "linetype": null,
        "color": "255,255,255,255",
        "ocolor": "7",
        "color24": "16777215",
        "transparen": "0",
        "lweight": "-1",
        "linewidth": 0.0,
        "ltscale": 1.0,
        "visible": "1",
        "thickness": 0.0,
        "ext": "(3:-0.003003440932991228,-0.004522054395397211,0.9999852650747446)",
        "height": 3.0,
        "text": "1743",
        "angle": 58.87298,
        "widthscale": 1.0,
        "oblique": 0.0,
        "style": "Standard",
        "textgen": "0",
        "alignh": "0",
        "alignv": "0",
        "interlin": -1.0,
        "lat": 29.79296,
        "lon": 52.46027
      },
      "geometry": {
        "type": "Point",
        "coordinates": [52.460270746304445, 29.792961379934191]
      }
    },
    {
      "type": "Feature",
      "properties": {
        "fid": 382.0,
        "handle": "17750",
        "block": "-1",
        "etype": "25",
        "space": "0",
        "layer": "PLAK",
        "olinetype": "bylayer",
        "linetype": null,
        "color": "255,255,255,255",
        "ocolor": "7",
        "color24": "16777215",
        "transparen": "0",
        "lweight": "-1",
        "linewidth": 0.0,
        "ltscale": 1.0,
        "visible": "1",
        "thickness": 0.0,
        "ext": "(3:-0.003003440932991228,-0.004522054395397211,0.9999852650747446)",
        "height": 3.0,
        "text": "1745",
        "angle": 58.87298,
        "widthscale": 1.0,
        "oblique": 0.0,
        "style": "Standard",
        "textgen": "0",
        "alignh": "0",
        "alignv": "0",
        "interlin": -1.0,
        "lat": 29.7931,
        "lon": 52.46003
      },
      "geometry": {
        "type": "Point",
        "coordinates": [52.460027445516644, 29.79310429978684]
      }
    },
    {
      "type": "Feature",
      "properties": {
        "fid": 383.0,
        "handle": "17751",
        "block": "-1",
        "etype": "25",
        "space": "0",
        "layer": "PLAK",
        "olinetype": "bylayer",
        "linetype": null,
        "color": "255,255,255,255",
        "ocolor": "7",
        "color24": "16777215",
        "transparen": "0",
        "lweight": "-1",
        "linewidth": 0.0,
        "ltscale": 1.0,
        "visible": "1",
        "thickness": 0.0,
        "ext": "(3:-0.003003440932991228,-0.004522054395397211,0.9999852650747446)",
        "height": 3.0,
        "text": "1740",
        "angle": 58.87298,
        "widthscale": 1.0,
        "oblique": 0.0,
        "style": "Standard",
        "textgen": "0",
        "alignh": "0",
        "alignv": "0",
        "interlin": -1.0,
        "lat": 29.79276,
        "lon": 52.46065
      },
      "geometry": {
        "type": "Point",
        "coordinates": [52.460648360601752, 29.792755504432812]
      }
    },
    {
      "type": "Feature",
      "properties": {
        "fid": 384.0,
        "handle": "17752",
        "block": "-1",
        "etype": "25",
        "space": "0",
        "layer": "PLAK",
        "olinetype": "bylayer",
        "linetype": null,
        "color": "255,255,255,255",
        "ocolor": "7",
        "color24": "16777215",
        "transparen": "0",
        "lweight": "-1",
        "linewidth": 0.0,
        "ltscale": 1.0,
        "visible": "1",
        "thickness": 0.0,
        "ext": "(3:-0.003003440932991228,-0.004522054395397211,0.9999852650747446)",
        "height": 3.0,
        "text": "1739",
        "angle": 58.87298,
        "widthscale": 1.0,
        "oblique": 0.0,
        "style": "Standard",
        "textgen": "0",
        "alignh": "0",
        "alignv": "0",
        "interlin": -1.0,
        "lat": 29.79269,
        "lon": 52.46076
      },
      "geometry": {
        "type": "Point",
        "coordinates": [52.46075742574557, 29.79269143650324]
      }
    },
    {
      "type": "Feature",
      "properties": {
        "fid": 385.0,
        "handle": "17753",
        "block": "-1",
        "etype": "25",
        "space": "0",
        "layer": "PLAK",
        "olinetype": "bylayer",
        "linetype": null,
        "color": "255,255,255,255",
        "ocolor": "7",
        "color24": "16777215",
        "transparen": "0",
        "lweight": "-1",
        "linewidth": 0.0,
        "ltscale": 1.0,
        "visible": "1",
        "thickness": 0.0,
        "ext": "(3:-0.003003440932991228,-0.004522054395397211,0.9999852650747446)",
        "height": 3.0,
        "text": "1758",
        "angle": 58.87298,
        "widthscale": 1.0,
        "oblique": 0.0,
        "style": "Standard",
        "textgen": "0",
        "alignh": "0",
        "alignv": "0",
        "interlin": -1.0,
        "lat": 29.79348,
        "lon": 52.45889
      },
      "geometry": {
        "type": "Point",
        "coordinates": [52.458890571547677, 29.793479799516941]
      }
    },
    {
      "type": "Feature",
      "properties": {
        "fid": 386.0,
        "handle": "17754",
        "block": "-1",
        "etype": "25",
        "space": "0",
        "layer": "PLAK",
        "olinetype": "bylayer",
        "linetype": null,
        "color": "255,255,255,255",
        "ocolor": "7",
        "color24": "16777215",
        "transparen": "0",
        "lweight": "-1",
        "linewidth": 0.0,
        "ltscale": 1.0,
        "visible": "1",
        "thickness": 0.0,
        "ext": "(3:-0.003003440932991228,-0.004522054395397211,0.9999852650747446)",
        "height": 3.0,
        "text": "1738",
        "angle": 58.87298,
        "widthscale": 1.0,
        "oblique": 0.0,
        "style": "Standard",
        "textgen": "0",
        "alignh": "0",
        "alignv": "0",
        "interlin": -1.0,
        "lat": 29.79303,
        "lon": 52.46109
      },
      "geometry": {
        "type": "Point",
        "coordinates": [52.461091077098331, 29.793025959161788]
      }
    },
    {
      "type": "Feature",
      "properties": {
        "fid": 387.0,
        "handle": "17755",
        "block": "-1",
        "etype": "25",
        "space": "0",
        "layer": "PLAK",
        "olinetype": "bylayer",
        "linetype": null,
        "color": "255,255,255,255",
        "ocolor": "7",
        "color24": "16777215",
        "transparen": "0",
        "lweight": "-1",
        "linewidth": 0.0,
        "ltscale": 1.0,
        "visible": "1",
        "thickness": 0.0,
        "ext": "(3:-0.003003440932991228,-0.004522054395397211,0.9999852650747446)",
        "height": 3.0,
        "text": "1761",
        "angle": 58.87298,
        "widthscale": 1.0,
        "oblique": 0.0,
        "style": "Standard",
        "textgen": "0",
        "alignh": "0",
        "alignv": "0",
        "interlin": -1.0,
        "lat": 29.79325,
        "lon": 52.45928
      },
      "geometry": {
        "type": "Point",
        "coordinates": [52.459277872413232, 29.79324698154662]
      }
    },
    {
      "type": "Feature",
      "properties": {
        "fid": 388.0,
        "handle": "17756",
        "block": "-1",
        "etype": "25",
        "space": "0",
        "layer": "PLAK",
        "olinetype": "bylayer",
        "linetype": null,
        "color": "255,255,255,255",
        "ocolor": "7",
        "color24": "16777215",
        "transparen": "0",
        "lweight": "-1",
        "linewidth": 0.0,
        "ltscale": 1.0,
        "visible": "1",
        "thickness": 0.0,
        "ext": "(3:-0.003003440932991228,-0.004522054395397211,0.9999852650747446)",
        "height": 3.0,
        "text": "1746",
        "angle": 58.87298,
        "widthscale": 1.0,
        "oblique": 0.0,
        "style": "Standard",
        "textgen": "0",
        "alignh": "0",
        "alignv": "0",
        "interlin": -1.0,
        "lat": 29.79318,
        "lon": 52.45991
      },
      "geometry": {
        "type": "Point",
        "coordinates": [52.45991281295025, 29.793176951823956]
      }
    },
    {
      "type": "Feature",
      "properties": {
        "fid": 389.0,
        "handle": "17757",
        "block": "-1",
        "etype": "25",
        "space": "0",
        "layer": "PLAK",
        "olinetype": "bylayer",
        "linetype": null,
        "color": "255,255,255,255",
        "ocolor": "7",
        "color24": "16777215",
        "transparen": "0",
        "lweight": "-1",
        "linewidth": 0.0,
        "ltscale": 1.0,
        "visible": "1",
        "thickness": 0.0,
        "ext": "(3:-0.003003440932991228,-0.004522054395397211,0.9999852650747446)",
        "height": 3.0,
        "text": "1751",
        "angle": 58.87298,
        "widthscale": 1.0,
        "oblique": 0.0,
        "style": "Standard",
        "textgen": "0",
        "alignh": "0",
        "alignv": "0",
        "interlin": -1.0,
        "lat": 29.79353,
        "lon": 52.45932
      },
      "geometry": {
        "type": "Point",
        "coordinates": [52.459319964848085, 29.793530513078696]
      }
    },
    {
      "type": "Feature",
      "properties": {
        "fid": 390.0,
        "handle": "17758",
        "block": "-1",
        "etype": "25",
        "space": "0",
        "layer": "PLAK",
        "olinetype": "bylayer",
        "linetype": null,
        "color": "255,255,255,255",
        "ocolor": "7",
        "color24": "16777215",
        "transparen": "0",
        "lweight": "-1",
        "linewidth": 0.0,
        "ltscale": 1.0,
        "visible": "1",
        "thickness": 0.0,
        "ext": "(3:-0.003003440932991228,-0.004522054395397211,0.9999852650747446)",
        "height": 3.0,
        "text": "1763",
        "angle": 58.87298,
        "widthscale": 1.0,
        "oblique": 0.0,
        "style": "Standard",
        "textgen": "0",
        "alignh": "0",
        "alignv": "0",
        "interlin": -1.0,
        "lat": 29.79311,
        "lon": 52.45951
      },
      "geometry": {
        "type": "Point",
        "coordinates": [52.459505766902154, 29.793107799008979]
      }
    },
    {
      "type": "Feature",
      "properties": {
        "fid": 391.0,
        "handle": "17759",
        "block": "-1",
        "etype": "25",
        "space": "0",
        "layer": "PLAK",
        "olinetype": "bylayer",
        "linetype": null,
        "color": "255,255,255,255",
        "ocolor": "7",
        "color24": "16777215",
        "transparen": "0",
        "lweight": "-1",
        "linewidth": 0.0,
        "ltscale": 1.0,
        "visible": "1",
        "thickness": 0.0,
        "ext": "(3:-0.003003440932991228,-0.004522054395397211,0.9999852650747446)",
        "height": 3.0,
        "text": "1762",
        "angle": 58.87298,
        "widthscale": 1.0,
        "oblique": 0.0,
        "style": "Standard",
        "textgen": "0",
        "alignh": "0",
        "alignv": "0",
        "interlin": -1.0,
        "lat": 29.79318,
        "lon": 52.45939
      },
      "geometry": {
        "type": "Point",
        "coordinates": [52.459388310705499, 29.793176794162207]
      }
    },
    {
      "type": "Feature",
      "properties": {
        "fid": 392.0,
        "handle": "17760",
        "block": "-1",
        "etype": "25",
        "space": "0",
        "layer": "PLAK",
        "olinetype": "bylayer",
        "linetype": null,
        "color": "255,255,255,255",
        "ocolor": "7",
        "color24": "16777215",
        "transparen": "0",
        "lweight": "-1",
        "linewidth": 0.0,
        "ltscale": 1.0,
        "visible": "1",
        "thickness": 0.0,
        "ext": "(3:-0.003003440932991228,-0.004522054395397211,0.9999852650747446)",
        "height": 3.0,
        "text": "1765",
        "angle": 58.87298,
        "widthscale": 1.0,
        "oblique": 0.0,
        "style": "Standard",
        "textgen": "0",
        "alignh": "0",
        "alignv": "0",
        "interlin": -1.0,
        "lat": 29.79295,
        "lon": 52.45976
      },
      "geometry": {
        "type": "Point",
        "coordinates": [52.459764796054451, 29.792950326685233]
      }
    },
    {
      "type": "Feature",
      "properties": {
        "fid": 393.0,
        "handle": "17761",
        "block": "-1",
        "etype": "25",
        "space": "0",
        "layer": "PLAK",
        "olinetype": "bylayer",
        "linetype": null,
        "color": "255,255,255,255",
        "ocolor": "7",
        "color24": "16777215",
        "transparen": "0",
        "lweight": "-1",
        "linewidth": 0.0,
        "ltscale": 1.0,
        "visible": "1",
        "thickness": 0.0,
        "ext": "(3:-0.003003440932991228,-0.004522054395397211,0.9999852650747446)",
        "height": 3.0,
        "text": "1764",
        "angle": 58.87298,
        "widthscale": 1.0,
        "oblique": 0.0,
        "style": "Standard",
        "textgen": "0",
        "alignh": "0",
        "alignv": "0",
        "interlin": -1.0,
        "lat": 29.79302,
        "lon": 52.45963
      },
      "geometry": {
        "type": "Point",
        "coordinates": [52.459626638680213, 29.793023923441144]
      }
    },
    {
      "type": "Feature",
      "properties": {
        "fid": 394.0,
        "handle": "17762",
        "block": "-1",
        "etype": "25",
        "space": "0",
        "layer": "PLAK",
        "olinetype": "bylayer",
        "linetype": null,
        "color": "255,255,255,255",
        "ocolor": "7",
        "color24": "16777215",
        "transparen": "0",
        "lweight": "-1",
        "linewidth": 0.0,
        "ltscale": 1.0,
        "visible": "1",
        "thickness": 0.0,
        "ext": "(3:-0.003003440932991228,-0.004522054395397211,0.9999852650747446)",
        "height": 3.0,
        "text": "1766",
        "angle": 58.87298,
        "widthscale": 1.0,
        "oblique": 0.0,
        "style": "Standard",
        "textgen": "0",
        "alignh": "0",
        "alignv": "0",
        "interlin": -1.0,
        "lat": 29.79288,
        "lon": 52.45988
      },
      "geometry": {
        "type": "Point",
        "coordinates": [52.459876285498801, 29.792884835853272]
      }
    },
    {
      "type": "Feature",
      "properties": {
        "fid": 395.0,
        "handle": "17763",
        "block": "-1",
        "etype": "25",
        "space": "0",
        "layer": "PLAK",
        "olinetype": "bylayer",
        "linetype": null,
        "color": "255,255,255,255",
        "ocolor": "7",
        "color24": "16777215",
        "transparen": "0",
        "lweight": "-1",
        "linewidth": 0.0,
        "ltscale": 1.0,
        "visible": "1",
        "thickness": 0.0,
        "ext": "(3:-0.003003440932991228,-0.004522054395397211,0.9999852650747446)",
        "height": 3.0,
        "text": "1756",
        "angle": 58.87298,
        "widthscale": 1.0,
        "oblique": 0.0,
        "style": "Standard",
        "textgen": "0",
        "alignh": "0",
        "alignv": "0",
        "interlin": -1.0,
        "lat": 29.7939,
        "lon": 52.45871
      },
      "geometry": {
        "type": "Point",
        "coordinates": [52.458706137976733, 29.793896392289192]
      }
    },
    {
      "type": "Feature",
      "properties": {
        "fid": 396.0,
        "handle": "17764",
        "block": "-1",
        "etype": "25",
        "space": "0",
        "layer": "PLAK",
        "olinetype": "bylayer",
        "linetype": null,
        "color": "255,255,255,255",
        "ocolor": "7",
        "color24": "16777215",
        "transparen": "0",
        "lweight": "-1",
        "linewidth": 0.0,
        "ltscale": 1.0,
        "visible": "1",
        "thickness": 0.0,
        "ext": "(3:-0.003003440932991228,-0.004522054395397211,0.9999852650747446)",
        "height": 3.0,
        "text": "1767",
        "angle": 58.87298,
        "widthscale": 1.0,
        "oblique": 0.0,
        "style": "Standard",
        "textgen": "0",
        "alignh": "0",
        "alignv": "0",
        "interlin": -1.0,
        "lat": 29.79283,
        "lon": 52.45999
      },
      "geometry": {
        "type": "Point",
        "coordinates": [52.459990997723708, 29.792828081330846]
      }
    },
    {
      "type": "Feature",
      "properties": {
        "fid": 397.0,
        "handle": "17765",
        "block": "-1",
        "etype": "25",
        "space": "0",
        "layer": "PLAK",
        "olinetype": "bylayer",
        "linetype": null,
        "color": "255,255,255,255",
        "ocolor": "7",
        "color24": "16777215",
        "transparen": "0",
        "lweight": "-1",
        "linewidth": 0.0,
        "ltscale": 1.0,
        "visible": "1",
        "thickness": 0.0,
        "ext": "(3:-0.003003440932991228,-0.004522054395397211,0.9999852650747446)",
        "height": 3.0,
        "text": "1755",
        "angle": 58.87298,
        "widthscale": 1.0,
        "oblique": 0.0,
        "style": "Standard",
        "textgen": "0",
        "alignh": "0",
        "alignv": "0",
        "interlin": -1.0,
        "lat": 29.79382,
        "lon": 52.45883
      },
      "geometry": {
        "type": "Point",
        "coordinates": [52.458831985324835, 29.793822469502405]
      }
    },
    {
      "type": "Feature",
      "properties": {
        "fid": 398.0,
        "handle": "17766",
        "block": "-1",
        "etype": "25",
        "space": "0",
        "layer": "PLAK",
        "olinetype": "bylayer",
        "linetype": null,
        "color": "255,255,255,255",
        "ocolor": "7",
        "color24": "16777215",
        "transparen": "0",
        "lweight": "-1",
        "linewidth": 0.0,
        "ltscale": 1.0,
        "visible": "1",
        "thickness": 0.0,
        "ext": "(3:-0.003003440932991228,-0.004522054395397211,0.9999852650747446)",
        "height": 3.0,
        "text": "1768",
        "angle": 58.87298,
        "widthscale": 1.0,
        "oblique": 0.0,
        "style": "Standard",
        "textgen": "0",
        "alignh": "0",
        "alignv": "0",
        "interlin": -1.0,
        "lat": 29.79276,
        "lon": 52.46011
      },
      "geometry": {
        "type": "Point",
        "coordinates": [52.460108453058226, 29.792759085630028]
      }
    },
    {
      "type": "Feature",
      "properties": {
        "fid": 399.0,
        "handle": "17767",
        "block": "-1",
        "etype": "25",
        "space": "0",
        "layer": "PLAK",
        "olinetype": "bylayer",
        "linetype": null,
        "color": "255,255,255,255",
        "ocolor": "7",
        "color24": "16777215",
        "transparen": "0",
        "lweight": "-1",
        "linewidth": 0.0,
        "ltscale": 1.0,
        "visible": "1",
        "thickness": 0.0,
        "ext": "(3:-0.003003440932991228,-0.004522054395397211,0.9999852650747446)",
        "height": 3.0,
        "text": "1770",
        "angle": 58.87298,
        "widthscale": 1.0,
        "oblique": 0.0,
        "style": "Standard",
        "textgen": "0",
        "alignh": "0",
        "alignv": "0",
        "interlin": -1.0,
        "lat": 29.79262,
        "lon": 52.46034
      },
      "geometry": {
        "type": "Point",
        "coordinates": [52.460343363263874, 29.792621093965607]
      }
    },
    {
      "type": "Feature",
      "properties": {
        "fid": 400.0,
        "handle": "17768",
        "block": "-1",
        "etype": "25",
        "space": "0",
        "layer": "PLAK",
        "olinetype": "bylayer",
        "linetype": null,
        "color": "255,255,255,255",
        "ocolor": "7",
        "color24": "16777215",
        "transparen": "0",
        "lweight": "-1",
        "linewidth": 0.0,
        "ltscale": 1.0,
        "visible": "1",
        "thickness": 0.0,
        "ext": "(3:-0.003003440932991228,-0.004522054395397211,0.9999852650747446)",
        "height": 3.0,
        "text": "1754",
        "angle": 58.87298,
        "widthscale": 1.0,
        "oblique": 0.0,
        "style": "Standard",
        "textgen": "0",
        "alignh": "0",
        "alignv": "0",
        "interlin": -1.0,
        "lat": 29.79375,
        "lon": 52.45896
      },
      "geometry": {
        "type": "Point",
        "coordinates": [52.458957832414399, 29.79374854656389]
      }
    },
    {
      "type": "Feature",
      "properties": {
        "fid": 401.0,
        "handle": "17769",
        "block": "-1",
        "etype": "25",
        "space": "0",
        "layer": "PLAK",
        "olinetype": "bylayer",
        "linetype": null,
        "color": "255,255,255,255",
        "ocolor": "7",
        "color24": "16777215",
        "transparen": "0",
        "lweight": "-1",
        "linewidth": 0.0,
        "ltscale": 1.0,
        "visible": "1",
        "thickness": 0.0,
        "ext": "(3:-0.003003440932991228,-0.004522054395397211,0.9999852650747446)",
        "height": 3.0,
        "text": "1752",
        "angle": 58.87298,
        "widthscale": 1.0,
        "oblique": 0.0,
        "style": "Standard",
        "textgen": "0",
        "alignh": "0",
        "alignv": "0",
        "interlin": -1.0,
        "lat": 29.7936,
        "lon": 52.4592
      },
      "geometry": {
        "type": "Point",
        "coordinates": [52.459202508049529, 29.793599508101604]
      }
    },
    {
      "type": "Feature",
      "properties": {
        "fid": 402.0,
        "handle": "17770",
        "block": "-1",
        "etype": "25",
        "space": "0",
        "layer": "PLAK",
        "olinetype": "bylayer",
        "linetype": null,
        "color": "255,255,255,255",
        "ocolor": "7",
        "color24": "16777215",
        "transparen": "0",
        "lweight": "-1",
        "linewidth": 0.0,
        "ltscale": 1.0,
        "visible": "1",
        "thickness": 0.0,
        "ext": "(3:-0.003003440932991228,-0.004522054395397211,0.9999852650747446)",
        "height": 3.0,
        "text": "1771",
        "angle": 58.87298,
        "widthscale": 1.0,
        "oblique": 0.0,
        "style": "Standard",
        "textgen": "0",
        "alignh": "0",
        "alignv": "0",
        "interlin": -1.0,
        "lat": 29.79255,
        "lon": 52.46047
      },
      "geometry": {
        "type": "Point",
        "coordinates": [52.460469207755246, 29.792547169717373]
      }
    },
    {
      "type": "Feature",
      "properties": {
        "fid": 403.0,
        "handle": "17771",
        "block": "-1",
        "etype": "25",
        "space": "0",
        "layer": "PLAK",
        "olinetype": "bylayer",
        "linetype": null,
        "color": "255,255,255,255",
        "ocolor": "7",
        "color24": "16777215",
        "transparen": "0",
        "lweight": "-1",
        "linewidth": 0.0,
        "ltscale": 1.0,
        "visible": "1",
        "thickness": 0.0,
        "ext": "(3:-0.003003440932991228,-0.004522054395397211,0.9999852650747446)",
        "height": 3.0,
        "text": "1791",
        "angle": 58.87298,
        "widthscale": 1.0,
        "oblique": 0.0,
        "style": "Standard",
        "textgen": "0",
        "alignh": "0",
        "alignv": "0",
        "interlin": -1.0,
        "lat": 29.79274,
        "lon": 52.45784
      },
      "geometry": {
        "type": "Point",
        "coordinates": [52.45784347237943, 29.792741036143923]
      }
    },
    {
      "type": "Feature",
      "properties": {
        "fid": 404.0,
        "handle": "17772",
        "block": "-1",
        "etype": "25",
        "space": "0",
        "layer": "PLAK",
        "olinetype": "bylayer",
        "linetype": null,
        "color": "255,255,255,255",
        "ocolor": "7",
        "color24": "16777215",
        "transparen": "0",
        "lweight": "-1",
        "linewidth": 0.0,
        "ltscale": 1.0,
        "visible": "1",
        "thickness": 0.0,
        "ext": "(3:-0.003003440932991228,-0.004522054395397211,0.9999852650747446)",
        "height": 3.0,
        "text": "1748",
        "angle": 58.87298,
        "widthscale": 1.0,
        "oblique": 0.0,
        "style": "Standard",
        "textgen": "0",
        "alignh": "0",
        "alignv": "0",
        "interlin": -1.0,
        "lat": 29.79332,
        "lon": 52.45967
      },
      "geometry": {
        "type": "Point",
        "coordinates": [52.459669511102227, 29.793319871029876]
      }
    },
    {
      "type": "Feature",
      "properties": {
        "fid": 405.0,
        "handle": "17773",
        "block": "-1",
        "etype": "25",
        "space": "0",
        "layer": "PLAK",
        "olinetype": "bylayer",
        "linetype": null,
        "color": "255,255,255,255",
        "ocolor": "7",
        "color24": "16777215",
        "transparen": "0",
        "lweight": "-1",
        "linewidth": 0.0,
        "ltscale": 1.0,
        "visible": "1",
        "thickness": 0.0,
        "ext": "(3:-0.003003440932991228,-0.004522054395397211,0.9999852650747446)",
        "height": 3.0,
        "text": "1789",
        "angle": 58.87298,
        "widthscale": 1.0,
        "oblique": 0.0,
        "style": "Standard",
        "textgen": "0",
        "alignh": "0",
        "alignv": "0",
        "interlin": -1.0,
        "lat": 29.79262,
        "lon": 52.45806
      },
      "geometry": {
        "type": "Point",
        "coordinates": [52.458055577009894, 29.792616446271285]
      }
    },
    {
      "type": "Feature",
      "properties": {
        "fid": 406.0,
        "handle": "17774",
        "block": "-1",
        "etype": "25",
        "space": "0",
        "layer": "PLAK",
        "olinetype": "bylayer",
        "linetype": null,
        "color": "255,255,255,255",
        "ocolor": "7",
        "color24": "16777215",
        "transparen": "0",
        "lweight": "-1",
        "linewidth": 0.0,
        "ltscale": 1.0,
        "visible": "1",
        "thickness": 0.0,
        "ext": "(3:-0.003003440932991228,-0.004522054395397211,0.9999852650747446)",
        "height": 3.0,
        "text": "1790",
        "angle": 58.87298,
        "widthscale": 1.0,
        "oblique": 0.0,
        "style": "Standard",
        "textgen": "0",
        "alignh": "0",
        "alignv": "0",
        "interlin": -1.0,
        "lat": 29.79268,
        "lon": 52.45794
      },
      "geometry": {
        "type": "Point",
        "coordinates": [52.457944132243334, 29.792681908789476]
      }
    },
    {
      "type": "Feature",
      "properties": {
        "fid": 407.0,
        "handle": "17775",
        "block": "-1",
        "etype": "25",
        "space": "0",
        "layer": "PLAK",
        "olinetype": "bylayer",
        "linetype": null,
        "color": "255,255,255,255",
        "ocolor": "7",
        "color24": "16777215",
        "transparen": "0",
        "lweight": "-1",
        "linewidth": 0.0,
        "ltscale": 1.0,
        "visible": "1",
        "thickness": 0.0,
        "ext": "(3:-0.003003440932991228,-0.004522054395397211,0.9999852650747446)",
        "height": 3.0,
        "text": "1787",
        "angle": 58.87298,
        "widthscale": 1.0,
        "oblique": 0.0,
        "style": "Standard",
        "textgen": "0",
        "alignh": "0",
        "alignv": "0",
        "interlin": -1.0,
        "lat": 29.79251,
        "lon": 52.45826
      },
      "geometry": {
        "type": "Point",
        "coordinates": [52.458258140034204, 29.792506569982265]
      }
    },
    {
      "type": "Feature",
      "properties": {
        "fid": 408.0,
        "handle": "17776",
        "block": "-1",
        "etype": "25",
        "space": "0",
        "layer": "PLAK",
        "olinetype": "bylayer",
        "linetype": null,
        "color": "255,255,255,255",
        "ocolor": "7",
        "color24": "16777215",
        "transparen": "0",
        "lweight": "-1",
        "linewidth": 0.0,
        "ltscale": 1.0,
        "visible": "1",
        "thickness": 0.0,
        "ext": "(3:-0.003003440932991228,-0.004522054395397211,0.9999852650747446)",
        "height": 3.0,
        "text": "1744",
        "angle": 58.87298,
        "widthscale": 1.0,
        "oblique": 0.0,
        "style": "Standard",
        "textgen": "0",
        "alignh": "0",
        "alignv": "0",
        "interlin": -1.0,
        "lat": 29.79304,
        "lon": 52.46014
      },
      "geometry": {
        "type": "Point",
        "coordinates": [52.460143529524181, 29.793041424596939]
      }
    },
    {
      "type": "Feature",
      "properties": {
        "fid": 409.0,
        "handle": "17777",
        "block": "-1",
        "etype": "25",
        "space": "0",
        "layer": "PLAK",
        "olinetype": "bylayer",
        "linetype": null,
        "color": "255,255,255,255",
        "ocolor": "7",
        "color24": "16777215",
        "transparen": "0",
        "lweight": "-1",
        "linewidth": 0.0,
        "ltscale": 1.0,
        "visible": "1",
        "thickness": 0.0,
        "ext": "(3:-0.003003440932991228,-0.004522054395397211,0.9999852650747446)",
        "height": 3.0,
        "text": "1786",
        "angle": 58.87298,
        "widthscale": 1.0,
        "oblique": 0.0,
        "style": "Standard",
        "textgen": "0",
        "alignh": "0",
        "alignv": "0",
        "interlin": -1.0,
        "lat": 29.79244,
        "lon": 52.45837
      },
      "geometry": {
        "type": "Point",
        "coordinates": [52.458367164972408, 29.792437973670506]
      }
    },
    {
      "type": "Feature",
      "properties": {
        "fid": 410.0,
        "handle": "17778",
        "block": "-1",
        "etype": "25",
        "space": "0",
        "layer": "PLAK",
        "olinetype": "bylayer",
        "linetype": null,
        "color": "255,255,255,255",
        "ocolor": "7",
        "color24": "16777215",
        "transparen": "0",
        "lweight": "-1",
        "linewidth": 0.0,
        "ltscale": 1.0,
        "visible": "1",
        "thickness": 0.0,
        "ext": "(3:-0.003003440932991228,-0.004522054395397211,0.9999852650747446)",
        "height": 3.0,
        "text": "1788",
        "angle": 58.87298,
        "widthscale": 1.0,
        "oblique": 0.0,
        "style": "Standard",
        "textgen": "0",
        "alignh": "0",
        "alignv": "0",
        "interlin": -1.0,
        "lat": 29.79256,
        "lon": 52.45816
      },
      "geometry": {
        "type": "Point",
        "coordinates": [52.458158656082517, 29.792560452308283]
      }
    },
    {
      "type": "Feature",
      "properties": {
        "fid": 411.0,
        "handle": "17779",
        "block": "-1",
        "etype": "25",
        "space": "0",
        "layer": "PLAK",
        "olinetype": "bylayer",
        "linetype": null,
        "color": "255,255,255,255",
        "ocolor": "7",
        "color24": "16777215",
        "transparen": "0",
        "lweight": "-1",
        "linewidth": 0.0,
        "ltscale": 1.0,
        "visible": "1",
        "thickness": 0.0,
        "ext": "(3:-0.003003440932991228,-0.004522054395397211,0.9999852650747446)",
        "height": 3.0,
        "text": "1785",
        "angle": 58.87298,
        "widthscale": 1.0,
        "oblique": 0.0,
        "style": "Standard",
        "textgen": "0",
        "alignh": "0",
        "alignv": "0",
        "interlin": -1.0,
        "lat": 29.79235,
        "lon": 52.45849
      },
      "geometry": {
        "type": "Point",
        "coordinates": [52.458494632395201, 29.792354175064855]
      }
    },
    {
      "type": "Feature",
      "properties": {
        "fid": 412.0,
        "handle": "17780",
        "block": "-1",
        "etype": "25",
        "space": "0",
        "layer": "PLAK",
        "olinetype": "bylayer",
        "linetype": null,
        "color": "255,255,255,255",
        "ocolor": "7",
        "color24": "16777215",
        "transparen": "0",
        "lweight": "-1",
        "linewidth": 0.0,
        "ltscale": 1.0,
        "visible": "1",
        "thickness": 0.0,
        "ext": "(3:-0.003003440932991228,-0.004522054395397211,0.9999852650747446)",
        "height": 3.0,
        "text": "1784",
        "angle": 58.87298,
        "widthscale": 1.0,
        "oblique": 0.0,
        "style": "Standard",
        "textgen": "0",
        "alignh": "0",
        "alignv": "0",
        "interlin": -1.0,
        "lat": 29.7923,
        "lon": 52.45861
      },
      "geometry": {
        "type": "Point",
        "coordinates": [52.458608982385343, 29.792295928750917]
      }
    },
    {
      "type": "Feature",
      "properties": {
        "fid": 413.0,
        "handle": "17781",
        "block": "-1",
        "etype": "25",
        "space": "0",
        "layer": "PLAK",
        "olinetype": "bylayer",
        "linetype": null,
        "color": "255,255,255,255",
        "ocolor": "7",
        "color24": "16777215",
        "transparen": "0",
        "lweight": "-1",
        "linewidth": 0.0,
        "ltscale": 1.0,
        "visible": "1",
        "thickness": 0.0,
        "ext": "(3:-0.003003440932991228,-0.004522054395397211,0.9999852650747446)",
        "height": 3.0,
        "text": "1742",
        "angle": 58.87298,
        "widthscale": 1.0,
        "oblique": 0.0,
        "style": "Standard",
        "textgen": "0",
        "alignh": "0",
        "alignv": "0",
        "interlin": -1.0,
        "lat": 29.7929,
        "lon": 52.46039
      },
      "geometry": {
        "type": "Point",
        "coordinates": [52.460391024815067, 29.792896040426132]
      }
    },
    {
      "type": "Feature",
      "properties": {
        "fid": 414.0,
        "handle": "17782",
        "block": "-1",
        "etype": "25",
        "space": "0",
        "layer": "PLAK",
        "olinetype": "bylayer",
        "linetype": null,
        "color": "255,255,255,255",
        "ocolor": "7",
        "color24": "16777215",
        "transparen": "0",
        "lweight": "-1",
        "linewidth": 0.0,
        "ltscale": 1.0,
        "visible": "1",
        "thickness": 0.0,
        "ext": "(3:-0.003003440932991228,-0.004522054395397211,0.9999852650747446)",
        "height": 3.0,
        "text": "1741",
        "angle": 58.87298,
        "widthscale": 1.0,
        "oblique": 0.0,
        "style": "Standard",
        "textgen": "0",
        "alignh": "0",
        "alignv": "0",
        "interlin": -1.0,
        "lat": 29.79283,
        "lon": 52.46052
      },
      "geometry": {
        "type": "Point",
        "coordinates": [52.460515497959101, 29.792828236606574]
      }
    },
    {
      "type": "Feature",
      "properties": {
        "fid": 415.0,
        "handle": "17783",
        "block": "-1",
        "etype": "25",
        "space": "0",
        "layer": "PLAK",
        "olinetype": "bylayer",
        "linetype": null,
        "color": "255,255,255,255",
        "ocolor": "7",
        "color24": "16777215",
        "transparen": "0",
        "lweight": "-1",
        "linewidth": 0.0,
        "ltscale": 1.0,
        "visible": "1",
        "thickness": 0.0,
        "ext": "(3:-0.003003440932991228,-0.004522054395397211,0.9999852650747446)",
        "height": 3.0,
        "text": "1782",
        "angle": 58.87298,
        "widthscale": 1.0,
        "oblique": 0.0,
        "style": "Standard",
        "textgen": "0",
        "alignh": "0",
        "alignv": "0",
        "interlin": -1.0,
        "lat": 29.7922,
        "lon": 52.45877
      },
      "geometry": {
        "type": "Point",
        "coordinates": [52.458773396345322, 29.792199350584511]
      }
    },
    {
      "type": "Feature",
      "properties": {
        "fid": 416.0,
        "handle": "17784",
        "block": "-1",
        "etype": "25",
        "space": "0",
        "layer": "PLAK",
        "olinetype": "bylayer",
        "linetype": null,
        "color": "255,255,255,255",
        "ocolor": "7",
        "color24": "16777215",
        "transparen": "0",
        "lweight": "-1",
        "linewidth": 0.0,
        "ltscale": 1.0,
        "visible": "1",
        "thickness": 0.0,
        "ext": "(3:-0.003003440932991228,-0.004522054395397211,0.9999852650747446)",
        "height": 3.0,
        "text": "1783",
        "angle": 58.87298,
        "widthscale": 1.0,
        "oblique": 0.0,
        "style": "Standard",
        "textgen": "0",
        "alignh": "0",
        "alignv": "0",
        "interlin": -1.0,
        "lat": 29.79226,
        "lon": 52.45866
      },
      "geometry": {
        "type": "Point",
        "coordinates": [52.45865953316757, 29.792261680129851]
      }
    },
    {
      "type": "Feature",
      "properties": {
        "fid": 417.0,
        "handle": "17785",
        "block": "-1",
        "etype": "25",
        "space": "0",
        "layer": "PLAK",
        "olinetype": "bylayer",
        "linetype": null,
        "color": "255,255,255,255",
        "ocolor": "7",
        "color24": "16777215",
        "transparen": "0",
        "lweight": "-1",
        "linewidth": 0.0,
        "ltscale": 1.0,
        "visible": "1",
        "thickness": 0.0,
        "ext": "(3:-0.003003440932991228,-0.004522054395397211,0.9999852650747446)",
        "height": 3.0,
        "text": "1781",
        "angle": 58.87298,
        "widthscale": 1.0,
        "oblique": 0.0,
        "style": "Standard",
        "textgen": "0",
        "alignh": "0",
        "alignv": "0",
        "interlin": -1.0,
        "lat": 29.79214,
        "lon": 52.45888
      },
      "geometry": {
        "type": "Point",
        "coordinates": [52.458881245071382, 29.792135999111878]
      }
    },
    {
      "type": "Feature",
      "properties": {
        "fid": 418.0,
        "handle": "17786",
        "block": "-1",
        "etype": "25",
        "space": "0",
        "layer": "PLAK",
        "olinetype": "bylayer",
        "linetype": null,
        "color": "255,255,255,255",
        "ocolor": "7",
        "color24": "16777215",
        "transparen": "0",
        "lweight": "-1",
        "linewidth": 0.0,
        "ltscale": 1.0,
        "visible": "1",
        "thickness": 0.0,
        "ext": "(3:-0.003003440932991228,-0.004522054395397211,0.9999852650747446)",
        "height": 3.0,
        "text": "1757",
        "angle": 58.87298,
        "widthscale": 1.0,
        "oblique": 0.0,
        "style": "Standard",
        "textgen": "0",
        "alignh": "0",
        "alignv": "0",
        "interlin": -1.0,
        "lat": 29.79357,
        "lon": 52.45875
      },
      "geometry": {
        "type": "Point",
        "coordinates": [52.458752831437096, 29.793571044798355]
      }
    },
    {
      "type": "Feature",
      "properties": {
        "fid": 419.0,
        "handle": "17787",
        "block": "-1",
        "etype": "25",
        "space": "0",
        "layer": "PLAK",
        "olinetype": "bylayer",
        "linetype": null,
        "color": "255,255,255,255",
        "ocolor": "7",
        "color24": "16777215",
        "transparen": "0",
        "lweight": "-1",
        "linewidth": 0.0,
        "ltscale": 1.0,
        "visible": "1",
        "thickness": 0.0,
        "ext": "(3:-0.003003440932991228,-0.004522054395397211,0.9999852650747446)",
        "height": 3.0,
        "text": "1780",
        "angle": 58.87298,
        "widthscale": 1.0,
        "oblique": 0.0,
        "style": "Standard",
        "textgen": "0",
        "alignh": "0",
        "alignv": "0",
        "interlin": -1.0,
        "lat": 29.79207,
        "lon": 52.45897
      },
      "geometry": {
        "type": "Point",
        "coordinates": [52.458973470020361, 29.792072715610711]
      }
    },
    {
      "type": "Feature",
      "properties": {
        "fid": 420.0,
        "handle": "17788",
        "block": "-1",
        "etype": "25",
        "space": "0",
        "layer": "PLAK",
        "olinetype": "bylayer",
        "linetype": null,
        "color": "255,255,255,255",
        "ocolor": "7",
        "color24": "16777215",
        "transparen": "0",
        "lweight": "-1",
        "linewidth": 0.0,
        "ltscale": 1.0,
        "visible": "1",
        "thickness": 0.0,
        "ext": "(3:-0.003003440932991228,-0.004522054395397211,0.9999852650747446)",
        "height": 3.0,
        "text": "1779",
        "angle": 58.87298,
        "widthscale": 1.0,
        "oblique": 0.0,
        "style": "Standard",
        "textgen": "0",
        "alignh": "0",
        "alignv": "0",
        "interlin": -1.0,
        "lat": 29.79201,
        "lon": 52.45907
      },
      "geometry": {
        "type": "Point",
        "coordinates": [52.459065694779888, 29.792009432117158]
      }
    },
    {
      "type": "Feature",
      "properties": {
        "fid": 421.0,
        "handle": "17789",
        "block": "-1",
        "etype": "25",
        "space": "0",
        "layer": "PLAK",
        "olinetype": "bylayer",
        "linetype": null,
        "color": "255,255,255,255",
        "ocolor": "7",
        "color24": "16777215",
        "transparen": "0",
        "lweight": "-1",
        "linewidth": 0.0,
        "ltscale": 1.0,
        "visible": "1",
        "thickness": 0.0,
        "ext": "(3:-0.003003440932991228,-0.004522054395397211,0.9999852650747446)",
        "height": 3.0,
        "text": "1759",
        "angle": 58.87298,
        "widthscale": 1.0,
        "oblique": 0.0,
        "style": "Standard",
        "textgen": "0",
        "alignh": "0",
        "alignv": "0",
        "interlin": -1.0,
        "lat": 29.79337,
        "lon": 52.45904
      },
      "geometry": {
        "type": "Point",
        "coordinates": [52.459043397806532, 29.793366761343268]
      }
    },
    {
      "type": "Feature",
      "properties": {
        "fid": 422.0,
        "handle": "17790",
        "block": "-1",
        "etype": "25",
        "space": "0",
        "layer": "PLAK",
        "olinetype": "bylayer",
        "linetype": null,
        "color": "255,255,255,255",
        "ocolor": "7",
        "color24": "16777215",
        "transparen": "0",
        "lweight": "-1",
        "linewidth": 0.0,
        "ltscale": 1.0,
        "visible": "1",
        "thickness": 0.0,
        "ext": "(3:-0.003003440932991228,-0.004522054395397211,0.9999852650747446)",
        "height": 3.0,
        "text": "1777",
        "angle": 58.87298,
        "widthscale": 1.0,
        "oblique": 0.0,
        "style": "Standard",
        "textgen": "0",
        "alignh": "0",
        "alignv": "0",
        "interlin": -1.0,
        "lat": 29.79189,
        "lon": 52.45928
      },
      "geometry": {
        "type": "Point",
        "coordinates": [52.45928263516339, 29.79189110745488]
      }
    },
    {
      "type": "Feature",
      "properties": {
        "fid": 423.0,
        "handle": "17791",
        "block": "-1",
        "etype": "25",
        "space": "0",
        "layer": "PLAK",
        "olinetype": "bylayer",
        "linetype": null,
        "color": "255,255,255,255",
        "ocolor": "7",
        "color24": "16777215",
        "transparen": "0",
        "lweight": "-1",
        "linewidth": 0.0,
        "ltscale": 1.0,
        "visible": "1",
        "thickness": 0.0,
        "ext": "(3:-0.003003440932991228,-0.004522054395397211,0.9999852650747446)",
        "height": 3.0,
        "text": "1760",
        "angle": 58.87298,
        "widthscale": 1.0,
        "oblique": 0.0,
        "style": "Standard",
        "textgen": "0",
        "alignh": "0",
        "alignv": "0",
        "interlin": -1.0,
        "lat": 29.79331,
        "lon": 52.45917
      },
      "geometry": {
        "type": "Point",
        "coordinates": [52.459167848769525, 29.793306649810418]
      }
    },
    {
      "type": "Feature",
      "properties": {
        "fid": 424.0,
        "handle": "17792",
        "block": "-1",
        "etype": "25",
        "space": "0",
        "layer": "PLAK",
        "olinetype": "bylayer",
        "linetype": null,
        "color": "255,255,255,255",
        "ocolor": "7",
        "color24": "16777215",
        "transparen": "0",
        "lweight": "-1",
        "linewidth": 0.0,
        "ltscale": 1.0,
        "visible": "1",
        "thickness": 0.0,
        "ext": "(3:-0.003003440932991228,-0.004522054395397211,0.9999852650747446)",
        "height": 3.0,
        "text": "1778",
        "angle": 58.87298,
        "widthscale": 1.0,
        "oblique": 0.0,
        "style": "Standard",
        "textgen": "0",
        "alignh": "0",
        "alignv": "0",
        "interlin": -1.0,
        "lat": 29.79195,
        "lon": 52.45917
      },
      "geometry": {
        "type": "Point",
        "coordinates": [52.459166353255519, 29.79195030387681]
      }
    },
    {
      "type": "Feature",
      "properties": {
        "fid": 425.0,
        "handle": "17793",
        "block": "-1",
        "etype": "25",
        "space": "0",
        "layer": "PLAK",
        "olinetype": "bylayer",
        "linetype": null,
        "color": "255,255,255,255",
        "ocolor": "7",
        "color24": "16777215",
        "transparen": "0",
        "lweight": "-1",
        "linewidth": 0.0,
        "ltscale": 1.0,
        "visible": "1",
        "thickness": 0.0,
        "ext": "(3:-0.003003440932991228,-0.004522054395397211,0.9999852650747446)",
        "height": 3.0,
        "text": "1775",
        "angle": 58.87298,
        "widthscale": 1.0,
        "oblique": 0.0,
        "style": "Standard",
        "textgen": "0",
        "alignh": "0",
        "alignv": "0",
        "interlin": -1.0,
        "lat": 29.79177,
        "lon": 52.4595
      },
      "geometry": {
        "type": "Point",
        "coordinates": [52.459495980090423, 29.791774894162831]
      }
    },
    {
      "type": "Feature",
      "properties": {
        "fid": 426.0,
        "handle": "17794",
        "block": "-1",
        "etype": "25",
        "space": "0",
        "layer": "PLAK",
        "olinetype": "bylayer",
        "linetype": null,
        "color": "255,255,255,255",
        "ocolor": "7",
        "color24": "16777215",
        "transparen": "0",
        "lweight": "-1",
        "linewidth": 0.0,
        "ltscale": 1.0,
        "visible": "1",
        "thickness": 0.0,
        "ext": "(3:-0.003003440932991228,-0.004522054395397211,0.9999852650747446)",
        "height": 3.0,
        "text": "1776",
        "angle": 58.87298,
        "widthscale": 1.0,
        "oblique": 0.0,
        "style": "Standard",
        "textgen": "0",
        "alignh": "0",
        "alignv": "0",
        "interlin": -1.0,
        "lat": 29.79183,
        "lon": 52.45938
      },
      "geometry": {
        "type": "Point",
        "coordinates": [52.459379698447897, 29.791834090764702]
      }
    },
    {
      "type": "Feature",
      "properties": {
        "fid": 427.0,
        "handle": "17795",
        "block": "-1",
        "etype": "25",
        "space": "0",
        "layer": "PLAK",
        "olinetype": "bylayer",
        "linetype": null,
        "color": "255,255,255,255",
        "ocolor": "7",
        "color24": "16777215",
        "transparen": "0",
        "lweight": "-1",
        "linewidth": 0.0,
        "ltscale": 1.0,
        "visible": "1",
        "thickness": 0.0,
        "ext": "(3:-0.003003440932991228,-0.004522054395397211,0.9999852650747446)",
        "height": 3.0,
        "text": "1774",
        "angle": 58.87298,
        "widthscale": 1.0,
        "oblique": 0.0,
        "style": "Standard",
        "textgen": "0",
        "alignh": "0",
        "alignv": "0",
        "interlin": -1.0,
        "lat": 29.79171,
        "lon": 52.4596
      },
      "geometry": {
        "type": "Point",
        "coordinates": [52.459601408478498, 29.791708408592925]
      }
    },
    {
      "type": "Feature",
      "properties": {
        "fid": 428.0,
        "handle": "17796",
        "block": "-1",
        "etype": "25",
        "space": "0",
        "layer": "PLAK",
        "olinetype": "bylayer",
        "linetype": null,
        "color": "255,255,255,255",
        "ocolor": "7",
        "color24": "16777215",
        "transparen": "0",
        "lweight": "-1",
        "linewidth": 0.0,
        "ltscale": 1.0,
        "visible": "1",
        "thickness": 0.0,
        "ext": "(3:-0.003003440932991228,-0.004522054395397211,0.9999852650747446)",
        "height": 3.0,
        "text": "1792",
        "angle": 58.87298,
        "widthscale": 1.0,
        "oblique": 0.0,
        "style": "Standard",
        "textgen": "0",
        "alignh": "0",
        "alignv": "0",
        "interlin": -1.0,
        "lat": 29.79253,
        "lon": 52.45773
      },
      "geometry": {
        "type": "Point",
        "coordinates": [52.457728193962161, 29.79253328663269]
      }
    },
    {
      "type": "Feature",
      "properties": {
        "fid": 429.0,
        "handle": "17797",
        "block": "-1",
        "etype": "25",
        "space": "0",
        "layer": "PLAK",
        "olinetype": "bylayer",
        "linetype": null,
        "color": "255,255,255,255",
        "ocolor": "7",
        "color24": "16777215",
        "transparen": "0",
        "lweight": "-1",
        "linewidth": 0.0,
        "ltscale": 1.0,
        "visible": "1",
        "thickness": 0.0,
        "ext": "(3:-0.003003440932991228,-0.004522054395397211,0.9999852650747446)",
        "height": 3.0,
        "text": "1793",
        "angle": 58.87298,
        "widthscale": 1.0,
        "oblique": 0.0,
        "style": "Standard",
        "textgen": "0",
        "alignh": "0",
        "alignv": "0",
        "interlin": -1.0,
        "lat": 29.79248,
        "lon": 52.45783
      },
      "geometry": {
        "type": "Point",
        "coordinates": [52.457831554818519, 29.792476036525233]
      }
    },
    {
      "type": "Feature",
      "properties": {
        "fid": 430.0,
        "handle": "17798",
        "block": "-1",
        "etype": "25",
        "space": "0",
        "layer": "PLAK",
        "olinetype": "bylayer",
        "linetype": null,
        "color": "255,255,255,255",
        "ocolor": "7",
        "color24": "16777215",
        "transparen": "0",
        "lweight": "-1",
        "linewidth": 0.0,
        "ltscale": 1.0,
        "visible": "1",
        "thickness": 0.0,
        "ext": "(3:-0.003003440932991228,-0.004522054395397211,0.9999852650747446)",
        "height": 3.0,
        "text": "1794",
        "angle": 58.87298,
        "widthscale": 1.0,
        "oblique": 0.0,
        "style": "Standard",
        "textgen": "0",
        "alignh": "0",
        "alignv": "0",
        "interlin": -1.0,
        "lat": 29.79243,
        "lon": 52.45791
      },
      "geometry": {
        "type": "Point",
        "coordinates": [52.457911252615823, 29.792432685994104]
      }
    },
    {
      "type": "Feature",
      "properties": {
        "fid": 431.0,
        "handle": "17799",
        "block": "-1",
        "etype": "25",
        "space": "0",
        "layer": "PLAK",
        "olinetype": "bylayer",
        "linetype": null,
        "color": "255,255,255,255",
        "ocolor": "7",
        "color24": "16777215",
        "transparen": "0",
        "lweight": "-1",
        "linewidth": 0.0,
        "ltscale": 1.0,
        "visible": "1",
        "thickness": 0.0,
        "ext": "(3:-0.003003440932991228,-0.004522054395397211,0.9999852650747446)",
        "height": 3.0,
        "text": "1795",
        "angle": 58.87298,
        "widthscale": 1.0,
        "oblique": 0.0,
        "style": "Standard",
        "textgen": "0",
        "alignh": "0",
        "alignv": "0",
        "interlin": -1.0,
        "lat": 29.79237,
        "lon": 52.45802
      },
      "geometry": {
        "type": "Point",
        "coordinates": [52.458023102452422, 29.792371348991729]
      }
    },
    {
      "type": "Feature",
      "properties": {
        "fid": 432.0,
        "handle": "17800",
        "block": "-1",
        "etype": "25",
        "space": "0",
        "layer": "PLAK",
        "olinetype": "bylayer",
        "linetype": null,
        "color": "255,255,255,255",
        "ocolor": "7",
        "color24": "16777215",
        "transparen": "0",
        "lweight": "-1",
        "linewidth": 0.0,
        "ltscale": 1.0,
        "visible": "1",
        "thickness": 0.0,
        "ext": "(3:-0.003003440932991228,-0.004522054395397211,0.9999852650747446)",
        "height": 3.0,
        "text": "1769",
        "angle": 58.87298,
        "widthscale": 1.0,
        "oblique": 0.0,
        "style": "Standard",
        "textgen": "0",
        "alignh": "0",
        "alignv": "0",
        "interlin": -1.0,
        "lat": 29.79268,
        "lon": 52.46022
      },
      "geometry": {
        "type": "Point",
        "coordinates": [52.460220261881851, 29.792682777052082]
      }
    },
    {
      "type": "Feature",
      "properties": {
        "fid": 433.0,
        "handle": "17801",
        "block": "-1",
        "etype": "25",
        "space": "0",
        "layer": "PLAK",
        "olinetype": "bylayer",
        "linetype": null,
        "color": "255,255,255,255",
        "ocolor": "7",
        "color24": "16777215",
        "transparen": "0",
        "lweight": "-1",
        "linewidth": 0.0,
        "ltscale": 1.0,
        "visible": "1",
        "thickness": 0.0,
        "ext": "(3:-0.003003440932991228,-0.004522054395397211,0.9999852650747446)",
        "height": 3.0,
        "text": "1796",
        "angle": 58.87298,
        "widthscale": 1.0,
        "oblique": 0.0,
        "style": "Standard",
        "textgen": "0",
        "alignh": "0",
        "alignv": "0",
        "interlin": -1.0,
        "lat": 29.7923,
        "lon": 52.45815
      },
      "geometry": {
        "type": "Point",
        "coordinates": [52.458147660506327, 29.79229510187189]
      }
    },
    {
      "type": "Feature",
      "properties": {
        "fid": 434.0,
        "handle": "17802",
        "block": "-1",
        "etype": "25",
        "space": "0",
        "layer": "PLAK",
        "olinetype": "bylayer",
        "linetype": null,
        "color": "255,255,255,255",
        "ocolor": "7",
        "color24": "16777215",
        "transparen": "0",
        "lweight": "-1",
        "linewidth": 0.0,
        "ltscale": 1.0,
        "visible": "1",
        "thickness": 0.0,
        "ext": "(3:-0.003003440932991228,-0.004522054395397211,0.9999852650747446)",
        "height": 3.0,
        "text": "1797",
        "angle": 58.87298,
        "widthscale": 1.0,
        "oblique": 0.0,
        "style": "Standard",
        "textgen": "0",
        "alignh": "0",
        "alignv": "0",
        "interlin": -1.0,
        "lat": 29.79224,
        "lon": 52.45825
      },
      "geometry": {
        "type": "Point",
        "coordinates": [52.458245991030061, 29.792240423770071]
      }
    },
    {
      "type": "Feature",
      "properties": {
        "fid": 435.0,
        "handle": "17803",
        "block": "-1",
        "etype": "25",
        "space": "0",
        "layer": "PLAK",
        "olinetype": "bylayer",
        "linetype": null,
        "color": "255,255,255,255",
        "ocolor": "7",
        "color24": "16777215",
        "transparen": "0",
        "lweight": "-1",
        "linewidth": 0.0,
        "ltscale": 1.0,
        "visible": "1",
        "thickness": 0.0,
        "ext": "(3:-0.003003440932991228,-0.004522054395397211,0.9999852650747446)",
        "height": 3.0,
        "text": "1798",
        "angle": 58.87298,
        "widthscale": 1.0,
        "oblique": 0.0,
        "style": "Standard",
        "textgen": "0",
        "alignh": "0",
        "alignv": "0",
        "interlin": -1.0,
        "lat": 29.79219,
        "lon": 52.45834
      },
      "geometry": {
        "type": "Point",
        "coordinates": [52.458340704071233, 29.792193898326232]
      }
    },
    {
      "type": "Feature",
      "properties": {
        "fid": 436.0,
        "handle": "17804",
        "block": "-1",
        "etype": "25",
        "space": "0",
        "layer": "PLAK",
        "olinetype": "bylayer",
        "linetype": null,
        "color": "255,255,255,255",
        "ocolor": "7",
        "color24": "16777215",
        "transparen": "0",
        "lweight": "-1",
        "linewidth": 0.0,
        "ltscale": 1.0,
        "visible": "1",
        "thickness": 0.0,
        "ext": "(3:-0.003003440932991228,-0.004522054395397211,0.9999852650747446)",
        "height": 3.0,
        "text": "1772",
        "angle": 58.87298,
        "widthscale": 1.0,
        "oblique": 0.0,
        "style": "Standard",
        "textgen": "0",
        "alignh": "0",
        "alignv": "0",
        "interlin": -1.0,
        "lat": 29.79248,
        "lon": 52.46059
      },
      "geometry": {
        "type": "Point",
        "coordinates": [52.460590857240504, 29.792475709509368]
      }
    },
    {
      "type": "Feature",
      "properties": {
        "fid": 437.0,
        "handle": "17805",
        "block": "-1",
        "etype": "25",
        "space": "0",
        "layer": "PLAK",
        "olinetype": "bylayer",
        "linetype": null,
        "color": "255,255,255,255",
        "ocolor": "7",
        "color24": "16777215",
        "transparen": "0",
        "lweight": "-1",
        "linewidth": 0.0,
        "ltscale": 1.0,
        "visible": "1",
        "thickness": 0.0,
        "ext": "(3:-0.003003440932991228,-0.004522054395397211,0.9999852650747446)",
        "height": 3.0,
        "text": "1799",
        "angle": 58.87298,
        "widthscale": 1.0,
        "oblique": 0.0,
        "style": "Standard",
        "textgen": "0",
        "alignh": "0",
        "alignv": "0",
        "interlin": -1.0,
        "lat": 29.79213,
        "lon": 52.45843
      },
      "geometry": {
        "type": "Point",
        "coordinates": [52.458426243962272, 29.792129987580505]
      }
    },
    {
      "type": "Feature",
      "properties": {
        "fid": 438.0,
        "handle": "17806",
        "block": "-1",
        "etype": "25",
        "space": "0",
        "layer": "PLAK",
        "olinetype": "bylayer",
        "linetype": null,
        "color": "255,255,255,255",
        "ocolor": "7",
        "color24": "16777215",
        "transparen": "0",
        "lweight": "-1",
        "linewidth": 0.0,
        "ltscale": 1.0,
        "visible": "1",
        "thickness": 0.0,
        "ext": "(3:-0.003003440932991228,-0.004522054395397211,0.9999852650747446)",
        "height": 3.0,
        "text": "1800",
        "angle": 58.87298,
        "widthscale": 1.0,
        "oblique": 0.0,
        "style": "Standard",
        "textgen": "0",
        "alignh": "0",
        "alignv": "0",
        "interlin": -1.0,
        "lat": 29.79208,
        "lon": 52.45853
      },
      "geometry": {
        "type": "Point",
        "coordinates": [52.458528817797372, 29.792078844410597]
      }
    },
    {
      "type": "Feature",
      "properties": {
        "fid": 439.0,
        "handle": "17807",
        "block": "-1",
        "etype": "25",
        "space": "0",
        "layer": "PLAK",
        "olinetype": "bylayer",
        "linetype": null,
        "color": "255,255,255,255",
        "ocolor": "7",
        "color24": "16777215",
        "transparen": "0",
        "lweight": "-1",
        "linewidth": 0.0,
        "ltscale": 1.0,
        "visible": "1",
        "thickness": 0.0,
        "ext": "(3:-0.003003440932991228,-0.004522054395397211,0.9999852650747446)",
        "height": 3.0,
        "text": "1801",
        "angle": 58.87298,
        "widthscale": 1.0,
        "oblique": 0.0,
        "style": "Standard",
        "textgen": "0",
        "alignh": "0",
        "alignv": "0",
        "interlin": -1.0,
        "lat": 29.79199,
        "lon": 52.45868
      },
      "geometry": {
        "type": "Point",
        "coordinates": [52.458676352892397, 29.791993654208735]
      }
    },
    {
      "type": "Feature",
      "properties": {
        "fid": 440.0,
        "handle": "17808",
        "block": "-1",
        "etype": "25",
        "space": "0",
        "layer": "PLAK",
        "olinetype": "bylayer",
        "linetype": null,
        "color": "255,255,255,255",
        "ocolor": "7",
        "color24": "16777215",
        "transparen": "0",
        "lweight": "-1",
        "linewidth": 0.0,
        "ltscale": 1.0,
        "visible": "1",
        "thickness": 0.0,
        "ext": "(3:-0.003003440932991228,-0.004522054395397211,0.9999852650747446)",
        "height": 3.0,
        "text": "1802",
        "angle": 58.87298,
        "widthscale": 1.0,
        "oblique": 0.0,
        "style": "Standard",
        "textgen": "0",
        "alignh": "0",
        "alignv": "0",
        "interlin": -1.0,
        "lat": 29.79195,
        "lon": 52.45874
      },
      "geometry": {
        "type": "Point",
        "coordinates": [52.45873967638493, 29.791945874710041]
      }
    },
    {
      "type": "Feature",
      "properties": {
        "fid": 441.0,
        "handle": "17809",
        "block": "-1",
        "etype": "25",
        "space": "0",
        "layer": "PLAK",
        "olinetype": "bylayer",
        "linetype": null,
        "color": "255,255,255,255",
        "ocolor": "7",
        "color24": "16777215",
        "transparen": "0",
        "lweight": "-1",
        "linewidth": 0.0,
        "ltscale": 1.0,
        "visible": "1",
        "thickness": 0.0,
        "ext": "(3:-0.003003440932991228,-0.004522054395397211,0.9999852650747446)",
        "height": 3.0,
        "text": "1803",
        "angle": 58.87298,
        "widthscale": 1.0,
        "oblique": 0.0,
        "style": "Standard",
        "textgen": "0",
        "alignh": "0",
        "alignv": "0",
        "interlin": -1.0,
        "lat": 29.7919,
        "lon": 52.45885
      },
      "geometry": {
        "type": "Point",
        "coordinates": [52.458847593128532, 29.791896147340598]
      }
    },
    {
      "type": "Feature",
      "properties": {
        "fid": 442.0,
        "handle": "17810",
        "block": "-1",
        "etype": "25",
        "space": "0",
        "layer": "PLAK",
        "olinetype": "bylayer",
        "linetype": null,
        "color": "255,255,255,255",
        "ocolor": "7",
        "color24": "16777215",
        "transparen": "0",
        "lweight": "-1",
        "linewidth": 0.0,
        "ltscale": 1.0,
        "visible": "1",
        "thickness": 0.0,
        "ext": "(3:-0.003003440932991228,-0.004522054395397211,0.9999852650747446)",
        "height": 3.0,
        "text": "1804",
        "angle": 58.87298,
        "widthscale": 1.0,
        "oblique": 0.0,
        "style": "Standard",
        "textgen": "0",
        "alignh": "0",
        "alignv": "0",
        "interlin": -1.0,
        "lat": 29.79183,
        "lon": 52.45895
      },
      "geometry": {
        "type": "Point",
        "coordinates": [52.458949427155623, 29.79183177398513]
      }
    },
    {
      "type": "Feature",
      "properties": {
        "fid": 443.0,
        "handle": "17811",
        "block": "-1",
        "etype": "25",
        "space": "0",
        "layer": "PLAK",
        "olinetype": "bylayer",
        "linetype": null,
        "color": "255,255,255,255",
        "ocolor": "7",
        "color24": "16777215",
        "transparen": "0",
        "lweight": "-1",
        "linewidth": 0.0,
        "ltscale": 1.0,
        "visible": "1",
        "thickness": 0.0,
        "ext": "(3:-0.003003440932991228,-0.004522054395397211,0.9999852650747446)",
        "height": 3.0,
        "text": "1805",
        "angle": 58.87298,
        "widthscale": 1.0,
        "oblique": 0.0,
        "style": "Standard",
        "textgen": "0",
        "alignh": "0",
        "alignv": "0",
        "interlin": -1.0,
        "lat": 29.79177,
        "lon": 52.45905
      },
      "geometry": {
        "type": "Point",
        "coordinates": [52.459050085501644, 29.791772645852422]
      }
    },
    {
      "type": "Feature",
      "properties": {
        "fid": 444.0,
        "handle": "17812",
        "block": "-1",
        "etype": "25",
        "space": "0",
        "layer": "PLAK",
        "olinetype": "bylayer",
        "linetype": null,
        "color": "255,255,255,255",
        "ocolor": "7",
        "color24": "16777215",
        "transparen": "0",
        "lweight": "-1",
        "linewidth": 0.0,
        "ltscale": 1.0,
        "visible": "1",
        "thickness": 0.0,
        "ext": "(3:-0.003003440932991228,-0.004522054395397211,0.9999852650747446)",
        "height": 3.0,
        "text": "1806",
        "angle": 58.87298,
        "widthscale": 1.0,
        "oblique": 0.0,
        "style": "Standard",
        "textgen": "0",
        "alignh": "0",
        "alignv": "0",
        "interlin": -1.0,
        "lat": 29.79171,
        "lon": 52.45916
      },
      "geometry": {
        "type": "Point",
        "coordinates": [52.459161528524966, 29.791707182451184]
      }
    },
    {
      "type": "Feature",
      "properties": {
        "fid": 445.0,
        "handle": "17813",
        "block": "-1",
        "etype": "25",
        "space": "0",
        "layer": "PLAK",
        "olinetype": "bylayer",
        "linetype": null,
        "color": "255,255,255,255",
        "ocolor": "7",
        "color24": "16777215",
        "transparen": "0",
        "lweight": "-1",
        "linewidth": 0.0,
        "ltscale": 1.0,
        "visible": "1",
        "thickness": 0.0,
        "ext": "(3:-0.003003440932991228,-0.004522054395397211,0.9999852650747446)",
        "height": 3.0,
        "text": "1807",
        "angle": 58.87298,
        "widthscale": 1.0,
        "oblique": 0.0,
        "style": "Standard",
        "textgen": "0",
        "alignh": "0",
        "alignv": "0",
        "interlin": -1.0,
        "lat": 29.79167,
        "lon": 52.45926
      },
      "geometry": {
        "type": "Point",
        "coordinates": [52.459261079381996, 29.791666923459996]
      }
    },
    {
      "type": "Feature",
      "properties": {
        "fid": 446.0,
        "handle": "17814",
        "block": "-1",
        "etype": "25",
        "space": "0",
        "layer": "PLAK",
        "olinetype": "bylayer",
        "linetype": null,
        "color": "255,255,255,255",
        "ocolor": "7",
        "color24": "16777215",
        "transparen": "0",
        "lweight": "-1",
        "linewidth": 0.0,
        "ltscale": 1.0,
        "visible": "1",
        "thickness": 0.0,
        "ext": "(3:-0.003003440932991228,-0.004522054395397211,0.9999852650747446)",
        "height": 3.0,
        "text": "1808",
        "angle": 58.87298,
        "widthscale": 1.0,
        "oblique": 0.0,
        "style": "Standard",
        "textgen": "0",
        "alignh": "0",
        "alignv": "0",
        "interlin": -1.0,
        "lat": 29.7916,
        "lon": 52.45936
      },
      "geometry": {
        "type": "Point",
        "coordinates": [52.459358074084058, 29.791596282756945]
      }
    },
    {
      "type": "Feature",
      "properties": {
        "fid": 447.0,
        "handle": "17815",
        "block": "-1",
        "etype": "25",
        "space": "0",
        "layer": "PLAK",
        "olinetype": "bylayer",
        "linetype": null,
        "color": "255,255,255,255",
        "ocolor": "7",
        "color24": "16777215",
        "transparen": "0",
        "lweight": "-1",
        "linewidth": 0.0,
        "ltscale": 1.0,
        "visible": "1",
        "thickness": 0.0,
        "ext": "(3:-0.003003440932991228,-0.004522054395397211,0.9999852650747446)",
        "height": 3.0,
        "text": "1809",
        "angle": 58.87298,
        "widthscale": 1.0,
        "oblique": 0.0,
        "style": "Standard",
        "textgen": "0",
        "alignh": "0",
        "alignv": "0",
        "interlin": -1.0,
        "lat": 29.79153,
        "lon": 52.45945
      },
      "geometry": {
        "type": "Point",
        "coordinates": [52.459451473763004, 29.791527753697554]
      }
    },
    {
      "type": "Feature",
      "properties": {
        "fid": 448.0,
        "handle": "17816",
        "block": "-1",
        "etype": "25",
        "space": "0",
        "layer": "PLAK",
        "olinetype": "bylayer",
        "linetype": null,
        "color": "255,255,255,255",
        "ocolor": "7",
        "color24": "16777215",
        "transparen": "0",
        "lweight": "-1",
        "linewidth": 0.0,
        "ltscale": 1.0,
        "visible": "1",
        "thickness": 0.0,
        "ext": "(3:-0.003003440932991228,-0.004522054395397211,0.9999852650747446)",
        "height": 3.0,
        "text": "1827",
        "angle": 58.87298,
        "widthscale": 1.0,
        "oblique": 0.0,
        "style": "Standard",
        "textgen": "0",
        "alignh": "0",
        "alignv": "0",
        "interlin": -1.0,
        "lat": 29.79226,
        "lon": 52.45747
      },
      "geometry": {
        "type": "Point",
        "coordinates": [52.457470520437177, 29.792256050402727]
      }
    },
    {
      "type": "Feature",
      "properties": {
        "fid": 449.0,
        "handle": "17817",
        "block": "-1",
        "etype": "25",
        "space": "0",
        "layer": "PLAK",
        "olinetype": "bylayer",
        "linetype": null,
        "color": "255,255,255,255",
        "ocolor": "7",
        "color24": "16777215",
        "transparen": "0",
        "lweight": "-1",
        "linewidth": 0.0,
        "ltscale": 1.0,
        "visible": "1",
        "thickness": 0.0,
        "ext": "(3:-0.003003440932991228,-0.004522054395397211,0.9999852650747446)",
        "height": 3.0,
        "text": "1826",
        "angle": 58.87298,
        "widthscale": 1.0,
        "oblique": 0.0,
        "style": "Standard",
        "textgen": "0",
        "alignh": "0",
        "alignv": "0",
        "interlin": -1.0,
        "lat": 29.79219,
        "lon": 52.45756
      },
      "geometry": {
        "type": "Point",
        "coordinates": [52.457562815351217, 29.792188697282789]
      }
    },
    {
      "type": "Feature",
      "properties": {
        "fid": 450.0,
        "handle": "17818",
        "block": "-1",
        "etype": "25",
        "space": "0",
        "layer": "PLAK",
        "olinetype": "bylayer",
        "linetype": null,
        "color": "255,255,255,255",
        "ocolor": "7",
        "color24": "16777215",
        "transparen": "0",
        "lweight": "-1",
        "linewidth": 0.0,
        "ltscale": 1.0,
        "visible": "1",
        "thickness": 0.0,
        "ext": "(3:-0.003003440932991228,-0.004522054395397211,0.9999852650747446)",
        "height": 3.0,
        "text": "1825",
        "angle": 58.87298,
        "widthscale": 1.0,
        "oblique": 0.0,
        "style": "Standard",
        "textgen": "0",
        "alignh": "0",
        "alignv": "0",
        "interlin": -1.0,
        "lat": 29.79211,
        "lon": 52.45769
      },
      "geometry": {
        "type": "Point",
        "coordinates": [52.457692445290277, 29.792108091811183]
      }
    },
    {
      "type": "Feature",
      "properties": {
        "fid": 451.0,
        "handle": "17819",
        "block": "-1",
        "etype": "25",
        "space": "0",
        "layer": "PLAK",
        "olinetype": "bylayer",
        "linetype": null,
        "color": "255,255,255,255",
        "ocolor": "7",
        "color24": "16777215",
        "transparen": "0",
        "lweight": "-1",
        "linewidth": 0.0,
        "ltscale": 1.0,
        "visible": "1",
        "thickness": 0.0,
        "ext": "(3:-0.003003440932991228,-0.004522054395397211,0.9999852650747446)",
        "height": 3.0,
        "text": "1824",
        "angle": 58.87298,
        "widthscale": 1.0,
        "oblique": 0.0,
        "style": "Standard",
        "textgen": "0",
        "alignh": "0",
        "alignv": "0",
        "interlin": -1.0,
        "lat": 29.79207,
        "lon": 52.45777
      },
      "geometry": {
        "type": "Point",
        "coordinates": [52.457774649016983, 29.792072993715475]
      }
    },
    {
      "type": "Feature",
      "properties": {
        "fid": 452.0,
        "handle": "17820",
        "block": "-1",
        "etype": "25",
        "space": "0",
        "layer": "PLAK",
        "olinetype": "bylayer",
        "linetype": null,
        "color": "255,255,255,255",
        "ocolor": "7",
        "color24": "16777215",
        "transparen": "0",
        "lweight": "-1",
        "linewidth": 0.0,
        "ltscale": 1.0,
        "visible": "1",
        "thickness": 0.0,
        "ext": "(3:-0.003003440932991228,-0.004522054395397211,0.9999852650747446)",
        "height": 3.0,
        "text": "1823",
        "angle": 58.87298,
        "widthscale": 1.0,
        "oblique": 0.0,
        "style": "Standard",
        "textgen": "0",
        "alignh": "0",
        "alignv": "0",
        "interlin": -1.0,
        "lat": 29.79201,
        "lon": 52.45788
      },
      "geometry": {
        "type": "Point",
        "coordinates": [52.457880266876515, 29.792006541417582]
      }
    },
    {
      "type": "Feature",
      "properties": {
        "fid": 453.0,
        "handle": "17821",
        "block": "-1",
        "etype": "25",
        "space": "0",
        "layer": "PLAK",
        "olinetype": "bylayer",
        "linetype": null,
        "color": "255,255,255,255",
        "ocolor": "7",
        "color24": "16777215",
        "transparen": "0",
        "lweight": "-1",
        "linewidth": 0.0,
        "ltscale": 1.0,
        "visible": "1",
        "thickness": 0.0,
        "ext": "(3:-0.003003440932991228,-0.004522054395397211,0.9999852650747446)",
        "height": 3.0,
        "text": "1822",
        "angle": 58.87298,
        "widthscale": 1.0,
        "oblique": 0.0,
        "style": "Standard",
        "textgen": "0",
        "alignh": "0",
        "alignv": "0",
        "interlin": -1.0,
        "lat": 29.79194,
        "lon": 52.45798
      },
      "geometry": {
        "type": "Point",
        "coordinates": [52.457982401954844, 29.79194213475045]
      }
    },
    {
      "type": "Feature",
      "properties": {
        "fid": 454.0,
        "handle": "17822",
        "block": "-1",
        "etype": "25",
        "space": "0",
        "layer": "PLAK",
        "olinetype": "bylayer",
        "linetype": null,
        "color": "255,255,255,255",
        "ocolor": "7",
        "color24": "16777215",
        "transparen": "0",
        "lweight": "-1",
        "linewidth": 0.0,
        "ltscale": 1.0,
        "visible": "1",
        "thickness": 0.0,
        "ext": "(3:-0.003003440932991228,-0.004522054395397211,0.9999852650747446)",
        "height": 3.0,
        "text": "1821",
        "angle": 58.87298,
        "widthscale": 1.0,
        "oblique": 0.0,
        "style": "Standard",
        "textgen": "0",
        "alignh": "0",
        "alignv": "0",
        "interlin": -1.0,
        "lat": 29.79189,
        "lon": 52.45808
      },
      "geometry": {
        "type": "Point",
        "coordinates": [52.458078776543509, 29.791889936398082]
      }
    },
    {
      "type": "Feature",
      "properties": {
        "fid": 455.0,
        "handle": "17823",
        "block": "-1",
        "etype": "25",
        "space": "0",
        "layer": "PLAK",
        "olinetype": "bylayer",
        "linetype": null,
        "color": "255,255,255,255",
        "ocolor": "7",
        "color24": "16777215",
        "transparen": "0",
        "lweight": "-1",
        "linewidth": 0.0,
        "ltscale": 1.0,
        "visible": "1",
        "thickness": 0.0,
        "ext": "(3:-0.003003440932991228,-0.004522054395397211,0.9999852650747446)",
        "height": 3.0,
        "text": "1820",
        "angle": 58.87298,
        "widthscale": 1.0,
        "oblique": 0.0,
        "style": "Standard",
        "textgen": "0",
        "alignh": "0",
        "alignv": "0",
        "interlin": -1.0,
        "lat": 29.79181,
        "lon": 52.45819
      },
      "geometry": {
        "type": "Point",
        "coordinates": [52.458192498028737, 29.791814311112311]
      }
    },
    {
      "type": "Feature",
      "properties": {
        "fid": 456.0,
        "handle": "17824",
        "block": "-1",
        "etype": "25",
        "space": "0",
        "layer": "PLAK",
        "olinetype": "bylayer",
        "linetype": null,
        "color": "255,255,255,255",
        "ocolor": "7",
        "color24": "16777215",
        "transparen": "0",
        "lweight": "-1",
        "linewidth": 0.0,
        "ltscale": 1.0,
        "visible": "1",
        "thickness": 0.0,
        "ext": "(3:-0.003003440932991228,-0.004522054395397211,0.9999852650747446)",
        "height": 3.0,
        "text": "1819",
        "angle": 58.87298,
        "widthscale": 1.0,
        "oblique": 0.0,
        "style": "Standard",
        "textgen": "0",
        "alignh": "0",
        "alignv": "0",
        "interlin": -1.0,
        "lat": 29.79176,
        "lon": 52.45829
      },
      "geometry": {
        "type": "Point",
        "coordinates": [52.458286528682656, 29.791759076959526]
      }
    },
    {
      "type": "Feature",
      "properties": {
        "fid": 457.0,
        "handle": "17825",
        "block": "-1",
        "etype": "25",
        "space": "0",
        "layer": "PLAK",
        "olinetype": "bylayer",
        "linetype": null,
        "color": "255,255,255,255",
        "ocolor": "7",
        "color24": "16777215",
        "transparen": "0",
        "lweight": "-1",
        "linewidth": 0.0,
        "ltscale": 1.0,
        "visible": "1",
        "thickness": 0.0,
        "ext": "(3:-0.003003440932991228,-0.004522054395397211,0.9999852650747446)",
        "height": 3.0,
        "text": "1818",
        "angle": 58.87298,
        "widthscale": 1.0,
        "oblique": 0.0,
        "style": "Standard",
        "textgen": "0",
        "alignh": "0",
        "alignv": "0",
        "interlin": -1.0,
        "lat": 29.7917,
        "lon": 52.45839
      },
      "geometry": {
        "type": "Point",
        "coordinates": [52.458387524363744, 29.791699751315054]
      }
    },
    {
      "type": "Feature",
      "properties": {
        "fid": 458.0,
        "handle": "17826",
        "block": "-1",
        "etype": "25",
        "space": "0",
        "layer": "PLAK",
        "olinetype": "bylayer",
        "linetype": null,
        "color": "255,255,255,255",
        "ocolor": "7",
        "color24": "16777215",
        "transparen": "0",
        "lweight": "-1",
        "linewidth": 0.0,
        "ltscale": 1.0,
        "visible": "1",
        "thickness": 0.0,
        "ext": "(3:-0.003003440932991228,-0.004522054395397211,0.9999852650747446)",
        "height": 3.0,
        "text": "1817",
        "angle": 58.87298,
        "widthscale": 1.0,
        "oblique": 0.0,
        "style": "Standard",
        "textgen": "0",
        "alignh": "0",
        "alignv": "0",
        "interlin": -1.0,
        "lat": 29.79164,
        "lon": 52.45849
      },
      "geometry": {
        "type": "Point",
        "coordinates": [52.45849086371139, 29.791643461249677]
      }
    },
    {
      "type": "Feature",
      "properties": {
        "fid": 459.0,
        "handle": "17827",
        "block": "-1",
        "etype": "25",
        "space": "0",
        "layer": "PLAK",
        "olinetype": "bylayer",
        "linetype": null,
        "color": "255,255,255,255",
        "ocolor": "7",
        "color24": "16777215",
        "transparen": "0",
        "lweight": "-1",
        "linewidth": 0.0,
        "ltscale": 1.0,
        "visible": "1",
        "thickness": 0.0,
        "ext": "(3:-0.003003440932991228,-0.004522054395397211,0.9999852650747446)",
        "height": 3.0,
        "text": "1816",
        "angle": 58.87298,
        "widthscale": 1.0,
        "oblique": 0.0,
        "style": "Standard",
        "textgen": "0",
        "alignh": "0",
        "alignv": "0",
        "interlin": -1.0,
        "lat": 29.79158,
        "lon": 52.4586
      },
      "geometry": {
        "type": "Point",
        "coordinates": [52.458598824366064, 29.791580044037964]
      }
    },
    {
      "type": "Feature",
      "properties": {
        "fid": 460.0,
        "handle": "17828",
        "block": "-1",
        "etype": "25",
        "space": "0",
        "layer": "PLAK",
        "olinetype": "bylayer",
        "linetype": null,
        "color": "255,255,255,255",
        "ocolor": "7",
        "color24": "16777215",
        "transparen": "0",
        "lweight": "-1",
        "linewidth": 0.0,
        "ltscale": 1.0,
        "visible": "1",
        "thickness": 0.0,
        "ext": "(3:-0.003003440932991228,-0.004522054395397211,0.9999852650747446)",
        "height": 3.0,
        "text": "1815",
        "angle": 58.87298,
        "widthscale": 1.0,
        "oblique": 0.0,
        "style": "Standard",
        "textgen": "0",
        "alignh": "0",
        "alignv": "0",
        "interlin": -1.0,
        "lat": 29.7915,
        "lon": 52.45874
      },
      "geometry": {
        "type": "Point",
        "coordinates": [52.458742118135447, 29.791495871531588]
      }
    },
    {
      "type": "Feature",
      "properties": {
        "fid": 461.0,
        "handle": "17829",
        "block": "-1",
        "etype": "25",
        "space": "0",
        "layer": "PLAK",
        "olinetype": "bylayer",
        "linetype": null,
        "color": "255,255,255,255",
        "ocolor": "7",
        "color24": "16777215",
        "transparen": "0",
        "lweight": "-1",
        "linewidth": 0.0,
        "ltscale": 1.0,
        "visible": "1",
        "thickness": 0.0,
        "ext": "(3:-0.003003440932991228,-0.004522054395397211,0.9999852650747446)",
        "height": 3.0,
        "text": "1814",
        "angle": 58.87298,
        "widthscale": 1.0,
        "oblique": 0.0,
        "style": "Standard",
        "textgen": "0",
        "alignh": "0",
        "alignv": "0",
        "interlin": -1.0,
        "lat": 29.79146,
        "lon": 52.4588
      },
      "geometry": {
        "type": "Point",
        "coordinates": [52.45879612738117, 29.791455320998505]
      }
    },
    {
      "type": "Feature",
      "properties": {
        "fid": 462.0,
        "handle": "17830",
        "block": "-1",
        "etype": "25",
        "space": "0",
        "layer": "PLAK",
        "olinetype": "bylayer",
        "linetype": null,
        "color": "255,255,255,255",
        "ocolor": "7",
        "color24": "16777215",
        "transparen": "0",
        "lweight": "-1",
        "linewidth": 0.0,
        "ltscale": 1.0,
        "visible": "1",
        "thickness": 0.0,
        "ext": "(3:-0.003003440932991228,-0.004522054395397211,0.9999852650747446)",
        "height": 3.0,
        "text": "1813",
        "angle": 58.87298,
        "widthscale": 1.0,
        "oblique": 0.0,
        "style": "Standard",
        "textgen": "0",
        "alignh": "0",
        "alignv": "0",
        "interlin": -1.0,
        "lat": 29.7914,
        "lon": 52.45891
      },
      "geometry": {
        "type": "Point",
        "coordinates": [52.458907636345636, 29.791403056128825]
      }
    },
    {
      "type": "Feature",
      "properties": {
        "fid": 463.0,
        "handle": "17831",
        "block": "-1",
        "etype": "25",
        "space": "0",
        "layer": "PLAK",
        "olinetype": "bylayer",
        "linetype": null,
        "color": "255,255,255,255",
        "ocolor": "7",
        "color24": "16777215",
        "transparen": "0",
        "lweight": "-1",
        "linewidth": 0.0,
        "ltscale": 1.0,
        "visible": "1",
        "thickness": 0.0,
        "ext": "(3:-0.003003440932991228,-0.004522054395397211,0.9999852650747446)",
        "height": 3.0,
        "text": "1812",
        "angle": 58.87298,
        "widthscale": 1.0,
        "oblique": 0.0,
        "style": "Standard",
        "textgen": "0",
        "alignh": "0",
        "alignv": "0",
        "interlin": -1.0,
        "lat": 29.79133,
        "lon": 52.45901
      },
      "geometry": {
        "type": "Point",
        "coordinates": [52.459012784802347, 29.7913326118668]
      }
    },
    {
      "type": "Feature",
      "properties": {
        "fid": 464.0,
        "handle": "17832",
        "block": "-1",
        "etype": "25",
        "space": "0",
        "layer": "PLAK",
        "olinetype": "bylayer",
        "linetype": null,
        "color": "255,255,255,255",
        "ocolor": "7",
        "color24": "16777215",
        "transparen": "0",
        "lweight": "-1",
        "linewidth": 0.0,
        "ltscale": 1.0,
        "visible": "1",
        "thickness": 0.0,
        "ext": "(3:-0.003003440932991228,-0.004522054395397211,0.9999852650747446)",
        "height": 3.0,
        "text": "1811",
        "angle": 58.87298,
        "widthscale": 1.0,
        "oblique": 0.0,
        "style": "Standard",
        "textgen": "0",
        "alignh": "0",
        "alignv": "0",
        "interlin": -1.0,
        "lat": 29.79128,
        "lon": 52.45912
      },
      "geometry": {
        "type": "Point",
        "coordinates": [52.459118469150603, 29.791282530863572]
      }
    },
    {
      "type": "Feature",
      "properties": {
        "fid": 465.0,
        "handle": "17833",
        "block": "-1",
        "etype": "25",
        "space": "0",
        "layer": "PLAK",
        "olinetype": "bylayer",
        "linetype": null,
        "color": "255,255,255,255",
        "ocolor": "7",
        "color24": "16777215",
        "transparen": "0",
        "lweight": "-1",
        "linewidth": 0.0,
        "ltscale": 1.0,
        "visible": "1",
        "thickness": 0.0,
        "ext": "(3:-0.003003440932991228,-0.004522054395397211,0.9999852650747446)",
        "height": 3.0,
        "text": "1810",
        "angle": 58.87298,
        "widthscale": 1.0,
        "oblique": 0.0,
        "style": "Standard",
        "textgen": "0",
        "alignh": "0",
        "alignv": "0",
        "interlin": -1.0,
        "lat": 29.79123,
        "lon": 52.45922
      },
      "geometry": {
        "type": "Point",
        "coordinates": [52.459216447262357, 29.791226067531369]
      }
    },
    {
      "type": "Feature",
      "properties": {
        "fid": 466.0,
        "handle": "17834",
        "block": "-1",
        "etype": "25",
        "space": "0",
        "layer": "PLAK",
        "olinetype": "bylayer",
        "linetype": null,
        "color": "255,255,255,255",
        "ocolor": "7",
        "color24": "16777215",
        "transparen": "0",
        "lweight": "-1",
        "linewidth": 0.0,
        "ltscale": 1.0,
        "visible": "1",
        "thickness": 0.0,
        "ext": "(3:-0.003003440932991228,-0.004522054395397211,0.9999852650747446)",
        "height": 3.0,
        "text": "1828",
        "angle": 58.87298,
        "widthscale": 1.0,
        "oblique": 0.0,
        "style": "Standard",
        "textgen": "0",
        "alignh": "0",
        "alignv": "0",
        "interlin": -1.0,
        "lat": 29.79206,
        "lon": 52.45731
      },
      "geometry": {
        "type": "Point",
        "coordinates": [52.45730985846938, 29.792062479709301]
      }
    },
    {
      "type": "Feature",
      "properties": {
        "fid": 467.0,
        "handle": "17835",
        "block": "-1",
        "etype": "25",
        "space": "0",
        "layer": "PLAK",
        "olinetype": "bylayer",
        "linetype": null,
        "color": "255,255,255,255",
        "ocolor": "7",
        "color24": "16777215",
        "transparen": "0",
        "lweight": "-1",
        "linewidth": 0.0,
        "ltscale": 1.0,
        "visible": "1",
        "thickness": 0.0,
        "ext": "(3:-0.003003440932991228,-0.004522054395397211,0.9999852650747446)",
        "height": 3.0,
        "text": "1829",
        "angle": 58.87298,
        "widthscale": 1.0,
        "oblique": 0.0,
        "style": "Standard",
        "textgen": "0",
        "alignh": "0",
        "alignv": "0",
        "interlin": -1.0,
        "lat": 29.792,
        "lon": 52.45741
      },
      "geometry": {
        "type": "Point",
        "coordinates": [52.457413346952805, 29.791998418380064]
      }
    },
    {
      "type": "Feature",
      "properties": {
        "fid": 468.0,
        "handle": "17836",
        "block": "-1",
        "etype": "25",
        "space": "0",
        "layer": "PLAK",
        "olinetype": "bylayer",
        "linetype": null,
        "color": "255,255,255,255",
        "ocolor": "7",
        "color24": "16777215",
        "transparen": "0",
        "lweight": "-1",
        "linewidth": 0.0,
        "ltscale": 1.0,
        "visible": "1",
        "thickness": 0.0,
        "ext": "(3:-0.003003440932991228,-0.004522054395397211,0.9999852650747446)",
        "height": 3.0,
        "text": "1830",
        "angle": 58.87298,
        "widthscale": 1.0,
        "oblique": 0.0,
        "style": "Standard",
        "textgen": "0",
        "alignh": "0",
        "alignv": "0",
        "interlin": -1.0,
        "lat": 29.79193,
        "lon": 52.45752
      },
      "geometry": {
        "type": "Point",
        "coordinates": [52.457515210562164, 29.791932038723345]
      }
    },
    {
      "type": "Feature",
      "properties": {
        "fid": 469.0,
        "handle": "17837",
        "block": "-1",
        "etype": "25",
        "space": "0",
        "layer": "PLAK",
        "olinetype": "bylayer",
        "linetype": null,
        "color": "255,255,255,255",
        "ocolor": "7",
        "color24": "16777215",
        "transparen": "0",
        "lweight": "-1",
        "linewidth": 0.0,
        "ltscale": 1.0,
        "visible": "1",
        "thickness": 0.0,
        "ext": "(3:-0.003003440932991228,-0.004522054395397211,0.9999852650747446)",
        "height": 3.0,
        "text": "1831",
        "angle": 58.87298,
        "widthscale": 1.0,
        "oblique": 0.0,
        "style": "Standard",
        "textgen": "0",
        "alignh": "0",
        "alignv": "0",
        "interlin": -1.0,
        "lat": 29.79187,
        "lon": 52.45765
      },
      "geometry": {
        "type": "Point",
        "coordinates": [52.457646749472907, 29.791874555429644]
      }
    },
    {
      "type": "Feature",
      "properties": {
        "fid": 470.0,
        "handle": "17838",
        "block": "-1",
        "etype": "25",
        "space": "0",
        "layer": "PLAK",
        "olinetype": "bylayer",
        "linetype": null,
        "color": "255,255,255,255",
        "ocolor": "7",
        "color24": "16777215",
        "transparen": "0",
        "lweight": "-1",
        "linewidth": 0.0,
        "ltscale": 1.0,
        "visible": "1",
        "thickness": 0.0,
        "ext": "(3:-0.003003440932991228,-0.004522054395397211,0.9999852650747446)",
        "height": 3.0,
        "text": "1832",
        "angle": 58.87298,
        "widthscale": 1.0,
        "oblique": 0.0,
        "style": "Standard",
        "textgen": "0",
        "alignh": "0",
        "alignv": "0",
        "interlin": -1.0,
        "lat": 29.79183,
        "lon": 52.45774
      },
      "geometry": {
        "type": "Point",
        "coordinates": [52.457736158944819, 29.791826448675522]
      }
    },
    {
      "type": "Feature",
      "properties": {
        "fid": 471.0,
        "handle": "17839",
        "block": "-1",
        "etype": "25",
        "space": "0",
        "layer": "PLAK",
        "olinetype": "bylayer",
        "linetype": null,
        "color": "255,255,255,255",
        "ocolor": "7",
        "color24": "16777215",
        "transparen": "0",
        "lweight": "-1",
        "linewidth": 0.0,
        "ltscale": 1.0,
        "visible": "1",
        "thickness": 0.0,
        "ext": "(3:-0.003003440932991228,-0.004522054395397211,0.9999852650747446)",
        "height": 3.0,
        "text": "1833",
        "angle": 58.87298,
        "widthscale": 1.0,
        "oblique": 0.0,
        "style": "Standard",
        "textgen": "0",
        "alignh": "0",
        "alignv": "0",
        "interlin": -1.0,
        "lat": 29.79176,
        "lon": 52.45783
      },
      "geometry": {
        "type": "Point",
        "coordinates": [52.457833606399191, 29.791755970844338]
      }
    },
    {
      "type": "Feature",
      "properties": {
        "fid": 472.0,
        "handle": "17840",
        "block": "-1",
        "etype": "25",
        "space": "0",
        "layer": "PLAK",
        "olinetype": "bylayer",
        "linetype": null,
        "color": "255,255,255,255",
        "ocolor": "7",
        "color24": "16777215",
        "transparen": "0",
        "lweight": "-1",
        "linewidth": 0.0,
        "ltscale": 1.0,
        "visible": "1",
        "thickness": 0.0,
        "ext": "(3:-0.003003440932991228,-0.004522054395397211,0.9999852650747446)",
        "height": 3.0,
        "text": "1834",
        "angle": 58.87298,
        "widthscale": 1.0,
        "oblique": 0.0,
        "style": "Standard",
        "textgen": "0",
        "alignh": "0",
        "alignv": "0",
        "interlin": -1.0,
        "lat": 29.79169,
        "lon": 52.45795
      },
      "geometry": {
        "type": "Point",
        "coordinates": [52.457950876647217, 29.791691498395647]
      }
    },
    {
      "type": "Feature",
      "properties": {
        "fid": 473.0,
        "handle": "17841",
        "block": "-1",
        "etype": "25",
        "space": "0",
        "layer": "PLAK",
        "olinetype": "bylayer",
        "linetype": null,
        "color": "255,255,255,255",
        "ocolor": "7",
        "color24": "16777215",
        "transparen": "0",
        "lweight": "-1",
        "linewidth": 0.0,
        "ltscale": 1.0,
        "visible": "1",
        "thickness": 0.0,
        "ext": "(3:-0.003003440932991228,-0.004522054395397211,0.9999852650747446)",
        "height": 3.0,
        "text": "1835",
        "angle": 58.87298,
        "widthscale": 1.0,
        "oblique": 0.0,
        "style": "Standard",
        "textgen": "0",
        "alignh": "0",
        "alignv": "0",
        "interlin": -1.0,
        "lat": 29.79163,
        "lon": 52.45805
      },
      "geometry": {
        "type": "Point",
        "coordinates": [52.458048389843697, 29.791634218715235]
      }
    },
    {
      "type": "Feature",
      "properties": {
        "fid": 474.0,
        "handle": "17842",
        "block": "-1",
        "etype": "25",
        "space": "0",
        "layer": "PLAK",
        "olinetype": "bylayer",
        "linetype": null,
        "color": "255,255,255,255",
        "ocolor": "7",
        "color24": "16777215",
        "transparen": "0",
        "lweight": "-1",
        "linewidth": 0.0,
        "ltscale": 1.0,
        "visible": "1",
        "thickness": 0.0,
        "ext": "(3:-0.003003440932991228,-0.004522054395397211,0.9999852650747446)",
        "height": 3.0,
        "text": "1836",
        "angle": 58.87298,
        "widthscale": 1.0,
        "oblique": 0.0,
        "style": "Standard",
        "textgen": "0",
        "alignh": "0",
        "alignv": "0",
        "interlin": -1.0,
        "lat": 29.79158,
        "lon": 52.45814
      },
      "geometry": {
        "type": "Point",
        "coordinates": [52.458138937793102, 29.791581030381412]
      }
    },
    {
      "type": "Feature",
      "properties": {
        "fid": 475.0,
        "handle": "17843",
        "block": "-1",
        "etype": "25",
        "space": "0",
        "layer": "PLAK",
        "olinetype": "bylayer",
        "linetype": null,
        "color": "255,255,255,255",
        "ocolor": "7",
        "color24": "16777215",
        "transparen": "0",
        "lweight": "-1",
        "linewidth": 0.0,
        "ltscale": 1.0,
        "visible": "1",
        "thickness": 0.0,
        "ext": "(3:-0.003003440932991228,-0.004522054395397211,0.9999852650747446)",
        "height": 3.0,
        "text": "1837",
        "angle": 58.87298,
        "widthscale": 1.0,
        "oblique": 0.0,
        "style": "Standard",
        "textgen": "0",
        "alignh": "0",
        "alignv": "0",
        "interlin": -1.0,
        "lat": 29.79151,
        "lon": 52.45824
      },
      "geometry": {
        "type": "Point",
        "coordinates": [52.458239727189913, 29.791513758308522]
      }
    },
    {
      "type": "Feature",
      "properties": {
        "fid": 476.0,
        "handle": "17844",
        "block": "-1",
        "etype": "25",
        "space": "0",
        "layer": "PLAK",
        "olinetype": "bylayer",
        "linetype": null,
        "color": "255,255,255,255",
        "ocolor": "7",
        "color24": "16777215",
        "transparen": "0",
        "lweight": "-1",
        "linewidth": 0.0,
        "ltscale": 1.0,
        "visible": "1",
        "thickness": 0.0,
        "ext": "(3:-0.003003440932991228,-0.004522054395397211,0.9999852650747446)",
        "height": 3.0,
        "text": "1838",
        "angle": 58.87298,
        "widthscale": 1.0,
        "oblique": 0.0,
        "style": "Standard",
        "textgen": "0",
        "alignh": "0",
        "alignv": "0",
        "interlin": -1.0,
        "lat": 29.79146,
        "lon": 52.45836
      },
      "geometry": {
        "type": "Point",
        "coordinates": [52.458356064232767, 29.791462313397421]
      }
    },
    {
      "type": "Feature",
      "properties": {
        "fid": 477.0,
        "handle": "17845",
        "block": "-1",
        "etype": "25",
        "space": "0",
        "layer": "PLAK",
        "olinetype": "bylayer",
        "linetype": null,
        "color": "255,255,255,255",
        "ocolor": "7",
        "color24": "16777215",
        "transparen": "0",
        "lweight": "-1",
        "linewidth": 0.0,
        "ltscale": 1.0,
        "visible": "1",
        "thickness": 0.0,
        "ext": "(3:-0.003003440932991228,-0.004522054395397211,0.9999852650747446)",
        "height": 3.0,
        "text": "1839",
        "angle": 58.87298,
        "widthscale": 1.0,
        "oblique": 0.0,
        "style": "Standard",
        "textgen": "0",
        "alignh": "0",
        "alignv": "0",
        "interlin": -1.0,
        "lat": 29.79137,
        "lon": 52.45848
      },
      "geometry": {
        "type": "Point",
        "coordinates": [52.458480037498397, 29.791374168932705]
      }
    },
    {
      "type": "Feature",
      "properties": {
        "fid": 478.0,
        "handle": "17846",
        "block": "-1",
        "etype": "25",
        "space": "0",
        "layer": "PLAK",
        "olinetype": "bylayer",
        "linetype": null,
        "color": "255,255,255,255",
        "ocolor": "7",
        "color24": "16777215",
        "transparen": "0",
        "lweight": "-1",
        "linewidth": 0.0,
        "ltscale": 1.0,
        "visible": "1",
        "thickness": 0.0,
        "ext": "(3:-0.003003440932991228,-0.004522054395397211,0.9999852650747446)",
        "height": 3.0,
        "text": "1840",
        "angle": 58.87298,
        "widthscale": 1.0,
        "oblique": 0.0,
        "style": "Standard",
        "textgen": "0",
        "alignh": "0",
        "alignv": "0",
        "interlin": -1.0,
        "lat": 29.79133,
        "lon": 52.45857
      },
      "geometry": {
        "type": "Point",
        "coordinates": [52.458566158815607, 29.791334489188074]
      }
    },
    {
      "type": "Feature",
      "properties": {
        "fid": 479.0,
        "handle": "17847",
        "block": "-1",
        "etype": "25",
        "space": "0",
        "layer": "PLAK",
        "olinetype": "bylayer",
        "linetype": null,
        "color": "255,255,255,255",
        "ocolor": "7",
        "color24": "16777215",
        "transparen": "0",
        "lweight": "-1",
        "linewidth": 0.0,
        "ltscale": 1.0,
        "visible": "1",
        "thickness": 0.0,
        "ext": "(3:-0.003003440932991228,-0.004522054395397211,0.9999852650747446)",
        "height": 3.0,
        "text": "1841",
        "angle": 58.87298,
        "widthscale": 1.0,
        "oblique": 0.0,
        "style": "Standard",
        "textgen": "0",
        "alignh": "0",
        "alignv": "0",
        "interlin": -1.0,
        "lat": 29.79128,
        "lon": 52.45866
      },
      "geometry": {
        "type": "Point",
        "coordinates": [52.458657845016972, 29.791276219172563]
      }
    },
    {
      "type": "Feature",
      "properties": {
        "fid": 480.0,
        "handle": "17848",
        "block": "-1",
        "etype": "25",
        "space": "0",
        "layer": "PLAK",
        "olinetype": "bylayer",
        "linetype": null,
        "color": "255,255,255,255",
        "ocolor": "7",
        "color24": "16777215",
        "transparen": "0",
        "lweight": "-1",
        "linewidth": 0.0,
        "ltscale": 1.0,
        "visible": "1",
        "thickness": 0.0,
        "ext": "(3:-0.003003440932991228,-0.004522054395397211,0.9999852650747446)",
        "height": 3.0,
        "text": "1842",
        "angle": 58.87298,
        "widthscale": 1.0,
        "oblique": 0.0,
        "style": "Standard",
        "textgen": "0",
        "alignh": "0",
        "alignv": "0",
        "interlin": -1.0,
        "lat": 29.79121,
        "lon": 52.45876
      },
      "geometry": {
        "type": "Point",
        "coordinates": [52.458759978849336, 29.79121181193949]
      }
    },
    {
      "type": "Feature",
      "properties": {
        "fid": 481.0,
        "handle": "17849",
        "block": "-1",
        "etype": "25",
        "space": "0",
        "layer": "PLAK",
        "olinetype": "bylayer",
        "linetype": null,
        "color": "255,255,255,255",
        "ocolor": "7",
        "color24": "16777215",
        "transparen": "0",
        "lweight": "-1",
        "linewidth": 0.0,
        "ltscale": 1.0,
        "visible": "1",
        "thickness": 0.0,
        "ext": "(3:-0.003003440932991228,-0.004522054395397211,0.9999852650747446)",
        "height": 3.0,
        "text": "1843",
        "angle": 58.87298,
        "widthscale": 1.0,
        "oblique": 0.0,
        "style": "Standard",
        "textgen": "0",
        "alignh": "0",
        "alignv": "0",
        "interlin": -1.0,
        "lat": 29.79115,
        "lon": 52.45887
      },
      "geometry": {
        "type": "Point",
        "coordinates": [52.458870282631814, 29.791151430135475]
      }
    },
    {
      "type": "Feature",
      "properties": {
        "fid": 482.0,
        "handle": "17850",
        "block": "-1",
        "etype": "25",
        "space": "0",
        "layer": "PLAK",
        "olinetype": "bylayer",
        "linetype": null,
        "color": "255,255,255,255",
        "ocolor": "7",
        "color24": "16777215",
        "transparen": "0",
        "lweight": "-1",
        "linewidth": 0.0,
        "ltscale": 1.0,
        "visible": "1",
        "thickness": 0.0,
        "ext": "(3:-0.003003440932991228,-0.004522054395397211,0.9999852650747446)",
        "height": 3.0,
        "text": "1844",
        "angle": 58.87298,
        "widthscale": 1.0,
        "oblique": 0.0,
        "style": "Standard",
        "textgen": "0",
        "alignh": "0",
        "alignv": "0",
        "interlin": -1.0,
        "lat": 29.79107,
        "lon": 52.459
      },
      "geometry": {
        "type": "Point",
        "coordinates": [52.458995278633132, 29.791068138453262]
      }
    },
    {
      "type": "Feature",
      "properties": {
        "fid": 483.0,
        "handle": "17851",
        "block": "-1",
        "etype": "25",
        "space": "0",
        "layer": "PLAK",
        "olinetype": "bylayer",
        "linetype": null,
        "color": "255,255,255,255",
        "ocolor": "7",
        "color24": "16777215",
        "transparen": "0",
        "lweight": "-1",
        "linewidth": 0.0,
        "ltscale": 1.0,
        "visible": "1",
        "thickness": 0.0,
        "ext": "(3:-0.003003440932991228,-0.004522054395397211,0.9999852650747446)",
        "height": 3.0,
        "text": "1845",
        "angle": 58.87298,
        "widthscale": 1.0,
        "oblique": 0.0,
        "style": "Standard",
        "textgen": "0",
        "alignh": "0",
        "alignv": "0",
        "interlin": -1.0,
        "lat": 29.79103,
        "lon": 52.45907
      },
      "geometry": {
        "type": "Point",
        "coordinates": [52.459069928221481, 29.791029742364199]
      }
    },
    {
      "type": "Feature",
      "properties": {
        "fid": 484.0,
        "handle": "17852",
        "block": "-1",
        "etype": "25",
        "space": "0",
        "layer": "PLAK",
        "olinetype": "bylayer",
        "linetype": null,
        "color": "255,255,255,255",
        "ocolor": "7",
        "color24": "16777215",
        "transparen": "0",
        "lweight": "-1",
        "linewidth": 0.0,
        "ltscale": 1.0,
        "visible": "1",
        "thickness": 0.0,
        "ext": "(3:-0.003003440932991228,-0.004522054395397211,0.9999852650747446)",
        "height": 3.0,
        "text": "1858",
        "angle": 58.87298,
        "widthscale": 1.0,
        "oblique": 0.0,
        "style": "Standard",
        "textgen": "0",
        "alignh": "0",
        "alignv": "0",
        "interlin": -1.0,
        "lat": 29.79533,
        "lon": 52.45764
      },
      "geometry": {
        "type": "Point",
        "coordinates": [52.457639787757763, 29.795333149105126]
      }
    },
    {
      "type": "Feature",
      "properties": {
        "fid": 485.0,
        "handle": "17853",
        "block": "-1",
        "etype": "25",
        "space": "0",
        "layer": "PLAK",
        "olinetype": "bylayer",
        "linetype": null,
        "color": "255,255,255,255",
        "ocolor": "7",
        "color24": "16777215",
        "transparen": "0",
        "lweight": "-1",
        "linewidth": 0.0,
        "ltscale": 1.0,
        "visible": "1",
        "thickness": 0.0,
        "ext": "(3:-0.003003440932991228,-0.004522054395397211,0.9999852650747446)",
        "height": 3.0,
        "text": "1857",
        "angle": 58.87298,
        "widthscale": 1.0,
        "oblique": 0.0,
        "style": "Standard",
        "textgen": "0",
        "alignh": "0",
        "alignv": "0",
        "interlin": -1.0,
        "lat": 29.79524,
        "lon": 52.45778
      },
      "geometry": {
        "type": "Point",
        "coordinates": [52.457783885675333, 29.79524328768073]
      }
    },
    {
      "type": "Feature",
      "properties": {
        "fid": 486.0,
        "handle": "17854",
        "block": "-1",
        "etype": "25",
        "space": "0",
        "layer": "PLAK",
        "olinetype": "bylayer",
        "linetype": null,
        "color": "255,255,255,255",
        "ocolor": "7",
        "color24": "16777215",
        "transparen": "0",
        "lweight": "-1",
        "linewidth": 0.0,
        "ltscale": 1.0,
        "visible": "1",
        "thickness": 0.0,
        "ext": "(3:-0.003003440932991228,-0.004522054395397211,0.9999852650747446)",
        "height": 3.0,
        "text": "1856",
        "angle": 58.87298,
        "widthscale": 1.0,
        "oblique": 0.0,
        "style": "Standard",
        "textgen": "0",
        "alignh": "0",
        "alignv": "0",
        "interlin": -1.0,
        "lat": 29.79521,
        "lon": 52.45785
      },
      "geometry": {
        "type": "Point",
        "coordinates": [52.457845611378701, 29.795205704686037]
      }
    },
    {
      "type": "Feature",
      "properties": {
        "fid": 487.0,
        "handle": "17855",
        "block": "-1",
        "etype": "25",
        "space": "0",
        "layer": "PLAK",
        "olinetype": "bylayer",
        "linetype": null,
        "color": "255,255,255,255",
        "ocolor": "7",
        "color24": "16777215",
        "transparen": "0",
        "lweight": "-1",
        "linewidth": 0.0,
        "ltscale": 1.0,
        "visible": "1",
        "thickness": 0.0,
        "ext": "(3:-0.003003440932991228,-0.004522054395397211,0.9999852650747446)",
        "height": 3.0,
        "text": "1855",
        "angle": 58.87298,
        "widthscale": 1.0,
        "oblique": 0.0,
        "style": "Standard",
        "textgen": "0",
        "alignh": "0",
        "alignv": "0",
        "interlin": -1.0,
        "lat": 29.79514,
        "lon": 52.45794
      },
      "geometry": {
        "type": "Point",
        "coordinates": [52.457944647045366, 29.795144259058933]
      }
    },
    {
      "type": "Feature",
      "properties": {
        "fid": 488.0,
        "handle": "17856",
        "block": "-1",
        "etype": "25",
        "space": "0",
        "layer": "PLAK",
        "olinetype": "bylayer",
        "linetype": null,
        "color": "255,255,255,255",
        "ocolor": "7",
        "color24": "16777215",
        "transparen": "0",
        "lweight": "-1",
        "linewidth": 0.0,
        "ltscale": 1.0,
        "visible": "1",
        "thickness": 0.0,
        "ext": "(3:-0.003003440932991228,-0.004522054395397211,0.9999852650747446)",
        "height": 3.0,
        "text": "1854",
        "angle": 58.87298,
        "widthscale": 1.0,
        "oblique": 0.0,
        "style": "Standard",
        "textgen": "0",
        "alignh": "0",
        "alignv": "0",
        "interlin": -1.0,
        "lat": 29.79509,
        "lon": 52.45805
      },
      "geometry": {
        "type": "Point",
        "coordinates": [52.458047160569308, 29.795087317823629]
      }
    },
    {
      "type": "Feature",
      "properties": {
        "fid": 489.0,
        "handle": "17857",
        "block": "-1",
        "etype": "25",
        "space": "0",
        "layer": "PLAK",
        "olinetype": "bylayer",
        "linetype": null,
        "color": "255,255,255,255",
        "ocolor": "7",
        "color24": "16777215",
        "transparen": "0",
        "lweight": "-1",
        "linewidth": 0.0,
        "ltscale": 1.0,
        "visible": "1",
        "thickness": 0.0,
        "ext": "(3:-0.003003440932991228,-0.004522054395397211,0.9999852650747446)",
        "height": 3.0,
        "text": "1853",
        "angle": 58.87298,
        "widthscale": 1.0,
        "oblique": 0.0,
        "style": "Standard",
        "textgen": "0",
        "alignh": "0",
        "alignv": "0",
        "interlin": -1.0,
        "lat": 29.79503,
        "lon": 52.45815
      },
      "geometry": {
        "type": "Point",
        "coordinates": [52.458145351053048, 29.79502964203774]
      }
    },
    {
      "type": "Feature",
      "properties": {
        "fid": 490.0,
        "handle": "17858",
        "block": "-1",
        "etype": "25",
        "space": "0",
        "layer": "PLAK",
        "olinetype": "bylayer",
        "linetype": null,
        "color": "255,255,255,255",
        "ocolor": "7",
        "color24": "16777215",
        "transparen": "0",
        "lweight": "-1",
        "linewidth": 0.0,
        "ltscale": 1.0,
        "visible": "1",
        "thickness": 0.0,
        "ext": "(3:-0.003003440932991228,-0.004522054395397211,0.9999852650747446)",
        "height": 3.0,
        "text": "1852",
        "angle": 58.87298,
        "widthscale": 1.0,
        "oblique": 0.0,
        "style": "Standard",
        "textgen": "0",
        "alignh": "0",
        "alignv": "0",
        "interlin": -1.0,
        "lat": 29.79496,
        "lon": 52.45826
      },
      "geometry": {
        "type": "Point",
        "coordinates": [52.458260460757586, 29.794958587174168]
      }
    },
    {
      "type": "Feature",
      "properties": {
        "fid": 491.0,
        "handle": "17859",
        "block": "-1",
        "etype": "25",
        "space": "0",
        "layer": "PLAK",
        "olinetype": "bylayer",
        "linetype": null,
        "color": "255,255,255,255",
        "ocolor": "7",
        "color24": "16777215",
        "transparen": "0",
        "lweight": "-1",
        "linewidth": 0.0,
        "ltscale": 1.0,
        "visible": "1",
        "thickness": 0.0,
        "ext": "(3:-0.003003440932991228,-0.004522054395397211,0.9999852650747446)",
        "height": 3.0,
        "text": "1851",
        "angle": 58.87298,
        "widthscale": 1.0,
        "oblique": 0.0,
        "style": "Standard",
        "textgen": "0",
        "alignh": "0",
        "alignv": "0",
        "interlin": -1.0,
        "lat": 29.79489,
        "lon": 52.45838
      },
      "geometry": {
        "type": "Point",
        "coordinates": [52.458380786095233, 29.794891350063608]
      }
    },
    {
      "type": "Feature",
      "properties": {
        "fid": 492.0,
        "handle": "17860",
        "block": "-1",
        "etype": "25",
        "space": "0",
        "layer": "PLAK",
        "olinetype": "bylayer",
        "linetype": null,
        "color": "255,255,255,255",
        "ocolor": "7",
        "color24": "16777215",
        "transparen": "0",
        "lweight": "-1",
        "linewidth": 0.0,
        "ltscale": 1.0,
        "visible": "1",
        "thickness": 0.0,
        "ext": "(3:-0.003003440932991228,-0.004522054395397211,0.9999852650747446)",
        "height": 3.0,
        "text": "1850",
        "angle": 58.87298,
        "widthscale": 1.0,
        "oblique": 0.0,
        "style": "Standard",
        "textgen": "0",
        "alignh": "0",
        "alignv": "0",
        "interlin": -1.0,
        "lat": 29.79484,
        "lon": 52.45846
      },
      "geometry": {
        "type": "Point",
        "coordinates": [52.458458854318401, 29.794842219757548]
      }
    },
    {
      "type": "Feature",
      "properties": {
        "fid": 493.0,
        "handle": "17861",
        "block": "-1",
        "etype": "25",
        "space": "0",
        "layer": "PLAK",
        "olinetype": "bylayer",
        "linetype": null,
        "color": "255,255,255,255",
        "ocolor": "7",
        "color24": "16777215",
        "transparen": "0",
        "lweight": "-1",
        "linewidth": 0.0,
        "ltscale": 1.0,
        "visible": "1",
        "thickness": 0.0,
        "ext": "(3:-0.003003440932991228,-0.004522054395397211,0.9999852650747446)",
        "height": 3.0,
        "text": "1849",
        "angle": 58.87298,
        "widthscale": 1.0,
        "oblique": 0.0,
        "style": "Standard",
        "textgen": "0",
        "alignh": "0",
        "alignv": "0",
        "interlin": -1.0,
        "lat": 29.79478,
        "lon": 52.45856
      },
      "geometry": {
        "type": "Point",
        "coordinates": [52.458562212198679, 29.794781508101813]
      }
    },
    {
      "type": "Feature",
      "properties": {
        "fid": 494.0,
        "handle": "17862",
        "block": "-1",
        "etype": "25",
        "space": "0",
        "layer": "PLAK",
        "olinetype": "bylayer",
        "linetype": null,
        "color": "255,255,255,255",
        "ocolor": "7",
        "color24": "16777215",
        "transparen": "0",
        "lweight": "-1",
        "linewidth": 0.0,
        "ltscale": 1.0,
        "visible": "1",
        "thickness": 0.0,
        "ext": "(3:-0.003003440932991228,-0.004522054395397211,0.9999852650747446)",
        "height": 3.0,
        "text": "1848",
        "angle": 58.87298,
        "widthscale": 1.0,
        "oblique": 0.0,
        "style": "Standard",
        "textgen": "0",
        "alignh": "0",
        "alignv": "0",
        "interlin": -1.0,
        "lat": 29.7947,
        "lon": 52.45871
      },
      "geometry": {
        "type": "Point",
        "coordinates": [52.458706343830819, 29.794703393421219]
      }
    },
    {
      "type": "Feature",
      "properties": {
        "fid": 495.0,
        "handle": "17863",
        "block": "-1",
        "etype": "25",
        "space": "0",
        "layer": "PLAK",
        "olinetype": "bylayer",
        "linetype": null,
        "color": "255,255,255,255",
        "ocolor": "7",
        "color24": "16777215",
        "transparen": "0",
        "lweight": "-1",
        "linewidth": 0.0,
        "ltscale": 1.0,
        "visible": "1",
        "thickness": 0.0,
        "ext": "(3:-0.003003440932991228,-0.004522054395397211,0.9999852650747446)",
        "height": 3.0,
        "text": "1847",
        "angle": 58.87298,
        "widthscale": 1.0,
        "oblique": 0.0,
        "style": "Standard",
        "textgen": "0",
        "alignh": "0",
        "alignv": "0",
        "interlin": -1.0,
        "lat": 29.79466,
        "lon": 52.45877
      },
      "geometry": {
        "type": "Point",
        "coordinates": [52.458768927550061, 29.794660084575785]
      }
    },
    {
      "type": "Feature",
      "properties": {
        "fid": 496.0,
        "handle": "17864",
        "block": "-1",
        "etype": "25",
        "space": "0",
        "layer": "PLAK",
        "olinetype": "bylayer",
        "linetype": null,
        "color": "255,255,255,255",
        "ocolor": "7",
        "color24": "16777215",
        "transparen": "0",
        "lweight": "-1",
        "linewidth": 0.0,
        "ltscale": 1.0,
        "visible": "1",
        "thickness": 0.0,
        "ext": "(3:-0.003003440932991228,-0.004522054395397211,0.9999852650747446)",
        "height": 3.0,
        "text": "1846",
        "angle": 58.87298,
        "widthscale": 1.0,
        "oblique": 0.0,
        "style": "Standard",
        "textgen": "0",
        "alignh": "0",
        "alignv": "0",
        "interlin": -1.0,
        "lat": 29.7946,
        "lon": 52.45887
      },
      "geometry": {
        "type": "Point",
        "coordinates": [52.458869701105321, 29.794600890491751]
      }
    },
    {
      "type": "Feature",
      "properties": {
        "fid": 497.0,
        "handle": "17865",
        "block": "-1",
        "etype": "25",
        "space": "0",
        "layer": "PLAK",
        "olinetype": "bylayer",
        "linetype": null,
        "color": "255,255,255,255",
        "ocolor": "7",
        "color24": "16777215",
        "transparen": "0",
        "lweight": "-1",
        "linewidth": 0.0,
        "ltscale": 1.0,
        "visible": "1",
        "thickness": 0.0,
        "ext": "(3:-0.003003440932991228,-0.004522054395397211,0.9999852650747446)",
        "height": 3.0,
        "text": "1859",
        "angle": 58.87298,
        "widthscale": 1.0,
        "oblique": 0.0,
        "style": "Standard",
        "textgen": "0",
        "alignh": "0",
        "alignv": "0",
        "interlin": -1.0,
        "lat": 29.79515,
        "lon": 52.4575
      },
      "geometry": {
        "type": "Point",
        "coordinates": [52.457497192138021, 29.795148464663733]
      }
    },
    {
      "type": "Feature",
      "properties": {
        "fid": 498.0,
        "handle": "17866",
        "block": "-1",
        "etype": "25",
        "space": "0",
        "layer": "PLAK",
        "olinetype": "bylayer",
        "linetype": null,
        "color": "255,255,255,255",
        "ocolor": "7",
        "color24": "16777215",
        "transparen": "0",
        "lweight": "-1",
        "linewidth": 0.0,
        "ltscale": 1.0,
        "visible": "1",
        "thickness": 0.0,
        "ext": "(3:-0.003003440932991228,-0.004522054395397211,0.9999852650747446)",
        "height": 3.0,
        "text": "1860",
        "angle": 58.87298,
        "widthscale": 1.0,
        "oblique": 0.0,
        "style": "Standard",
        "textgen": "0",
        "alignh": "0",
        "alignv": "0",
        "interlin": -1.0,
        "lat": 29.79506,
        "lon": 52.45763
      },
      "geometry": {
        "type": "Point",
        "coordinates": [52.457634369343523, 29.795061342042153]
      }
    },
    {
      "type": "Feature",
      "properties": {
        "fid": 499.0,
        "handle": "17867",
        "block": "-1",
        "etype": "25",
        "space": "0",
        "layer": "PLAK",
        "olinetype": "bylayer",
        "linetype": null,
        "color": "255,255,255,255",
        "ocolor": "7",
        "color24": "16777215",
        "transparen": "0",
        "lweight": "-1",
        "linewidth": 0.0,
        "ltscale": 1.0,
        "visible": "1",
        "thickness": 0.0,
        "ext": "(3:-0.003003440932991228,-0.004522054395397211,0.9999852650747446)",
        "height": 3.0,
        "text": "1861",
        "angle": 58.87298,
        "widthscale": 1.0,
        "oblique": 0.0,
        "style": "Standard",
        "textgen": "0",
        "alignh": "0",
        "alignv": "0",
        "interlin": -1.0,
        "lat": 29.79502,
        "lon": 52.4577
      },
      "geometry": {
        "type": "Point",
        "coordinates": [52.457700431622001, 29.795022538269219]
      }
    },
    {
      "type": "Feature",
      "properties": {
        "fid": 500.0,
        "handle": "17868",
        "block": "-1",
        "etype": "25",
        "space": "0",
        "layer": "PLAK",
        "olinetype": "bylayer",
        "linetype": null,
        "color": "255,255,255,255",
        "ocolor": "7",
        "color24": "16777215",
        "transparen": "0",
        "lweight": "-1",
        "linewidth": 0.0,
        "ltscale": 1.0,
        "visible": "1",
        "thickness": 0.0,
        "ext": "(3:-0.003003440932991228,-0.004522054395397211,0.9999852650747446)",
        "height": 3.0,
        "text": "1862",
        "angle": 58.87298,
        "widthscale": 1.0,
        "oblique": 0.0,
        "style": "Standard",
        "textgen": "0",
        "alignh": "0",
        "alignv": "0",
        "interlin": -1.0,
        "lat": 29.79494,
        "lon": 52.45782
      },
      "geometry": {
        "type": "Point",
        "coordinates": [52.457817584660752, 29.794939945453866]
      }
    },
    {
      "type": "Feature",
      "properties": {
        "fid": 501.0,
        "handle": "17869",
        "block": "-1",
        "etype": "25",
        "space": "0",
        "layer": "PLAK",
        "olinetype": "bylayer",
        "linetype": null,
        "color": "255,255,255,255",
        "ocolor": "7",
        "color24": "16777215",
        "transparen": "0",
        "lweight": "-1",
        "linewidth": 0.0,
        "ltscale": 1.0,
        "visible": "1",
        "thickness": 0.0,
        "ext": "(3:-0.003003440932991228,-0.004522054395397211,0.9999852650747446)",
        "height": 3.0,
        "text": "1863",
        "angle": 58.87298,
        "widthscale": 1.0,
        "oblique": 0.0,
        "style": "Standard",
        "textgen": "0",
        "alignh": "0",
        "alignv": "0",
        "interlin": -1.0,
        "lat": 29.79491,
        "lon": 52.45791
      },
      "geometry": {
        "type": "Point",
        "coordinates": [52.457905458617802, 29.794908656063583]
      }
    },
    {
      "type": "Feature",
      "properties": {
        "fid": 502.0,
        "handle": "17870",
        "block": "-1",
        "etype": "25",
        "space": "0",
        "layer": "PLAK",
        "olinetype": "bylayer",
        "linetype": null,
        "color": "255,255,255,255",
        "ocolor": "7",
        "color24": "16777215",
        "transparen": "0",
        "lweight": "-1",
        "linewidth": 0.0,
        "ltscale": 1.0,
        "visible": "1",
        "thickness": 0.0,
        "ext": "(3:-0.003003440932991228,-0.004522054395397211,0.9999852650747446)",
        "height": 3.0,
        "text": "1864",
        "angle": 58.87298,
        "widthscale": 1.0,
        "oblique": 0.0,
        "style": "Standard",
        "textgen": "0",
        "alignh": "0",
        "alignv": "0",
        "interlin": -1.0,
        "lat": 29.79484,
        "lon": 52.45801
      },
      "geometry": {
        "type": "Point",
        "coordinates": [52.458008767886042, 29.794838152522392]
      }
    },
    {
      "type": "Feature",
      "properties": {
        "fid": 503.0,
        "handle": "17871",
        "block": "-1",
        "etype": "25",
        "space": "0",
        "layer": "PLAK",
        "olinetype": "bylayer",
        "linetype": null,
        "color": "255,255,255,255",
        "ocolor": "7",
        "color24": "16777215",
        "transparen": "0",
        "lweight": "-1",
        "linewidth": 0.0,
        "ltscale": 1.0,
        "visible": "1",
        "thickness": 0.0,
        "ext": "(3:-0.003003440932991228,-0.004522054395397211,0.9999852650747446)",
        "height": 3.0,
        "text": "1865",
        "angle": 58.87298,
        "widthscale": 1.0,
        "oblique": 0.0,
        "style": "Standard",
        "textgen": "0",
        "alignh": "0",
        "alignv": "0",
        "interlin": -1.0,
        "lat": 29.79476,
        "lon": 52.45815
      },
      "geometry": {
        "type": "Point",
        "coordinates": [52.458150313636651, 29.79476352611352]
      }
    },
    {
      "type": "Feature",
      "properties": {
        "fid": 504.0,
        "handle": "17872",
        "block": "-1",
        "etype": "25",
        "space": "0",
        "layer": "PLAK",
        "olinetype": "bylayer",
        "linetype": null,
        "color": "255,255,255,255",
        "ocolor": "7",
        "color24": "16777215",
        "transparen": "0",
        "lweight": "-1",
        "linewidth": 0.0,
        "ltscale": 1.0,
        "visible": "1",
        "thickness": 0.0,
        "ext": "(3:-0.003003440932991228,-0.004522054395397211,0.9999852650747446)",
        "height": 3.0,
        "text": "1866",
        "angle": 58.87298,
        "widthscale": 1.0,
        "oblique": 0.0,
        "style": "Standard",
        "textgen": "0",
        "alignh": "0",
        "alignv": "0",
        "interlin": -1.0,
        "lat": 29.79471,
        "lon": 52.45823
      },
      "geometry": {
        "type": "Point",
        "coordinates": [52.458230843605492, 29.794706381431965]
      }
    },
    {
      "type": "Feature",
      "properties": {
        "fid": 505.0,
        "handle": "17873",
        "block": "-1",
        "etype": "25",
        "space": "0",
        "layer": "PLAK",
        "olinetype": "bylayer",
        "linetype": null,
        "color": "255,255,255,255",
        "ocolor": "7",
        "color24": "16777215",
        "transparen": "0",
        "lweight": "-1",
        "linewidth": 0.0,
        "ltscale": 1.0,
        "visible": "1",
        "thickness": 0.0,
        "ext": "(3:-0.003003440932991228,-0.004522054395397211,0.9999852650747446)",
        "height": 3.0,
        "text": "1867",
        "angle": 58.87298,
        "widthscale": 1.0,
        "oblique": 0.0,
        "style": "Standard",
        "textgen": "0",
        "alignh": "0",
        "alignv": "0",
        "interlin": -1.0,
        "lat": 29.79464,
        "lon": 52.45835
      },
      "geometry": {
        "type": "Point",
        "coordinates": [52.458352185026556, 29.79463970664543]
      }
    },
    {
      "type": "Feature",
      "properties": {
        "fid": 506.0,
        "handle": "17874",
        "block": "-1",
        "etype": "25",
        "space": "0",
        "layer": "PLAK",
        "olinetype": "bylayer",
        "linetype": null,
        "color": "255,255,255,255",
        "ocolor": "7",
        "color24": "16777215",
        "transparen": "0",
        "lweight": "-1",
        "linewidth": 0.0,
        "ltscale": 1.0,
        "visible": "1",
        "thickness": 0.0,
        "ext": "(3:-0.003003440932991228,-0.004522054395397211,0.9999852650747446)",
        "height": 3.0,
        "text": "1868",
        "angle": 58.87298,
        "widthscale": 1.0,
        "oblique": 0.0,
        "style": "Standard",
        "textgen": "0",
        "alignh": "0",
        "alignv": "0",
        "interlin": -1.0,
        "lat": 29.79459,
        "lon": 52.45845
      },
      "geometry": {
        "type": "Point",
        "coordinates": [52.458449511693956, 29.794585811400655]
      }
    },
    {
      "type": "Feature",
      "properties": {
        "fid": 507.0,
        "handle": "17875",
        "block": "-1",
        "etype": "25",
        "space": "0",
        "layer": "PLAK",
        "olinetype": "bylayer",
        "linetype": null,
        "color": "255,255,255,255",
        "ocolor": "7",
        "color24": "16777215",
        "transparen": "0",
        "lweight": "-1",
        "linewidth": 0.0,
        "ltscale": 1.0,
        "visible": "1",
        "thickness": 0.0,
        "ext": "(3:-0.003003440932991228,-0.004522054395397211,0.9999852650747446)",
        "height": 3.0,
        "text": "1869",
        "angle": 58.87298,
        "widthscale": 1.0,
        "oblique": 0.0,
        "style": "Standard",
        "textgen": "0",
        "alignh": "0",
        "alignv": "0",
        "interlin": -1.0,
        "lat": 29.79452,
        "lon": 52.45855
      },
      "geometry": {
        "type": "Point",
        "coordinates": [52.45855181051526, 29.794519816361383]
      }
    },
    {
      "type": "Feature",
      "properties": {
        "fid": 508.0,
        "handle": "17876",
        "block": "-1",
        "etype": "25",
        "space": "0",
        "layer": "PLAK",
        "olinetype": "bylayer",
        "linetype": null,
        "color": "255,255,255,255",
        "ocolor": "7",
        "color24": "16777215",
        "transparen": "0",
        "lweight": "-1",
        "linewidth": 0.0,
        "ltscale": 1.0,
        "visible": "1",
        "thickness": 0.0,
        "ext": "(3:-0.003003440932991228,-0.004522054395397211,0.9999852650747446)",
        "height": 3.0,
        "text": "1870",
        "angle": 58.87298,
        "widthscale": 1.0,
        "oblique": 0.0,
        "style": "Standard",
        "textgen": "0",
        "alignh": "0",
        "alignv": "0",
        "interlin": -1.0,
        "lat": 29.79445,
        "lon": 52.45865
      },
      "geometry": {
        "type": "Point",
        "coordinates": [52.458650292165984, 29.79445278970277]
      }
    },
    {
      "type": "Feature",
      "properties": {
        "fid": 509.0,
        "handle": "17877",
        "block": "-1",
        "etype": "25",
        "space": "0",
        "layer": "PLAK",
        "olinetype": "bylayer",
        "linetype": null,
        "color": "255,255,255,255",
        "ocolor": "7",
        "color24": "16777215",
        "transparen": "0",
        "lweight": "-1",
        "linewidth": 0.0,
        "ltscale": 1.0,
        "visible": "1",
        "thickness": 0.0,
        "ext": "(3:-0.003003440932991228,-0.004522054395397211,0.9999852650747446)",
        "height": 3.0,
        "text": "1871",
        "angle": 58.87298,
        "widthscale": 1.0,
        "oblique": 0.0,
        "style": "Standard",
        "textgen": "0",
        "alignh": "0",
        "alignv": "0",
        "interlin": -1.0,
        "lat": 29.79442,
        "lon": 52.45872
      },
      "geometry": {
        "type": "Point",
        "coordinates": [52.458724520498571, 29.794417725165648]
      }
    },
    {
      "type": "Feature",
      "properties": {
        "fid": 510.0,
        "handle": "17878",
        "block": "-1",
        "etype": "25",
        "space": "0",
        "layer": "PLAK",
        "olinetype": "bylayer",
        "linetype": null,
        "color": "255,255,255,255",
        "ocolor": "7",
        "color24": "16777215",
        "transparen": "0",
        "lweight": "-1",
        "linewidth": 0.0,
        "ltscale": 1.0,
        "visible": "1",
        "thickness": 0.0,
        "ext": "(3:-0.003003440932991228,-0.004522054395397211,0.9999852650747446)",
        "height": 3.0,
        "text": "1887",
        "angle": 58.87298,
        "widthscale": 1.0,
        "oblique": 0.0,
        "style": "Standard",
        "textgen": "0",
        "alignh": "0",
        "alignv": "0",
        "interlin": -1.0,
        "lat": 29.79362,
        "lon": 52.45631
      },
      "geometry": {
        "type": "Point",
        "coordinates": [52.456313892541324, 29.793615627803891]
      }
    },
    {
      "type": "Feature",
      "properties": {
        "fid": 511.0,
        "handle": "17879",
        "block": "-1",
        "etype": "25",
        "space": "0",
        "layer": "PLAK",
        "olinetype": "bylayer",
        "linetype": null,
        "color": "255,255,255,255",
        "ocolor": "7",
        "color24": "16777215",
        "transparen": "0",
        "lweight": "-1",
        "linewidth": 0.0,
        "ltscale": 1.0,
        "visible": "1",
        "thickness": 0.0,
        "ext": "(3:-0.003003440932991228,-0.004522054395397211,0.9999852650747446)",
        "height": 3.0,
        "text": "1886",
        "angle": 58.87298,
        "widthscale": 1.0,
        "oblique": 0.0,
        "style": "Standard",
        "textgen": "0",
        "alignh": "0",
        "alignv": "0",
        "interlin": -1.0,
        "lat": 29.79356,
        "lon": 52.45643
      },
      "geometry": {
        "type": "Point",
        "coordinates": [52.456426847326519, 29.793558817233215]
      }
    },
    {
      "type": "Feature",
      "properties": {
        "fid": 512.0,
        "handle": "17880",
        "block": "-1",
        "etype": "25",
        "space": "0",
        "layer": "PLAK",
        "olinetype": "bylayer",
        "linetype": null,
        "color": "255,255,255,255",
        "ocolor": "7",
        "color24": "16777215",
        "transparen": "0",
        "lweight": "-1",
        "linewidth": 0.0,
        "ltscale": 1.0,
        "visible": "1",
        "thickness": 0.0,
        "ext": "(3:-0.003003440932991228,-0.004522054395397211,0.9999852650747446)",
        "height": 3.0,
        "text": "1885",
        "angle": 58.87298,
        "widthscale": 1.0,
        "oblique": 0.0,
        "style": "Standard",
        "textgen": "0",
        "alignh": "0",
        "alignv": "0",
        "interlin": -1.0,
        "lat": 29.79347,
        "lon": 52.45656
      },
      "geometry": {
        "type": "Point",
        "coordinates": [52.456555935084225, 29.793473457685021]
      }
    },
    {
      "type": "Feature",
      "properties": {
        "fid": 513.0,
        "handle": "17881",
        "block": "-1",
        "etype": "25",
        "space": "0",
        "layer": "PLAK",
        "olinetype": "bylayer",
        "linetype": null,
        "color": "255,255,255,255",
        "ocolor": "7",
        "color24": "16777215",
        "transparen": "0",
        "lweight": "-1",
        "linewidth": 0.0,
        "ltscale": 1.0,
        "visible": "1",
        "thickness": 0.0,
        "ext": "(3:-0.003003440932991228,-0.004522054395397211,0.9999852650747446)",
        "height": 3.0,
        "text": "1884",
        "angle": 58.87298,
        "widthscale": 1.0,
        "oblique": 0.0,
        "style": "Standard",
        "textgen": "0",
        "alignh": "0",
        "alignv": "0",
        "interlin": -1.0,
        "lat": 29.79344,
        "lon": 52.45662
      },
      "geometry": {
        "type": "Point",
        "coordinates": [52.456621685119494, 29.793438016258587]
      }
    },
    {
      "type": "Feature",
      "properties": {
        "fid": 514.0,
        "handle": "17882",
        "block": "-1",
        "etype": "25",
        "space": "0",
        "layer": "PLAK",
        "olinetype": "bylayer",
        "linetype": null,
        "color": "255,255,255,255",
        "ocolor": "7",
        "color24": "16777215",
        "transparen": "0",
        "lweight": "-1",
        "linewidth": 0.0,
        "ltscale": 1.0,
        "visible": "1",
        "thickness": 0.0,
        "ext": "(3:-0.003003440932991228,-0.004522054395397211,0.9999852650747446)",
        "height": 3.0,
        "text": "1883",
        "angle": 58.87298,
        "widthscale": 1.0,
        "oblique": 0.0,
        "style": "Standard",
        "textgen": "0",
        "alignh": "0",
        "alignv": "0",
        "interlin": -1.0,
        "lat": 29.79333,
        "lon": 52.45677
      },
      "geometry": {
        "type": "Point",
        "coordinates": [52.456766149912546, 29.793332652171877]
      }
    },
    {
      "type": "Feature",
      "properties": {
        "fid": 515.0,
        "handle": "17883",
        "block": "-1",
        "etype": "25",
        "space": "0",
        "layer": "PLAK",
        "olinetype": "bylayer",
        "linetype": null,
        "color": "255,255,255,255",
        "ocolor": "7",
        "color24": "16777215",
        "transparen": "0",
        "lweight": "-1",
        "linewidth": 0.0,
        "ltscale": 1.0,
        "visible": "1",
        "thickness": 0.0,
        "ext": "(3:-0.003003440932991228,-0.004522054395397211,0.9999852650747446)",
        "height": 3.0,
        "text": "1882",
        "angle": 58.87298,
        "widthscale": 1.0,
        "oblique": 0.0,
        "style": "Standard",
        "textgen": "0",
        "alignh": "0",
        "alignv": "0",
        "interlin": -1.0,
        "lat": 29.79331,
        "lon": 52.45683
      },
      "geometry": {
        "type": "Point",
        "coordinates": [52.456825738084021, 29.793314980688468]
      }
    },
    {
      "type": "Feature",
      "properties": {
        "fid": 516.0,
        "handle": "17884",
        "block": "-1",
        "etype": "25",
        "space": "0",
        "layer": "PLAK",
        "olinetype": "bylayer",
        "linetype": null,
        "color": "255,255,255,255",
        "ocolor": "7",
        "color24": "16777215",
        "transparen": "0",
        "lweight": "-1",
        "linewidth": 0.0,
        "ltscale": 1.0,
        "visible": "1",
        "thickness": 0.0,
        "ext": "(3:-0.003003440932991228,-0.004522054395397211,0.9999852650747446)",
        "height": 3.0,
        "text": "1881",
        "angle": 58.87298,
        "widthscale": 1.0,
        "oblique": 0.0,
        "style": "Standard",
        "textgen": "0",
        "alignh": "0",
        "alignv": "0",
        "interlin": -1.0,
        "lat": 29.79325,
        "lon": 52.45693
      },
      "geometry": {
        "type": "Point",
        "coordinates": [52.456925231599833, 29.79325018232305]
      }
    },
    {
      "type": "Feature",
      "properties": {
        "fid": 517.0,
        "handle": "17885",
        "block": "-1",
        "etype": "25",
        "space": "0",
        "layer": "PLAK",
        "olinetype": "bylayer",
        "linetype": null,
        "color": "255,255,255,255",
        "ocolor": "7",
        "color24": "16777215",
        "transparen": "0",
        "lweight": "-1",
        "linewidth": 0.0,
        "ltscale": 1.0,
        "visible": "1",
        "thickness": 0.0,
        "ext": "(3:-0.003003440932991228,-0.004522054395397211,0.9999852650747446)",
        "height": 3.0,
        "text": "1880",
        "angle": 58.87298,
        "widthscale": 1.0,
        "oblique": 0.0,
        "style": "Standard",
        "textgen": "0",
        "alignh": "0",
        "alignv": "0",
        "interlin": -1.0,
        "lat": 29.79319,
        "lon": 52.45703
      },
      "geometry": {
        "type": "Point",
        "coordinates": [52.457034808634646, 29.793188997264476]
      }
    },
    {
      "type": "Feature",
      "properties": {
        "fid": 518.0,
        "handle": "17886",
        "block": "-1",
        "etype": "25",
        "space": "0",
        "layer": "PLAK",
        "olinetype": "bylayer",
        "linetype": null,
        "color": "255,255,255,255",
        "ocolor": "7",
        "color24": "16777215",
        "transparen": "0",
        "lweight": "-1",
        "linewidth": 0.0,
        "ltscale": 1.0,
        "visible": "1",
        "thickness": 0.0,
        "ext": "(3:-0.003003440932991228,-0.004522054395397211,0.9999852650747446)",
        "height": 3.0,
        "text": "1879",
        "angle": 58.87298,
        "widthscale": 1.0,
        "oblique": 0.0,
        "style": "Standard",
        "textgen": "0",
        "alignh": "0",
        "alignv": "0",
        "interlin": -1.0,
        "lat": 29.79313,
        "lon": 52.45713
      },
      "geometry": {
        "type": "Point",
        "coordinates": [52.457133481335362, 29.793127859520396]
      }
    },
    {
      "type": "Feature",
      "properties": {
        "fid": 519.0,
        "handle": "17887",
        "block": "-1",
        "etype": "25",
        "space": "0",
        "layer": "PLAK",
        "olinetype": "bylayer",
        "linetype": null,
        "color": "255,255,255,255",
        "ocolor": "7",
        "color24": "16777215",
        "transparen": "0",
        "lweight": "-1",
        "linewidth": 0.0,
        "ltscale": 1.0,
        "visible": "1",
        "thickness": 0.0,
        "ext": "(3:-0.003003440932991228,-0.004522054395397211,0.9999852650747446)",
        "height": 3.0,
        "text": "1878",
        "angle": 58.87298,
        "widthscale": 1.0,
        "oblique": 0.0,
        "style": "Standard",
        "textgen": "0",
        "alignh": "0",
        "alignv": "0",
        "interlin": -1.0,
        "lat": 29.79307,
        "lon": 52.45724
      },
      "geometry": {
        "type": "Point",
        "coordinates": [52.457240549094251, 29.793068148060435]
      }
    },
    {
      "type": "Feature",
      "properties": {
        "fid": 520.0,
        "handle": "17888",
        "block": "-1",
        "etype": "25",
        "space": "0",
        "layer": "PLAK",
        "olinetype": "bylayer",
        "linetype": null,
        "color": "255,255,255,255",
        "ocolor": "7",
        "color24": "16777215",
        "transparen": "0",
        "lweight": "-1",
        "linewidth": 0.0,
        "ltscale": 1.0,
        "visible": "1",
        "thickness": 0.0,
        "ext": "(3:-0.003003440932991228,-0.004522054395397211,0.9999852650747446)",
        "height": 3.0,
        "text": "1877",
        "angle": 58.87298,
        "widthscale": 1.0,
        "oblique": 0.0,
        "style": "Standard",
        "textgen": "0",
        "alignh": "0",
        "alignv": "0",
        "interlin": -1.0,
        "lat": 29.793,
        "lon": 52.45734
      },
      "geometry": {
        "type": "Point",
        "coordinates": [52.457337533054442, 29.793004823179885]
      }
    },
    {
      "type": "Feature",
      "properties": {
        "fid": 521.0,
        "handle": "17889",
        "block": "-1",
        "etype": "25",
        "space": "0",
        "layer": "PLAK",
        "olinetype": "bylayer",
        "linetype": null,
        "color": "255,255,255,255",
        "ocolor": "7",
        "color24": "16777215",
        "transparen": "0",
        "lweight": "-1",
        "linewidth": 0.0,
        "ltscale": 1.0,
        "visible": "1",
        "thickness": 0.0,
        "ext": "(3:-0.003003440932991228,-0.004522054395397211,0.9999852650747446)",
        "height": 3.0,
        "text": "1876",
        "angle": 58.87298,
        "widthscale": 1.0,
        "oblique": 0.0,
        "style": "Standard",
        "textgen": "0",
        "alignh": "0",
        "alignv": "0",
        "interlin": -1.0,
        "lat": 29.79295,
        "lon": 52.45744
      },
      "geometry": {
        "type": "Point",
        "coordinates": [52.457442091494158, 29.792946585363069]
      }
    },
    {
      "type": "Feature",
      "properties": {
        "fid": 522.0,
        "handle": "17890",
        "block": "-1",
        "etype": "25",
        "space": "0",
        "layer": "PLAK",
        "olinetype": "bylayer",
        "linetype": null,
        "color": "255,255,255,255",
        "ocolor": "7",
        "color24": "16777215",
        "transparen": "0",
        "lweight": "-1",
        "linewidth": 0.0,
        "ltscale": 1.0,
        "visible": "1",
        "thickness": 0.0,
        "ext": "(3:-0.003003440932991228,-0.004522054395397211,0.9999852650747446)",
        "height": 3.0,
        "text": "1875",
        "angle": 58.87298,
        "widthscale": 1.0,
        "oblique": 0.0,
        "style": "Standard",
        "textgen": "0",
        "alignh": "0",
        "alignv": "0",
        "interlin": -1.0,
        "lat": 29.79288,
        "lon": 52.45755
      },
      "geometry": {
        "type": "Point",
        "coordinates": [52.457545781764445, 29.792882499757194]
      }
    },
    {
      "type": "Feature",
      "properties": {
        "fid": 523.0,
        "handle": "17891",
        "block": "-1",
        "etype": "25",
        "space": "0",
        "layer": "PLAK",
        "olinetype": "bylayer",
        "linetype": null,
        "color": "255,255,255,255",
        "ocolor": "7",
        "color24": "16777215",
        "transparen": "0",
        "lweight": "-1",
        "linewidth": 0.0,
        "ltscale": 1.0,
        "visible": "1",
        "thickness": 0.0,
        "ext": "(3:-0.003003440932991228,-0.004522054395397211,0.9999852650747446)",
        "height": 3.0,
        "text": "1888",
        "angle": 58.87298,
        "widthscale": 1.0,
        "oblique": 0.0,
        "style": "Standard",
        "textgen": "0",
        "alignh": "0",
        "alignv": "0",
        "interlin": -1.0,
        "lat": 29.79343,
        "lon": 52.45617
      },
      "geometry": {
        "type": "Point",
        "coordinates": [52.456174566951461, 29.793430447221667]
      }
    },
    {
      "type": "Feature",
      "properties": {
        "fid": 524.0,
        "handle": "17892",
        "block": "-1",
        "etype": "25",
        "space": "0",
        "layer": "PLAK",
        "olinetype": "bylayer",
        "linetype": null,
        "color": "255,255,255,255",
        "ocolor": "7",
        "color24": "16777215",
        "transparen": "0",
        "lweight": "-1",
        "linewidth": 0.0,
        "ltscale": 1.0,
        "visible": "1",
        "thickness": 0.0,
        "ext": "(3:-0.003003440932991228,-0.004522054395397211,0.9999852650747446)",
        "height": 3.0,
        "text": "1889",
        "angle": 58.87298,
        "widthscale": 1.0,
        "oblique": 0.0,
        "style": "Standard",
        "textgen": "0",
        "alignh": "0",
        "alignv": "0",
        "interlin": -1.0,
        "lat": 29.79337,
        "lon": 52.45628
      },
      "geometry": {
        "type": "Point",
        "coordinates": [52.456278258588014, 29.793366362553947]
      }
    },
    {
      "type": "Feature",
      "properties": {
        "fid": 525.0,
        "handle": "17893",
        "block": "-1",
        "etype": "25",
        "space": "0",
        "layer": "PLAK",
        "olinetype": "bylayer",
        "linetype": null,
        "color": "255,255,255,255",
        "ocolor": "7",
        "color24": "16777215",
        "transparen": "0",
        "lweight": "-1",
        "linewidth": 0.0,
        "ltscale": 1.0,
        "visible": "1",
        "thickness": 0.0,
        "ext": "(3:-0.003003440932991228,-0.004522054395397211,0.9999852650747446)",
        "height": 3.0,
        "text": "1890",
        "angle": 58.87298,
        "widthscale": 1.0,
        "oblique": 0.0,
        "style": "Standard",
        "textgen": "0",
        "alignh": "0",
        "alignv": "0",
        "interlin": -1.0,
        "lat": 29.79331,
        "lon": 52.45638
      },
      "geometry": {
        "type": "Point",
        "coordinates": [52.456380309000679, 29.793309599274735]
      }
    },
    {
      "type": "Feature",
      "properties": {
        "fid": 526.0,
        "handle": "17894",
        "block": "-1",
        "etype": "25",
        "space": "0",
        "layer": "PLAK",
        "olinetype": "bylayer",
        "linetype": null,
        "color": "255,255,255,255",
        "ocolor": "7",
        "color24": "16777215",
        "transparen": "0",
        "lweight": "-1",
        "linewidth": 0.0,
        "ltscale": 1.0,
        "visible": "1",
        "thickness": 0.0,
        "ext": "(3:-0.003003440932991228,-0.004522054395397211,0.9999852650747446)",
        "height": 3.0,
        "text": "1891",
        "angle": 58.87298,
        "widthscale": 1.0,
        "oblique": 0.0,
        "style": "Standard",
        "textgen": "0",
        "alignh": "0",
        "alignv": "0",
        "interlin": -1.0,
        "lat": 29.79323,
        "lon": 52.45651
      },
      "geometry": {
        "type": "Point",
        "coordinates": [52.456505558296001, 29.79322505864852]
      }
    },
    {
      "type": "Feature",
      "properties": {
        "fid": 527.0,
        "handle": "17895",
        "block": "-1",
        "etype": "25",
        "space": "0",
        "layer": "PLAK",
        "olinetype": "bylayer",
        "linetype": null,
        "color": "255,255,255,255",
        "ocolor": "7",
        "color24": "16777215",
        "transparen": "0",
        "lweight": "-1",
        "linewidth": 0.0,
        "ltscale": 1.0,
        "visible": "1",
        "thickness": 0.0,
        "ext": "(3:-0.003003440932991228,-0.004522054395397211,0.9999852650747446)",
        "height": 3.0,
        "text": "1892",
        "angle": 58.87298,
        "widthscale": 1.0,
        "oblique": 0.0,
        "style": "Standard",
        "textgen": "0",
        "alignh": "0",
        "alignv": "0",
        "interlin": -1.0,
        "lat": 29.79319,
        "lon": 52.45658
      },
      "geometry": {
        "type": "Point",
        "coordinates": [52.456584362023463, 29.793186564073874]
      }
    },
    {
      "type": "Feature",
      "properties": {
        "fid": 528.0,
        "handle": "17896",
        "block": "-1",
        "etype": "25",
        "space": "0",
        "layer": "PLAK",
        "olinetype": "bylayer",
        "linetype": null,
        "color": "255,255,255,255",
        "ocolor": "7",
        "color24": "16777215",
        "transparen": "0",
        "lweight": "-1",
        "linewidth": 0.0,
        "ltscale": 1.0,
        "visible": "1",
        "thickness": 0.0,
        "ext": "(3:-0.003003440932991228,-0.004522054395397211,0.9999852650747446)",
        "height": 3.0,
        "text": "1893",
        "angle": 58.87298,
        "widthscale": 1.0,
        "oblique": 0.0,
        "style": "Standard",
        "textgen": "0",
        "alignh": "0",
        "alignv": "0",
        "interlin": -1.0,
        "lat": 29.79312,
        "lon": 52.45673
      },
      "geometry": {
        "type": "Point",
        "coordinates": [52.456725557381688, 29.793117420433134]
      }
    },
    {
      "type": "Feature",
      "properties": {
        "fid": 529.0,
        "handle": "17897",
        "block": "-1",
        "etype": "25",
        "space": "0",
        "layer": "PLAK",
        "olinetype": "bylayer",
        "linetype": null,
        "color": "255,255,255,255",
        "ocolor": "7",
        "color24": "16777215",
        "transparen": "0",
        "lweight": "-1",
        "linewidth": 0.0,
        "ltscale": 1.0,
        "visible": "1",
        "thickness": 0.0,
        "ext": "(3:-0.003003440932991228,-0.004522054395397211,0.9999852650747446)",
        "height": 3.0,
        "text": "1894",
        "angle": 58.87298,
        "widthscale": 1.0,
        "oblique": 0.0,
        "style": "Standard",
        "textgen": "0",
        "alignh": "0",
        "alignv": "0",
        "interlin": -1.0,
        "lat": 29.79304,
        "lon": 52.45683
      },
      "geometry": {
        "type": "Point",
        "coordinates": [52.456831704475306, 29.793041279563262]
      }
    },
    {
      "type": "Feature",
      "properties": {
        "fid": 530.0,
        "handle": "17898",
        "block": "-1",
        "etype": "25",
        "space": "0",
        "layer": "PLAK",
        "olinetype": "bylayer",
        "linetype": null,
        "color": "255,255,255,255",
        "ocolor": "7",
        "color24": "16777215",
        "transparen": "0",
        "lweight": "-1",
        "linewidth": 0.0,
        "ltscale": 1.0,
        "visible": "1",
        "thickness": 0.0,
        "ext": "(3:-0.003003440932991228,-0.004522054395397211,0.9999852650747446)",
        "height": 3.0,
        "text": "1895",
        "angle": 58.87298,
        "widthscale": 1.0,
        "oblique": 0.0,
        "style": "Standard",
        "textgen": "0",
        "alignh": "0",
        "alignv": "0",
        "interlin": -1.0,
        "lat": 29.793,
        "lon": 52.45689
      },
      "geometry": {
        "type": "Point",
        "coordinates": [52.456893793878983, 29.793001630441655]
      }
    },
    {
      "type": "Feature",
      "properties": {
        "fid": 531.0,
        "handle": "17899",
        "block": "-1",
        "etype": "25",
        "space": "0",
        "layer": "PLAK",
        "olinetype": "bylayer",
        "linetype": null,
        "color": "255,255,255,255",
        "ocolor": "7",
        "color24": "16777215",
        "transparen": "0",
        "lweight": "-1",
        "linewidth": 0.0,
        "ltscale": 1.0,
        "visible": "1",
        "thickness": 0.0,
        "ext": "(3:-0.003003440932991228,-0.004522054395397211,0.9999852650747446)",
        "height": 3.0,
        "text": "1896",
        "angle": 58.87298,
        "widthscale": 1.0,
        "oblique": 0.0,
        "style": "Standard",
        "textgen": "0",
        "alignh": "0",
        "alignv": "0",
        "interlin": -1.0,
        "lat": 29.79291,
        "lon": 52.45705
      },
      "geometry": {
        "type": "Point",
        "coordinates": [52.457050834512664, 29.792911489078392]
      }
    },
    {
      "type": "Feature",
      "properties": {
        "fid": 532.0,
        "handle": "17900",
        "block": "-1",
        "etype": "25",
        "space": "0",
        "layer": "PLAK",
        "olinetype": "bylayer",
        "linetype": null,
        "color": "255,255,255,255",
        "ocolor": "7",
        "color24": "16777215",
        "transparen": "0",
        "lweight": "-1",
        "linewidth": 0.0,
        "ltscale": 1.0,
        "visible": "1",
        "thickness": 0.0,
        "ext": "(3:-0.003003440932991228,-0.004522054395397211,0.9999852650747446)",
        "height": 3.0,
        "text": "1897",
        "angle": 58.87298,
        "widthscale": 1.0,
        "oblique": 0.0,
        "style": "Standard",
        "textgen": "0",
        "alignh": "0",
        "alignv": "0",
        "interlin": -1.0,
        "lat": 29.79288,
        "lon": 52.4571
      },
      "geometry": {
        "type": "Point",
        "coordinates": [52.457104552191282, 29.7928778339224]
      }
    },
    {
      "type": "Feature",
      "properties": {
        "fid": 533.0,
        "handle": "17901",
        "block": "-1",
        "etype": "25",
        "space": "0",
        "layer": "PLAK",
        "olinetype": "bylayer",
        "linetype": null,
        "color": "255,255,255,255",
        "ocolor": "7",
        "color24": "16777215",
        "transparen": "0",
        "lweight": "-1",
        "linewidth": 0.0,
        "ltscale": 1.0,
        "visible": "1",
        "thickness": 0.0,
        "ext": "(3:-0.003003440932991228,-0.004522054395397211,0.9999852650747446)",
        "height": 3.0,
        "text": "1898",
        "angle": 58.87298,
        "widthscale": 1.0,
        "oblique": 0.0,
        "style": "Standard",
        "textgen": "0",
        "alignh": "0",
        "alignv": "0",
        "interlin": -1.0,
        "lat": 29.79279,
        "lon": 52.45724
      },
      "geometry": {
        "type": "Point",
        "coordinates": [52.457240720963171, 29.792791133453761]
      }
    },
    {
      "type": "Feature",
      "properties": {
        "fid": 534.0,
        "handle": "17902",
        "block": "-1",
        "etype": "25",
        "space": "0",
        "layer": "PLAK",
        "olinetype": "bylayer",
        "linetype": null,
        "color": "255,255,255,255",
        "ocolor": "7",
        "color24": "16777215",
        "transparen": "0",
        "lweight": "-1",
        "linewidth": 0.0,
        "ltscale": 1.0,
        "visible": "1",
        "thickness": 0.0,
        "ext": "(3:-0.003003440932991228,-0.004522054395397211,0.9999852650747446)",
        "height": 3.0,
        "text": "1899",
        "angle": 58.87298,
        "widthscale": 1.0,
        "oblique": 0.0,
        "style": "Standard",
        "textgen": "0",
        "alignh": "0",
        "alignv": "0",
        "interlin": -1.0,
        "lat": 29.79276,
        "lon": 52.45731
      },
      "geometry": {
        "type": "Point",
        "coordinates": [52.457306962424347, 29.792762119148492]
      }
    },
    {
      "type": "Feature",
      "properties": {
        "fid": 535.0,
        "handle": "17903",
        "block": "-1",
        "etype": "25",
        "space": "0",
        "layer": "PLAK",
        "olinetype": "bylayer",
        "linetype": null,
        "color": "255,255,255,255",
        "ocolor": "7",
        "color24": "16777215",
        "transparen": "0",
        "lweight": "-1",
        "linewidth": 0.0,
        "ltscale": 1.0,
        "visible": "1",
        "thickness": 0.0,
        "ext": "(3:-0.003003440932991228,-0.004522054395397211,0.9999852650747446)",
        "height": 3.0,
        "text": "1900",
        "angle": 58.87298,
        "widthscale": 1.0,
        "oblique": 0.0,
        "style": "Standard",
        "textgen": "0",
        "alignh": "0",
        "alignv": "0",
        "interlin": -1.0,
        "lat": 29.79268,
        "lon": 52.45744
      },
      "geometry": {
        "type": "Point",
        "coordinates": [52.457444634092113, 29.792678432081747]
      }
    },
    {
      "type": "Feature",
      "properties": {
        "fid": 536.0,
        "handle": "17904",
        "block": "-1",
        "etype": "25",
        "space": "0",
        "layer": "PLAK",
        "olinetype": "bylayer",
        "linetype": null,
        "color": "255,255,255,255",
        "ocolor": "7",
        "color24": "16777215",
        "transparen": "0",
        "lweight": "-1",
        "linewidth": 0.0,
        "ltscale": 1.0,
        "visible": "1",
        "thickness": 0.0,
        "ext": "(3:-0.003003440932991228,-0.004522054395397211,0.9999852650747446)",
        "height": 3.0,
        "text": "1913",
        "angle": 58.87298,
        "widthscale": 1.0,
        "oblique": 0.0,
        "style": "Standard",
        "textgen": "0",
        "alignh": "0",
        "alignv": "0",
        "interlin": -1.0,
        "lat": 29.79312,
        "lon": 52.45593
      },
      "geometry": {
        "type": "Point",
        "coordinates": [52.455932138945379, 29.793119726124001]
      }
    },
    {
      "type": "Feature",
      "properties": {
        "fid": 537.0,
        "handle": "17905",
        "block": "-1",
        "etype": "25",
        "space": "0",
        "layer": "PLAK",
        "olinetype": "bylayer",
        "linetype": null,
        "color": "255,255,255,255",
        "ocolor": "7",
        "color24": "16777215",
        "transparen": "0",
        "lweight": "-1",
        "linewidth": 0.0,
        "ltscale": 1.0,
        "visible": "1",
        "thickness": 0.0,
        "ext": "(3:-0.003003440932991228,-0.004522054395397211,0.9999852650747446)",
        "height": 3.0,
        "text": "1912",
        "angle": 58.87298,
        "widthscale": 1.0,
        "oblique": 0.0,
        "style": "Standard",
        "textgen": "0",
        "alignh": "0",
        "alignv": "0",
        "interlin": -1.0,
        "lat": 29.79306,
        "lon": 52.45604
      },
      "geometry": {
        "type": "Point",
        "coordinates": [52.456035479689106, 29.793055610442295]
      }
    },
    {
      "type": "Feature",
      "properties": {
        "fid": 538.0,
        "handle": "17906",
        "block": "-1",
        "etype": "25",
        "space": "0",
        "layer": "PLAK",
        "olinetype": "bylayer",
        "linetype": null,
        "color": "255,255,255,255",
        "ocolor": "7",
        "color24": "16777215",
        "transparen": "0",
        "lweight": "-1",
        "linewidth": 0.0,
        "ltscale": 1.0,
        "visible": "1",
        "thickness": 0.0,
        "ext": "(3:-0.003003440932991228,-0.004522054395397211,0.9999852650747446)",
        "height": 3.0,
        "text": "1911",
        "angle": 58.87298,
        "widthscale": 1.0,
        "oblique": 0.0,
        "style": "Standard",
        "textgen": "0",
        "alignh": "0",
        "alignv": "0",
        "interlin": -1.0,
        "lat": 29.79298,
        "lon": 52.45618
      },
      "geometry": {
        "type": "Point",
        "coordinates": [52.456177932412537, 29.792978890802758]
      }
    },
    {
      "type": "Feature",
      "properties": {
        "fid": 539.0,
        "handle": "17907",
        "block": "-1",
        "etype": "25",
        "space": "0",
        "layer": "PLAK",
        "olinetype": "bylayer",
        "linetype": null,
        "color": "255,255,255,255",
        "ocolor": "7",
        "color24": "16777215",
        "transparen": "0",
        "lweight": "-1",
        "linewidth": 0.0,
        "ltscale": 1.0,
        "visible": "1",
        "thickness": 0.0,
        "ext": "(3:-0.003003440932991228,-0.004522054395397211,0.9999852650747446)",
        "height": 3.0,
        "text": "1910",
        "angle": 58.87298,
        "widthscale": 1.0,
        "oblique": 0.0,
        "style": "Standard",
        "textgen": "0",
        "alignh": "0",
        "alignv": "0",
        "interlin": -1.0,
        "lat": 29.79294,
        "lon": 52.45624
      },
      "geometry": {
        "type": "Point",
        "coordinates": [52.45624221181501, 29.792937596867169]
      }
    },
    {
      "type": "Feature",
      "properties": {
        "fid": 540.0,
        "handle": "17908",
        "block": "-1",
        "etype": "25",
        "space": "0",
        "layer": "PLAK",
        "olinetype": "bylayer",
        "linetype": null,
        "color": "255,255,255,255",
        "ocolor": "7",
        "color24": "16777215",
        "transparen": "0",
        "lweight": "-1",
        "linewidth": 0.0,
        "ltscale": 1.0,
        "visible": "1",
        "thickness": 0.0,
        "ext": "(3:-0.003003440932991228,-0.004522054395397211,0.9999852650747446)",
        "height": 3.0,
        "text": "1909",
        "angle": 58.87298,
        "widthscale": 1.0,
        "oblique": 0.0,
        "style": "Standard",
        "textgen": "0",
        "alignh": "0",
        "alignv": "0",
        "interlin": -1.0,
        "lat": 29.79286,
        "lon": 52.45638
      },
      "geometry": {
        "type": "Point",
        "coordinates": [52.456376363779121, 29.792855382869817]
      }
    },
    {
      "type": "Feature",
      "properties": {
        "fid": 541.0,
        "handle": "17909",
        "block": "-1",
        "etype": "25",
        "space": "0",
        "layer": "PLAK",
        "olinetype": "bylayer",
        "linetype": null,
        "color": "255,255,255,255",
        "ocolor": "7",
        "color24": "16777215",
        "transparen": "0",
        "lweight": "-1",
        "linewidth": 0.0,
        "ltscale": 1.0,
        "visible": "1",
        "thickness": 0.0,
        "ext": "(3:-0.003003440932991228,-0.004522054395397211,0.9999852650747446)",
        "height": 3.0,
        "text": "1908",
        "angle": 58.87298,
        "widthscale": 1.0,
        "oblique": 0.0,
        "style": "Standard",
        "textgen": "0",
        "alignh": "0",
        "alignv": "0",
        "interlin": -1.0,
        "lat": 29.79281,
        "lon": 52.45645
      },
      "geometry": {
        "type": "Point",
        "coordinates": [52.456446196196751, 29.792810948681446]
      }
    },
    {
      "type": "Feature",
      "properties": {
        "fid": 542.0,
        "handle": "17910",
        "block": "-1",
        "etype": "25",
        "space": "0",
        "layer": "PLAK",
        "olinetype": "bylayer",
        "linetype": null,
        "color": "255,255,255,255",
        "ocolor": "7",
        "color24": "16777215",
        "transparen": "0",
        "lweight": "-1",
        "linewidth": 0.0,
        "ltscale": 1.0,
        "visible": "1",
        "thickness": 0.0,
        "ext": "(3:-0.003003440932991228,-0.004522054395397211,0.9999852650747446)",
        "height": 3.0,
        "text": "1907",
        "angle": 58.87298,
        "widthscale": 1.0,
        "oblique": 0.0,
        "style": "Standard",
        "textgen": "0",
        "alignh": "0",
        "alignv": "0",
        "interlin": -1.0,
        "lat": 29.79275,
        "lon": 52.45654
      },
      "geometry": {
        "type": "Point",
        "coordinates": [52.456544143767921, 29.792750000086041]
      }
    },
    {
      "type": "Feature",
      "properties": {
        "fid": 543.0,
        "handle": "17911",
        "block": "-1",
        "etype": "25",
        "space": "0",
        "layer": "PLAK",
        "olinetype": "bylayer",
        "linetype": null,
        "color": "255,255,255,255",
        "ocolor": "7",
        "color24": "16777215",
        "transparen": "0",
        "lweight": "-1",
        "linewidth": 0.0,
        "ltscale": 1.0,
        "visible": "1",
        "thickness": 0.0,
        "ext": "(3:-0.003003440932991228,-0.004522054395397211,0.9999852650747446)",
        "height": 3.0,
        "text": "1906",
        "angle": 58.87298,
        "widthscale": 1.0,
        "oblique": 0.0,
        "style": "Standard",
        "textgen": "0",
        "alignh": "0",
        "alignv": "0",
        "interlin": -1.0,
        "lat": 29.7927,
        "lon": 52.45665
      },
      "geometry": {
        "type": "Point",
        "coordinates": [52.456652045548338, 29.792696868439208]
      }
    },
    {
      "type": "Feature",
      "properties": {
        "fid": 544.0,
        "handle": "17912",
        "block": "-1",
        "etype": "25",
        "space": "0",
        "layer": "PLAK",
        "olinetype": "bylayer",
        "linetype": null,
        "color": "255,255,255,255",
        "ocolor": "7",
        "color24": "16777215",
        "transparen": "0",
        "lweight": "-1",
        "linewidth": 0.0,
        "ltscale": 1.0,
        "visible": "1",
        "thickness": 0.0,
        "ext": "(3:-0.003003440932991228,-0.004522054395397211,0.9999852650747446)",
        "height": 3.0,
        "text": "1905",
        "angle": 58.87298,
        "widthscale": 1.0,
        "oblique": 0.0,
        "style": "Standard",
        "textgen": "0",
        "alignh": "0",
        "alignv": "0",
        "interlin": -1.0,
        "lat": 29.79264,
        "lon": 52.45676
      },
      "geometry": {
        "type": "Point",
        "coordinates": [52.456756318186507, 29.792639036325191]
      }
    },
    {
      "type": "Feature",
      "properties": {
        "fid": 545.0,
        "handle": "17913",
        "block": "-1",
        "etype": "25",
        "space": "0",
        "layer": "PLAK",
        "olinetype": "bylayer",
        "linetype": null,
        "color": "255,255,255,255",
        "ocolor": "7",
        "color24": "16777215",
        "transparen": "0",
        "lweight": "-1",
        "linewidth": 0.0,
        "ltscale": 1.0,
        "visible": "1",
        "thickness": 0.0,
        "ext": "(3:-0.003003440932991228,-0.004522054395397211,0.9999852650747446)",
        "height": 3.0,
        "text": "1904",
        "angle": 58.87298,
        "widthscale": 1.0,
        "oblique": 0.0,
        "style": "Standard",
        "textgen": "0",
        "alignh": "0",
        "alignv": "0",
        "interlin": -1.0,
        "lat": 29.79257,
        "lon": 52.45685
      },
      "geometry": {
        "type": "Point",
        "coordinates": [52.456851518091192, 29.792569453181802]
      }
    },
    {
      "type": "Feature",
      "properties": {
        "fid": 546.0,
        "handle": "17914",
        "block": "-1",
        "etype": "25",
        "space": "0",
        "layer": "PLAK",
        "olinetype": "bylayer",
        "linetype": null,
        "color": "255,255,255,255",
        "ocolor": "7",
        "color24": "16777215",
        "transparen": "0",
        "lweight": "-1",
        "linewidth": 0.0,
        "ltscale": 1.0,
        "visible": "1",
        "thickness": 0.0,
        "ext": "(3:-0.003003440932991228,-0.004522054395397211,0.9999852650747446)",
        "height": 3.0,
        "text": "1903",
        "angle": 58.87298,
        "widthscale": 1.0,
        "oblique": 0.0,
        "style": "Standard",
        "textgen": "0",
        "alignh": "0",
        "alignv": "0",
        "interlin": -1.0,
        "lat": 29.79251,
        "lon": 52.45696
      },
      "geometry": {
        "type": "Point",
        "coordinates": [52.456964812029369, 29.792513153792115]
      }
    },
    {
      "type": "Feature",
      "properties": {
        "fid": 547.0,
        "handle": "17915",
        "block": "-1",
        "etype": "25",
        "space": "0",
        "layer": "PLAK",
        "olinetype": "bylayer",
        "linetype": null,
        "color": "255,255,255,255",
        "ocolor": "7",
        "color24": "16777215",
        "transparen": "0",
        "lweight": "-1",
        "linewidth": 0.0,
        "ltscale": 1.0,
        "visible": "1",
        "thickness": 0.0,
        "ext": "(3:-0.003003440932991228,-0.004522054395397211,0.9999852650747446)",
        "height": 3.0,
        "text": "1902",
        "angle": 58.87298,
        "widthscale": 1.0,
        "oblique": 0.0,
        "style": "Standard",
        "textgen": "0",
        "alignh": "0",
        "alignv": "0",
        "interlin": -1.0,
        "lat": 29.79245,
        "lon": 52.45706
      },
      "geometry": {
        "type": "Point",
        "coordinates": [52.457055551999169, 29.792453022150422]
      }
    },
    {
      "type": "Feature",
      "properties": {
        "fid": 548.0,
        "handle": "17916",
        "block": "-1",
        "etype": "25",
        "space": "0",
        "layer": "PLAK",
        "olinetype": "bylayer",
        "linetype": null,
        "color": "255,255,255,255",
        "ocolor": "7",
        "color24": "16777215",
        "transparen": "0",
        "lweight": "-1",
        "linewidth": 0.0,
        "ltscale": 1.0,
        "visible": "1",
        "thickness": 0.0,
        "ext": "(3:-0.003003440932991228,-0.004522054395397211,0.9999852650747446)",
        "height": 3.0,
        "text": "1901",
        "angle": 58.87298,
        "widthscale": 1.0,
        "oblique": 0.0,
        "style": "Standard",
        "textgen": "0",
        "alignh": "0",
        "alignv": "0",
        "interlin": -1.0,
        "lat": 29.79239,
        "lon": 52.45717
      },
      "geometry": {
        "type": "Point",
        "coordinates": [52.457167912891727, 29.792390438475252]
      }
    },
    {
      "type": "Feature",
      "properties": {
        "fid": 549.0,
        "handle": "17917",
        "block": "-1",
        "etype": "25",
        "space": "0",
        "layer": "PLAK",
        "olinetype": "bylayer",
        "linetype": null,
        "color": "255,255,255,255",
        "ocolor": "7",
        "color24": "16777215",
        "transparen": "0",
        "lweight": "-1",
        "linewidth": 0.0,
        "ltscale": 1.0,
        "visible": "1",
        "thickness": 0.0,
        "ext": "(3:-0.003003440932991228,-0.004522054395397211,0.9999852650747446)",
        "height": 3.0,
        "text": "1914",
        "angle": 58.87298,
        "widthscale": 1.0,
        "oblique": 0.0,
        "style": "Standard",
        "textgen": "0",
        "alignh": "0",
        "alignv": "0",
        "interlin": -1.0,
        "lat": 29.79293,
        "lon": 52.45583
      },
      "geometry": {
        "type": "Point",
        "coordinates": [52.455828326866644, 29.79292816284709]
      }
    },
    {
      "type": "Feature",
      "properties": {
        "fid": 550.0,
        "handle": "17918",
        "block": "-1",
        "etype": "25",
        "space": "0",
        "layer": "PLAK",
        "olinetype": "bylayer",
        "linetype": null,
        "color": "255,255,255,255",
        "ocolor": "7",
        "color24": "16777215",
        "transparen": "0",
        "lweight": "-1",
        "linewidth": 0.0,
        "ltscale": 1.0,
        "visible": "1",
        "thickness": 0.0,
        "ext": "(3:-0.003003440932991228,-0.004522054395397211,0.9999852650747446)",
        "height": 3.0,
        "text": "1915",
        "angle": 58.87298,
        "widthscale": 1.0,
        "oblique": 0.0,
        "style": "Standard",
        "textgen": "0",
        "alignh": "0",
        "alignv": "0",
        "interlin": -1.0,
        "lat": 29.79287,
        "lon": 52.45591
      },
      "geometry": {
        "type": "Point",
        "coordinates": [52.455907481187303, 29.792874594313819]
      }
    },
    {
      "type": "Feature",
      "properties": {
        "fid": 551.0,
        "handle": "17919",
        "block": "-1",
        "etype": "25",
        "space": "0",
        "layer": "PLAK",
        "olinetype": "bylayer",
        "linetype": null,
        "color": "255,255,255,255",
        "ocolor": "7",
        "color24": "16777215",
        "transparen": "0",
        "lweight": "-1",
        "linewidth": 0.0,
        "ltscale": 1.0,
        "visible": "1",
        "thickness": 0.0,
        "ext": "(3:-0.003003440932991228,-0.004522054395397211,0.9999852650747446)",
        "height": 3.0,
        "text": "1916",
        "angle": 58.87298,
        "widthscale": 1.0,
        "oblique": 0.0,
        "style": "Standard",
        "textgen": "0",
        "alignh": "0",
        "alignv": "0",
        "interlin": -1.0,
        "lat": 29.79281,
        "lon": 52.45601
      },
      "geometry": {
        "type": "Point",
        "coordinates": [52.456009939945815, 29.792814412601164]
      }
    },
    {
      "type": "Feature",
      "properties": {
        "fid": 552.0,
        "handle": "17920",
        "block": "-1",
        "etype": "25",
        "space": "0",
        "layer": "PLAK",
        "olinetype": "bylayer",
        "linetype": null,
        "color": "255,255,255,255",
        "ocolor": "7",
        "color24": "16777215",
        "transparen": "0",
        "lweight": "-1",
        "linewidth": 0.0,
        "ltscale": 1.0,
        "visible": "1",
        "thickness": 0.0,
        "ext": "(3:-0.003003440932991228,-0.004522054395397211,0.9999852650747446)",
        "height": 3.0,
        "text": "1917",
        "angle": 58.87298,
        "widthscale": 1.0,
        "oblique": 0.0,
        "style": "Standard",
        "textgen": "0",
        "alignh": "0",
        "alignv": "0",
        "interlin": -1.0,
        "lat": 29.79275,
        "lon": 52.45611
      },
      "geometry": {
        "type": "Point",
        "coordinates": [52.456106073327753, 29.792751114102639]
      }
    },
    {
      "type": "Feature",
      "properties": {
        "fid": 553.0,
        "handle": "17921",
        "block": "-1",
        "etype": "25",
        "space": "0",
        "layer": "PLAK",
        "olinetype": "bylayer",
        "linetype": null,
        "color": "255,255,255,255",
        "ocolor": "7",
        "color24": "16777215",
        "transparen": "0",
        "lweight": "-1",
        "linewidth": 0.0,
        "ltscale": 1.0,
        "visible": "1",
        "thickness": 0.0,
        "ext": "(3:-0.003003440932991228,-0.004522054395397211,0.9999852650747446)",
        "height": 3.0,
        "text": "1918",
        "angle": 58.87298,
        "widthscale": 1.0,
        "oblique": 0.0,
        "style": "Standard",
        "textgen": "0",
        "alignh": "0",
        "alignv": "0",
        "interlin": -1.0,
        "lat": 29.79269,
        "lon": 52.45621
      },
      "geometry": {
        "type": "Point",
        "coordinates": [52.456208531852759, 29.792690932208249]
      }
    },
    {
      "type": "Feature",
      "properties": {
        "fid": 554.0,
        "handle": "17922",
        "block": "-1",
        "etype": "25",
        "space": "0",
        "layer": "PLAK",
        "olinetype": "bylayer",
        "linetype": null,
        "color": "255,255,255,255",
        "ocolor": "7",
        "color24": "16777215",
        "transparen": "0",
        "lweight": "-1",
        "linewidth": 0.0,
        "ltscale": 1.0,
        "visible": "1",
        "thickness": 0.0,
        "ext": "(3:-0.003003440932991228,-0.004522054395397211,0.9999852650747446)",
        "height": 3.0,
        "text": "1919",
        "angle": 58.87298,
        "widthscale": 1.0,
        "oblique": 0.0,
        "style": "Standard",
        "textgen": "0",
        "alignh": "0",
        "alignv": "0",
        "interlin": -1.0,
        "lat": 29.79263,
        "lon": 52.45631
      },
      "geometry": {
        "type": "Point",
        "coordinates": [52.456310990210497, 29.792630750236803]
      }
    },
    {
      "type": "Feature",
      "properties": {
        "fid": 555.0,
        "handle": "17923",
        "block": "-1",
        "etype": "25",
        "space": "0",
        "layer": "PLAK",
        "olinetype": "bylayer",
        "linetype": null,
        "color": "255,255,255,255",
        "ocolor": "7",
        "color24": "16777215",
        "transparen": "0",
        "lweight": "-1",
        "linewidth": 0.0,
        "ltscale": 1.0,
        "visible": "1",
        "thickness": 0.0,
        "ext": "(3:-0.003003440932991228,-0.004522054395397211,0.9999852650747446)",
        "height": 3.0,
        "text": "1920",
        "angle": 58.87298,
        "widthscale": 1.0,
        "oblique": 0.0,
        "style": "Standard",
        "textgen": "0",
        "alignh": "0",
        "alignv": "0",
        "interlin": -1.0,
        "lat": 29.79257,
        "lon": 52.45642
      },
      "geometry": {
        "type": "Point",
        "coordinates": [52.456417026509847, 29.792565050548564]
      }
    },
    {
      "type": "Feature",
      "properties": {
        "fid": 556.0,
        "handle": "17924",
        "block": "-1",
        "etype": "25",
        "space": "0",
        "layer": "PLAK",
        "olinetype": "bylayer",
        "linetype": null,
        "color": "255,255,255,255",
        "ocolor": "7",
        "color24": "16777215",
        "transparen": "0",
        "lweight": "-1",
        "linewidth": 0.0,
        "ltscale": 1.0,
        "visible": "1",
        "thickness": 0.0,
        "ext": "(3:-0.003003440932991228,-0.004522054395397211,0.9999852650747446)",
        "height": 3.0,
        "text": "1921",
        "angle": 58.87298,
        "widthscale": 1.0,
        "oblique": 0.0,
        "style": "Standard",
        "textgen": "0",
        "alignh": "0",
        "alignv": "0",
        "interlin": -1.0,
        "lat": 29.79252,
        "lon": 52.45652
      },
      "geometry": {
        "type": "Point",
        "coordinates": [52.456519535647189, 29.792515086458589]
      }
    },
    {
      "type": "Feature",
      "properties": {
        "fid": 557.0,
        "handle": "17925",
        "block": "-1",
        "etype": "25",
        "space": "0",
        "layer": "PLAK",
        "olinetype": "bylayer",
        "linetype": null,
        "color": "255,255,255,255",
        "ocolor": "7",
        "color24": "16777215",
        "transparen": "0",
        "lweight": "-1",
        "linewidth": 0.0,
        "ltscale": 1.0,
        "visible": "1",
        "thickness": 0.0,
        "ext": "(3:-0.003003440932991228,-0.004522054395397211,0.9999852650747446)",
        "height": 3.0,
        "text": "1922",
        "angle": 58.87298,
        "widthscale": 1.0,
        "oblique": 0.0,
        "style": "Standard",
        "textgen": "0",
        "alignh": "0",
        "alignv": "0",
        "interlin": -1.0,
        "lat": 29.79245,
        "lon": 52.45662
      },
      "geometry": {
        "type": "Point",
        "coordinates": [52.456618364606669, 29.792450203904899]
      }
    },
    {
      "type": "Feature",
      "properties": {
        "fid": 558.0,
        "handle": "17926",
        "block": "-1",
        "etype": "25",
        "space": "0",
        "layer": "PLAK",
        "olinetype": "bylayer",
        "linetype": null,
        "color": "255,255,255,255",
        "ocolor": "7",
        "color24": "16777215",
        "transparen": "0",
        "lweight": "-1",
        "linewidth": 0.0,
        "ltscale": 1.0,
        "visible": "1",
        "thickness": 0.0,
        "ext": "(3:-0.003003440932991228,-0.004522054395397211,0.9999852650747446)",
        "height": 3.0,
        "text": "1923",
        "angle": 58.87298,
        "widthscale": 1.0,
        "oblique": 0.0,
        "style": "Standard",
        "textgen": "0",
        "alignh": "0",
        "alignv": "0",
        "interlin": -1.0,
        "lat": 29.79238,
        "lon": 52.45672
      },
      "geometry": {
        "type": "Point",
        "coordinates": [52.456724400566479, 29.792384503947709]
      }
    },
    {
      "type": "Feature",
      "properties": {
        "fid": 559.0,
        "handle": "17927",
        "block": "-1",
        "etype": "25",
        "space": "0",
        "layer": "PLAK",
        "olinetype": "bylayer",
        "linetype": null,
        "color": "255,255,255,255",
        "ocolor": "7",
        "color24": "16777215",
        "transparen": "0",
        "lweight": "-1",
        "linewidth": 0.0,
        "ltscale": 1.0,
        "visible": "1",
        "thickness": 0.0,
        "ext": "(3:-0.003003440932991228,-0.004522054395397211,0.9999852650747446)",
        "height": 3.0,
        "text": "1924",
        "angle": 58.87298,
        "widthscale": 1.0,
        "oblique": 0.0,
        "style": "Standard",
        "textgen": "0",
        "alignh": "0",
        "alignv": "0",
        "interlin": -1.0,
        "lat": 29.79232,
        "lon": 52.45683
      },
      "geometry": {
        "type": "Point",
        "coordinates": [52.456825043827926, 29.792321971405187]
      }
    },
    {
      "type": "Feature",
      "properties": {
        "fid": 560.0,
        "handle": "17928",
        "block": "-1",
        "etype": "25",
        "space": "0",
        "layer": "PLAK",
        "olinetype": "bylayer",
        "linetype": null,
        "color": "255,255,255,255",
        "ocolor": "7",
        "color24": "16777215",
        "transparen": "0",
        "lweight": "-1",
        "linewidth": 0.0,
        "ltscale": 1.0,
        "visible": "1",
        "thickness": 0.0,
        "ext": "(3:-0.003003440932991228,-0.004522054395397211,0.9999852650747446)",
        "height": 3.0,
        "text": "1925",
        "angle": 58.87298,
        "widthscale": 1.0,
        "oblique": 0.0,
        "style": "Standard",
        "textgen": "0",
        "alignh": "0",
        "alignv": "0",
        "interlin": -1.0,
        "lat": 29.79227,
        "lon": 52.45693
      },
      "geometry": {
        "type": "Point",
        "coordinates": [52.456931130490744, 29.792266489357104]
      }
    },
    {
      "type": "Feature",
      "properties": {
        "fid": 561.0,
        "handle": "17929",
        "block": "-1",
        "etype": "25",
        "space": "0",
        "layer": "PLAK",
        "olinetype": "bylayer",
        "linetype": null,
        "color": "255,255,255,255",
        "ocolor": "7",
        "color24": "16777215",
        "transparen": "0",
        "lweight": "-1",
        "linewidth": 0.0,
        "ltscale": 1.0,
        "visible": "1",
        "thickness": 0.0,
        "ext": "(3:-0.003003440932991228,-0.004522054395397211,0.9999852650747446)",
        "height": 3.0,
        "text": "1926",
        "angle": 58.87298,
        "widthscale": 1.0,
        "oblique": 0.0,
        "style": "Standard",
        "textgen": "0",
        "alignh": "0",
        "alignv": "0",
        "interlin": -1.0,
        "lat": 29.7922,
        "lon": 52.45703
      },
      "geometry": {
        "type": "Point",
        "coordinates": [52.457031773486946, 29.792203956699296]
      }
    },
    {
      "type": "Feature",
      "properties": {
        "fid": 562.0,
        "handle": "17930",
        "block": "-1",
        "etype": "25",
        "space": "0",
        "layer": "PLAK",
        "olinetype": "bylayer",
        "linetype": null,
        "color": "255,255,255,255",
        "ocolor": "7",
        "color24": "16777215",
        "transparen": "0",
        "lweight": "-1",
        "linewidth": 0.0,
        "ltscale": 1.0,
        "visible": "1",
        "thickness": 0.0,
        "ext": "(3:-0.003003440932991228,-0.004522054395397211,0.9999852650747446)",
        "height": 3.0,
        "text": "1943",
        "angle": 58.87298,
        "widthscale": 1.0,
        "oblique": 0.0,
        "style": "Standard",
        "textgen": "0",
        "alignh": "0",
        "alignv": "0",
        "interlin": -1.0,
        "lat": 29.79635,
        "lon": 52.45563
      },
      "geometry": {
        "type": "Point",
        "coordinates": [52.455631095942017, 29.79635407187471]
      }
    },
    {
      "type": "Feature",
      "properties": {
        "fid": 563.0,
        "handle": "17931",
        "block": "-1",
        "etype": "25",
        "space": "0",
        "layer": "PLAK",
        "olinetype": "bylayer",
        "linetype": null,
        "color": "255,255,255,255",
        "ocolor": "7",
        "color24": "16777215",
        "transparen": "0",
        "lweight": "-1",
        "linewidth": 0.0,
        "ltscale": 1.0,
        "visible": "1",
        "thickness": 0.0,
        "ext": "(3:-0.003003440932991228,-0.004522054395397211,0.9999852650747446)",
        "height": 3.0,
        "text": "1942",
        "angle": 58.87298,
        "widthscale": 1.0,
        "oblique": 0.0,
        "style": "Standard",
        "textgen": "0",
        "alignh": "0",
        "alignv": "0",
        "interlin": -1.0,
        "lat": 29.79627,
        "lon": 52.45578
      },
      "geometry": {
        "type": "Point",
        "coordinates": [52.455776767752347, 29.79626851101477]
      }
    },
    {
      "type": "Feature",
      "properties": {
        "fid": 564.0,
        "handle": "17932",
        "block": "-1",
        "etype": "25",
        "space": "0",
        "layer": "PLAK",
        "olinetype": "bylayer",
        "linetype": null,
        "color": "255,255,255,255",
        "ocolor": "7",
        "color24": "16777215",
        "transparen": "0",
        "lweight": "-1",
        "linewidth": 0.0,
        "ltscale": 1.0,
        "visible": "1",
        "thickness": 0.0,
        "ext": "(3:-0.003003440932991228,-0.004522054395397211,0.9999852650747446)",
        "height": 3.0,
        "text": "1941",
        "angle": 58.87298,
        "widthscale": 1.0,
        "oblique": 0.0,
        "style": "Standard",
        "textgen": "0",
        "alignh": "0",
        "alignv": "0",
        "interlin": -1.0,
        "lat": 29.79623,
        "lon": 52.45584
      },
      "geometry": {
        "type": "Point",
        "coordinates": [52.45583684449533, 29.796233224636701]
      }
    },
    {
      "type": "Feature",
      "properties": {
        "fid": 565.0,
        "handle": "17933",
        "block": "-1",
        "etype": "25",
        "space": "0",
        "layer": "PLAK",
        "olinetype": "bylayer",
        "linetype": null,
        "color": "255,255,255,255",
        "ocolor": "7",
        "color24": "16777215",
        "transparen": "0",
        "lweight": "-1",
        "linewidth": 0.0,
        "ltscale": 1.0,
        "visible": "1",
        "thickness": 0.0,
        "ext": "(3:-0.003003440932991228,-0.004522054395397211,0.9999852650747446)",
        "height": 3.0,
        "text": "1940",
        "angle": 58.87298,
        "widthscale": 1.0,
        "oblique": 0.0,
        "style": "Standard",
        "textgen": "0",
        "alignh": "0",
        "alignv": "0",
        "interlin": -1.0,
        "lat": 29.79616,
        "lon": 52.45597
      },
      "geometry": {
        "type": "Point",
        "coordinates": [52.455969889380434, 29.796155210539816]
      }
    },
    {
      "type": "Feature",
      "properties": {
        "fid": 566.0,
        "handle": "17934",
        "block": "-1",
        "etype": "25",
        "space": "0",
        "layer": "PLAK",
        "olinetype": "bylayer",
        "linetype": null,
        "color": "255,255,255,255",
        "ocolor": "7",
        "color24": "16777215",
        "transparen": "0",
        "lweight": "-1",
        "linewidth": 0.0,
        "ltscale": 1.0,
        "visible": "1",
        "thickness": 0.0,
        "ext": "(3:-0.003003440932991228,-0.004522054395397211,0.9999852650747446)",
        "height": 3.0,
        "text": "1939",
        "angle": 58.87298,
        "widthscale": 1.0,
        "oblique": 0.0,
        "style": "Standard",
        "textgen": "0",
        "alignh": "0",
        "alignv": "0",
        "interlin": -1.0,
        "lat": 29.7961,
        "lon": 52.45608
      },
      "geometry": {
        "type": "Point",
        "coordinates": [52.456084135021037, 29.796100894771417]
      }
    },
    {
      "type": "Feature",
      "properties": {
        "fid": 567.0,
        "handle": "17935",
        "block": "-1",
        "etype": "25",
        "space": "0",
        "layer": "PLAK",
        "olinetype": "bylayer",
        "linetype": null,
        "color": "255,255,255,255",
        "ocolor": "7",
        "color24": "16777215",
        "transparen": "0",
        "lweight": "-1",
        "linewidth": 0.0,
        "ltscale": 1.0,
        "visible": "1",
        "thickness": 0.0,
        "ext": "(3:-0.003003440932991228,-0.004522054395397211,0.9999852650747446)",
        "height": 3.0,
        "text": "1938",
        "angle": 58.87298,
        "widthscale": 1.0,
        "oblique": 0.0,
        "style": "Standard",
        "textgen": "0",
        "alignh": "0",
        "alignv": "0",
        "interlin": -1.0,
        "lat": 29.79603,
        "lon": 52.45618
      },
      "geometry": {
        "type": "Point",
        "coordinates": [52.456179744990223, 29.796031819320337]
      }
    },
    {
      "type": "Feature",
      "properties": {
        "fid": 568.0,
        "handle": "17936",
        "block": "-1",
        "etype": "25",
        "space": "0",
        "layer": "PLAK",
        "olinetype": "bylayer",
        "linetype": null,
        "color": "255,255,255,255",
        "ocolor": "7",
        "color24": "16777215",
        "transparen": "0",
        "lweight": "-1",
        "linewidth": 0.0,
        "ltscale": 1.0,
        "visible": "1",
        "thickness": 0.0,
        "ext": "(3:-0.003003440932991228,-0.004522054395397211,0.9999852650747446)",
        "height": 3.0,
        "text": "1937",
        "angle": 58.87298,
        "widthscale": 1.0,
        "oblique": 0.0,
        "style": "Standard",
        "textgen": "0",
        "alignh": "0",
        "alignv": "0",
        "interlin": -1.0,
        "lat": 29.79599,
        "lon": 52.45625
      },
      "geometry": {
        "type": "Point",
        "coordinates": [52.456248340094533, 29.795991529243235]
      }
    },
    {
      "type": "Feature",
      "properties": {
        "fid": 569.0,
        "handle": "17937",
        "block": "-1",
        "etype": "25",
        "space": "0",
        "layer": "PLAK",
        "olinetype": "bylayer",
        "linetype": null,
        "color": "255,255,255,255",
        "ocolor": "7",
        "color24": "16777215",
        "transparen": "0",
        "lweight": "-1",
        "linewidth": 0.0,
        "ltscale": 1.0,
        "visible": "1",
        "thickness": 0.0,
        "ext": "(3:-0.003003440932991228,-0.004522054395397211,0.9999852650747446)",
        "height": 3.0,
        "text": "1936",
        "angle": 58.87298,
        "widthscale": 1.0,
        "oblique": 0.0,
        "style": "Standard",
        "textgen": "0",
        "alignh": "0",
        "alignv": "0",
        "interlin": -1.0,
        "lat": 29.79593,
        "lon": 52.45635
      },
      "geometry": {
        "type": "Point",
        "coordinates": [52.45635174483543, 29.795934683677036]
      }
    },
    {
      "type": "Feature",
      "properties": {
        "fid": 570.0,
        "handle": "17938",
        "block": "-1",
        "etype": "25",
        "space": "0",
        "layer": "PLAK",
        "olinetype": "bylayer",
        "linetype": null,
        "color": "255,255,255,255",
        "ocolor": "7",
        "color24": "16777215",
        "transparen": "0",
        "lweight": "-1",
        "linewidth": 0.0,
        "ltscale": 1.0,
        "visible": "1",
        "thickness": 0.0,
        "ext": "(3:-0.003003440932991228,-0.004522054395397211,0.9999852650747446)",
        "height": 3.0,
        "text": "1935",
        "angle": 58.87298,
        "widthscale": 1.0,
        "oblique": 0.0,
        "style": "Standard",
        "textgen": "0",
        "alignh": "0",
        "alignv": "0",
        "interlin": -1.0,
        "lat": 29.79586,
        "lon": 52.45648
      },
      "geometry": {
        "type": "Point",
        "coordinates": [52.456478574386416, 29.795860188607783]
      }
    },
    {
      "type": "Feature",
      "properties": {
        "fid": 571.0,
        "handle": "17939",
        "block": "-1",
        "etype": "25",
        "space": "0",
        "layer": "PLAK",
        "olinetype": "bylayer",
        "linetype": null,
        "color": "255,255,255,255",
        "ocolor": "7",
        "color24": "16777215",
        "transparen": "0",
        "lweight": "-1",
        "linewidth": 0.0,
        "ltscale": 1.0,
        "visible": "1",
        "thickness": 0.0,
        "ext": "(3:-0.003003440932991228,-0.004522054395397211,0.9999852650747446)",
        "height": 3.0,
        "text": "1934",
        "angle": 58.87298,
        "widthscale": 1.0,
        "oblique": 0.0,
        "style": "Standard",
        "textgen": "0",
        "alignh": "0",
        "alignv": "0",
        "interlin": -1.0,
        "lat": 29.79581,
        "lon": 52.45656
      },
      "geometry": {
        "type": "Point",
        "coordinates": [52.456563633343642, 29.795810227939434]
      }
    },
    {
      "type": "Feature",
      "properties": {
        "fid": 572.0,
        "handle": "17940",
        "block": "-1",
        "etype": "25",
        "space": "0",
        "layer": "PLAK",
        "olinetype": "bylayer",
        "linetype": null,
        "color": "255,255,255,255",
        "ocolor": "7",
        "color24": "16777215",
        "transparen": "0",
        "lweight": "-1",
        "linewidth": 0.0,
        "ltscale": 1.0,
        "visible": "1",
        "thickness": 0.0,
        "ext": "(3:-0.003003440932991228,-0.004522054395397211,0.9999852650747446)",
        "height": 3.0,
        "text": "1933",
        "angle": 58.87298,
        "widthscale": 1.0,
        "oblique": 0.0,
        "style": "Standard",
        "textgen": "0",
        "alignh": "0",
        "alignv": "0",
        "interlin": -1.0,
        "lat": 29.79575,
        "lon": 52.45666
      },
      "geometry": {
        "type": "Point",
        "coordinates": [52.456662904519163, 29.795748028918542]
      }
    },
    {
      "type": "Feature",
      "properties": {
        "fid": 573.0,
        "handle": "17941",
        "block": "-1",
        "etype": "25",
        "space": "0",
        "layer": "PLAK",
        "olinetype": "bylayer",
        "linetype": null,
        "color": "255,255,255,255",
        "ocolor": "7",
        "color24": "16777215",
        "transparen": "0",
        "lweight": "-1",
        "linewidth": 0.0,
        "ltscale": 1.0,
        "visible": "1",
        "thickness": 0.0,
        "ext": "(3:-0.003003440932991228,-0.004522054395397211,0.9999852650747446)",
        "height": 3.0,
        "text": "1932",
        "angle": 58.87298,
        "widthscale": 1.0,
        "oblique": 0.0,
        "style": "Standard",
        "textgen": "0",
        "alignh": "0",
        "alignv": "0",
        "interlin": -1.0,
        "lat": 29.79567,
        "lon": 52.4568
      },
      "geometry": {
        "type": "Point",
        "coordinates": [52.456798596271923, 29.795673495122756]
      }
    },
    {
      "type": "Feature",
      "properties": {
        "fid": 574.0,
        "handle": "17942",
        "block": "-1",
        "etype": "25",
        "space": "0",
        "layer": "PLAK",
        "olinetype": "bylayer",
        "linetype": null,
        "color": "255,255,255,255",
        "ocolor": "7",
        "color24": "16777215",
        "transparen": "0",
        "lweight": "-1",
        "linewidth": 0.0,
        "ltscale": 1.0,
        "visible": "1",
        "thickness": 0.0,
        "ext": "(3:-0.003003440932991228,-0.004522054395397211,0.9999852650747446)",
        "height": 3.0,
        "text": "1931",
        "angle": 58.87298,
        "widthscale": 1.0,
        "oblique": 0.0,
        "style": "Standard",
        "textgen": "0",
        "alignh": "0",
        "alignv": "0",
        "interlin": -1.0,
        "lat": 29.79561,
        "lon": 52.45692
      },
      "geometry": {
        "type": "Point",
        "coordinates": [52.456916648200696, 29.795610644102211]
      }
    },
    {
      "type": "Feature",
      "properties": {
        "fid": 575.0,
        "handle": "17943",
        "block": "-1",
        "etype": "25",
        "space": "0",
        "layer": "PLAK",
        "olinetype": "bylayer",
        "linetype": null,
        "color": "255,255,255,255",
        "ocolor": "7",
        "color24": "16777215",
        "transparen": "0",
        "lweight": "-1",
        "linewidth": 0.0,
        "ltscale": 1.0,
        "visible": "1",
        "thickness": 0.0,
        "ext": "(3:-0.003003440932991228,-0.004522054395397211,0.9999852650747446)",
        "height": 3.0,
        "text": "1930",
        "angle": 58.87298,
        "widthscale": 1.0,
        "oblique": 0.0,
        "style": "Standard",
        "textgen": "0",
        "alignh": "0",
        "alignv": "0",
        "interlin": -1.0,
        "lat": 29.79556,
        "lon": 52.45697
      },
      "geometry": {
        "type": "Point",
        "coordinates": [52.45697348409945, 29.795560623646132]
      }
    },
    {
      "type": "Feature",
      "properties": {
        "fid": 576.0,
        "handle": "17944",
        "block": "-1",
        "etype": "25",
        "space": "0",
        "layer": "PLAK",
        "olinetype": "bylayer",
        "linetype": null,
        "color": "255,255,255,255",
        "ocolor": "7",
        "color24": "16777215",
        "transparen": "0",
        "lweight": "-1",
        "linewidth": 0.0,
        "ltscale": 1.0,
        "visible": "1",
        "thickness": 0.0,
        "ext": "(3:-0.003003440932991228,-0.004522054395397211,0.9999852650747446)",
        "height": 3.0,
        "text": "1929",
        "angle": 58.87298,
        "widthscale": 1.0,
        "oblique": 0.0,
        "style": "Standard",
        "textgen": "0",
        "alignh": "0",
        "alignv": "0",
        "interlin": -1.0,
        "lat": 29.7955,
        "lon": 52.45708
      },
      "geometry": {
        "type": "Point",
        "coordinates": [52.457081464808503, 29.79549859903549]
      }
    },
    {
      "type": "Feature",
      "properties": {
        "fid": 577.0,
        "handle": "17945",
        "block": "-1",
        "etype": "25",
        "space": "0",
        "layer": "PLAK",
        "olinetype": "bylayer",
        "linetype": null,
        "color": "255,255,255,255",
        "ocolor": "7",
        "color24": "16777215",
        "transparen": "0",
        "lweight": "-1",
        "linewidth": 0.0,
        "ltscale": 1.0,
        "visible": "1",
        "thickness": 0.0,
        "ext": "(3:-0.003003440932991228,-0.004522054395397211,0.9999852650747446)",
        "height": 3.0,
        "text": "1928",
        "angle": 58.87298,
        "widthscale": 1.0,
        "oblique": 0.0,
        "style": "Standard",
        "textgen": "0",
        "alignh": "0",
        "alignv": "0",
        "interlin": -1.0,
        "lat": 29.79543,
        "lon": 52.45721
      },
      "geometry": {
        "type": "Point",
        "coordinates": [52.457205295677298, 29.795425568625532]
      }
    },
    {
      "type": "Feature",
      "properties": {
        "fid": 578.0,
        "handle": "17946",
        "block": "-1",
        "etype": "25",
        "space": "0",
        "layer": "PLAK",
        "olinetype": "bylayer",
        "linetype": null,
        "color": "255,255,255,255",
        "ocolor": "7",
        "color24": "16777215",
        "transparen": "0",
        "lweight": "-1",
        "linewidth": 0.0,
        "ltscale": 1.0,
        "visible": "1",
        "thickness": 0.0,
        "ext": "(3:-0.003003440932991228,-0.004522054395397211,0.9999852650747446)",
        "height": 3.0,
        "text": "1927",
        "angle": 58.87298,
        "widthscale": 1.0,
        "oblique": 0.0,
        "style": "Standard",
        "textgen": "0",
        "alignh": "0",
        "alignv": "0",
        "interlin": -1.0,
        "lat": 29.79538,
        "lon": 52.45728
      },
      "geometry": {
        "type": "Point",
        "coordinates": [52.457280815979438, 29.795382516724295]
      }
    },
    {
      "type": "Feature",
      "properties": {
        "fid": 579.0,
        "handle": "17947",
        "block": "-1",
        "etype": "25",
        "space": "0",
        "layer": "PLAK",
        "olinetype": "bylayer",
        "linetype": null,
        "color": "255,255,255,255",
        "ocolor": "7",
        "color24": "16777215",
        "transparen": "0",
        "lweight": "-1",
        "linewidth": 0.0,
        "ltscale": 1.0,
        "visible": "1",
        "thickness": 0.0,
        "ext": "(3:-0.003003440932991228,-0.004522054395397211,0.9999852650747446)",
        "height": 3.0,
        "text": "1944",
        "angle": 58.87298,
        "widthscale": 1.0,
        "oblique": 0.0,
        "style": "Standard",
        "textgen": "0",
        "alignh": "0",
        "alignv": "0",
        "interlin": -1.0,
        "lat": 29.79616,
        "lon": 52.45549
      },
      "geometry": {
        "type": "Point",
        "coordinates": [52.455489506708354, 29.796164904890556]
      }
    },
    {
      "type": "Feature",
      "properties": {
        "fid": 580.0,
        "handle": "17948",
        "block": "-1",
        "etype": "25",
        "space": "0",
        "layer": "PLAK",
        "olinetype": "bylayer",
        "linetype": null,
        "color": "255,255,255,255",
        "ocolor": "7",
        "color24": "16777215",
        "transparen": "0",
        "lweight": "-1",
        "linewidth": 0.0,
        "ltscale": 1.0,
        "visible": "1",
        "thickness": 0.0,
        "ext": "(3:-0.003003440932991228,-0.004522054395397211,0.9999852650747446)",
        "height": 3.0,
        "text": "1945",
        "angle": 58.87298,
        "widthscale": 1.0,
        "oblique": 0.0,
        "style": "Standard",
        "textgen": "0",
        "alignh": "0",
        "alignv": "0",
        "interlin": -1.0,
        "lat": 29.79609,
        "lon": 52.45564
      },
      "geometry": {
        "type": "Point",
        "coordinates": [52.455641501576025, 29.796090677743113]
      }
    },
    {
      "type": "Feature",
      "properties": {
        "fid": 581.0,
        "handle": "17949",
        "block": "-1",
        "etype": "25",
        "space": "0",
        "layer": "PLAK",
        "olinetype": "bylayer",
        "linetype": null,
        "color": "255,255,255,255",
        "ocolor": "7",
        "color24": "16777215",
        "transparen": "0",
        "lweight": "-1",
        "linewidth": 0.0,
        "ltscale": 1.0,
        "visible": "1",
        "thickness": 0.0,
        "ext": "(3:-0.003003440932991228,-0.004522054395397211,0.9999852650747446)",
        "height": 3.0,
        "text": "1946",
        "angle": 58.87298,
        "widthscale": 1.0,
        "oblique": 0.0,
        "style": "Standard",
        "textgen": "0",
        "alignh": "0",
        "alignv": "0",
        "interlin": -1.0,
        "lat": 29.79603,
        "lon": 52.45572
      },
      "geometry": {
        "type": "Point",
        "coordinates": [52.455724882715415, 29.79602691299381]
      }
    },
    {
      "type": "Feature",
      "properties": {
        "fid": 582.0,
        "handle": "17950",
        "block": "-1",
        "etype": "25",
        "space": "0",
        "layer": "PLAK",
        "olinetype": "bylayer",
        "linetype": null,
        "color": "255,255,255,255",
        "ocolor": "7",
        "color24": "16777215",
        "transparen": "0",
        "lweight": "-1",
        "linewidth": 0.0,
        "ltscale": 1.0,
        "visible": "1",
        "thickness": 0.0,
        "ext": "(3:-0.003003440932991228,-0.004522054395397211,0.9999852650747446)",
        "height": 3.0,
        "text": "1947",
        "angle": 58.87298,
        "widthscale": 1.0,
        "oblique": 0.0,
        "style": "Standard",
        "textgen": "0",
        "alignh": "0",
        "alignv": "0",
        "interlin": -1.0,
        "lat": 29.79598,
        "lon": 52.4558
      },
      "geometry": {
        "type": "Point",
        "coordinates": [52.455796593596517, 29.79598453609017]
      }
    },
    {
      "type": "Feature",
      "properties": {
        "fid": 583.0,
        "handle": "17951",
        "block": "-1",
        "etype": "25",
        "space": "0",
        "layer": "PLAK",
        "olinetype": "bylayer",
        "linetype": null,
        "color": "255,255,255,255",
        "ocolor": "7",
        "color24": "16777215",
        "transparen": "0",
        "lweight": "-1",
        "linewidth": 0.0,
        "ltscale": 1.0,
        "visible": "1",
        "thickness": 0.0,
        "ext": "(3:-0.003003440932991228,-0.004522054395397211,0.9999852650747446)",
        "height": 3.0,
        "text": "1948",
        "angle": 58.87298,
        "widthscale": 1.0,
        "oblique": 0.0,
        "style": "Standard",
        "textgen": "0",
        "alignh": "0",
        "alignv": "0",
        "interlin": -1.0,
        "lat": 29.79592,
        "lon": 52.4559
      },
      "geometry": {
        "type": "Point",
        "coordinates": [52.455901002918282, 29.795923210557621]
      }
    },
    {
      "type": "Feature",
      "properties": {
        "fid": 584.0,
        "handle": "17952",
        "block": "-1",
        "etype": "25",
        "space": "0",
        "layer": "PLAK",
        "olinetype": "bylayer",
        "linetype": null,
        "color": "255,255,255,255",
        "ocolor": "7",
        "color24": "16777215",
        "transparen": "0",
        "lweight": "-1",
        "linewidth": 0.0,
        "ltscale": 1.0,
        "visible": "1",
        "thickness": 0.0,
        "ext": "(3:-0.003003440932991228,-0.004522054395397211,0.9999852650747446)",
        "height": 3.0,
        "text": "1949",
        "angle": 58.87298,
        "widthscale": 1.0,
        "oblique": 0.0,
        "style": "Standard",
        "textgen": "0",
        "alignh": "0",
        "alignv": "0",
        "interlin": -1.0,
        "lat": 29.79587,
        "lon": 52.45601
      },
      "geometry": {
        "type": "Point",
        "coordinates": [52.456014682667806, 29.795868111059093]
      }
    },
    {
      "type": "Feature",
      "properties": {
        "fid": 585.0,
        "handle": "17953",
        "block": "-1",
        "etype": "25",
        "space": "0",
        "layer": "PLAK",
        "olinetype": "bylayer",
        "linetype": null,
        "color": "255,255,255,255",
        "ocolor": "7",
        "color24": "16777215",
        "transparen": "0",
        "lweight": "-1",
        "linewidth": 0.0,
        "ltscale": 1.0,
        "visible": "1",
        "thickness": 0.0,
        "ext": "(3:-0.003003440932991228,-0.004522054395397211,0.9999852650747446)",
        "height": 3.0,
        "text": "1950",
        "angle": 58.87298,
        "widthscale": 1.0,
        "oblique": 0.0,
        "style": "Standard",
        "textgen": "0",
        "alignh": "0",
        "alignv": "0",
        "interlin": -1.0,
        "lat": 29.79582,
        "lon": 52.45611
      },
      "geometry": {
        "type": "Point",
        "coordinates": [52.456114012299984, 29.795817549666147]
      }
    },
    {
      "type": "Feature",
      "properties": {
        "fid": 586.0,
        "handle": "17954",
        "block": "-1",
        "etype": "25",
        "space": "0",
        "layer": "PLAK",
        "olinetype": "bylayer",
        "linetype": null,
        "color": "255,255,255,255",
        "ocolor": "7",
        "color24": "16777215",
        "transparen": "0",
        "lweight": "-1",
        "linewidth": 0.0,
        "ltscale": 1.0,
        "visible": "1",
        "thickness": 0.0,
        "ext": "(3:-0.003003440932991228,-0.004522054395397211,0.9999852650747446)",
        "height": 3.0,
        "text": "1951",
        "angle": 58.87298,
        "widthscale": 1.0,
        "oblique": 0.0,
        "style": "Standard",
        "textgen": "0",
        "alignh": "0",
        "alignv": "0",
        "interlin": -1.0,
        "lat": 29.79572,
        "lon": 52.45625
      },
      "geometry": {
        "type": "Point",
        "coordinates": [52.456248530401815, 29.795716578756117]
      }
    },
    {
      "type": "Feature",
      "properties": {
        "fid": 587.0,
        "handle": "17955",
        "block": "-1",
        "etype": "25",
        "space": "0",
        "layer": "PLAK",
        "olinetype": "bylayer",
        "linetype": null,
        "color": "255,255,255,255",
        "ocolor": "7",
        "color24": "16777215",
        "transparen": "0",
        "lweight": "-1",
        "linewidth": 0.0,
        "ltscale": 1.0,
        "visible": "1",
        "thickness": 0.0,
        "ext": "(3:-0.003003440932991228,-0.004522054395397211,0.9999852650747446)",
        "height": 3.0,
        "text": "1952",
        "angle": 58.87298,
        "widthscale": 1.0,
        "oblique": 0.0,
        "style": "Standard",
        "textgen": "0",
        "alignh": "0",
        "alignv": "0",
        "interlin": -1.0,
        "lat": 29.79568,
        "lon": 52.45631
      },
      "geometry": {
        "type": "Point",
        "coordinates": [52.456314563690832, 29.795684191598578]
      }
    },
    {
      "type": "Feature",
      "properties": {
        "fid": 588.0,
        "handle": "17956",
        "block": "-1",
        "etype": "25",
        "space": "0",
        "layer": "PLAK",
        "olinetype": "bylayer",
        "linetype": null,
        "color": "255,255,255,255",
        "ocolor": "7",
        "color24": "16777215",
        "transparen": "0",
        "lweight": "-1",
        "linewidth": 0.0,
        "ltscale": 1.0,
        "visible": "1",
        "thickness": 0.0,
        "ext": "(3:-0.003003440932991228,-0.004522054395397211,0.9999852650747446)",
        "height": 3.0,
        "text": "1953",
        "angle": 58.87298,
        "widthscale": 1.0,
        "oblique": 0.0,
        "style": "Standard",
        "textgen": "0",
        "alignh": "0",
        "alignv": "0",
        "interlin": -1.0,
        "lat": 29.79562,
        "lon": 52.45642
      },
      "geometry": {
        "type": "Point",
        "coordinates": [52.456423047444972, 29.795616581638821]
      }
    },
    {
      "type": "Feature",
      "properties": {
        "fid": 589.0,
        "handle": "17957",
        "block": "-1",
        "etype": "25",
        "space": "0",
        "layer": "PLAK",
        "olinetype": "bylayer",
        "linetype": null,
        "color": "255,255,255,255",
        "ocolor": "7",
        "color24": "16777215",
        "transparen": "0",
        "lweight": "-1",
        "linewidth": 0.0,
        "ltscale": 1.0,
        "visible": "1",
        "thickness": 0.0,
        "ext": "(3:-0.003003440932991228,-0.004522054395397211,0.9999852650747446)",
        "height": 3.0,
        "text": "1954",
        "angle": 58.87298,
        "widthscale": 1.0,
        "oblique": 0.0,
        "style": "Standard",
        "textgen": "0",
        "alignh": "0",
        "alignv": "0",
        "interlin": -1.0,
        "lat": 29.79557,
        "lon": 52.45652
      },
      "geometry": {
        "type": "Point",
        "coordinates": [52.456522376657873, 29.795566019953544]
      }
    },
    {
      "type": "Feature",
      "properties": {
        "fid": 590.0,
        "handle": "17958",
        "block": "-1",
        "etype": "25",
        "space": "0",
        "layer": "PLAK",
        "olinetype": "bylayer",
        "linetype": null,
        "color": "255,255,255,255",
        "ocolor": "7",
        "color24": "16777215",
        "transparen": "0",
        "lweight": "-1",
        "linewidth": 0.0,
        "ltscale": 1.0,
        "visible": "1",
        "thickness": 0.0,
        "ext": "(3:-0.003003440932991228,-0.004522054395397211,0.9999852650747446)",
        "height": 3.0,
        "text": "1955",
        "angle": 58.87298,
        "widthscale": 1.0,
        "oblique": 0.0,
        "style": "Standard",
        "textgen": "0",
        "alignh": "0",
        "alignv": "0",
        "interlin": -1.0,
        "lat": 29.7955,
        "lon": 52.45662
      },
      "geometry": {
        "type": "Point",
        "coordinates": [52.456624718468589, 29.795502017279915]
      }
    },
    {
      "type": "Feature",
      "properties": {
        "fid": 591.0,
        "handle": "17959",
        "block": "-1",
        "etype": "25",
        "space": "0",
        "layer": "PLAK",
        "olinetype": "bylayer",
        "linetype": null,
        "color": "255,255,255,255",
        "ocolor": "7",
        "color24": "16777215",
        "transparen": "0",
        "lweight": "-1",
        "linewidth": 0.0,
        "ltscale": 1.0,
        "visible": "1",
        "thickness": 0.0,
        "ext": "(3:-0.003003440932991228,-0.004522054395397211,0.9999852650747446)",
        "height": 3.0,
        "text": "1956",
        "angle": 58.87298,
        "widthscale": 1.0,
        "oblique": 0.0,
        "style": "Standard",
        "textgen": "0",
        "alignh": "0",
        "alignv": "0",
        "interlin": -1.0,
        "lat": 29.79544,
        "lon": 52.45674
      },
      "geometry": {
        "type": "Point",
        "coordinates": [52.456736330706647, 29.795444240593202]
      }
    },
    {
      "type": "Feature",
      "properties": {
        "fid": 592.0,
        "handle": "17960",
        "block": "-1",
        "etype": "25",
        "space": "0",
        "layer": "PLAK",
        "olinetype": "bylayer",
        "linetype": null,
        "color": "255,255,255,255",
        "ocolor": "7",
        "color24": "16777215",
        "transparen": "0",
        "lweight": "-1",
        "linewidth": 0.0,
        "ltscale": 1.0,
        "visible": "1",
        "thickness": 0.0,
        "ext": "(3:-0.003003440932991228,-0.004522054395397211,0.9999852650747446)",
        "height": 3.0,
        "text": "1957",
        "angle": 58.87298,
        "widthscale": 1.0,
        "oblique": 0.0,
        "style": "Standard",
        "textgen": "0",
        "alignh": "0",
        "alignv": "0",
        "interlin": -1.0,
        "lat": 29.79538,
        "lon": 52.45683
      },
      "geometry": {
        "type": "Point",
        "coordinates": [52.456827393224877, 29.795382972272208]
      }
    },
    {
      "type": "Feature",
      "properties": {
        "fid": 593.0,
        "handle": "17961",
        "block": "-1",
        "etype": "25",
        "space": "0",
        "layer": "PLAK",
        "olinetype": "bylayer",
        "linetype": null,
        "color": "255,255,255,255",
        "ocolor": "7",
        "color24": "16777215",
        "transparen": "0",
        "lweight": "-1",
        "linewidth": 0.0,
        "ltscale": 1.0,
        "visible": "1",
        "thickness": 0.0,
        "ext": "(3:-0.003003440932991228,-0.004522054395397211,0.9999852650747446)",
        "height": 3.0,
        "text": "1958",
        "angle": 58.87298,
        "widthscale": 1.0,
        "oblique": 0.0,
        "style": "Standard",
        "textgen": "0",
        "alignh": "0",
        "alignv": "0",
        "interlin": -1.0,
        "lat": 29.7953,
        "lon": 52.45697
      },
      "geometry": {
        "type": "Point",
        "coordinates": [52.456968167925112, 29.795301667695561]
      }
    },
    {
      "type": "Feature",
      "properties": {
        "fid": 594.0,
        "handle": "17962",
        "block": "-1",
        "etype": "25",
        "space": "0",
        "layer": "PLAK",
        "olinetype": "bylayer",
        "linetype": null,
        "color": "255,255,255,255",
        "ocolor": "7",
        "color24": "16777215",
        "transparen": "0",
        "lweight": "-1",
        "linewidth": 0.0,
        "ltscale": 1.0,
        "visible": "1",
        "thickness": 0.0,
        "ext": "(3:-0.003003440932991228,-0.004522054395397211,0.9999852650747446)",
        "height": 3.0,
        "text": "1959",
        "angle": 58.87298,
        "widthscale": 1.0,
        "oblique": 0.0,
        "style": "Standard",
        "textgen": "0",
        "alignh": "0",
        "alignv": "0",
        "interlin": -1.0,
        "lat": 29.79526,
        "lon": 52.45704
      },
      "geometry": {
        "type": "Point",
        "coordinates": [52.457035204903555, 29.795264799855609]
      }
    },
    {
      "type": "Feature",
      "properties": {
        "fid": 595.0,
        "handle": "17963",
        "block": "-1",
        "etype": "25",
        "space": "0",
        "layer": "PLAK",
        "olinetype": "bylayer",
        "linetype": null,
        "color": "255,255,255,255",
        "ocolor": "7",
        "color24": "16777215",
        "transparen": "0",
        "lweight": "-1",
        "linewidth": 0.0,
        "ltscale": 1.0,
        "visible": "1",
        "thickness": 0.0,
        "ext": "(3:-0.003003440932991228,-0.004522054395397211,0.9999852650747446)",
        "height": 3.0,
        "text": "1960",
        "angle": 58.87298,
        "widthscale": 1.0,
        "oblique": 0.0,
        "style": "Standard",
        "textgen": "0",
        "alignh": "0",
        "alignv": "0",
        "interlin": -1.0,
        "lat": 29.79521,
        "lon": 52.45714
      },
      "geometry": {
        "type": "Point",
        "coordinates": [52.457143745879414, 29.795208826574719]
      }
    },
    {
      "type": "Feature",
      "properties": {
        "fid": 596.0,
        "handle": "17964",
        "block": "-1",
        "etype": "25",
        "space": "0",
        "layer": "PLAK",
        "olinetype": "bylayer",
        "linetype": null,
        "color": "255,255,255,255",
        "ocolor": "7",
        "color24": "16777215",
        "transparen": "0",
        "lweight": "-1",
        "linewidth": 0.0,
        "ltscale": 1.0,
        "visible": "1",
        "thickness": 0.0,
        "ext": "(3:-0.003003440932991228,-0.004522054395397211,0.9999852650747446)",
        "height": 3.0,
        "text": "1977",
        "angle": 58.87298,
        "widthscale": 1.0,
        "oblique": 0.0,
        "style": "Standard",
        "textgen": "0",
        "alignh": "0",
        "alignv": "0",
        "interlin": -1.0,
        "lat": 29.79586,
        "lon": 52.45525
      },
      "geometry": {
        "type": "Point",
        "coordinates": [52.455253471624545, 29.79585734899506]
      }
    },
    {
      "type": "Feature",
      "properties": {
        "fid": 597.0,
        "handle": "17965",
        "block": "-1",
        "etype": "25",
        "space": "0",
        "layer": "PLAK",
        "olinetype": "bylayer",
        "linetype": null,
        "color": "255,255,255,255",
        "ocolor": "7",
        "color24": "16777215",
        "transparen": "0",
        "lweight": "-1",
        "linewidth": 0.0,
        "ltscale": 1.0,
        "visible": "1",
        "thickness": 0.0,
        "ext": "(3:-0.003003440932991228,-0.004522054395397211,0.9999852650747446)",
        "height": 3.0,
        "text": "1976",
        "angle": 58.87298,
        "widthscale": 1.0,
        "oblique": 0.0,
        "style": "Standard",
        "textgen": "0",
        "alignh": "0",
        "alignv": "0",
        "interlin": -1.0,
        "lat": 29.79579,
        "lon": 52.45537
      },
      "geometry": {
        "type": "Point",
        "coordinates": [52.455366950084063, 29.795790022085789]
      }
    },
    {
      "type": "Feature",
      "properties": {
        "fid": 598.0,
        "handle": "17966",
        "block": "-1",
        "etype": "25",
        "space": "0",
        "layer": "PLAK",
        "olinetype": "bylayer",
        "linetype": null,
        "color": "255,255,255,255",
        "ocolor": "7",
        "color24": "16777215",
        "transparen": "0",
        "lweight": "-1",
        "linewidth": 0.0,
        "ltscale": 1.0,
        "visible": "1",
        "thickness": 0.0,
        "ext": "(3:-0.003003440932991228,-0.004522054395397211,0.9999852650747446)",
        "height": 3.0,
        "text": "1975",
        "angle": 58.87298,
        "widthscale": 1.0,
        "oblique": 0.0,
        "style": "Standard",
        "textgen": "0",
        "alignh": "0",
        "alignv": "0",
        "interlin": -1.0,
        "lat": 29.79574,
        "lon": 52.45545
      },
      "geometry": {
        "type": "Point",
        "coordinates": [52.455451973826058, 29.795736293612233]
      }
    },
    {
      "type": "Feature",
      "properties": {
        "fid": 599.0,
        "handle": "17967",
        "block": "-1",
        "etype": "25",
        "space": "0",
        "layer": "PLAK",
        "olinetype": "bylayer",
        "linetype": null,
        "color": "255,255,255,255",
        "ocolor": "7",
        "color24": "16777215",
        "transparen": "0",
        "lweight": "-1",
        "linewidth": 0.0,
        "ltscale": 1.0,
        "visible": "1",
        "thickness": 0.0,
        "ext": "(3:-0.003003440932991228,-0.004522054395397211,0.9999852650747446)",
        "height": 3.0,
        "text": "1974",
        "angle": 58.87298,
        "widthscale": 1.0,
        "oblique": 0.0,
        "style": "Standard",
        "textgen": "0",
        "alignh": "0",
        "alignv": "0",
        "interlin": -1.0,
        "lat": 29.79568,
        "lon": 52.45556
      },
      "geometry": {
        "type": "Point",
        "coordinates": [52.45556006823216, 29.79567726847332]
      }
    },
    {
      "type": "Feature",
      "properties": {
        "fid": 600.0,
        "handle": "17968",
        "block": "-1",
        "etype": "25",
        "space": "0",
        "layer": "PLAK",
        "olinetype": "bylayer",
        "linetype": null,
        "color": "255,255,255,255",
        "ocolor": "7",
        "color24": "16777215",
        "transparen": "0",
        "lweight": "-1",
        "linewidth": 0.0,
        "ltscale": 1.0,
        "visible": "1",
        "thickness": 0.0,
        "ext": "(3:-0.003003440932991228,-0.004522054395397211,0.9999852650747446)",
        "height": 3.0,
        "text": "1973",
        "angle": 58.87298,
        "widthscale": 1.0,
        "oblique": 0.0,
        "style": "Standard",
        "textgen": "0",
        "alignh": "0",
        "alignv": "0",
        "interlin": -1.0,
        "lat": 29.79562,
        "lon": 52.45567
      },
      "geometry": {
        "type": "Point",
        "coordinates": [52.455667009992084, 29.795623384810604]
      }
    },
    {
      "type": "Feature",
      "properties": {
        "fid": 601.0,
        "handle": "17969",
        "block": "-1",
        "etype": "25",
        "space": "0",
        "layer": "PLAK",
        "olinetype": "bylayer",
        "linetype": null,
        "color": "255,255,255,255",
        "ocolor": "7",
        "color24": "16777215",
        "transparen": "0",
        "lweight": "-1",
        "linewidth": 0.0,
        "ltscale": 1.0,
        "visible": "1",
        "thickness": 0.0,
        "ext": "(3:-0.003003440932991228,-0.004522054395397211,0.9999852650747446)",
        "height": 3.0,
        "text": "1972",
        "angle": 58.87298,
        "widthscale": 1.0,
        "oblique": 0.0,
        "style": "Standard",
        "textgen": "0",
        "alignh": "0",
        "alignv": "0",
        "interlin": -1.0,
        "lat": 29.79556,
        "lon": 52.45576
      },
      "geometry": {
        "type": "Point",
        "coordinates": [52.455760941268629, 29.795559284313818]
      }
    },
    {
      "type": "Feature",
      "properties": {
        "fid": 602.0,
        "handle": "17970",
        "block": "-1",
        "etype": "25",
        "space": "0",
        "layer": "PLAK",
        "olinetype": "bylayer",
        "linetype": null,
        "color": "255,255,255,255",
        "ocolor": "7",
        "color24": "16777215",
        "transparen": "0",
        "lweight": "-1",
        "linewidth": 0.0,
        "ltscale": 1.0,
        "visible": "1",
        "thickness": 0.0,
        "ext": "(3:-0.003003440932991228,-0.004522054395397211,0.9999852650747446)",
        "height": 3.0,
        "text": "1971",
        "angle": 58.87298,
        "widthscale": 1.0,
        "oblique": 0.0,
        "style": "Standard",
        "textgen": "0",
        "alignh": "0",
        "alignv": "0",
        "interlin": -1.0,
        "lat": 29.79548,
        "lon": 52.45592
      },
      "geometry": {
        "type": "Point",
        "coordinates": [52.455916034171857, 29.795478381454657]
      }
    },
    {
      "type": "Feature",
      "properties": {
        "fid": 603.0,
        "handle": "17971",
        "block": "-1",
        "etype": "25",
        "space": "0",
        "layer": "PLAK",
        "olinetype": "bylayer",
        "linetype": null,
        "color": "255,255,255,255",
        "ocolor": "7",
        "color24": "16777215",
        "transparen": "0",
        "lweight": "-1",
        "linewidth": 0.0,
        "ltscale": 1.0,
        "visible": "1",
        "thickness": 0.0,
        "ext": "(3:-0.003003440932991228,-0.004522054395397211,0.9999852650747446)",
        "height": 3.0,
        "text": "1970",
        "angle": 58.87298,
        "widthscale": 1.0,
        "oblique": 0.0,
        "style": "Standard",
        "textgen": "0",
        "alignh": "0",
        "alignv": "0",
        "interlin": -1.0,
        "lat": 29.79543,
        "lon": 52.456
      },
      "geometry": {
        "type": "Point",
        "coordinates": [52.45599602214412, 29.795431399664658]
      }
    },
    {
      "type": "Feature",
      "properties": {
        "fid": 604.0,
        "handle": "17972",
        "block": "-1",
        "etype": "25",
        "space": "0",
        "layer": "PLAK",
        "olinetype": "bylayer",
        "linetype": null,
        "color": "255,255,255,255",
        "ocolor": "7",
        "color24": "16777215",
        "transparen": "0",
        "lweight": "-1",
        "linewidth": 0.0,
        "ltscale": 1.0,
        "visible": "1",
        "thickness": 0.0,
        "ext": "(3:-0.003003440932991228,-0.004522054395397211,0.9999852650747446)",
        "height": 3.0,
        "text": "1969",
        "angle": 58.87298,
        "widthscale": 1.0,
        "oblique": 0.0,
        "style": "Standard",
        "textgen": "0",
        "alignh": "0",
        "alignv": "0",
        "interlin": -1.0,
        "lat": 29.79538,
        "lon": 52.45607
      },
      "geometry": {
        "type": "Point",
        "coordinates": [52.456071060069931, 29.795377132778189]
      }
    },
    {
      "type": "Feature",
      "properties": {
        "fid": 605.0,
        "handle": "17973",
        "block": "-1",
        "etype": "25",
        "space": "0",
        "layer": "PLAK",
        "olinetype": "bylayer",
        "linetype": null,
        "color": "255,255,255,255",
        "ocolor": "7",
        "color24": "16777215",
        "transparen": "0",
        "lweight": "-1",
        "linewidth": 0.0,
        "ltscale": 1.0,
        "visible": "1",
        "thickness": 0.0,
        "ext": "(3:-0.003003440932991228,-0.004522054395397211,0.9999852650747446)",
        "height": 3.0,
        "text": "1968",
        "angle": 58.87298,
        "widthscale": 1.0,
        "oblique": 0.0,
        "style": "Standard",
        "textgen": "0",
        "alignh": "0",
        "alignv": "0",
        "interlin": -1.0,
        "lat": 29.7953,
        "lon": 52.45623
      },
      "geometry": {
        "type": "Point",
        "coordinates": [52.456225855309164, 29.79530348213456]
      }
    },
    {
      "type": "Feature",
      "properties": {
        "fid": 606.0,
        "handle": "17974",
        "block": "-1",
        "etype": "25",
        "space": "0",
        "layer": "PLAK",
        "olinetype": "bylayer",
        "linetype": null,
        "color": "255,255,255,255",
        "ocolor": "7",
        "color24": "16777215",
        "transparen": "0",
        "lweight": "-1",
        "linewidth": 0.0,
        "ltscale": 1.0,
        "visible": "1",
        "thickness": 0.0,
        "ext": "(3:-0.003003440932991228,-0.004522054395397211,0.9999852650747446)",
        "height": 3.0,
        "text": "1967",
        "angle": 58.87298,
        "widthscale": 1.0,
        "oblique": 0.0,
        "style": "Standard",
        "textgen": "0",
        "alignh": "0",
        "alignv": "0",
        "interlin": -1.0,
        "lat": 29.79526,
        "lon": 52.45632
      },
      "geometry": {
        "type": "Point",
        "coordinates": [52.456317463609018, 29.795255402410689]
      }
    },
    {
      "type": "Feature",
      "properties": {
        "fid": 607.0,
        "handle": "17975",
        "block": "-1",
        "etype": "25",
        "space": "0",
        "layer": "PLAK",
        "olinetype": "bylayer",
        "linetype": null,
        "color": "255,255,255,255",
        "ocolor": "7",
        "color24": "16777215",
        "transparen": "0",
        "lweight": "-1",
        "linewidth": 0.0,
        "ltscale": 1.0,
        "visible": "1",
        "thickness": 0.0,
        "ext": "(3:-0.003003440932991228,-0.004522054395397211,0.9999852650747446)",
        "height": 3.0,
        "text": "1966",
        "angle": 58.87298,
        "widthscale": 1.0,
        "oblique": 0.0,
        "style": "Standard",
        "textgen": "0",
        "alignh": "0",
        "alignv": "0",
        "interlin": -1.0,
        "lat": 29.7952,
        "lon": 52.45639
      },
      "geometry": {
        "type": "Point",
        "coordinates": [52.456389444975045, 29.795199053918545]
      }
    },
    {
      "type": "Feature",
      "properties": {
        "fid": 608.0,
        "handle": "17976",
        "block": "-1",
        "etype": "25",
        "space": "0",
        "layer": "PLAK",
        "olinetype": "bylayer",
        "linetype": null,
        "color": "255,255,255,255",
        "ocolor": "7",
        "color24": "16777215",
        "transparen": "0",
        "lweight": "-1",
        "linewidth": 0.0,
        "ltscale": 1.0,
        "visible": "1",
        "thickness": 0.0,
        "ext": "(3:-0.003003440932991228,-0.004522054395397211,0.9999852650747446)",
        "height": 3.0,
        "text": "1965",
        "angle": 58.87298,
        "widthscale": 1.0,
        "oblique": 0.0,
        "style": "Standard",
        "textgen": "0",
        "alignh": "0",
        "alignv": "0",
        "interlin": -1.0,
        "lat": 29.79514,
        "lon": 52.45649
      },
      "geometry": {
        "type": "Point",
        "coordinates": [52.45649164259904, 29.79513902631448]
      }
    },
    {
      "type": "Feature",
      "properties": {
        "fid": 609.0,
        "handle": "17977",
        "block": "-1",
        "etype": "25",
        "space": "0",
        "layer": "PLAK",
        "olinetype": "bylayer",
        "linetype": null,
        "color": "255,255,255,255",
        "ocolor": "7",
        "color24": "16777215",
        "transparen": "0",
        "lweight": "-1",
        "linewidth": 0.0,
        "ltscale": 1.0,
        "visible": "1",
        "thickness": 0.0,
        "ext": "(3:-0.003003440932991228,-0.004522054395397211,0.9999852650747446)",
        "height": 3.0,
        "text": "1964",
        "angle": 58.87298,
        "widthscale": 1.0,
        "oblique": 0.0,
        "style": "Standard",
        "textgen": "0",
        "alignh": "0",
        "alignv": "0",
        "interlin": -1.0,
        "lat": 29.79508,
        "lon": 52.4566
      },
      "geometry": {
        "type": "Point",
        "coordinates": [52.456596211682616, 29.795082070282376]
      }
    },
    {
      "type": "Feature",
      "properties": {
        "fid": 610.0,
        "handle": "17978",
        "block": "-1",
        "etype": "25",
        "space": "0",
        "layer": "PLAK",
        "olinetype": "bylayer",
        "linetype": null,
        "color": "255,255,255,255",
        "ocolor": "7",
        "color24": "16777215",
        "transparen": "0",
        "lweight": "-1",
        "linewidth": 0.0,
        "ltscale": 1.0,
        "visible": "1",
        "thickness": 0.0,
        "ext": "(3:-0.003003440932991228,-0.004522054395397211,0.9999852650747446)",
        "height": 3.0,
        "text": "1963",
        "angle": 58.87298,
        "widthscale": 1.0,
        "oblique": 0.0,
        "style": "Standard",
        "textgen": "0",
        "alignh": "0",
        "alignv": "0",
        "interlin": -1.0,
        "lat": 29.795,
        "lon": 52.45675
      },
      "geometry": {
        "type": "Point",
        "coordinates": [52.456753895289147, 29.795003520542611]
      }
    },
    {
      "type": "Feature",
      "properties": {
        "fid": 611.0,
        "handle": "17979",
        "block": "-1",
        "etype": "25",
        "space": "0",
        "layer": "PLAK",
        "olinetype": "bylayer",
        "linetype": null,
        "color": "255,255,255,255",
        "ocolor": "7",
        "color24": "16777215",
        "transparen": "0",
        "lweight": "-1",
        "linewidth": 0.0,
        "ltscale": 1.0,
        "visible": "1",
        "thickness": 0.0,
        "ext": "(3:-0.003003440932991228,-0.004522054395397211,0.9999852650747446)",
        "height": 3.0,
        "text": "1962",
        "angle": 58.87298,
        "widthscale": 1.0,
        "oblique": 0.0,
        "style": "Standard",
        "textgen": "0",
        "alignh": "0",
        "alignv": "0",
        "interlin": -1.0,
        "lat": 29.79492,
        "lon": 52.45684
      },
      "geometry": {
        "type": "Point",
        "coordinates": [52.456841679236611, 29.794921960330591]
      }
    },
    {
      "type": "Feature",
      "properties": {
        "fid": 612.0,
        "handle": "17980",
        "block": "-1",
        "etype": "25",
        "space": "0",
        "layer": "PLAK",
        "olinetype": "bylayer",
        "linetype": null,
        "color": "255,255,255,255",
        "ocolor": "7",
        "color24": "16777215",
        "transparen": "0",
        "lweight": "-1",
        "linewidth": 0.0,
        "ltscale": 1.0,
        "visible": "1",
        "thickness": 0.0,
        "ext": "(3:-0.003003440932991228,-0.004522054395397211,0.9999852650747446)",
        "height": 3.0,
        "text": "1961",
        "angle": 58.87298,
        "widthscale": 1.0,
        "oblique": 0.0,
        "style": "Standard",
        "textgen": "0",
        "alignh": "0",
        "alignv": "0",
        "interlin": -1.0,
        "lat": 29.79489,
        "lon": 52.45691
      },
      "geometry": {
        "type": "Point",
        "coordinates": [52.456906260782709, 29.79488656207619]
      }
    },
    {
      "type": "Feature",
      "properties": {
        "fid": 613.0,
        "handle": "17981",
        "block": "-1",
        "etype": "25",
        "space": "0",
        "layer": "PLAK",
        "olinetype": "bylayer",
        "linetype": null,
        "color": "255,255,255,255",
        "ocolor": "7",
        "color24": "16777215",
        "transparen": "0",
        "lweight": "-1",
        "linewidth": 0.0,
        "ltscale": 1.0,
        "visible": "1",
        "thickness": 0.0,
        "ext": "(3:-0.003003440932991228,-0.004522054395397211,0.9999852650747446)",
        "height": 3.0,
        "text": "1978",
        "angle": 58.87298,
        "widthscale": 1.0,
        "oblique": 0.0,
        "style": "Standard",
        "textgen": "0",
        "alignh": "0",
        "alignv": "0",
        "interlin": -1.0,
        "lat": 29.79568,
        "lon": 52.45511
      },
      "geometry": {
        "type": "Point",
        "coordinates": [52.455106523212045, 29.795675782648889]
      }
    },
    {
      "type": "Feature",
      "properties": {
        "fid": 614.0,
        "handle": "17982",
        "block": "-1",
        "etype": "25",
        "space": "0",
        "layer": "PLAK",
        "olinetype": "bylayer",
        "linetype": null,
        "color": "255,255,255,255",
        "ocolor": "7",
        "color24": "16777215",
        "transparen": "0",
        "lweight": "-1",
        "linewidth": 0.0,
        "ltscale": 1.0,
        "visible": "1",
        "thickness": 0.0,
        "ext": "(3:-0.003003440932991228,-0.004522054395397211,0.9999852650747446)",
        "height": 3.0,
        "text": "1979",
        "angle": 58.87298,
        "widthscale": 1.0,
        "oblique": 0.0,
        "style": "Standard",
        "textgen": "0",
        "alignh": "0",
        "alignv": "0",
        "interlin": -1.0,
        "lat": 29.79562,
        "lon": 52.45522
      },
      "geometry": {
        "type": "Point",
        "coordinates": [52.455221644216792, 29.79561709540075]
      }
    },
    {
      "type": "Feature",
      "properties": {
        "fid": 615.0,
        "handle": "17983",
        "block": "-1",
        "etype": "25",
        "space": "0",
        "layer": "PLAK",
        "olinetype": "bylayer",
        "linetype": null,
        "color": "255,255,255,255",
        "ocolor": "7",
        "color24": "16777215",
        "transparen": "0",
        "lweight": "-1",
        "linewidth": 0.0,
        "ltscale": 1.0,
        "visible": "1",
        "thickness": 0.0,
        "ext": "(3:-0.003003440932991228,-0.004522054395397211,0.9999852650747446)",
        "height": 3.0,
        "text": "1980",
        "angle": 58.87298,
        "widthscale": 1.0,
        "oblique": 0.0,
        "style": "Standard",
        "textgen": "0",
        "alignh": "0",
        "alignv": "0",
        "interlin": -1.0,
        "lat": 29.79555,
        "lon": 52.45533
      },
      "geometry": {
        "type": "Point",
        "coordinates": [52.455334415294999, 29.795550858985802]
      }
    },
    {
      "type": "Feature",
      "properties": {
        "fid": 616.0,
        "handle": "17984",
        "block": "-1",
        "etype": "25",
        "space": "0",
        "layer": "PLAK",
        "olinetype": "bylayer",
        "linetype": null,
        "color": "255,255,255,255",
        "ocolor": "7",
        "color24": "16777215",
        "transparen": "0",
        "lweight": "-1",
        "linewidth": 0.0,
        "ltscale": 1.0,
        "visible": "1",
        "thickness": 0.0,
        "ext": "(3:-0.003003440932991228,-0.004522054395397211,0.9999852650747446)",
        "height": 3.0,
        "text": "1981",
        "angle": 58.87298,
        "widthscale": 1.0,
        "oblique": 0.0,
        "style": "Standard",
        "textgen": "0",
        "alignh": "0",
        "alignv": "0",
        "interlin": -1.0,
        "lat": 29.79548,
        "lon": 52.45548
      },
      "geometry": {
        "type": "Point",
        "coordinates": [52.455475132360604, 29.795479750794037]
      }
    },
    {
      "type": "Feature",
      "properties": {
        "fid": 617.0,
        "handle": "17985",
        "block": "-1",
        "etype": "25",
        "space": "0",
        "layer": "PLAK",
        "olinetype": "bylayer",
        "linetype": null,
        "color": "255,255,255,255",
        "ocolor": "7",
        "color24": "16777215",
        "transparen": "0",
        "lweight": "-1",
        "linewidth": 0.0,
        "ltscale": 1.0,
        "visible": "1",
        "thickness": 0.0,
        "ext": "(3:-0.003003440932991228,-0.004522054395397211,0.9999852650747446)",
        "height": 3.0,
        "text": "1982",
        "angle": 58.87298,
        "widthscale": 1.0,
        "oblique": 0.0,
        "style": "Standard",
        "textgen": "0",
        "alignh": "0",
        "alignv": "0",
        "interlin": -1.0,
        "lat": 29.79542,
        "lon": 52.45556
      },
      "geometry": {
        "type": "Point",
        "coordinates": [52.455563321251127, 29.795423487881354]
      }
    },
    {
      "type": "Feature",
      "properties": {
        "fid": 618.0,
        "handle": "17986",
        "block": "-1",
        "etype": "25",
        "space": "0",
        "layer": "PLAK",
        "olinetype": "bylayer",
        "linetype": null,
        "color": "255,255,255,255",
        "ocolor": "7",
        "color24": "16777215",
        "transparen": "0",
        "lweight": "-1",
        "linewidth": 0.0,
        "ltscale": 1.0,
        "visible": "1",
        "thickness": 0.0,
        "ext": "(3:-0.003003440932991228,-0.004522054395397211,0.9999852650747446)",
        "height": 3.0,
        "text": "1983",
        "angle": 58.87298,
        "widthscale": 1.0,
        "oblique": 0.0,
        "style": "Standard",
        "textgen": "0",
        "alignh": "0",
        "alignv": "0",
        "interlin": -1.0,
        "lat": 29.79537,
        "lon": 52.45564
      },
      "geometry": {
        "type": "Point",
        "coordinates": [52.455635115169365, 29.795369776551787]
      }
    },
    {
      "type": "Feature",
      "properties": {
        "fid": 619.0,
        "handle": "17987",
        "block": "-1",
        "etype": "25",
        "space": "0",
        "layer": "PLAK",
        "olinetype": "bylayer",
        "linetype": null,
        "color": "255,255,255,255",
        "ocolor": "7",
        "color24": "16777215",
        "transparen": "0",
        "lweight": "-1",
        "linewidth": 0.0,
        "ltscale": 1.0,
        "visible": "1",
        "thickness": 0.0,
        "ext": "(3:-0.003003440932991228,-0.004522054395397211,0.9999852650747446)",
        "height": 3.0,
        "text": "1984",
        "angle": 58.87298,
        "widthscale": 1.0,
        "oblique": 0.0,
        "style": "Standard",
        "textgen": "0",
        "alignh": "0",
        "alignv": "0",
        "interlin": -1.0,
        "lat": 29.79531,
        "lon": 52.45574
      },
      "geometry": {
        "type": "Point",
        "coordinates": [52.455736160899562, 29.795314891089966]
      }
    },
    {
      "type": "Feature",
      "properties": {
        "fid": 620.0,
        "handle": "17988",
        "block": "-1",
        "etype": "25",
        "space": "0",
        "layer": "PLAK",
        "olinetype": "bylayer",
        "linetype": null,
        "color": "255,255,255,255",
        "ocolor": "7",
        "color24": "16777215",
        "transparen": "0",
        "lweight": "-1",
        "linewidth": 0.0,
        "ltscale": 1.0,
        "visible": "1",
        "thickness": 0.0,
        "ext": "(3:-0.003003440932991228,-0.004522054395397211,0.9999852650747446)",
        "height": 3.0,
        "text": "1985",
        "angle": 58.87298,
        "widthscale": 1.0,
        "oblique": 0.0,
        "style": "Standard",
        "textgen": "0",
        "alignh": "0",
        "alignv": "0",
        "interlin": -1.0,
        "lat": 29.79524,
        "lon": 52.45586
      },
      "geometry": {
        "type": "Point",
        "coordinates": [52.455864125861389, 29.795241667836699]
      }
    },
    {
      "type": "Feature",
      "properties": {
        "fid": 621.0,
        "handle": "17989",
        "block": "-1",
        "etype": "25",
        "space": "0",
        "layer": "PLAK",
        "olinetype": "bylayer",
        "linetype": null,
        "color": "255,255,255,255",
        "ocolor": "7",
        "color24": "16777215",
        "transparen": "0",
        "lweight": "-1",
        "linewidth": 0.0,
        "ltscale": 1.0,
        "visible": "1",
        "thickness": 0.0,
        "ext": "(3:-0.003003440932991228,-0.004522054395397211,0.9999852650747446)",
        "height": 3.0,
        "text": "1986",
        "angle": 58.87298,
        "widthscale": 1.0,
        "oblique": 0.0,
        "style": "Standard",
        "textgen": "0",
        "alignh": "0",
        "alignv": "0",
        "interlin": -1.0,
        "lat": 29.79518,
        "lon": 52.45597
      },
      "geometry": {
        "type": "Point",
        "coordinates": [52.455972752380752, 29.795182329383195]
      }
    },
    {
      "type": "Feature",
      "properties": {
        "fid": 622.0,
        "handle": "17990",
        "block": "-1",
        "etype": "25",
        "space": "0",
        "layer": "PLAK",
        "olinetype": "bylayer",
        "linetype": null,
        "color": "255,255,255,255",
        "ocolor": "7",
        "color24": "16777215",
        "transparen": "0",
        "lweight": "-1",
        "linewidth": 0.0,
        "ltscale": 1.0,
        "visible": "1",
        "thickness": 0.0,
        "ext": "(3:-0.003003440932991228,-0.004522054395397211,0.9999852650747446)",
        "height": 3.0,
        "text": "1987",
        "angle": 58.87298,
        "widthscale": 1.0,
        "oblique": 0.0,
        "style": "Standard",
        "textgen": "0",
        "alignh": "0",
        "alignv": "0",
        "interlin": -1.0,
        "lat": 29.79511,
        "lon": 52.45609
      },
      "geometry": {
        "type": "Point",
        "coordinates": [52.456087414672545, 29.79511177949394]
      }
    },
    {
      "type": "Feature",
      "properties": {
        "fid": 623.0,
        "handle": "17991",
        "block": "-1",
        "etype": "25",
        "space": "0",
        "layer": "PLAK",
        "olinetype": "bylayer",
        "linetype": null,
        "color": "255,255,255,255",
        "ocolor": "7",
        "color24": "16777215",
        "transparen": "0",
        "lweight": "-1",
        "linewidth": 0.0,
        "ltscale": 1.0,
        "visible": "1",
        "thickness": 0.0,
        "ext": "(3:-0.003003440932991228,-0.004522054395397211,0.9999852650747446)",
        "height": 3.0,
        "text": "1988",
        "angle": 58.87298,
        "widthscale": 1.0,
        "oblique": 0.0,
        "style": "Standard",
        "textgen": "0",
        "alignh": "0",
        "alignv": "0",
        "interlin": -1.0,
        "lat": 29.79507,
        "lon": 52.45615
      },
      "geometry": {
        "type": "Point",
        "coordinates": [52.456146105247782, 29.795069640613207]
      }
    },
    {
      "type": "Feature",
      "properties": {
        "fid": 624.0,
        "handle": "17992",
        "block": "-1",
        "etype": "25",
        "space": "0",
        "layer": "PLAK",
        "olinetype": "bylayer",
        "linetype": null,
        "color": "255,255,255,255",
        "ocolor": "7",
        "color24": "16777215",
        "transparen": "0",
        "lweight": "-1",
        "linewidth": 0.0,
        "ltscale": 1.0,
        "visible": "1",
        "thickness": 0.0,
        "ext": "(3:-0.003003440932991228,-0.004522054395397211,0.9999852650747446)",
        "height": 3.0,
        "text": "1989",
        "angle": 58.87298,
        "widthscale": 1.0,
        "oblique": 0.0,
        "style": "Standard",
        "textgen": "0",
        "alignh": "0",
        "alignv": "0",
        "interlin": -1.0,
        "lat": 29.79499,
        "lon": 52.45629
      },
      "geometry": {
        "type": "Point",
        "coordinates": [52.456288734862682, 29.794985864795905]
      }
    },
    {
      "type": "Feature",
      "properties": {
        "fid": 625.0,
        "handle": "17993",
        "block": "-1",
        "etype": "25",
        "space": "0",
        "layer": "PLAK",
        "olinetype": "bylayer",
        "linetype": null,
        "color": "255,255,255,255",
        "ocolor": "7",
        "color24": "16777215",
        "transparen": "0",
        "lweight": "-1",
        "linewidth": 0.0,
        "ltscale": 1.0,
        "visible": "1",
        "thickness": 0.0,
        "ext": "(3:-0.003003440932991228,-0.004522054395397211,0.9999852650747446)",
        "height": 3.0,
        "text": "1990",
        "angle": 58.87298,
        "widthscale": 1.0,
        "oblique": 0.0,
        "style": "Standard",
        "textgen": "0",
        "alignh": "0",
        "alignv": "0",
        "interlin": -1.0,
        "lat": 29.79494,
        "lon": 52.4564
      },
      "geometry": {
        "type": "Point",
        "coordinates": [52.45639634284445, 29.794936728355303]
      }
    },
    {
      "type": "Feature",
      "properties": {
        "fid": 626.0,
        "handle": "17994",
        "block": "-1",
        "etype": "25",
        "space": "0",
        "layer": "PLAK",
        "olinetype": "bylayer",
        "linetype": null,
        "color": "255,255,255,255",
        "ocolor": "7",
        "color24": "16777215",
        "transparen": "0",
        "lweight": "-1",
        "linewidth": 0.0,
        "ltscale": 1.0,
        "visible": "1",
        "thickness": 0.0,
        "ext": "(3:-0.003003440932991228,-0.004522054395397211,0.9999852650747446)",
        "height": 3.0,
        "text": "1991",
        "angle": 58.87298,
        "widthscale": 1.0,
        "oblique": 0.0,
        "style": "Standard",
        "textgen": "0",
        "alignh": "0",
        "alignv": "0",
        "interlin": -1.0,
        "lat": 29.79487,
        "lon": 52.45649
      },
      "geometry": {
        "type": "Point",
        "coordinates": [52.456493815902178, 29.79487433589949]
      }
    },
    {
      "type": "Feature",
      "properties": {
        "fid": 627.0,
        "handle": "17995",
        "block": "-1",
        "etype": "25",
        "space": "0",
        "layer": "PLAK",
        "olinetype": "bylayer",
        "linetype": null,
        "color": "255,255,255,255",
        "ocolor": "7",
        "color24": "16777215",
        "transparen": "0",
        "lweight": "-1",
        "linewidth": 0.0,
        "ltscale": 1.0,
        "visible": "1",
        "thickness": 0.0,
        "ext": "(3:-0.003003440932991228,-0.004522054395397211,0.9999852650747446)",
        "height": 3.0,
        "text": "1992",
        "angle": 58.87298,
        "widthscale": 1.0,
        "oblique": 0.0,
        "style": "Standard",
        "textgen": "0",
        "alignh": "0",
        "alignv": "0",
        "interlin": -1.0,
        "lat": 29.79481,
        "lon": 52.4566
      },
      "geometry": {
        "type": "Point",
        "coordinates": [52.456603455984592, 29.794808673317888]
      }
    },
    {
      "type": "Feature",
      "properties": {
        "fid": 628.0,
        "handle": "17996",
        "block": "-1",
        "etype": "25",
        "space": "0",
        "layer": "PLAK",
        "olinetype": "bylayer",
        "linetype": null,
        "color": "255,255,255,255",
        "ocolor": "7",
        "color24": "16777215",
        "transparen": "0",
        "lweight": "-1",
        "linewidth": 0.0,
        "ltscale": 1.0,
        "visible": "1",
        "thickness": 0.0,
        "ext": "(3:-0.003003440932991228,-0.004522054395397211,0.9999852650747446)",
        "height": 3.0,
        "text": "1993",
        "angle": 58.87298,
        "widthscale": 1.0,
        "oblique": 0.0,
        "style": "Standard",
        "textgen": "0",
        "alignh": "0",
        "alignv": "0",
        "interlin": -1.0,
        "lat": 29.79477,
        "lon": 52.45667
      },
      "geometry": {
        "type": "Point",
        "coordinates": [52.456668883482507, 29.794771506221199]
      }
    },
    {
      "type": "Feature",
      "properties": {
        "fid": 629.0,
        "handle": "17997",
        "block": "-1",
        "etype": "25",
        "space": "0",
        "layer": "PLAK",
        "olinetype": "bylayer",
        "linetype": null,
        "color": "255,255,255,255",
        "ocolor": "7",
        "color24": "16777215",
        "transparen": "0",
        "lweight": "-1",
        "linewidth": 0.0,
        "ltscale": 1.0,
        "visible": "1",
        "thickness": 0.0,
        "ext": "(3:-0.003003440932991228,-0.004522054395397211,0.9999852650747446)",
        "height": 3.0,
        "text": "1994",
        "angle": 58.87298,
        "widthscale": 1.0,
        "oblique": 0.0,
        "style": "Standard",
        "textgen": "0",
        "alignh": "0",
        "alignv": "0",
        "interlin": -1.0,
        "lat": 29.79471,
        "lon": 52.45677
      },
      "geometry": {
        "type": "Point",
        "coordinates": [52.456774604566583, 29.794709408476212]
      }
    },
    {
      "type": "Feature",
      "properties": {
        "fid": 630.0,
        "handle": "17998",
        "block": "-1",
        "etype": "25",
        "space": "0",
        "layer": "PLAK",
        "olinetype": "bylayer",
        "linetype": null,
        "color": "255,255,255,255",
        "ocolor": "7",
        "color24": "16777215",
        "transparen": "0",
        "lweight": "-1",
        "linewidth": 0.0,
        "ltscale": 1.0,
        "visible": "1",
        "thickness": 0.0,
        "ext": "(3:-0.003003440932991228,-0.004522054395397211,0.9999852650747446)",
        "height": 3.0,
        "text": "2011",
        "angle": 58.87298,
        "widthscale": 1.0,
        "oblique": 0.0,
        "style": "Standard",
        "textgen": "0",
        "alignh": "0",
        "alignv": "0",
        "interlin": -1.0,
        "lat": 29.79525,
        "lon": 52.45482
      },
      "geometry": {
        "type": "Point",
        "coordinates": [52.454824496676871, 29.795245346518424]
      }
    },
    {
      "type": "Feature",
      "properties": {
        "fid": 631.0,
        "handle": "17999",
        "block": "-1",
        "etype": "25",
        "space": "0",
        "layer": "PLAK",
        "olinetype": "bylayer",
        "linetype": null,
        "color": "255,255,255,255",
        "ocolor": "7",
        "color24": "16777215",
        "transparen": "0",
        "lweight": "-1",
        "linewidth": 0.0,
        "ltscale": 1.0,
        "visible": "1",
        "thickness": 0.0,
        "ext": "(3:-0.003003440932991228,-0.004522054395397211,0.9999852650747446)",
        "height": 3.0,
        "text": "2010",
        "angle": 58.87298,
        "widthscale": 1.0,
        "oblique": 0.0,
        "style": "Standard",
        "textgen": "0",
        "alignh": "0",
        "alignv": "0",
        "interlin": -1.0,
        "lat": 29.79518,
        "lon": 52.45493
      },
      "geometry": {
        "type": "Point",
        "coordinates": [52.454925138530726, 29.795181304045432]
      }
    },
    {
      "type": "Feature",
      "properties": {
        "fid": 632.0,
        "handle": "18000",
        "block": "-1",
        "etype": "25",
        "space": "0",
        "layer": "PLAK",
        "olinetype": "bylayer",
        "linetype": null,
        "color": "255,255,255,255",
        "ocolor": "7",
        "color24": "16777215",
        "transparen": "0",
        "lweight": "-1",
        "linewidth": 0.0,
        "ltscale": 1.0,
        "visible": "1",
        "thickness": 0.0,
        "ext": "(3:-0.003003440932991228,-0.004522054395397211,0.9999852650747446)",
        "height": 3.0,
        "text": "2009",
        "angle": 58.87298,
        "widthscale": 1.0,
        "oblique": 0.0,
        "style": "Standard",
        "textgen": "0",
        "alignh": "0",
        "alignv": "0",
        "interlin": -1.0,
        "lat": 29.79512,
        "lon": 52.45503
      },
      "geometry": {
        "type": "Point",
        "coordinates": [52.455029497367896, 29.795116925819428]
      }
    },
    {
      "type": "Feature",
      "properties": {
        "fid": 633.0,
        "handle": "18001",
        "block": "-1",
        "etype": "25",
        "space": "0",
        "layer": "PLAK",
        "olinetype": "bylayer",
        "linetype": null,
        "color": "255,255,255,255",
        "ocolor": "7",
        "color24": "16777215",
        "transparen": "0",
        "lweight": "-1",
        "linewidth": 0.0,
        "ltscale": 1.0,
        "visible": "1",
        "thickness": 0.0,
        "ext": "(3:-0.003003440932991228,-0.004522054395397211,0.9999852650747446)",
        "height": 3.0,
        "text": "2008",
        "angle": 58.87298,
        "widthscale": 1.0,
        "oblique": 0.0,
        "style": "Standard",
        "textgen": "0",
        "alignh": "0",
        "alignv": "0",
        "interlin": -1.0,
        "lat": 29.79506,
        "lon": 52.45514
      },
      "geometry": {
        "type": "Point",
        "coordinates": [52.45513676259894, 29.795064120698331]
      }
    },
    {
      "type": "Feature",
      "properties": {
        "fid": 634.0,
        "handle": "18002",
        "block": "-1",
        "etype": "25",
        "space": "0",
        "layer": "PLAK",
        "olinetype": "bylayer",
        "linetype": null,
        "color": "255,255,255,255",
        "ocolor": "7",
        "color24": "16777215",
        "transparen": "0",
        "lweight": "-1",
        "linewidth": 0.0,
        "ltscale": 1.0,
        "visible": "1",
        "thickness": 0.0,
        "ext": "(3:-0.003003440932991228,-0.004522054395397211,0.9999852650747446)",
        "height": 3.0,
        "text": "2007",
        "angle": 58.87298,
        "widthscale": 1.0,
        "oblique": 0.0,
        "style": "Standard",
        "textgen": "0",
        "alignh": "0",
        "alignv": "0",
        "interlin": -1.0,
        "lat": 29.79501,
        "lon": 52.4552
      },
      "geometry": {
        "type": "Point",
        "coordinates": [52.455201277241166, 29.79501418266581]
      }
    },
    {
      "type": "Feature",
      "properties": {
        "fid": 635.0,
        "handle": "18003",
        "block": "-1",
        "etype": "25",
        "space": "0",
        "layer": "PLAK",
        "olinetype": "bylayer",
        "linetype": null,
        "color": "255,255,255,255",
        "ocolor": "7",
        "color24": "16777215",
        "transparen": "0",
        "lweight": "-1",
        "linewidth": 0.0,
        "ltscale": 1.0,
        "visible": "1",
        "thickness": 0.0,
        "ext": "(3:-0.003003440932991228,-0.004522054395397211,0.9999852650747446)",
        "height": 3.0,
        "text": "2006",
        "angle": 58.87298,
        "widthscale": 1.0,
        "oblique": 0.0,
        "style": "Standard",
        "textgen": "0",
        "alignh": "0",
        "alignv": "0",
        "interlin": -1.0,
        "lat": 29.79493,
        "lon": 52.45534
      },
      "geometry": {
        "type": "Point",
        "coordinates": [52.455339080211985, 29.794928522634049]
      }
    },
    {
      "type": "Feature",
      "properties": {
        "fid": 636.0,
        "handle": "18004",
        "block": "-1",
        "etype": "25",
        "space": "0",
        "layer": "PLAK",
        "olinetype": "bylayer",
        "linetype": null,
        "color": "255,255,255,255",
        "ocolor": "7",
        "color24": "16777215",
        "transparen": "0",
        "lweight": "-1",
        "linewidth": 0.0,
        "ltscale": 1.0,
        "visible": "1",
        "thickness": 0.0,
        "ext": "(3:-0.003003440932991228,-0.004522054395397211,0.9999852650747446)",
        "height": 3.0,
        "text": "2005",
        "angle": 58.87298,
        "widthscale": 1.0,
        "oblique": 0.0,
        "style": "Standard",
        "textgen": "0",
        "alignh": "0",
        "alignv": "0",
        "interlin": -1.0,
        "lat": 29.79488,
        "lon": 52.45544
      },
      "geometry": {
        "type": "Point",
        "coordinates": [52.455444536307112, 29.794882970500801]
      }
    },
    {
      "type": "Feature",
      "properties": {
        "fid": 637.0,
        "handle": "18005",
        "block": "-1",
        "etype": "25",
        "space": "0",
        "layer": "PLAK",
        "olinetype": "bylayer",
        "linetype": null,
        "color": "255,255,255,255",
        "ocolor": "7",
        "color24": "16777215",
        "transparen": "0",
        "lweight": "-1",
        "linewidth": 0.0,
        "ltscale": 1.0,
        "visible": "1",
        "thickness": 0.0,
        "ext": "(3:-0.003003440932991228,-0.004522054395397211,0.9999852650747446)",
        "height": 3.0,
        "text": "2004",
        "angle": 58.87298,
        "widthscale": 1.0,
        "oblique": 0.0,
        "style": "Standard",
        "textgen": "0",
        "alignh": "0",
        "alignv": "0",
        "interlin": -1.0,
        "lat": 29.79482,
        "lon": 52.45554
      },
      "geometry": {
        "type": "Point",
        "coordinates": [52.45554106409211, 29.794816958132852]
      }
    },
    {
      "type": "Feature",
      "properties": {
        "fid": 638.0,
        "handle": "18006",
        "block": "-1",
        "etype": "25",
        "space": "0",
        "layer": "PLAK",
        "olinetype": "bylayer",
        "linetype": null,
        "color": "255,255,255,255",
        "ocolor": "7",
        "color24": "16777215",
        "transparen": "0",
        "lweight": "-1",
        "linewidth": 0.0,
        "ltscale": 1.0,
        "visible": "1",
        "thickness": 0.0,
        "ext": "(3:-0.003003440932991228,-0.004522054395397211,0.9999852650747446)",
        "height": 3.0,
        "text": "2003",
        "angle": 58.87298,
        "widthscale": 1.0,
        "oblique": 0.0,
        "style": "Standard",
        "textgen": "0",
        "alignh": "0",
        "alignv": "0",
        "interlin": -1.0,
        "lat": 29.79477,
        "lon": 52.45561
      },
      "geometry": {
        "type": "Point",
        "coordinates": [52.455613705290844, 29.794772505757116]
      }
    },
    {
      "type": "Feature",
      "properties": {
        "fid": 639.0,
        "handle": "18007",
        "block": "-1",
        "etype": "25",
        "space": "0",
        "layer": "PLAK",
        "olinetype": "bylayer",
        "linetype": null,
        "color": "255,255,255,255",
        "ocolor": "7",
        "color24": "16777215",
        "transparen": "0",
        "lweight": "-1",
        "linewidth": 0.0,
        "ltscale": 1.0,
        "visible": "1",
        "thickness": 0.0,
        "ext": "(3:-0.003003440932991228,-0.004522054395397211,0.9999852650747446)",
        "height": 3.0,
        "text": "2002",
        "angle": 58.87298,
        "widthscale": 1.0,
        "oblique": 0.0,
        "style": "Standard",
        "textgen": "0",
        "alignh": "0",
        "alignv": "0",
        "interlin": -1.0,
        "lat": 29.79471,
        "lon": 52.45572
      },
      "geometry": {
        "type": "Point",
        "coordinates": [52.455715380523742, 29.794714886018038]
      }
    },
    {
      "type": "Feature",
      "properties": {
        "fid": 640.0,
        "handle": "18008",
        "block": "-1",
        "etype": "25",
        "space": "0",
        "layer": "PLAK",
        "olinetype": "bylayer",
        "linetype": null,
        "color": "255,255,255,255",
        "ocolor": "7",
        "color24": "16777215",
        "transparen": "0",
        "lweight": "-1",
        "linewidth": 0.0,
        "ltscale": 1.0,
        "visible": "1",
        "thickness": 0.0,
        "ext": "(3:-0.003003440932991228,-0.004522054395397211,0.9999852650747446)",
        "height": 3.0,
        "text": "2001",
        "angle": 58.87298,
        "widthscale": 1.0,
        "oblique": 0.0,
        "style": "Standard",
        "textgen": "0",
        "alignh": "0",
        "alignv": "0",
        "interlin": -1.0,
        "lat": 29.79464,
        "lon": 52.45585
      },
      "geometry": {
        "type": "Point",
        "coordinates": [52.455847737220211, 29.794638462043235]
      }
    },
    {
      "type": "Feature",
      "properties": {
        "fid": 641.0,
        "handle": "18009",
        "block": "-1",
        "etype": "25",
        "space": "0",
        "layer": "PLAK",
        "olinetype": "bylayer",
        "linetype": null,
        "color": "255,255,255,255",
        "ocolor": "7",
        "color24": "16777215",
        "transparen": "0",
        "lweight": "-1",
        "linewidth": 0.0,
        "ltscale": 1.0,
        "visible": "1",
        "thickness": 0.0,
        "ext": "(3:-0.003003440932991228,-0.004522054395397211,0.9999852650747446)",
        "height": 3.0,
        "text": "2000",
        "angle": 58.87298,
        "widthscale": 1.0,
        "oblique": 0.0,
        "style": "Standard",
        "textgen": "0",
        "alignh": "0",
        "alignv": "0",
        "interlin": -1.0,
        "lat": 29.7946,
        "lon": 52.45593
      },
      "geometry": {
        "type": "Point",
        "coordinates": [52.455925907860085, 29.79459597164352]
      }
    },
    {
      "type": "Feature",
      "properties": {
        "fid": 642.0,
        "handle": "18010",
        "block": "-1",
        "etype": "25",
        "space": "0",
        "layer": "PLAK",
        "olinetype": "bylayer",
        "linetype": null,
        "color": "255,255,255,255",
        "ocolor": "7",
        "color24": "16777215",
        "transparen": "0",
        "lweight": "-1",
        "linewidth": 0.0,
        "ltscale": 1.0,
        "visible": "1",
        "thickness": 0.0,
        "ext": "(3:-0.003003440932991228,-0.004522054395397211,0.9999852650747446)",
        "height": 3.0,
        "text": "1999",
        "angle": 58.87298,
        "widthscale": 1.0,
        "oblique": 0.0,
        "style": "Standard",
        "textgen": "0",
        "alignh": "0",
        "alignv": "0",
        "interlin": -1.0,
        "lat": 29.79454,
        "lon": 52.45604
      },
      "geometry": {
        "type": "Point",
        "coordinates": [52.456036070514855, 29.794535252933009]
      }
    },
    {
      "type": "Feature",
      "properties": {
        "fid": 643.0,
        "handle": "18011",
        "block": "-1",
        "etype": "25",
        "space": "0",
        "layer": "PLAK",
        "olinetype": "bylayer",
        "linetype": null,
        "color": "255,255,255,255",
        "ocolor": "7",
        "color24": "16777215",
        "transparen": "0",
        "lweight": "-1",
        "linewidth": 0.0,
        "ltscale": 1.0,
        "visible": "1",
        "thickness": 0.0,
        "ext": "(3:-0.003003440932991228,-0.004522054395397211,0.9999852650747446)",
        "height": 3.0,
        "text": "1998",
        "angle": 58.87298,
        "widthscale": 1.0,
        "oblique": 0.0,
        "style": "Standard",
        "textgen": "0",
        "alignh": "0",
        "alignv": "0",
        "interlin": -1.0,
        "lat": 29.79447,
        "lon": 52.45613
      },
      "geometry": {
        "type": "Point",
        "coordinates": [52.456133268708541, 29.794473797418377]
      }
    },
    {
      "type": "Feature",
      "properties": {
        "fid": 644.0,
        "handle": "18012",
        "block": "-1",
        "etype": "25",
        "space": "0",
        "layer": "PLAK",
        "olinetype": "bylayer",
        "linetype": null,
        "color": "255,255,255,255",
        "ocolor": "7",
        "color24": "16777215",
        "transparen": "0",
        "lweight": "-1",
        "linewidth": 0.0,
        "ltscale": 1.0,
        "visible": "1",
        "thickness": 0.0,
        "ext": "(3:-0.003003440932991228,-0.004522054395397211,0.9999852650747446)",
        "height": 3.0,
        "text": "1997",
        "angle": 58.87298,
        "widthscale": 1.0,
        "oblique": 0.0,
        "style": "Standard",
        "textgen": "0",
        "alignh": "0",
        "alignv": "0",
        "interlin": -1.0,
        "lat": 29.79442,
        "lon": 52.45624
      },
      "geometry": {
        "type": "Point",
        "coordinates": [52.456239490669908, 29.794415581689496]
      }
    },
    {
      "type": "Feature",
      "properties": {
        "fid": 645.0,
        "handle": "18013",
        "block": "-1",
        "etype": "25",
        "space": "0",
        "layer": "PLAK",
        "olinetype": "bylayer",
        "linetype": null,
        "color": "255,255,255,255",
        "ocolor": "7",
        "color24": "16777215",
        "transparen": "0",
        "lweight": "-1",
        "linewidth": 0.0,
        "ltscale": 1.0,
        "visible": "1",
        "thickness": 0.0,
        "ext": "(3:-0.003003440932991228,-0.004522054395397211,0.9999852650747446)",
        "height": 3.0,
        "text": "1996",
        "angle": 58.87298,
        "widthscale": 1.0,
        "oblique": 0.0,
        "style": "Standard",
        "textgen": "0",
        "alignh": "0",
        "alignv": "0",
        "interlin": -1.0,
        "lat": 29.79434,
        "lon": 52.45637
      },
      "geometry": {
        "type": "Point",
        "coordinates": [52.456369951236773, 29.794342080524441]
      }
    },
    {
      "type": "Feature",
      "properties": {
        "fid": 646.0,
        "handle": "18014",
        "block": "-1",
        "etype": "25",
        "space": "0",
        "layer": "PLAK",
        "olinetype": "bylayer",
        "linetype": null,
        "color": "255,255,255,255",
        "ocolor": "7",
        "color24": "16777215",
        "transparen": "0",
        "lweight": "-1",
        "linewidth": 0.0,
        "ltscale": 1.0,
        "visible": "1",
        "thickness": 0.0,
        "ext": "(3:-0.003003440932991228,-0.004522054395397211,0.9999852650747446)",
        "height": 3.0,
        "text": "1995",
        "angle": 58.87298,
        "widthscale": 1.0,
        "oblique": 0.0,
        "style": "Standard",
        "textgen": "0",
        "alignh": "0",
        "alignv": "0",
        "interlin": -1.0,
        "lat": 29.79429,
        "lon": 52.45648
      },
      "geometry": {
        "type": "Point",
        "coordinates": [52.456484465914954, 29.794287030359509]
      }
    },
    {
      "type": "Feature",
      "properties": {
        "fid": 647.0,
        "handle": "18015",
        "block": "-1",
        "etype": "25",
        "space": "0",
        "layer": "PLAK",
        "olinetype": "bylayer",
        "linetype": null,
        "color": "255,255,255,255",
        "ocolor": "7",
        "color24": "16777215",
        "transparen": "0",
        "lweight": "-1",
        "linewidth": 0.0,
        "ltscale": 1.0,
        "visible": "1",
        "thickness": 0.0,
        "ext": "(3:-0.003003440932991228,-0.004522054395397211,0.9999852650747446)",
        "height": 3.0,
        "text": "2012",
        "angle": 58.87298,
        "widthscale": 1.0,
        "oblique": 0.0,
        "style": "Standard",
        "textgen": "0",
        "alignh": "0",
        "alignv": "0",
        "interlin": -1.0,
        "lat": 29.79507,
        "lon": 52.45465
      },
      "geometry": {
        "type": "Point",
        "coordinates": [52.454646949186262, 29.795072067535301]
      }
    },
    {
      "type": "Feature",
      "properties": {
        "fid": 648.0,
        "handle": "18016",
        "block": "-1",
        "etype": "25",
        "space": "0",
        "layer": "PLAK",
        "olinetype": "bylayer",
        "linetype": null,
        "color": "255,255,255,255",
        "ocolor": "7",
        "color24": "16777215",
        "transparen": "0",
        "lweight": "-1",
        "linewidth": 0.0,
        "ltscale": 1.0,
        "visible": "1",
        "thickness": 0.0,
        "ext": "(3:-0.003003440932991228,-0.004522054395397211,0.9999852650747446)",
        "height": 3.0,
        "text": "2013",
        "angle": 58.87298,
        "widthscale": 1.0,
        "oblique": 0.0,
        "style": "Standard",
        "textgen": "0",
        "alignh": "0",
        "alignv": "0",
        "interlin": -1.0,
        "lat": 29.79501,
        "lon": 52.45475
      },
      "geometry": {
        "type": "Point",
        "coordinates": [52.454751729158708, 29.795005217332676]
      }
    },
    {
      "type": "Feature",
      "properties": {
        "fid": 649.0,
        "handle": "18017",
        "block": "-1",
        "etype": "25",
        "space": "0",
        "layer": "PLAK",
        "olinetype": "bylayer",
        "linetype": null,
        "color": "255,255,255,255",
        "ocolor": "7",
        "color24": "16777215",
        "transparen": "0",
        "lweight": "-1",
        "linewidth": 0.0,
        "ltscale": 1.0,
        "visible": "1",
        "thickness": 0.0,
        "ext": "(3:-0.003003440932991228,-0.004522054395397211,0.9999852650747446)",
        "height": 3.0,
        "text": "2014",
        "angle": 58.87298,
        "widthscale": 1.0,
        "oblique": 0.0,
        "style": "Standard",
        "textgen": "0",
        "alignh": "0",
        "alignv": "0",
        "interlin": -1.0,
        "lat": 29.79494,
        "lon": 52.45488
      },
      "geometry": {
        "type": "Point",
        "coordinates": [52.454876510054049, 29.794935470520002]
      }
    },
    {
      "type": "Feature",
      "properties": {
        "fid": 650.0,
        "handle": "18018",
        "block": "-1",
        "etype": "25",
        "space": "0",
        "layer": "PLAK",
        "olinetype": "bylayer",
        "linetype": null,
        "color": "255,255,255,255",
        "ocolor": "7",
        "color24": "16777215",
        "transparen": "0",
        "lweight": "-1",
        "linewidth": 0.0,
        "ltscale": 1.0,
        "visible": "1",
        "thickness": 0.0,
        "ext": "(3:-0.003003440932991228,-0.004522054395397211,0.9999852650747446)",
        "height": 3.0,
        "text": "2015",
        "angle": 58.87298,
        "widthscale": 1.0,
        "oblique": 0.0,
        "style": "Standard",
        "textgen": "0",
        "alignh": "0",
        "alignv": "0",
        "interlin": -1.0,
        "lat": 29.79488,
        "lon": 52.45499
      },
      "geometry": {
        "type": "Point",
        "coordinates": [52.454991027586523, 29.794876731111906]
      }
    },
    {
      "type": "Feature",
      "properties": {
        "fid": 651.0,
        "handle": "18019",
        "block": "-1",
        "etype": "25",
        "space": "0",
        "layer": "PLAK",
        "olinetype": "bylayer",
        "linetype": null,
        "color": "255,255,255,255",
        "ocolor": "7",
        "color24": "16777215",
        "transparen": "0",
        "lweight": "-1",
        "linewidth": 0.0,
        "ltscale": 1.0,
        "visible": "1",
        "thickness": 0.0,
        "ext": "(3:-0.003003440932991228,-0.004522054395397211,0.9999852650747446)",
        "height": 3.0,
        "text": "2016",
        "angle": 58.87298,
        "widthscale": 1.0,
        "oblique": 0.0,
        "style": "Standard",
        "textgen": "0",
        "alignh": "0",
        "alignv": "0",
        "interlin": -1.0,
        "lat": 29.79484,
        "lon": 52.45507
      },
      "geometry": {
        "type": "Point",
        "coordinates": [52.455065028242544, 29.79483714867818]
      }
    },
    {
      "type": "Feature",
      "properties": {
        "fid": 652.0,
        "handle": "18020",
        "block": "-1",
        "etype": "25",
        "space": "0",
        "layer": "PLAK",
        "olinetype": "bylayer",
        "linetype": null,
        "color": "255,255,255,255",
        "ocolor": "7",
        "color24": "16777215",
        "transparen": "0",
        "lweight": "-1",
        "linewidth": 0.0,
        "ltscale": 1.0,
        "visible": "1",
        "thickness": 0.0,
        "ext": "(3:-0.003003440932991228,-0.004522054395397211,0.9999852650747446)",
        "height": 3.0,
        "text": "2017",
        "angle": 58.87298,
        "widthscale": 1.0,
        "oblique": 0.0,
        "style": "Standard",
        "textgen": "0",
        "alignh": "0",
        "alignv": "0",
        "interlin": -1.0,
        "lat": 29.79476,
        "lon": 52.45521
      },
      "geometry": {
        "type": "Point",
        "coordinates": [52.455212911559862, 29.794755219024449]
      }
    },
    {
      "type": "Feature",
      "properties": {
        "fid": 653.0,
        "handle": "18021",
        "block": "-1",
        "etype": "25",
        "space": "0",
        "layer": "PLAK",
        "olinetype": "bylayer",
        "linetype": null,
        "color": "255,255,255,255",
        "ocolor": "7",
        "color24": "16777215",
        "transparen": "0",
        "lweight": "-1",
        "linewidth": 0.0,
        "ltscale": 1.0,
        "visible": "1",
        "thickness": 0.0,
        "ext": "(3:-0.003003440932991228,-0.004522054395397211,0.9999852650747446)",
        "height": 3.0,
        "text": "2018",
        "angle": 58.87298,
        "widthscale": 1.0,
        "oblique": 0.0,
        "style": "Standard",
        "textgen": "0",
        "alignh": "0",
        "alignv": "0",
        "interlin": -1.0,
        "lat": 29.79471,
        "lon": 52.45527
      },
      "geometry": {
        "type": "Point",
        "coordinates": [52.455271123236926, 29.794713053786012]
      }
    },
    {
      "type": "Feature",
      "properties": {
        "fid": 654.0,
        "handle": "18022",
        "block": "-1",
        "etype": "25",
        "space": "0",
        "layer": "PLAK",
        "olinetype": "bylayer",
        "linetype": null,
        "color": "255,255,255,255",
        "ocolor": "7",
        "color24": "16777215",
        "transparen": "0",
        "lweight": "-1",
        "linewidth": 0.0,
        "ltscale": 1.0,
        "visible": "1",
        "thickness": 0.0,
        "ext": "(3:-0.003003440932991228,-0.004522054395397211,0.9999852650747446)",
        "height": 3.0,
        "text": "2019",
        "angle": 58.87298,
        "widthscale": 1.0,
        "oblique": 0.0,
        "style": "Standard",
        "textgen": "0",
        "alignh": "0",
        "alignv": "0",
        "interlin": -1.0,
        "lat": 29.79464,
        "lon": 52.45539
      },
      "geometry": {
        "type": "Point",
        "coordinates": [52.455391434620743, 29.794640359325893]
      }
    },
    {
      "type": "Feature",
      "properties": {
        "fid": 655.0,
        "handle": "18023",
        "block": "-1",
        "etype": "25",
        "space": "0",
        "layer": "PLAK",
        "olinetype": "bylayer",
        "linetype": null,
        "color": "255,255,255,255",
        "ocolor": "7",
        "color24": "16777215",
        "transparen": "0",
        "lweight": "-1",
        "linewidth": 0.0,
        "ltscale": 1.0,
        "visible": "1",
        "thickness": 0.0,
        "ext": "(3:-0.003003440932991228,-0.004522054395397211,0.9999852650747446)",
        "height": 3.0,
        "text": "2020",
        "angle": 58.87298,
        "widthscale": 1.0,
        "oblique": 0.0,
        "style": "Standard",
        "textgen": "0",
        "alignh": "0",
        "alignv": "0",
        "interlin": -1.0,
        "lat": 29.79457,
        "lon": 52.45553
      },
      "geometry": {
        "type": "Point",
        "coordinates": [52.455527859470145, 29.794569581767966]
      }
    },
    {
      "type": "Feature",
      "properties": {
        "fid": 656.0,
        "handle": "18024",
        "block": "-1",
        "etype": "25",
        "space": "0",
        "layer": "PLAK",
        "olinetype": "bylayer",
        "linetype": null,
        "color": "255,255,255,255",
        "ocolor": "7",
        "color24": "16777215",
        "transparen": "0",
        "lweight": "-1",
        "linewidth": 0.0,
        "ltscale": 1.0,
        "visible": "1",
        "thickness": 0.0,
        "ext": "(3:-0.003003440932991228,-0.004522054395397211,0.9999852650747446)",
        "height": 3.0,
        "text": "2021",
        "angle": 58.87298,
        "widthscale": 1.0,
        "oblique": 0.0,
        "style": "Standard",
        "textgen": "0",
        "alignh": "0",
        "alignv": "0",
        "interlin": -1.0,
        "lat": 29.79454,
        "lon": 52.45558
      },
      "geometry": {
        "type": "Point",
        "coordinates": [52.455582733372452, 29.794537434756545]
      }
    },
    {
      "type": "Feature",
      "properties": {
        "fid": 657.0,
        "handle": "18025",
        "block": "-1",
        "etype": "25",
        "space": "0",
        "layer": "PLAK",
        "olinetype": "bylayer",
        "linetype": null,
        "color": "255,255,255,255",
        "ocolor": "7",
        "color24": "16777215",
        "transparen": "0",
        "lweight": "-1",
        "linewidth": 0.0,
        "ltscale": 1.0,
        "visible": "1",
        "thickness": 0.0,
        "ext": "(3:-0.003003440932991228,-0.004522054395397211,0.9999852650747446)",
        "height": 3.0,
        "text": "2022",
        "angle": 58.87298,
        "widthscale": 1.0,
        "oblique": 0.0,
        "style": "Standard",
        "textgen": "0",
        "alignh": "0",
        "alignv": "0",
        "interlin": -1.0,
        "lat": 29.79445,
        "lon": 52.45572
      },
      "geometry": {
        "type": "Point",
        "coordinates": [52.455723814009929, 29.794446133884655]
      }
    },
    {
      "type": "Feature",
      "properties": {
        "fid": 658.0,
        "handle": "18026",
        "block": "-1",
        "etype": "25",
        "space": "0",
        "layer": "PLAK",
        "olinetype": "bylayer",
        "linetype": null,
        "color": "255,255,255,255",
        "ocolor": "7",
        "color24": "16777215",
        "transparen": "0",
        "lweight": "-1",
        "linewidth": 0.0,
        "ltscale": 1.0,
        "visible": "1",
        "thickness": 0.0,
        "ext": "(3:-0.003003440932991228,-0.004522054395397211,0.9999852650747446)",
        "height": 3.0,
        "text": "2023",
        "angle": 58.87298,
        "widthscale": 1.0,
        "oblique": 0.0,
        "style": "Standard",
        "textgen": "0",
        "alignh": "0",
        "alignv": "0",
        "interlin": -1.0,
        "lat": 29.79441,
        "lon": 52.45578
      },
      "geometry": {
        "type": "Point",
        "coordinates": [52.455783106911753, 29.794411013787411]
      }
    },
    {
      "type": "Feature",
      "properties": {
        "fid": 659.0,
        "handle": "18027",
        "block": "-1",
        "etype": "25",
        "space": "0",
        "layer": "PLAK",
        "olinetype": "bylayer",
        "linetype": null,
        "color": "255,255,255,255",
        "ocolor": "7",
        "color24": "16777215",
        "transparen": "0",
        "lweight": "-1",
        "linewidth": 0.0,
        "ltscale": 1.0,
        "visible": "1",
        "thickness": 0.0,
        "ext": "(3:-0.003003440932991228,-0.004522054395397211,0.9999852650747446)",
        "height": 3.0,
        "text": "2024",
        "angle": 58.87298,
        "widthscale": 1.0,
        "oblique": 0.0,
        "style": "Standard",
        "textgen": "0",
        "alignh": "0",
        "alignv": "0",
        "interlin": -1.0,
        "lat": 29.79435,
        "lon": 52.45589
      },
      "geometry": {
        "type": "Point",
        "coordinates": [52.455886214550048, 29.794349885891815]
      }
    },
    {
      "type": "Feature",
      "properties": {
        "fid": 660.0,
        "handle": "18028",
        "block": "-1",
        "etype": "25",
        "space": "0",
        "layer": "PLAK",
        "olinetype": "bylayer",
        "linetype": null,
        "color": "255,255,255,255",
        "ocolor": "7",
        "color24": "16777215",
        "transparen": "0",
        "lweight": "-1",
        "linewidth": 0.0,
        "ltscale": 1.0,
        "visible": "1",
        "thickness": 0.0,
        "ext": "(3:-0.003003440932991228,-0.004522054395397211,0.9999852650747446)",
        "height": 3.0,
        "text": "2025",
        "angle": 58.87298,
        "widthscale": 1.0,
        "oblique": 0.0,
        "style": "Standard",
        "textgen": "0",
        "alignh": "0",
        "alignv": "0",
        "interlin": -1.0,
        "lat": 29.79429,
        "lon": 52.45599
      },
      "geometry": {
        "type": "Point",
        "coordinates": [52.455989248849434, 29.794286700547563]
      }
    },
    {
      "type": "Feature",
      "properties": {
        "fid": 661.0,
        "handle": "18029",
        "block": "-1",
        "etype": "25",
        "space": "0",
        "layer": "PLAK",
        "olinetype": "bylayer",
        "linetype": null,
        "color": "255,255,255,255",
        "ocolor": "7",
        "color24": "16777215",
        "transparen": "0",
        "lweight": "-1",
        "linewidth": 0.0,
        "ltscale": 1.0,
        "visible": "1",
        "thickness": 0.0,
        "ext": "(3:-0.003003440932991228,-0.004522054395397211,0.9999852650747446)",
        "height": 3.0,
        "text": "2026",
        "angle": 58.87298,
        "widthscale": 1.0,
        "oblique": 0.0,
        "style": "Standard",
        "textgen": "0",
        "alignh": "0",
        "alignv": "0",
        "interlin": -1.0,
        "lat": 29.79421,
        "lon": 52.45613
      },
      "geometry": {
        "type": "Point",
        "coordinates": [52.456134939030626, 29.794208136407168]
      }
    },
    {
      "type": "Feature",
      "properties": {
        "fid": 662.0,
        "handle": "18030",
        "block": "-1",
        "etype": "25",
        "space": "0",
        "layer": "PLAK",
        "olinetype": "bylayer",
        "linetype": null,
        "color": "255,255,255,255",
        "ocolor": "7",
        "color24": "16777215",
        "transparen": "0",
        "lweight": "-1",
        "linewidth": 0.0,
        "ltscale": 1.0,
        "visible": "1",
        "thickness": 0.0,
        "ext": "(3:-0.003003440932991228,-0.004522054395397211,0.9999852650747446)",
        "height": 3.0,
        "text": "2027",
        "angle": 58.87298,
        "widthscale": 1.0,
        "oblique": 0.0,
        "style": "Standard",
        "textgen": "0",
        "alignh": "0",
        "alignv": "0",
        "interlin": -1.0,
        "lat": 29.79417,
        "lon": 52.45619
      },
      "geometry": {
        "type": "Point",
        "coordinates": [52.456193461865432, 29.794166374773322]
      }
    },
    {
      "type": "Feature",
      "properties": {
        "fid": 663.0,
        "handle": "18031",
        "block": "-1",
        "etype": "25",
        "space": "0",
        "layer": "PLAK",
        "olinetype": "bylayer",
        "linetype": null,
        "color": "255,255,255,255",
        "ocolor": "7",
        "color24": "16777215",
        "transparen": "0",
        "lweight": "-1",
        "linewidth": 0.0,
        "ltscale": 1.0,
        "visible": "1",
        "thickness": 0.0,
        "ext": "(3:-0.003003440932991228,-0.004522054395397211,0.9999852650747446)",
        "height": 3.0,
        "text": "2028",
        "angle": 58.87298,
        "widthscale": 1.0,
        "oblique": 0.0,
        "style": "Standard",
        "textgen": "0",
        "alignh": "0",
        "alignv": "0",
        "interlin": -1.0,
        "lat": 29.79409,
        "lon": 52.45634
      },
      "geometry": {
        "type": "Point",
        "coordinates": [52.456341289179328, 29.794091108032543]
      }
    },
    {
      "type": "Feature",
      "properties": {
        "fid": 664.0,
        "handle": "18032",
        "block": "-1",
        "etype": "25",
        "space": "0",
        "layer": "PLAK",
        "olinetype": "bylayer",
        "linetype": null,
        "color": "255,255,255,255",
        "ocolor": "7",
        "color24": "16777215",
        "transparen": "0",
        "lweight": "-1",
        "linewidth": 0.0,
        "ltscale": 1.0,
        "visible": "1",
        "thickness": 0.0,
        "ext": "(3:-0.003003440932991228,-0.004522054395397211,0.9999852650747446)",
        "height": 3.0,
        "text": "2045",
        "angle": 58.87298,
        "widthscale": 1.0,
        "oblique": 0.0,
        "style": "Standard",
        "textgen": "0",
        "alignh": "0",
        "alignv": "0",
        "interlin": -1.0,
        "lat": 29.79476,
        "lon": 52.45445
      },
      "geometry": {
        "type": "Point",
        "coordinates": [52.454447845260979, 29.794759713334319]
      }
    },
    {
      "type": "Feature",
      "properties": {
        "fid": 665.0,
        "handle": "18033",
        "block": "-1",
        "etype": "25",
        "space": "0",
        "layer": "PLAK",
        "olinetype": "bylayer",
        "linetype": null,
        "color": "255,255,255,255",
        "ocolor": "7",
        "color24": "16777215",
        "transparen": "0",
        "lweight": "-1",
        "linewidth": 0.0,
        "ltscale": 1.0,
        "visible": "1",
        "thickness": 0.0,
        "ext": "(3:-0.003003440932991228,-0.004522054395397211,0.9999852650747446)",
        "height": 3.0,
        "text": "2044",
        "angle": 58.87298,
        "widthscale": 1.0,
        "oblique": 0.0,
        "style": "Standard",
        "textgen": "0",
        "alignh": "0",
        "alignv": "0",
        "interlin": -1.0,
        "lat": 29.7947,
        "lon": 52.45455
      },
      "geometry": {
        "type": "Point",
        "coordinates": [52.454554722200072, 29.794697024794385]
      }
    },
    {
      "type": "Feature",
      "properties": {
        "fid": 666.0,
        "handle": "18034",
        "block": "-1",
        "etype": "25",
        "space": "0",
        "layer": "PLAK",
        "olinetype": "bylayer",
        "linetype": null,
        "color": "255,255,255,255",
        "ocolor": "7",
        "color24": "16777215",
        "transparen": "0",
        "lweight": "-1",
        "linewidth": 0.0,
        "ltscale": 1.0,
        "visible": "1",
        "thickness": 0.0,
        "ext": "(3:-0.003003440932991228,-0.004522054395397211,0.9999852650747446)",
        "height": 3.0,
        "text": "2043",
        "angle": 58.87298,
        "widthscale": 1.0,
        "oblique": 0.0,
        "style": "Standard",
        "textgen": "0",
        "alignh": "0",
        "alignv": "0",
        "interlin": -1.0,
        "lat": 29.79465,
        "lon": 52.45461
      },
      "geometry": {
        "type": "Point",
        "coordinates": [52.454611391230515, 29.794647456877936]
      }
    },
    {
      "type": "Feature",
      "properties": {
        "fid": 667.0,
        "handle": "18035",
        "block": "-1",
        "etype": "25",
        "space": "0",
        "layer": "PLAK",
        "olinetype": "bylayer",
        "linetype": null,
        "color": "255,255,255,255",
        "ocolor": "7",
        "color24": "16777215",
        "transparen": "0",
        "lweight": "-1",
        "linewidth": 0.0,
        "ltscale": 1.0,
        "visible": "1",
        "thickness": 0.0,
        "ext": "(3:-0.003003440932991228,-0.004522054395397211,0.9999852650747446)",
        "height": 3.0,
        "text": "2042",
        "angle": 58.87298,
        "widthscale": 1.0,
        "oblique": 0.0,
        "style": "Standard",
        "textgen": "0",
        "alignh": "0",
        "alignv": "0",
        "interlin": -1.0,
        "lat": 29.79459,
        "lon": 52.45471
      },
      "geometry": {
        "type": "Point",
        "coordinates": [52.454714172461728, 29.794591073490917]
      }
    },
    {
      "type": "Feature",
      "properties": {
        "fid": 668.0,
        "handle": "18036",
        "block": "-1",
        "etype": "25",
        "space": "0",
        "layer": "PLAK",
        "olinetype": "bylayer",
        "linetype": null,
        "color": "255,255,255,255",
        "ocolor": "7",
        "color24": "16777215",
        "transparen": "0",
        "lweight": "-1",
        "linewidth": 0.0,
        "ltscale": 1.0,
        "visible": "1",
        "thickness": 0.0,
        "ext": "(3:-0.003003440932991228,-0.004522054395397211,0.9999852650747446)",
        "height": 3.0,
        "text": "2041",
        "angle": 58.87298,
        "widthscale": 1.0,
        "oblique": 0.0,
        "style": "Standard",
        "textgen": "0",
        "alignh": "0",
        "alignv": "0",
        "interlin": -1.0,
        "lat": 29.79453,
        "lon": 52.45483
      },
      "geometry": {
        "type": "Point",
        "coordinates": [52.454830397015918, 29.794528394161944]
      }
    },
    {
      "type": "Feature",
      "properties": {
        "fid": 669.0,
        "handle": "18037",
        "block": "-1",
        "etype": "25",
        "space": "0",
        "layer": "PLAK",
        "olinetype": "bylayer",
        "linetype": null,
        "color": "255,255,255,255",
        "ocolor": "7",
        "color24": "16777215",
        "transparen": "0",
        "lweight": "-1",
        "linewidth": 0.0,
        "ltscale": 1.0,
        "visible": "1",
        "thickness": 0.0,
        "ext": "(3:-0.003003440932991228,-0.004522054395397211,0.9999852650747446)",
        "height": 3.0,
        "text": "2040",
        "angle": 58.87298,
        "widthscale": 1.0,
        "oblique": 0.0,
        "style": "Standard",
        "textgen": "0",
        "alignh": "0",
        "alignv": "0",
        "interlin": -1.0,
        "lat": 29.79446,
        "lon": 52.45494
      },
      "geometry": {
        "type": "Point",
        "coordinates": [52.454936323758815, 29.794459340484117]
      }
    },
    {
      "type": "Feature",
      "properties": {
        "fid": 670.0,
        "handle": "18038",
        "block": "-1",
        "etype": "25",
        "space": "0",
        "layer": "PLAK",
        "olinetype": "bylayer",
        "linetype": null,
        "color": "255,255,255,255",
        "ocolor": "7",
        "color24": "16777215",
        "transparen": "0",
        "lweight": "-1",
        "linewidth": 0.0,
        "ltscale": 1.0,
        "visible": "1",
        "thickness": 0.0,
        "ext": "(3:-0.003003440932991228,-0.004522054395397211,0.9999852650747446)",
        "height": 3.0,
        "text": "2039",
        "angle": 58.87298,
        "widthscale": 1.0,
        "oblique": 0.0,
        "style": "Standard",
        "textgen": "0",
        "alignh": "0",
        "alignv": "0",
        "interlin": -1.0,
        "lat": 29.79437,
        "lon": 52.45507
      },
      "geometry": {
        "type": "Point",
        "coordinates": [52.455070617669122, 29.79436967229676]
      }
    },
    {
      "type": "Feature",
      "properties": {
        "fid": 671.0,
        "handle": "18039",
        "block": "-1",
        "etype": "25",
        "space": "0",
        "layer": "PLAK",
        "olinetype": "bylayer",
        "linetype": null,
        "color": "255,255,255,255",
        "ocolor": "7",
        "color24": "16777215",
        "transparen": "0",
        "lweight": "-1",
        "linewidth": 0.0,
        "ltscale": 1.0,
        "visible": "1",
        "thickness": 0.0,
        "ext": "(3:-0.003003440932991228,-0.004522054395397211,0.9999852650747446)",
        "height": 3.0,
        "text": "2038",
        "angle": 58.87298,
        "widthscale": 1.0,
        "oblique": 0.0,
        "style": "Standard",
        "textgen": "0",
        "alignh": "0",
        "alignv": "0",
        "interlin": -1.0,
        "lat": 29.79432,
        "lon": 52.45516
      },
      "geometry": {
        "type": "Point",
        "coordinates": [52.455163600243893, 29.794318872556538]
      }
    },
    {
      "type": "Feature",
      "properties": {
        "fid": 672.0,
        "handle": "18040",
        "block": "-1",
        "etype": "25",
        "space": "0",
        "layer": "PLAK",
        "olinetype": "bylayer",
        "linetype": null,
        "color": "255,255,255,255",
        "ocolor": "7",
        "color24": "16777215",
        "transparen": "0",
        "lweight": "-1",
        "linewidth": 0.0,
        "ltscale": 1.0,
        "visible": "1",
        "thickness": 0.0,
        "ext": "(3:-0.003003440932991228,-0.004522054395397211,0.9999852650747446)",
        "height": 3.0,
        "text": "2037",
        "angle": 58.87298,
        "widthscale": 1.0,
        "oblique": 0.0,
        "style": "Standard",
        "textgen": "0",
        "alignh": "0",
        "alignv": "0",
        "interlin": -1.0,
        "lat": 29.79426,
        "lon": 52.45527
      },
      "geometry": {
        "type": "Point",
        "coordinates": [52.455273947089232, 29.79425900997898]
      }
    },
    {
      "type": "Feature",
      "properties": {
        "fid": 673.0,
        "handle": "18041",
        "block": "-1",
        "etype": "25",
        "space": "0",
        "layer": "PLAK",
        "olinetype": "bylayer",
        "linetype": null,
        "color": "255,255,255,255",
        "ocolor": "7",
        "color24": "16777215",
        "transparen": "0",
        "lweight": "-1",
        "linewidth": 0.0,
        "ltscale": 1.0,
        "visible": "1",
        "thickness": 0.0,
        "ext": "(3:-0.003003440932991228,-0.004522054395397211,0.9999852650747446)",
        "height": 3.0,
        "text": "2036",
        "angle": 58.87298,
        "widthscale": 1.0,
        "oblique": 0.0,
        "style": "Standard",
        "textgen": "0",
        "alignh": "0",
        "alignv": "0",
        "interlin": -1.0,
        "lat": 29.79419,
        "lon": 52.45538
      },
      "geometry": {
        "type": "Point",
        "coordinates": [52.45537557387739, 29.79419046789738]
      }
    },
    {
      "type": "Feature",
      "properties": {
        "fid": 674.0,
        "handle": "18042",
        "block": "-1",
        "etype": "25",
        "space": "0",
        "layer": "PLAK",
        "olinetype": "bylayer",
        "linetype": null,
        "color": "255,255,255,255",
        "ocolor": "7",
        "color24": "16777215",
        "transparen": "0",
        "lweight": "-1",
        "linewidth": 0.0,
        "ltscale": 1.0,
        "visible": "1",
        "thickness": 0.0,
        "ext": "(3:-0.003003440932991228,-0.004522054395397211,0.9999852650747446)",
        "height": 3.0,
        "text": "2035",
        "angle": 58.87298,
        "widthscale": 1.0,
        "oblique": 0.0,
        "style": "Standard",
        "textgen": "0",
        "alignh": "0",
        "alignv": "0",
        "interlin": -1.0,
        "lat": 29.79413,
        "lon": 52.45549
      },
      "geometry": {
        "type": "Point",
        "coordinates": [52.455491185055322, 29.79412663311707]
      }
    },
    {
      "type": "Feature",
      "properties": {
        "fid": 675.0,
        "handle": "18043",
        "block": "-1",
        "etype": "25",
        "space": "0",
        "layer": "PLAK",
        "olinetype": "bylayer",
        "linetype": null,
        "color": "255,255,255,255",
        "ocolor": "7",
        "color24": "16777215",
        "transparen": "0",
        "lweight": "-1",
        "linewidth": 0.0,
        "ltscale": 1.0,
        "visible": "1",
        "thickness": 0.0,
        "ext": "(3:-0.003003440932991228,-0.004522054395397211,0.9999852650747446)",
        "height": 3.0,
        "text": "2034",
        "angle": 58.87298,
        "widthscale": 1.0,
        "oblique": 0.0,
        "style": "Standard",
        "textgen": "0",
        "alignh": "0",
        "alignv": "0",
        "interlin": -1.0,
        "lat": 29.79409,
        "lon": 52.45556
      },
      "geometry": {
        "type": "Point",
        "coordinates": [52.455559343523774, 29.79408651374014]
      }
    },
    {
      "type": "Feature",
      "properties": {
        "fid": 676.0,
        "handle": "18044",
        "block": "-1",
        "etype": "25",
        "space": "0",
        "layer": "PLAK",
        "olinetype": "bylayer",
        "linetype": null,
        "color": "255,255,255,255",
        "ocolor": "7",
        "color24": "16777215",
        "transparen": "0",
        "lweight": "-1",
        "linewidth": 0.0,
        "ltscale": 1.0,
        "visible": "1",
        "thickness": 0.0,
        "ext": "(3:-0.003003440932991228,-0.004522054395397211,0.9999852650747446)",
        "height": 3.0,
        "text": "2033",
        "angle": 58.87298,
        "widthscale": 1.0,
        "oblique": 0.0,
        "style": "Standard",
        "textgen": "0",
        "alignh": "0",
        "alignv": "0",
        "interlin": -1.0,
        "lat": 29.79404,
        "lon": 52.45565
      },
      "geometry": {
        "type": "Point",
        "coordinates": [52.455646340426448, 29.79403957122333]
      }
    },
    {
      "type": "Feature",
      "properties": {
        "fid": 677.0,
        "handle": "18045",
        "block": "-1",
        "etype": "25",
        "space": "0",
        "layer": "PLAK",
        "olinetype": "bylayer",
        "linetype": null,
        "color": "255,255,255,255",
        "ocolor": "7",
        "color24": "16777215",
        "transparen": "0",
        "lweight": "-1",
        "linewidth": 0.0,
        "ltscale": 1.0,
        "visible": "1",
        "thickness": 0.0,
        "ext": "(3:-0.003003440932991228,-0.004522054395397211,0.9999852650747446)",
        "height": 3.0,
        "text": "2032",
        "angle": 58.87298,
        "widthscale": 1.0,
        "oblique": 0.0,
        "style": "Standard",
        "textgen": "0",
        "alignh": "0",
        "alignv": "0",
        "interlin": -1.0,
        "lat": 29.79399,
        "lon": 52.45575
      },
      "geometry": {
        "type": "Point",
        "coordinates": [52.455745974710943, 29.793985034734252]
      }
    },
    {
      "type": "Feature",
      "properties": {
        "fid": 678.0,
        "handle": "18046",
        "block": "-1",
        "etype": "25",
        "space": "0",
        "layer": "PLAK",
        "olinetype": "bylayer",
        "linetype": null,
        "color": "255,255,255,255",
        "ocolor": "7",
        "color24": "16777215",
        "transparen": "0",
        "lweight": "-1",
        "linewidth": 0.0,
        "ltscale": 1.0,
        "visible": "1",
        "thickness": 0.0,
        "ext": "(3:-0.003003440932991228,-0.004522054395397211,0.9999852650747446)",
        "height": 3.0,
        "text": "2031",
        "angle": 58.87298,
        "widthscale": 1.0,
        "oblique": 0.0,
        "style": "Standard",
        "textgen": "0",
        "alignh": "0",
        "alignv": "0",
        "interlin": -1.0,
        "lat": 29.7939,
        "lon": 52.4559
      },
      "geometry": {
        "type": "Point",
        "coordinates": [52.455899047699404, 29.793903180804563]
      }
    },
    {
      "type": "Feature",
      "properties": {
        "fid": 679.0,
        "handle": "18047",
        "block": "-1",
        "etype": "25",
        "space": "0",
        "layer": "PLAK",
        "olinetype": "bylayer",
        "linetype": null,
        "color": "255,255,255,255",
        "ocolor": "7",
        "color24": "16777215",
        "transparen": "0",
        "lweight": "-1",
        "linewidth": 0.0,
        "ltscale": 1.0,
        "visible": "1",
        "thickness": 0.0,
        "ext": "(3:-0.003003440932991228,-0.004522054395397211,0.9999852650747446)",
        "height": 3.0,
        "text": "2030",
        "angle": 58.87298,
        "widthscale": 1.0,
        "oblique": 0.0,
        "style": "Standard",
        "textgen": "0",
        "alignh": "0",
        "alignv": "0",
        "interlin": -1.0,
        "lat": 29.79386,
        "lon": 52.45595
      },
      "geometry": {
        "type": "Point",
        "coordinates": [52.455954620666127, 29.793858497403363]
      }
    },
    {
      "type": "Feature",
      "properties": {
        "fid": 680.0,
        "handle": "18048",
        "block": "-1",
        "etype": "25",
        "space": "0",
        "layer": "PLAK",
        "olinetype": "bylayer",
        "linetype": null,
        "color": "255,255,255,255",
        "ocolor": "7",
        "color24": "16777215",
        "transparen": "0",
        "lweight": "-1",
        "linewidth": 0.0,
        "ltscale": 1.0,
        "visible": "1",
        "thickness": 0.0,
        "ext": "(3:-0.003003440932991228,-0.004522054395397211,0.9999852650747446)",
        "height": 3.0,
        "text": "2029",
        "angle": 58.87298,
        "widthscale": 1.0,
        "oblique": 0.0,
        "style": "Standard",
        "textgen": "0",
        "alignh": "0",
        "alignv": "0",
        "interlin": -1.0,
        "lat": 29.7938,
        "lon": 52.45605
      },
      "geometry": {
        "type": "Point",
        "coordinates": [52.456050088228899, 29.793798437249308]
      }
    },
    {
      "type": "Feature",
      "properties": {
        "fid": 681.0,
        "handle": "18049",
        "block": "-1",
        "etype": "25",
        "space": "0",
        "layer": "PLAK",
        "olinetype": "bylayer",
        "linetype": null,
        "color": "255,255,255,255",
        "ocolor": "7",
        "color24": "16777215",
        "transparen": "0",
        "lweight": "-1",
        "linewidth": 0.0,
        "ltscale": 1.0,
        "visible": "1",
        "thickness": 0.0,
        "ext": "(3:-0.003003440932991228,-0.004522054395397211,0.9999852650747446)",
        "height": 3.0,
        "text": "2046",
        "angle": 58.87298,
        "widthscale": 1.0,
        "oblique": 0.0,
        "style": "Standard",
        "textgen": "0",
        "alignh": "0",
        "alignv": "0",
        "interlin": -1.0,
        "lat": 29.79456,
        "lon": 52.45429
      },
      "geometry": {
        "type": "Point",
        "coordinates": [52.454288509660834, 29.794555150759869]
      }
    },
    {
      "type": "Feature",
      "properties": {
        "fid": 682.0,
        "handle": "18050",
        "block": "-1",
        "etype": "25",
        "space": "0",
        "layer": "PLAK",
        "olinetype": "bylayer",
        "linetype": null,
        "color": "255,255,255,255",
        "ocolor": "7",
        "color24": "16777215",
        "transparen": "0",
        "lweight": "-1",
        "linewidth": 0.0,
        "ltscale": 1.0,
        "visible": "1",
        "thickness": 0.0,
        "ext": "(3:-0.003003440932991228,-0.004522054395397211,0.9999852650747446)",
        "height": 3.0,
        "text": "2047",
        "angle": 58.87298,
        "widthscale": 1.0,
        "oblique": 0.0,
        "style": "Standard",
        "textgen": "0",
        "alignh": "0",
        "alignv": "0",
        "interlin": -1.0,
        "lat": 29.79452,
        "lon": 52.45437
      },
      "geometry": {
        "type": "Point",
        "coordinates": [52.454368892997586, 29.794522872329942]
      }
    },
    {
      "type": "Feature",
      "properties": {
        "fid": 683.0,
        "handle": "18051",
        "block": "-1",
        "etype": "25",
        "space": "0",
        "layer": "PLAK",
        "olinetype": "bylayer",
        "linetype": null,
        "color": "255,255,255,255",
        "ocolor": "7",
        "color24": "16777215",
        "transparen": "0",
        "lweight": "-1",
        "linewidth": 0.0,
        "ltscale": 1.0,
        "visible": "1",
        "thickness": 0.0,
        "ext": "(3:-0.003003440932991228,-0.004522054395397211,0.9999852650747446)",
        "height": 3.0,
        "text": "2048",
        "angle": 58.87298,
        "widthscale": 1.0,
        "oblique": 0.0,
        "style": "Standard",
        "textgen": "0",
        "alignh": "0",
        "alignv": "0",
        "interlin": -1.0,
        "lat": 29.79444,
        "lon": 52.45451
      },
      "geometry": {
        "type": "Point",
        "coordinates": [52.454509552827979, 29.794443234479559]
      }
    },
    {
      "type": "Feature",
      "properties": {
        "fid": 684.0,
        "handle": "18052",
        "block": "-1",
        "etype": "25",
        "space": "0",
        "layer": "PLAK",
        "olinetype": "bylayer",
        "linetype": null,
        "color": "255,255,255,255",
        "ocolor": "7",
        "color24": "16777215",
        "transparen": "0",
        "lweight": "-1",
        "linewidth": 0.0,
        "ltscale": 1.0,
        "visible": "1",
        "thickness": 0.0,
        "ext": "(3:-0.003003440932991228,-0.004522054395397211,0.9999852650747446)",
        "height": 3.0,
        "text": "2049",
        "angle": 58.87298,
        "widthscale": 1.0,
        "oblique": 0.0,
        "style": "Standard",
        "textgen": "0",
        "alignh": "0",
        "alignv": "0",
        "interlin": -1.0,
        "lat": 29.79438,
        "lon": 52.45461
      },
      "geometry": {
        "type": "Point",
        "coordinates": [52.454606401548347, 29.794379386302111]
      }
    },
    {
      "type": "Feature",
      "properties": {
        "fid": 685.0,
        "handle": "18053",
        "block": "-1",
        "etype": "25",
        "space": "0",
        "layer": "PLAK",
        "olinetype": "bylayer",
        "linetype": null,
        "color": "255,255,255,255",
        "ocolor": "7",
        "color24": "16777215",
        "transparen": "0",
        "lweight": "-1",
        "linewidth": 0.0,
        "ltscale": 1.0,
        "visible": "1",
        "thickness": 0.0,
        "ext": "(3:-0.003003440932991228,-0.004522054395397211,0.9999852650747446)",
        "height": 3.0,
        "text": "2050",
        "angle": 58.87298,
        "widthscale": 1.0,
        "oblique": 0.0,
        "style": "Standard",
        "textgen": "0",
        "alignh": "0",
        "alignv": "0",
        "interlin": -1.0,
        "lat": 29.79432,
        "lon": 52.45472
      },
      "geometry": {
        "type": "Point",
        "coordinates": [52.454715055610528, 29.794318546687158]
      }
    },
    {
      "type": "Feature",
      "properties": {
        "fid": 686.0,
        "handle": "18054",
        "block": "-1",
        "etype": "25",
        "space": "0",
        "layer": "PLAK",
        "olinetype": "bylayer",
        "linetype": null,
        "color": "255,255,255,255",
        "ocolor": "7",
        "color24": "16777215",
        "transparen": "0",
        "lweight": "-1",
        "linewidth": 0.0,
        "ltscale": 1.0,
        "visible": "1",
        "thickness": 0.0,
        "ext": "(3:-0.003003440932991228,-0.004522054395397211,0.9999852650747446)",
        "height": 3.0,
        "text": "2051",
        "angle": 58.87298,
        "widthscale": 1.0,
        "oblique": 0.0,
        "style": "Standard",
        "textgen": "0",
        "alignh": "0",
        "alignv": "0",
        "interlin": -1.0,
        "lat": 29.79426,
        "lon": 52.45482
      },
      "geometry": {
        "type": "Point",
        "coordinates": [52.45481916581037, 29.794262389080906]
      }
    },
    {
      "type": "Feature",
      "properties": {
        "fid": 687.0,
        "handle": "18055",
        "block": "-1",
        "etype": "25",
        "space": "0",
        "layer": "PLAK",
        "olinetype": "bylayer",
        "linetype": null,
        "color": "255,255,255,255",
        "ocolor": "7",
        "color24": "16777215",
        "transparen": "0",
        "lweight": "-1",
        "linewidth": 0.0,
        "ltscale": 1.0,
        "visible": "1",
        "thickness": 0.0,
        "ext": "(3:-0.003003440932991228,-0.004522054395397211,0.9999852650747446)",
        "height": 3.0,
        "text": "2052",
        "angle": 58.87298,
        "widthscale": 1.0,
        "oblique": 0.0,
        "style": "Standard",
        "textgen": "0",
        "alignh": "0",
        "alignv": "0",
        "interlin": -1.0,
        "lat": 29.79422,
        "lon": 52.45488
      },
      "geometry": {
        "type": "Point",
        "coordinates": [52.454879533813106, 29.794218960984132]
      }
    },
    {
      "type": "Feature",
      "properties": {
        "fid": 688.0,
        "handle": "18056",
        "block": "-1",
        "etype": "25",
        "space": "0",
        "layer": "PLAK",
        "olinetype": "bylayer",
        "linetype": null,
        "color": "255,255,255,255",
        "ocolor": "7",
        "color24": "16777215",
        "transparen": "0",
        "lweight": "-1",
        "linewidth": 0.0,
        "ltscale": 1.0,
        "visible": "1",
        "thickness": 0.0,
        "ext": "(3:-0.003003440932991228,-0.004522054395397211,0.9999852650747446)",
        "height": 3.0,
        "text": "2053",
        "angle": 58.87298,
        "widthscale": 1.0,
        "oblique": 0.0,
        "style": "Standard",
        "textgen": "0",
        "alignh": "0",
        "alignv": "0",
        "interlin": -1.0,
        "lat": 29.79413,
        "lon": 52.45503
      },
      "geometry": {
        "type": "Point",
        "coordinates": [52.455030626222225, 29.794129209146661]
      }
    },
    {
      "type": "Feature",
      "properties": {
        "fid": 689.0,
        "handle": "18057",
        "block": "-1",
        "etype": "25",
        "space": "0",
        "layer": "PLAK",
        "olinetype": "bylayer",
        "linetype": null,
        "color": "255,255,255,255",
        "ocolor": "7",
        "color24": "16777215",
        "transparen": "0",
        "lweight": "-1",
        "linewidth": 0.0,
        "ltscale": 1.0,
        "visible": "1",
        "thickness": 0.0,
        "ext": "(3:-0.003003440932991228,-0.004522054395397211,0.9999852650747446)",
        "height": 3.0,
        "text": "2054",
        "angle": 58.87298,
        "widthscale": 1.0,
        "oblique": 0.0,
        "style": "Standard",
        "textgen": "0",
        "alignh": "0",
        "alignv": "0",
        "interlin": -1.0,
        "lat": 29.7941,
        "lon": 52.45509
      },
      "geometry": {
        "type": "Point",
        "coordinates": [52.455088240739329, 29.794104346061911]
      }
    },
    {
      "type": "Feature",
      "properties": {
        "fid": 690.0,
        "handle": "18058",
        "block": "-1",
        "etype": "25",
        "space": "0",
        "layer": "PLAK",
        "olinetype": "bylayer",
        "linetype": null,
        "color": "255,255,255,255",
        "ocolor": "7",
        "color24": "16777215",
        "transparen": "0",
        "lweight": "-1",
        "linewidth": 0.0,
        "ltscale": 1.0,
        "visible": "1",
        "thickness": 0.0,
        "ext": "(3:-0.003003440932991228,-0.004522054395397211,0.9999852650747446)",
        "height": 3.0,
        "text": "2055",
        "angle": 58.87298,
        "widthscale": 1.0,
        "oblique": 0.0,
        "style": "Standard",
        "textgen": "0",
        "alignh": "0",
        "alignv": "0",
        "interlin": -1.0,
        "lat": 29.79404,
        "lon": 52.4552
      },
      "geometry": {
        "type": "Point",
        "coordinates": [52.455196224462227, 29.794036935468835]
      }
    },
    {
      "type": "Feature",
      "properties": {
        "fid": 691.0,
        "handle": "18059",
        "block": "-1",
        "etype": "25",
        "space": "0",
        "layer": "PLAK",
        "olinetype": "bylayer",
        "linetype": null,
        "color": "255,255,255,255",
        "ocolor": "7",
        "color24": "16777215",
        "transparen": "0",
        "lweight": "-1",
        "linewidth": 0.0,
        "ltscale": 1.0,
        "visible": "1",
        "thickness": 0.0,
        "ext": "(3:-0.003003440932991228,-0.004522054395397211,0.9999852650747446)",
        "height": 3.0,
        "text": "2056",
        "angle": 58.87298,
        "widthscale": 1.0,
        "oblique": 0.0,
        "style": "Standard",
        "textgen": "0",
        "alignh": "0",
        "alignv": "0",
        "interlin": -1.0,
        "lat": 29.79395,
        "lon": 52.45533
      },
      "geometry": {
        "type": "Point",
        "coordinates": [52.455334877653968, 29.793949327044132]
      }
    },
    {
      "type": "Feature",
      "properties": {
        "fid": 692.0,
        "handle": "18060",
        "block": "-1",
        "etype": "25",
        "space": "0",
        "layer": "PLAK",
        "olinetype": "bylayer",
        "linetype": null,
        "color": "255,255,255,255",
        "ocolor": "7",
        "color24": "16777215",
        "transparen": "0",
        "lweight": "-1",
        "linewidth": 0.0,
        "ltscale": 1.0,
        "visible": "1",
        "thickness": 0.0,
        "ext": "(3:-0.003003440932991228,-0.004522054395397211,0.9999852650747446)",
        "height": 3.0,
        "text": "2057",
        "angle": 58.87298,
        "widthscale": 1.0,
        "oblique": 0.0,
        "style": "Standard",
        "textgen": "0",
        "alignh": "0",
        "alignv": "0",
        "interlin": -1.0,
        "lat": 29.79391,
        "lon": 52.4554
      },
      "geometry": {
        "type": "Point",
        "coordinates": [52.455398579880772, 29.793914094301122]
      }
    },
    {
      "type": "Feature",
      "properties": {
        "fid": 693.0,
        "handle": "18061",
        "block": "-1",
        "etype": "25",
        "space": "0",
        "layer": "PLAK",
        "olinetype": "bylayer",
        "linetype": null,
        "color": "255,255,255,255",
        "ocolor": "7",
        "color24": "16777215",
        "transparen": "0",
        "lweight": "-1",
        "linewidth": 0.0,
        "ltscale": 1.0,
        "visible": "1",
        "thickness": 0.0,
        "ext": "(3:-0.003003440932991228,-0.004522054395397211,0.9999852650747446)",
        "height": 3.0,
        "text": "2058",
        "angle": 58.87298,
        "widthscale": 1.0,
        "oblique": 0.0,
        "style": "Standard",
        "textgen": "0",
        "alignh": "0",
        "alignv": "0",
        "interlin": -1.0,
        "lat": 29.79384,
        "lon": 52.45554
      },
      "geometry": {
        "type": "Point",
        "coordinates": [52.455542183672392, 29.793837717213545]
      }
    },
    {
      "type": "Feature",
      "properties": {
        "fid": 694.0,
        "handle": "18062",
        "block": "-1",
        "etype": "25",
        "space": "0",
        "layer": "PLAK",
        "olinetype": "bylayer",
        "linetype": null,
        "color": "255,255,255,255",
        "ocolor": "7",
        "color24": "16777215",
        "transparen": "0",
        "lweight": "-1",
        "linewidth": 0.0,
        "ltscale": 1.0,
        "visible": "1",
        "thickness": 0.0,
        "ext": "(3:-0.003003440932991228,-0.004522054395397211,0.9999852650747446)",
        "height": 3.0,
        "text": "2059",
        "angle": 58.87298,
        "widthscale": 1.0,
        "oblique": 0.0,
        "style": "Standard",
        "textgen": "0",
        "alignh": "0",
        "alignv": "0",
        "interlin": -1.0,
        "lat": 29.79378,
        "lon": 52.45565
      },
      "geometry": {
        "type": "Point",
        "coordinates": [52.455652001485305, 29.793782149988036]
      }
    },
    {
      "type": "Feature",
      "properties": {
        "fid": 695.0,
        "handle": "18063",
        "block": "-1",
        "etype": "25",
        "space": "0",
        "layer": "PLAK",
        "olinetype": "bylayer",
        "linetype": null,
        "color": "255,255,255,255",
        "ocolor": "7",
        "color24": "16777215",
        "transparen": "0",
        "lweight": "-1",
        "linewidth": 0.0,
        "ltscale": 1.0,
        "visible": "1",
        "thickness": 0.0,
        "ext": "(3:-0.003003440932991228,-0.004522054395397211,0.9999852650747446)",
        "height": 3.0,
        "text": "2060",
        "angle": 58.87298,
        "widthscale": 1.0,
        "oblique": 0.0,
        "style": "Standard",
        "textgen": "0",
        "alignh": "0",
        "alignv": "0",
        "interlin": -1.0,
        "lat": 29.79373,
        "lon": 52.4557
      },
      "geometry": {
        "type": "Point",
        "coordinates": [52.455703714514229, 29.793734868738117]
      }
    },
    {
      "type": "Feature",
      "properties": {
        "fid": 696.0,
        "handle": "18064",
        "block": "-1",
        "etype": "25",
        "space": "0",
        "layer": "PLAK",
        "olinetype": "bylayer",
        "linetype": null,
        "color": "255,255,255,255",
        "ocolor": "7",
        "color24": "16777215",
        "transparen": "0",
        "lweight": "-1",
        "linewidth": 0.0,
        "ltscale": 1.0,
        "visible": "1",
        "thickness": 0.0,
        "ext": "(3:-0.003003440932991228,-0.004522054395397211,0.9999852650747446)",
        "height": 3.0,
        "text": "2061",
        "angle": 58.87298,
        "widthscale": 1.0,
        "oblique": 0.0,
        "style": "Standard",
        "textgen": "0",
        "alignh": "0",
        "alignv": "0",
        "interlin": -1.0,
        "lat": 29.79368,
        "lon": 52.45581
      },
      "geometry": {
        "type": "Point",
        "coordinates": [52.455814902560299, 29.793677531083922]
      }
    },
    {
      "type": "Feature",
      "properties": {
        "fid": 697.0,
        "handle": "18065",
        "block": "-1",
        "etype": "25",
        "space": "0",
        "layer": "PLAK",
        "olinetype": "bylayer",
        "linetype": null,
        "color": "255,255,255,255",
        "ocolor": "7",
        "color24": "16777215",
        "transparen": "0",
        "lweight": "-1",
        "linewidth": 0.0,
        "ltscale": 1.0,
        "visible": "1",
        "thickness": 0.0,
        "ext": "(3:-0.003003440932991228,-0.004522054395397211,0.9999852650747446)",
        "height": 3.0,
        "text": "2062",
        "angle": 58.87298,
        "widthscale": 1.0,
        "oblique": 0.0,
        "style": "Standard",
        "textgen": "0",
        "alignh": "0",
        "alignv": "0",
        "interlin": -1.0,
        "lat": 29.79359,
        "lon": 52.45593
      },
      "geometry": {
        "type": "Point",
        "coordinates": [52.455932959787127, 29.793592246450835]
      }
    },
    {
      "type": "Feature",
      "properties": {
        "fid": 698.0,
        "handle": "18066",
        "block": "-1",
        "etype": "25",
        "space": "0",
        "layer": "PLAK",
        "olinetype": "bylayer",
        "linetype": null,
        "color": "255,255,255,255",
        "ocolor": "7",
        "color24": "16777215",
        "transparen": "0",
        "lweight": "-1",
        "linewidth": 0.0,
        "ltscale": 1.0,
        "visible": "1",
        "thickness": 0.0,
        "ext": "(3:-0.003003440932991228,-0.004522054395397211,0.9999852650747446)",
        "height": 3.0,
        "text": "2079",
        "angle": 58.87298,
        "widthscale": 1.0,
        "oblique": 0.0,
        "style": "Standard",
        "textgen": "0",
        "alignh": "0",
        "alignv": "0",
        "interlin": -1.0,
        "lat": 29.79426,
        "lon": 52.45407
      },
      "geometry": {
        "type": "Point",
        "coordinates": [52.454072085460965, 29.79426007879885]
      }
    },
    {
      "type": "Feature",
      "properties": {
        "fid": 699.0,
        "handle": "18067",
        "block": "-1",
        "etype": "25",
        "space": "0",
        "layer": "PLAK",
        "olinetype": "bylayer",
        "linetype": null,
        "color": "255,255,255,255",
        "ocolor": "7",
        "color24": "16777215",
        "transparen": "0",
        "lweight": "-1",
        "linewidth": 0.0,
        "ltscale": 1.0,
        "visible": "1",
        "thickness": 0.0,
        "ext": "(3:-0.003003440932991228,-0.004522054395397211,0.9999852650747446)",
        "height": 3.0,
        "text": "2078",
        "angle": 58.87298,
        "widthscale": 1.0,
        "oblique": 0.0,
        "style": "Standard",
        "textgen": "0",
        "alignh": "0",
        "alignv": "0",
        "interlin": -1.0,
        "lat": 29.79421,
        "lon": 52.45413
      },
      "geometry": {
        "type": "Point",
        "coordinates": [52.454130087492302, 29.794213789671286]
      }
    },
    {
      "type": "Feature",
      "properties": {
        "fid": 700.0,
        "handle": "18068",
        "block": "-1",
        "etype": "25",
        "space": "0",
        "layer": "PLAK",
        "olinetype": "bylayer",
        "linetype": null,
        "color": "255,255,255,255",
        "ocolor": "7",
        "color24": "16777215",
        "transparen": "0",
        "lweight": "-1",
        "linewidth": 0.0,
        "ltscale": 1.0,
        "visible": "1",
        "thickness": 0.0,
        "ext": "(3:-0.003003440932991228,-0.004522054395397211,0.9999852650747446)",
        "height": 3.0,
        "text": "2077",
        "angle": 58.87298,
        "widthscale": 1.0,
        "oblique": 0.0,
        "style": "Standard",
        "textgen": "0",
        "alignh": "0",
        "alignv": "0",
        "interlin": -1.0,
        "lat": 29.79415,
        "lon": 52.45423
      },
      "geometry": {
        "type": "Point",
        "coordinates": [52.454230980576661, 29.794150450109022]
      }
    },
    {
      "type": "Feature",
      "properties": {
        "fid": 701.0,
        "handle": "18069",
        "block": "-1",
        "etype": "25",
        "space": "0",
        "layer": "PLAK",
        "olinetype": "bylayer",
        "linetype": null,
        "color": "255,255,255,255",
        "ocolor": "7",
        "color24": "16777215",
        "transparen": "0",
        "lweight": "-1",
        "linewidth": 0.0,
        "ltscale": 1.0,
        "visible": "1",
        "thickness": 0.0,
        "ext": "(3:-0.003003440932991228,-0.004522054395397211,0.9999852650747446)",
        "height": 3.0,
        "text": "2076",
        "angle": 58.87298,
        "widthscale": 1.0,
        "oblique": 0.0,
        "style": "Standard",
        "textgen": "0",
        "alignh": "0",
        "alignv": "0",
        "interlin": -1.0,
        "lat": 29.79409,
        "lon": 52.45433
      },
      "geometry": {
        "type": "Point",
        "coordinates": [52.45433082024072, 29.794091809297402]
      }
    },
    {
      "type": "Feature",
      "properties": {
        "fid": 702.0,
        "handle": "18070",
        "block": "-1",
        "etype": "25",
        "space": "0",
        "layer": "PLAK",
        "olinetype": "bylayer",
        "linetype": null,
        "color": "255,255,255,255",
        "ocolor": "7",
        "color24": "16777215",
        "transparen": "0",
        "lweight": "-1",
        "linewidth": 0.0,
        "ltscale": 1.0,
        "visible": "1",
        "thickness": 0.0,
        "ext": "(3:-0.003003440932991228,-0.004522054395397211,0.9999852650747446)",
        "height": 3.0,
        "text": "2075",
        "angle": 58.87298,
        "widthscale": 1.0,
        "oblique": 0.0,
        "style": "Standard",
        "textgen": "0",
        "alignh": "0",
        "alignv": "0",
        "interlin": -1.0,
        "lat": 29.79401,
        "lon": 52.45447
      },
      "geometry": {
        "type": "Point",
        "coordinates": [52.454471383476424, 29.794013310756192]
      }
    },
    {
      "type": "Feature",
      "properties": {
        "fid": 703.0,
        "handle": "18071",
        "block": "-1",
        "etype": "25",
        "space": "0",
        "layer": "PLAK",
        "olinetype": "bylayer",
        "linetype": null,
        "color": "255,255,255,255",
        "ocolor": "7",
        "color24": "16777215",
        "transparen": "0",
        "lweight": "-1",
        "linewidth": 0.0,
        "ltscale": 1.0,
        "visible": "1",
        "thickness": 0.0,
        "ext": "(3:-0.003003440932991228,-0.004522054395397211,0.9999852650747446)",
        "height": 3.0,
        "text": "2074",
        "angle": 58.87298,
        "widthscale": 1.0,
        "oblique": 0.0,
        "style": "Standard",
        "textgen": "0",
        "alignh": "0",
        "alignv": "0",
        "interlin": -1.0,
        "lat": 29.79395,
        "lon": 52.45458
      },
      "geometry": {
        "type": "Point",
        "coordinates": [52.454576765767463, 29.793954623050787]
      }
    },
    {
      "type": "Feature",
      "properties": {
        "fid": 704.0,
        "handle": "18072",
        "block": "-1",
        "etype": "25",
        "space": "0",
        "layer": "PLAK",
        "olinetype": "bylayer",
        "linetype": null,
        "color": "255,255,255,255",
        "ocolor": "7",
        "color24": "16777215",
        "transparen": "0",
        "lweight": "-1",
        "linewidth": 0.0,
        "ltscale": 1.0,
        "visible": "1",
        "thickness": 0.0,
        "ext": "(3:-0.003003440932991228,-0.004522054395397211,0.9999852650747446)",
        "height": 3.0,
        "text": "2073",
        "angle": 58.87298,
        "widthscale": 1.0,
        "oblique": 0.0,
        "style": "Standard",
        "textgen": "0",
        "alignh": "0",
        "alignv": "0",
        "interlin": -1.0,
        "lat": 29.79391,
        "lon": 52.45464
      },
      "geometry": {
        "type": "Point",
        "coordinates": [52.454641053647883, 29.79390551267015]
      }
    },
    {
      "type": "Feature",
      "properties": {
        "fid": 705.0,
        "handle": "18073",
        "block": "-1",
        "etype": "25",
        "space": "0",
        "layer": "PLAK",
        "olinetype": "bylayer",
        "linetype": null,
        "color": "255,255,255,255",
        "ocolor": "7",
        "color24": "16777215",
        "transparen": "0",
        "lweight": "-1",
        "linewidth": 0.0,
        "ltscale": 1.0,
        "visible": "1",
        "thickness": 0.0,
        "ext": "(3:-0.003003440932991228,-0.004522054395397211,0.9999852650747446)",
        "height": 3.0,
        "text": "2072",
        "angle": 58.87298,
        "widthscale": 1.0,
        "oblique": 0.0,
        "style": "Standard",
        "textgen": "0",
        "alignh": "0",
        "alignv": "0",
        "interlin": -1.0,
        "lat": 29.79385,
        "lon": 52.45475
      },
      "geometry": {
        "type": "Point",
        "coordinates": [52.45475488923784, 29.793846811041234]
      }
    },
    {
      "type": "Feature",
      "properties": {
        "fid": 706.0,
        "handle": "18074",
        "block": "-1",
        "etype": "25",
        "space": "0",
        "layer": "PLAK",
        "olinetype": "bylayer",
        "linetype": null,
        "color": "255,255,255,255",
        "ocolor": "7",
        "color24": "16777215",
        "transparen": "0",
        "lweight": "-1",
        "linewidth": 0.0,
        "ltscale": 1.0,
        "visible": "1",
        "thickness": 0.0,
        "ext": "(3:-0.003003440932991228,-0.004522054395397211,0.9999852650747446)",
        "height": 3.0,
        "text": "2071",
        "angle": 58.87298,
        "widthscale": 1.0,
        "oblique": 0.0,
        "style": "Standard",
        "textgen": "0",
        "alignh": "0",
        "alignv": "0",
        "interlin": -1.0,
        "lat": 29.7938,
        "lon": 52.45486
      },
      "geometry": {
        "type": "Point",
        "coordinates": [52.454855842282932, 29.793795675931026]
      }
    },
    {
      "type": "Feature",
      "properties": {
        "fid": 707.0,
        "handle": "18075",
        "block": "-1",
        "etype": "25",
        "space": "0",
        "layer": "PLAK",
        "olinetype": "bylayer",
        "linetype": null,
        "color": "255,255,255,255",
        "ocolor": "7",
        "color24": "16777215",
        "transparen": "0",
        "lweight": "-1",
        "linewidth": 0.0,
        "ltscale": 1.0,
        "visible": "1",
        "thickness": 0.0,
        "ext": "(3:-0.003003440932991228,-0.004522054395397211,0.9999852650747446)",
        "height": 3.0,
        "text": "2070",
        "angle": 58.87298,
        "widthscale": 1.0,
        "oblique": 0.0,
        "style": "Standard",
        "textgen": "0",
        "alignh": "0",
        "alignv": "0",
        "interlin": -1.0,
        "lat": 29.79373,
        "lon": 52.45495
      },
      "geometry": {
        "type": "Point",
        "coordinates": [52.454954567213953, 29.793729528590081]
      }
    },
    {
      "type": "Feature",
      "properties": {
        "fid": 708.0,
        "handle": "18076",
        "block": "-1",
        "etype": "25",
        "space": "0",
        "layer": "PLAK",
        "olinetype": "bylayer",
        "linetype": null,
        "color": "255,255,255,255",
        "ocolor": "7",
        "color24": "16777215",
        "transparen": "0",
        "lweight": "-1",
        "linewidth": 0.0,
        "ltscale": 1.0,
        "visible": "1",
        "thickness": 0.0,
        "ext": "(3:-0.003003440932991228,-0.004522054395397211,0.9999852650747446)",
        "height": 3.0,
        "text": "2069",
        "angle": 58.87298,
        "widthscale": 1.0,
        "oblique": 0.0,
        "style": "Standard",
        "textgen": "0",
        "alignh": "0",
        "alignv": "0",
        "interlin": -1.0,
        "lat": 29.79366,
        "lon": 52.4551
      },
      "geometry": {
        "type": "Point",
        "coordinates": [52.45509947144609, 29.793656639440623]
      }
    },
    {
      "type": "Feature",
      "properties": {
        "fid": 709.0,
        "handle": "18077",
        "block": "-1",
        "etype": "25",
        "space": "0",
        "layer": "PLAK",
        "olinetype": "bylayer",
        "linetype": null,
        "color": "255,255,255,255",
        "ocolor": "7",
        "color24": "16777215",
        "transparen": "0",
        "lweight": "-1",
        "linewidth": 0.0,
        "ltscale": 1.0,
        "visible": "1",
        "thickness": 0.0,
        "ext": "(3:-0.003003440932991228,-0.004522054395397211,0.9999852650747446)",
        "height": 3.0,
        "text": "2068",
        "angle": 58.87298,
        "widthscale": 1.0,
        "oblique": 0.0,
        "style": "Standard",
        "textgen": "0",
        "alignh": "0",
        "alignv": "0",
        "interlin": -1.0,
        "lat": 29.79361,
        "lon": 52.45516
      },
      "geometry": {
        "type": "Point",
        "coordinates": [52.455162853186017, 29.793611269778143]
      }
    },
    {
      "type": "Feature",
      "properties": {
        "fid": 710.0,
        "handle": "18078",
        "block": "-1",
        "etype": "25",
        "space": "0",
        "layer": "PLAK",
        "olinetype": "bylayer",
        "linetype": null,
        "color": "255,255,255,255",
        "ocolor": "7",
        "color24": "16777215",
        "transparen": "0",
        "lweight": "-1",
        "linewidth": 0.0,
        "ltscale": 1.0,
        "visible": "1",
        "thickness": 0.0,
        "ext": "(3:-0.003003440932991228,-0.004522054395397211,0.9999852650747446)",
        "height": 3.0,
        "text": "2067",
        "angle": 58.87298,
        "widthscale": 1.0,
        "oblique": 0.0,
        "style": "Standard",
        "textgen": "0",
        "alignh": "0",
        "alignv": "0",
        "interlin": -1.0,
        "lat": 29.79353,
        "lon": 52.45531
      },
      "geometry": {
        "type": "Point",
        "coordinates": [52.455313072055844, 29.793527116907935]
      }
    },
    {
      "type": "Feature",
      "properties": {
        "fid": 711.0,
        "handle": "18079",
        "block": "-1",
        "etype": "25",
        "space": "0",
        "layer": "PLAK",
        "olinetype": "bylayer",
        "linetype": null,
        "color": "255,255,255,255",
        "ocolor": "7",
        "color24": "16777215",
        "transparen": "0",
        "lweight": "-1",
        "linewidth": 0.0,
        "ltscale": 1.0,
        "visible": "1",
        "thickness": 0.0,
        "ext": "(3:-0.003003440932991228,-0.004522054395397211,0.9999852650747446)",
        "height": 3.0,
        "text": "2066",
        "angle": 58.87298,
        "widthscale": 1.0,
        "oblique": 0.0,
        "style": "Standard",
        "textgen": "0",
        "alignh": "0",
        "alignv": "0",
        "interlin": -1.0,
        "lat": 29.79348,
        "lon": 52.45537
      },
      "geometry": {
        "type": "Point",
        "coordinates": [52.455371077908815, 29.793480805695548]
      }
    },
    {
      "type": "Feature",
      "properties": {
        "fid": 712.0,
        "handle": "18080",
        "block": "-1",
        "etype": "25",
        "space": "0",
        "layer": "PLAK",
        "olinetype": "bylayer",
        "linetype": null,
        "color": "255,255,255,255",
        "ocolor": "7",
        "color24": "16777215",
        "transparen": "0",
        "lweight": "-1",
        "linewidth": 0.0,
        "ltscale": 1.0,
        "visible": "1",
        "thickness": 0.0,
        "ext": "(3:-0.003003440932991228,-0.004522054395397211,0.9999852650747446)",
        "height": 3.0,
        "text": "2065",
        "angle": 58.87298,
        "widthscale": 1.0,
        "oblique": 0.0,
        "style": "Standard",
        "textgen": "0",
        "alignh": "0",
        "alignv": "0",
        "interlin": -1.0,
        "lat": 29.79342,
        "lon": 52.45549
      },
      "geometry": {
        "type": "Point",
        "coordinates": [52.455489152147358, 29.793415551816057]
      }
    },
    {
      "type": "Feature",
      "properties": {
        "fid": 713.0,
        "handle": "18081",
        "block": "-1",
        "etype": "25",
        "space": "0",
        "layer": "PLAK",
        "olinetype": "bylayer",
        "linetype": null,
        "color": "255,255,255,255",
        "ocolor": "7",
        "color24": "16777215",
        "transparen": "0",
        "lweight": "-1",
        "linewidth": 0.0,
        "ltscale": 1.0,
        "visible": "1",
        "thickness": 0.0,
        "ext": "(3:-0.003003440932991228,-0.004522054395397211,0.9999852650747446)",
        "height": 3.0,
        "text": "2064",
        "angle": 58.87298,
        "widthscale": 1.0,
        "oblique": 0.0,
        "style": "Standard",
        "textgen": "0",
        "alignh": "0",
        "alignv": "0",
        "interlin": -1.0,
        "lat": 29.79337,
        "lon": 52.45558
      },
      "geometry": {
        "type": "Point",
        "coordinates": [52.45557725634859, 29.79337194395487]
      }
    },
    {
      "type": "Feature",
      "properties": {
        "fid": 714.0,
        "handle": "18082",
        "block": "-1",
        "etype": "25",
        "space": "0",
        "layer": "PLAK",
        "olinetype": "bylayer",
        "linetype": null,
        "color": "255,255,255,255",
        "ocolor": "7",
        "color24": "16777215",
        "transparen": "0",
        "lweight": "-1",
        "linewidth": 0.0,
        "ltscale": 1.0,
        "visible": "1",
        "thickness": 0.0,
        "ext": "(3:-0.003003440932991228,-0.004522054395397211,0.9999852650747446)",
        "height": 3.0,
        "text": "2063",
        "angle": 58.87298,
        "widthscale": 1.0,
        "oblique": 0.0,
        "style": "Standard",
        "textgen": "0",
        "alignh": "0",
        "alignv": "0",
        "interlin": -1.0,
        "lat": 29.79328,
        "lon": 52.45571
      },
      "geometry": {
        "type": "Point",
        "coordinates": [52.455705950015137, 29.793284121989831]
      }
    },
    {
      "type": "Feature",
      "properties": {
        "fid": 715.0,
        "handle": "18083",
        "block": "-1",
        "etype": "25",
        "space": "0",
        "layer": "PLAK",
        "olinetype": "bylayer",
        "linetype": null,
        "color": "255,255,255,255",
        "ocolor": "7",
        "color24": "16777215",
        "transparen": "0",
        "lweight": "-1",
        "linewidth": 0.0,
        "ltscale": 1.0,
        "visible": "1",
        "thickness": 0.0,
        "ext": "(3:-0.003003440932991228,-0.004522054395397211,0.9999852650747446)",
        "height": 3.0,
        "text": "2080",
        "angle": 58.87298,
        "widthscale": 1.0,
        "oblique": 0.0,
        "style": "Standard",
        "textgen": "0",
        "alignh": "0",
        "alignv": "0",
        "interlin": -1.0,
        "lat": 29.79408,
        "lon": 52.45388
      },
      "geometry": {
        "type": "Point",
        "coordinates": [52.453877483909487, 29.794080624107604]
      }
    },
    {
      "type": "Feature",
      "properties": {
        "fid": 716.0,
        "handle": "18084",
        "block": "-1",
        "etype": "25",
        "space": "0",
        "layer": "PLAK",
        "olinetype": "bylayer",
        "linetype": null,
        "color": "255,255,255,255",
        "ocolor": "7",
        "color24": "16777215",
        "transparen": "0",
        "lweight": "-1",
        "linewidth": 0.0,
        "ltscale": 1.0,
        "visible": "1",
        "thickness": 0.0,
        "ext": "(3:-0.003003440932991228,-0.004522054395397211,0.9999852650747446)",
        "height": 3.0,
        "text": "2081",
        "angle": 58.87298,
        "widthscale": 1.0,
        "oblique": 0.0,
        "style": "Standard",
        "textgen": "0",
        "alignh": "0",
        "alignv": "0",
        "interlin": -1.0,
        "lat": 29.79403,
        "lon": 52.45398
      },
      "geometry": {
        "type": "Point",
        "coordinates": [52.453981658298396, 29.794027597987871]
      }
    },
    {
      "type": "Feature",
      "properties": {
        "fid": 717.0,
        "handle": "18085",
        "block": "-1",
        "etype": "25",
        "space": "0",
        "layer": "PLAK",
        "olinetype": "bylayer",
        "linetype": null,
        "color": "255,255,255,255",
        "ocolor": "7",
        "color24": "16777215",
        "transparen": "0",
        "lweight": "-1",
        "linewidth": 0.0,
        "ltscale": 1.0,
        "visible": "1",
        "thickness": 0.0,
        "ext": "(3:-0.003003440932991228,-0.004522054395397211,0.9999852650747446)",
        "height": 3.0,
        "text": "2082",
        "angle": 58.87298,
        "widthscale": 1.0,
        "oblique": 0.0,
        "style": "Standard",
        "textgen": "0",
        "alignh": "0",
        "alignv": "0",
        "interlin": -1.0,
        "lat": 29.79394,
        "lon": 52.45413
      },
      "geometry": {
        "type": "Point",
        "coordinates": [52.454127558977945, 29.79393782330644]
      }
    },
    {
      "type": "Feature",
      "properties": {
        "fid": 718.0,
        "handle": "18086",
        "block": "-1",
        "etype": "25",
        "space": "0",
        "layer": "PLAK",
        "olinetype": "bylayer",
        "linetype": null,
        "color": "255,255,255,255",
        "ocolor": "7",
        "color24": "16777215",
        "transparen": "0",
        "lweight": "-1",
        "linewidth": 0.0,
        "ltscale": 1.0,
        "visible": "1",
        "thickness": 0.0,
        "ext": "(3:-0.003003440932991228,-0.004522054395397211,0.9999852650747446)",
        "height": 3.0,
        "text": "2083",
        "angle": 58.87298,
        "widthscale": 1.0,
        "oblique": 0.0,
        "style": "Standard",
        "textgen": "0",
        "alignh": "0",
        "alignv": "0",
        "interlin": -1.0,
        "lat": 29.79388,
        "lon": 52.45422
      },
      "geometry": {
        "type": "Point",
        "coordinates": [52.454222628338471, 29.793877904189436]
      }
    },
    {
      "type": "Feature",
      "properties": {
        "fid": 719.0,
        "handle": "18087",
        "block": "-1",
        "etype": "25",
        "space": "0",
        "layer": "PLAK",
        "olinetype": "bylayer",
        "linetype": null,
        "color": "255,255,255,255",
        "ocolor": "7",
        "color24": "16777215",
        "transparen": "0",
        "lweight": "-1",
        "linewidth": 0.0,
        "ltscale": 1.0,
        "visible": "1",
        "thickness": 0.0,
        "ext": "(3:-0.003003440932991228,-0.004522054395397211,0.9999852650747446)",
        "height": 3.0,
        "text": "2084",
        "angle": 58.87298,
        "widthscale": 1.0,
        "oblique": 0.0,
        "style": "Standard",
        "textgen": "0",
        "alignh": "0",
        "alignv": "0",
        "interlin": -1.0,
        "lat": 29.79382,
        "lon": 52.45434
      },
      "geometry": {
        "type": "Point",
        "coordinates": [52.454338008811746, 29.793822366476636]
      }
    },
    {
      "type": "Feature",
      "properties": {
        "fid": 720.0,
        "handle": "18088",
        "block": "-1",
        "etype": "25",
        "space": "0",
        "layer": "PLAK",
        "olinetype": "bylayer",
        "linetype": null,
        "color": "255,255,255,255",
        "ocolor": "7",
        "color24": "16777215",
        "transparen": "0",
        "lweight": "-1",
        "linewidth": 0.0,
        "ltscale": 1.0,
        "visible": "1",
        "thickness": 0.0,
        "ext": "(3:-0.003003440932991228,-0.004522054395397211,0.9999852650747446)",
        "height": 3.0,
        "text": "2085",
        "angle": 58.87298,
        "widthscale": 1.0,
        "oblique": 0.0,
        "style": "Standard",
        "textgen": "0",
        "alignh": "0",
        "alignv": "0",
        "interlin": -1.0,
        "lat": 29.79378,
        "lon": 52.45439
      },
      "geometry": {
        "type": "Point",
        "coordinates": [52.454394952131139, 29.793780769681462]
      }
    },
    {
      "type": "Feature",
      "properties": {
        "fid": 721.0,
        "handle": "18089",
        "block": "-1",
        "etype": "25",
        "space": "0",
        "layer": "PLAK",
        "olinetype": "bylayer",
        "linetype": null,
        "color": "255,255,255,255",
        "ocolor": "7",
        "color24": "16777215",
        "transparen": "0",
        "lweight": "-1",
        "linewidth": 0.0,
        "ltscale": 1.0,
        "visible": "1",
        "thickness": 0.0,
        "ext": "(3:-0.003003440932991228,-0.004522054395397211,0.9999852650747446)",
        "height": 3.0,
        "text": "2086",
        "angle": 58.87298,
        "widthscale": 1.0,
        "oblique": 0.0,
        "style": "Standard",
        "textgen": "0",
        "alignh": "0",
        "alignv": "0",
        "interlin": -1.0,
        "lat": 29.79373,
        "lon": 52.4545
      },
      "geometry": {
        "type": "Point",
        "coordinates": [52.454502346529047, 29.793725851535282]
      }
    },
    {
      "type": "Feature",
      "properties": {
        "fid": 722.0,
        "handle": "18090",
        "block": "-1",
        "etype": "25",
        "space": "0",
        "layer": "PLAK",
        "olinetype": "bylayer",
        "linetype": null,
        "color": "255,255,255,255",
        "ocolor": "7",
        "color24": "16777215",
        "transparen": "0",
        "lweight": "-1",
        "linewidth": 0.0,
        "ltscale": 1.0,
        "visible": "1",
        "thickness": 0.0,
        "ext": "(3:-0.003003440932991228,-0.004522054395397211,0.9999852650747446)",
        "height": 3.0,
        "text": "2087",
        "angle": 58.87298,
        "widthscale": 1.0,
        "oblique": 0.0,
        "style": "Standard",
        "textgen": "0",
        "alignh": "0",
        "alignv": "0",
        "interlin": -1.0,
        "lat": 29.79364,
        "lon": 52.45465
      },
      "geometry": {
        "type": "Point",
        "coordinates": [52.454653597332126, 29.793637013542867]
      }
    },
    {
      "type": "Feature",
      "properties": {
        "fid": 723.0,
        "handle": "18091",
        "block": "-1",
        "etype": "25",
        "space": "0",
        "layer": "PLAK",
        "olinetype": "bylayer",
        "linetype": null,
        "color": "255,255,255,255",
        "ocolor": "7",
        "color24": "16777215",
        "transparen": "0",
        "lweight": "-1",
        "linewidth": 0.0,
        "ltscale": 1.0,
        "visible": "1",
        "thickness": 0.0,
        "ext": "(3:-0.003003440932991228,-0.004522054395397211,0.9999852650747446)",
        "height": 3.0,
        "text": "2088",
        "angle": 58.87298,
        "widthscale": 1.0,
        "oblique": 0.0,
        "style": "Standard",
        "textgen": "0",
        "alignh": "0",
        "alignv": "0",
        "interlin": -1.0,
        "lat": 29.7936,
        "lon": 52.45471
      },
      "geometry": {
        "type": "Point",
        "coordinates": [52.454709519072871, 29.793600087337175]
      }
    },
    {
      "type": "Feature",
      "properties": {
        "fid": 724.0,
        "handle": "18092",
        "block": "-1",
        "etype": "25",
        "space": "0",
        "layer": "PLAK",
        "olinetype": "bylayer",
        "linetype": null,
        "color": "255,255,255,255",
        "ocolor": "7",
        "color24": "16777215",
        "transparen": "0",
        "lweight": "-1",
        "linewidth": 0.0,
        "ltscale": 1.0,
        "visible": "1",
        "thickness": 0.0,
        "ext": "(3:-0.003003440932991228,-0.004522054395397211,0.9999852650747446)",
        "height": 3.0,
        "text": "2089",
        "angle": 58.87298,
        "widthscale": 1.0,
        "oblique": 0.0,
        "style": "Standard",
        "textgen": "0",
        "alignh": "0",
        "alignv": "0",
        "interlin": -1.0,
        "lat": 29.79354,
        "lon": 52.45481
      },
      "geometry": {
        "type": "Point",
        "coordinates": [52.454814745800014, 29.793542361745178]
      }
    },
    {
      "type": "Feature",
      "properties": {
        "fid": 725.0,
        "handle": "18093",
        "block": "-1",
        "etype": "25",
        "space": "0",
        "layer": "PLAK",
        "olinetype": "bylayer",
        "linetype": null,
        "color": "255,255,255,255",
        "ocolor": "7",
        "color24": "16777215",
        "transparen": "0",
        "lweight": "-1",
        "linewidth": 0.0,
        "ltscale": 1.0,
        "visible": "1",
        "thickness": 0.0,
        "ext": "(3:-0.003003440932991228,-0.004522054395397211,0.9999852650747446)",
        "height": 3.0,
        "text": "2090",
        "angle": 58.87298,
        "widthscale": 1.0,
        "oblique": 0.0,
        "style": "Standard",
        "textgen": "0",
        "alignh": "0",
        "alignv": "0",
        "interlin": -1.0,
        "lat": 29.79347,
        "lon": 52.45496
      },
      "geometry": {
        "type": "Point",
        "coordinates": [52.454957470204427, 29.793466663466823]
      }
    },
    {
      "type": "Feature",
      "properties": {
        "fid": 726.0,
        "handle": "18094",
        "block": "-1",
        "etype": "25",
        "space": "0",
        "layer": "PLAK",
        "olinetype": "bylayer",
        "linetype": null,
        "color": "255,255,255,255",
        "ocolor": "7",
        "color24": "16777215",
        "transparen": "0",
        "lweight": "-1",
        "linewidth": 0.0,
        "ltscale": 1.0,
        "visible": "1",
        "thickness": 0.0,
        "ext": "(3:-0.003003440932991228,-0.004522054395397211,0.9999852650747446)",
        "height": 3.0,
        "text": "2091",
        "angle": 58.87298,
        "widthscale": 1.0,
        "oblique": 0.0,
        "style": "Standard",
        "textgen": "0",
        "alignh": "0",
        "alignv": "0",
        "interlin": -1.0,
        "lat": 29.79342,
        "lon": 52.45502
      },
      "geometry": {
        "type": "Point",
        "coordinates": [52.455020864267333, 29.793421295907333]
      }
    },
    {
      "type": "Feature",
      "properties": {
        "fid": 727.0,
        "handle": "18095",
        "block": "-1",
        "etype": "25",
        "space": "0",
        "layer": "PLAK",
        "olinetype": "bylayer",
        "linetype": null,
        "color": "255,255,255,255",
        "ocolor": "7",
        "color24": "16777215",
        "transparen": "0",
        "lweight": "-1",
        "linewidth": 0.0,
        "ltscale": 1.0,
        "visible": "1",
        "thickness": 0.0,
        "ext": "(3:-0.003003440932991228,-0.004522054395397211,0.9999852650747446)",
        "height": 3.0,
        "text": "2092",
        "angle": 58.87298,
        "widthscale": 1.0,
        "oblique": 0.0,
        "style": "Standard",
        "textgen": "0",
        "alignh": "0",
        "alignv": "0",
        "interlin": -1.0,
        "lat": 29.79336,
        "lon": 52.45512
      },
      "geometry": {
        "type": "Point",
        "coordinates": [52.455120702710161, 29.793362654549497]
      }
    },
    {
      "type": "Feature",
      "properties": {
        "fid": 728.0,
        "handle": "18096",
        "block": "-1",
        "etype": "25",
        "space": "0",
        "layer": "PLAK",
        "olinetype": "bylayer",
        "linetype": null,
        "color": "255,255,255,255",
        "ocolor": "7",
        "color24": "16777215",
        "transparen": "0",
        "lweight": "-1",
        "linewidth": 0.0,
        "ltscale": 1.0,
        "visible": "1",
        "thickness": 0.0,
        "ext": "(3:-0.003003440932991228,-0.004522054395397211,0.9999852650747446)",
        "height": 3.0,
        "text": "2093",
        "angle": 58.87298,
        "widthscale": 1.0,
        "oblique": 0.0,
        "style": "Standard",
        "textgen": "0",
        "alignh": "0",
        "alignv": "0",
        "interlin": -1.0,
        "lat": 29.7933,
        "lon": 52.45523
      },
      "geometry": {
        "type": "Point",
        "coordinates": [52.455232370124975, 29.793301145321983]
      }
    },
    {
      "type": "Feature",
      "properties": {
        "fid": 729.0,
        "handle": "18097",
        "block": "-1",
        "etype": "25",
        "space": "0",
        "layer": "PLAK",
        "olinetype": "bylayer",
        "linetype": null,
        "color": "255,255,255,255",
        "ocolor": "7",
        "color24": "16777215",
        "transparen": "0",
        "lweight": "-1",
        "linewidth": 0.0,
        "ltscale": 1.0,
        "visible": "1",
        "thickness": 0.0,
        "ext": "(3:-0.003003440932991228,-0.004522054395397211,0.9999852650747446)",
        "height": 3.0,
        "text": "2094",
        "angle": 58.87298,
        "widthscale": 1.0,
        "oblique": 0.0,
        "style": "Standard",
        "textgen": "0",
        "alignh": "0",
        "alignv": "0",
        "interlin": -1.0,
        "lat": 29.79325,
        "lon": 52.45533
      },
      "geometry": {
        "type": "Point",
        "coordinates": [52.455334375627309, 29.793245311003872]
      }
    },
    {
      "type": "Feature",
      "properties": {
        "fid": 730.0,
        "handle": "18098",
        "block": "-1",
        "etype": "25",
        "space": "0",
        "layer": "PLAK",
        "olinetype": "bylayer",
        "linetype": null,
        "color": "255,255,255,255",
        "ocolor": "7",
        "color24": "16777215",
        "transparen": "0",
        "lweight": "-1",
        "linewidth": 0.0,
        "ltscale": 1.0,
        "visible": "1",
        "thickness": 0.0,
        "ext": "(3:-0.003003440932991228,-0.004522054395397211,0.9999852650747446)",
        "height": 3.0,
        "text": "2095",
        "angle": 58.87298,
        "widthscale": 1.0,
        "oblique": 0.0,
        "style": "Standard",
        "textgen": "0",
        "alignh": "0",
        "alignv": "0",
        "interlin": -1.0,
        "lat": 29.79317,
        "lon": 52.45546
      },
      "geometry": {
        "type": "Point",
        "coordinates": [52.455459840557353, 29.793167518153624]
      }
    },
    {
      "type": "Feature",
      "properties": {
        "fid": 731.0,
        "handle": "18099",
        "block": "-1",
        "etype": "25",
        "space": "0",
        "layer": "PLAK",
        "olinetype": "bylayer",
        "linetype": null,
        "color": "255,255,255,255",
        "ocolor": "7",
        "color24": "16777215",
        "transparen": "0",
        "lweight": "-1",
        "linewidth": 0.0,
        "ltscale": 1.0,
        "visible": "1",
        "thickness": 0.0,
        "ext": "(3:-0.003003440932991228,-0.004522054395397211,0.9999852650747446)",
        "height": 3.0,
        "text": "2096",
        "angle": 58.87298,
        "widthscale": 1.0,
        "oblique": 0.0,
        "style": "Standard",
        "textgen": "0",
        "alignh": "0",
        "alignv": "0",
        "interlin": -1.0,
        "lat": 29.79312,
        "lon": 52.45554
      },
      "geometry": {
        "type": "Point",
        "coordinates": [52.455539378813747, 29.793116738390086]
      }
    },
    {
      "type": "Feature",
      "properties": {
        "fid": 732.0,
        "handle": "18131",
        "block": "-1",
        "etype": "25",
        "space": "0",
        "layer": "PLAK",
        "olinetype": "bylayer",
        "linetype": null,
        "color": "255,255,255,255",
        "ocolor": "7",
        "color24": "16777215",
        "transparen": "0",
        "lweight": "-1",
        "linewidth": 0.0,
        "ltscale": 1.0,
        "visible": "1",
        "thickness": 0.0,
        "ext": "(3:-0.003003440932991228,-0.004522054395397211,0.9999852650747446)",
        "height": 3.12,
        "text": "2140",
        "angle": 54.46998,
        "widthscale": 1.0,
        "oblique": 0.0,
        "style": "Standard",
        "textgen": "0",
        "alignh": "0",
        "alignv": "0",
        "interlin": -1.0,
        "lat": 29.79021,
        "lon": 52.466
      },
      "geometry": {
        "type": "Point",
        "coordinates": [52.466004029822464, 29.790205179507797]
      }
    },
    {
      "type": "Feature",
      "properties": {
        "fid": 738.0,
        "handle": "19159",
        "block": "-1",
        "etype": "25",
        "space": "0",
        "layer": "PLAK",
        "olinetype": "bylayer",
        "linetype": null,
        "color": "255,255,255,255",
        "ocolor": "7",
        "color24": "16777215",
        "transparen": "0",
        "lweight": "-1",
        "linewidth": 0.0,
        "ltscale": 1.0,
        "visible": "1",
        "thickness": 0.0,
        "ext": "(3:-0.003003440932991228,-0.004522054395397211,0.9999852650747446)",
        "height": 3.12,
        "text": "2142",
        "angle": 58.87298,
        "widthscale": 1.0,
        "oblique": 0.0,
        "style": "Standard",
        "textgen": "0",
        "alignh": "0",
        "alignv": "0",
        "interlin": -1.0,
        "lat": 29.78903,
        "lon": 52.46767
      },
      "geometry": {
        "type": "Point",
        "coordinates": [52.467671095991605, 29.789030666892984]
      }
    },
    {
      "type": "Feature",
      "properties": {
        "fid": 739.0,
        "handle": "19160",
        "block": "-1",
        "etype": "25",
        "space": "0",
        "layer": "PLAK",
        "olinetype": "bylayer",
        "linetype": null,
        "color": "255,255,255,255",
        "ocolor": "7",
        "color24": "16777215",
        "transparen": "0",
        "lweight": "-1",
        "linewidth": 0.0,
        "ltscale": 1.0,
        "visible": "1",
        "thickness": 0.0,
        "ext": "(3:-0.003003440932991228,-0.004522054395397211,0.9999852650747446)",
        "height": 3.12,
        "text": "2143",
        "angle": 58.87298,
        "widthscale": 1.0,
        "oblique": 0.0,
        "style": "Standard",
        "textgen": "0",
        "alignh": "0",
        "alignv": "0",
        "interlin": -1.0,
        "lat": 29.78855,
        "lon": 52.46729
      },
      "geometry": {
        "type": "Point",
        "coordinates": [52.467286421973448, 29.788550614024071]
      }
    },
    {
      "type": "Feature",
      "properties": {
        "fid": 740.0,
        "handle": "19161",
        "block": "-1",
        "etype": "25",
        "space": "0",
        "layer": "PLAK",
        "olinetype": "bylayer",
        "linetype": null,
        "color": "255,255,255,255",
        "ocolor": "7",
        "color24": "16777215",
        "transparen": "0",
        "lweight": "-1",
        "linewidth": 0.0,
        "ltscale": 1.0,
        "visible": "1",
        "thickness": 0.0,
        "ext": "(3:-0.003003440932991228,-0.004522054395397211,0.9999852650747446)",
        "height": 3.12,
        "text": "2144",
        "angle": 58.87298,
        "widthscale": 1.0,
        "oblique": 0.0,
        "style": "Standard",
        "textgen": "0",
        "alignh": "0",
        "alignv": "0",
        "interlin": -1.0,
        "lat": 29.78797,
        "lon": 52.46694
      },
      "geometry": {
        "type": "Point",
        "coordinates": [52.466943952279365, 29.787965921766091]
      }
    },
    {
      "type": "Feature",
      "properties": {
        "fid": 741.0,
        "handle": "19162",
        "block": "-1",
        "etype": "25",
        "space": "0",
        "layer": "PLAK",
        "olinetype": "bylayer",
        "linetype": null,
        "color": "255,255,255,255",
        "ocolor": "7",
        "color24": "16777215",
        "transparen": "0",
        "lweight": "-1",
        "linewidth": 0.0,
        "ltscale": 1.0,
        "visible": "1",
        "thickness": 0.0,
        "ext": "(3:-0.003003440932991228,-0.004522054395397211,0.9999852650747446)",
        "height": 3.12,
        "text": "2145",
        "angle": 58.87298,
        "widthscale": 1.0,
        "oblique": 0.0,
        "style": "Standard",
        "textgen": "0",
        "alignh": "0",
        "alignv": "0",
        "interlin": -1.0,
        "lat": 29.78769,
        "lon": 52.46672
      },
      "geometry": {
        "type": "Point",
        "coordinates": [52.466723755292982, 29.787686427307033]
      }
    },
    {
      "type": "Feature",
      "properties": {
        "fid": 742.0,
        "handle": "19163",
        "block": "-1",
        "etype": "25",
        "space": "0",
        "layer": "PLAK",
        "olinetype": "bylayer",
        "linetype": null,
        "color": "255,255,255,255",
        "ocolor": "7",
        "color24": "16777215",
        "transparen": "0",
        "lweight": "-1",
        "linewidth": 0.0,
        "ltscale": 1.0,
        "visible": "1",
        "thickness": 0.0,
        "ext": "(3:-0.003003440932991228,-0.004522054395397211,0.9999852650747446)",
        "height": 3.12,
        "text": "2146",
        "angle": 58.87298,
        "widthscale": 1.0,
        "oblique": 0.0,
        "style": "Standard",
        "textgen": "0",
        "alignh": "0",
        "alignv": "0",
        "interlin": -1.0,
        "lat": 29.78725,
        "lon": 52.46638
      },
      "geometry": {
        "type": "Point",
        "coordinates": [52.466382600789615, 29.787247819838232]
      }
    },
    {
      "type": "Feature",
      "properties": {
        "fid": 743.0,
        "handle": "19164",
        "block": "-1",
        "etype": "25",
        "space": "0",
        "layer": "PLAK",
        "olinetype": "bylayer",
        "linetype": null,
        "color": "255,255,255,255",
        "ocolor": "7",
        "color24": "16777215",
        "transparen": "0",
        "lweight": "-1",
        "linewidth": 0.0,
        "ltscale": 1.0,
        "visible": "1",
        "thickness": 0.0,
        "ext": "(3:-0.003003440932991228,-0.004522054395397211,0.9999852650747446)",
        "height": 3.12,
        "text": "1471",
        "angle": 58.87298,
        "widthscale": 1.0,
        "oblique": 0.0,
        "style": "Standard",
        "textgen": "0",
        "alignh": "0",
        "alignv": "0",
        "interlin": -1.0,
        "lat": 29.7869,
        "lon": 52.46633
      },
      "geometry": {
        "type": "Point",
        "coordinates": [52.466327990534758, 29.78689554869776]
      }
    },
    {
      "type": "Feature",
      "properties": {
        "fid": 744.0,
        "handle": "19165",
        "block": "-1",
        "etype": "25",
        "space": "0",
        "layer": "PLAK",
        "olinetype": "bylayer",
        "linetype": null,
        "color": "255,255,255,255",
        "ocolor": "7",
        "color24": "16777215",
        "transparen": "0",
        "lweight": "-1",
        "linewidth": 0.0,
        "ltscale": 1.0,
        "visible": "1",
        "thickness": 0.0,
        "ext": "(3:-0.003003440932991228,-0.004522054395397211,0.9999852650747446)",
        "height": 3.12,
        "text": "2141",
        "angle": 58.87298,
        "widthscale": 1.0,
        "oblique": 0.0,
        "style": "Standard",
        "textgen": "0",
        "alignh": "0",
        "alignv": "0",
        "interlin": -1.0,
        "lat": 29.78947,
        "lon": 52.46809
      },
      "geometry": {
        "type": "Point",
        "coordinates": [52.468086746954114, 29.789474452563667]
      }
    },
    {
      "type": "Feature",
      "properties": {
        "fid": 777.0,
        "handle": "19274",
        "block": "-1",
        "etype": "25",
        "space": "0",
        "layer": "PLAK",
        "olinetype": "bylayer",
        "linetype": null,
        "color": "255,255,255,255",
        "ocolor": "7",
        "color24": "16777215",
        "transparen": "0",
        "lweight": "-1",
        "linewidth": 0.0,
        "ltscale": 1.0,
        "visible": "1",
        "thickness": 0.0,
        "ext": "(3:0.007296074400313781,-0.004386196785802926,0.9999637636315135)",
        "height": 3.0,
        "text": "2109",
        "angle": 58.87569,
        "widthscale": 1.0,
        "oblique": 0.0,
        "style": "Standard",
        "textgen": "0",
        "alignh": "0",
        "alignv": "0",
        "interlin": -1.0,
        "lat": 29.79481,
        "lon": 52.45725
      },
      "geometry": {
        "type": "Point",
        "coordinates": [52.45724794707548, 29.794814213544402]
      }
    },
    {
      "type": "Feature",
      "properties": {
        "fid": 778.0,
        "handle": "19275",
        "block": "-1",
        "etype": "25",
        "space": "0",
        "layer": "PLAK",
        "olinetype": "bylayer",
        "linetype": null,
        "color": "255,255,255,255",
        "ocolor": "7",
        "color24": "16777215",
        "transparen": "0",
        "lweight": "-1",
        "linewidth": 0.0,
        "ltscale": 1.0,
        "visible": "1",
        "thickness": 0.0,
        "ext": "(3:0.007296074400313781,-0.004386196785802926,0.9999637636315135)",
        "height": 3.0,
        "text": "2108",
        "angle": 58.87569,
        "widthscale": 1.0,
        "oblique": 0.0,
        "style": "Standard",
        "textgen": "0",
        "alignh": "0",
        "alignv": "0",
        "interlin": -1.0,
        "lat": 29.79475,
        "lon": 52.45735
      },
      "geometry": {
        "type": "Point",
        "coordinates": [52.457346604497062, 29.794752604699681]
      }
    },
    {
      "type": "Feature",
      "properties": {
        "fid": 779.0,
        "handle": "19276",
        "block": "-1",
        "etype": "25",
        "space": "0",
        "layer": "PLAK",
        "olinetype": "bylayer",
        "linetype": null,
        "color": "255,255,255,255",
        "ocolor": "7",
        "color24": "16777215",
        "transparen": "0",
        "lweight": "-1",
        "linewidth": 0.0,
        "ltscale": 1.0,
        "visible": "1",
        "thickness": 0.0,
        "ext": "(3:0.007296074400313781,-0.004386196785802926,0.9999637636315135)",
        "height": 3.0,
        "text": "2107",
        "angle": 58.87569,
        "widthscale": 1.0,
        "oblique": 0.0,
        "style": "Standard",
        "textgen": "0",
        "alignh": "0",
        "alignv": "0",
        "interlin": -1.0,
        "lat": 29.79469,
        "lon": 52.45745
      },
      "geometry": {
        "type": "Point",
        "coordinates": [52.457448157408102, 29.794690950892353]
      }
    },
    {
      "type": "Feature",
      "properties": {
        "fid": 780.0,
        "handle": "19277",
        "block": "-1",
        "etype": "25",
        "space": "0",
        "layer": "PLAK",
        "olinetype": "bylayer",
        "linetype": null,
        "color": "255,255,255,255",
        "ocolor": "7",
        "color24": "16777215",
        "transparen": "0",
        "lweight": "-1",
        "linewidth": 0.0,
        "ltscale": 1.0,
        "visible": "1",
        "thickness": 0.0,
        "ext": "(3:0.007296074400313781,-0.004386196785802926,0.9999637636315135)",
        "height": 3.0,
        "text": "2106",
        "angle": 58.87569,
        "widthscale": 1.0,
        "oblique": 0.0,
        "style": "Standard",
        "textgen": "0",
        "alignh": "0",
        "alignv": "0",
        "interlin": -1.0,
        "lat": 29.79463,
        "lon": 52.45756
      },
      "geometry": {
        "type": "Point",
        "coordinates": [52.457556502500474, 29.794631994986656]
      }
    },
    {
      "type": "Feature",
      "properties": {
        "fid": 781.0,
        "handle": "19278",
        "block": "-1",
        "etype": "25",
        "space": "0",
        "layer": "PLAK",
        "olinetype": "bylayer",
        "linetype": null,
        "color": "255,255,255,255",
        "ocolor": "7",
        "color24": "16777215",
        "transparen": "0",
        "lweight": "-1",
        "linewidth": 0.0,
        "ltscale": 1.0,
        "visible": "1",
        "thickness": 0.0,
        "ext": "(3:0.007296074400313781,-0.004386196785802926,0.9999637636315135)",
        "height": 3.0,
        "text": "2105",
        "angle": 58.87569,
        "widthscale": 1.0,
        "oblique": 0.0,
        "style": "Standard",
        "textgen": "0",
        "alignh": "0",
        "alignv": "0",
        "interlin": -1.0,
        "lat": 29.79457,
        "lon": 52.45766
      },
      "geometry": {
        "type": "Point",
        "coordinates": [52.457659425809801, 29.794574042892908]
      }
    },
    {
      "type": "Feature",
      "properties": {
        "fid": 782.0,
        "handle": "19279",
        "block": "-1",
        "etype": "25",
        "space": "0",
        "layer": "PLAK",
        "olinetype": "bylayer",
        "linetype": null,
        "color": "255,255,255,255",
        "ocolor": "7",
        "color24": "16777215",
        "transparen": "0",
        "lweight": "-1",
        "linewidth": 0.0,
        "ltscale": 1.0,
        "visible": "1",
        "thickness": 0.0,
        "ext": "(3:0.007296074400313781,-0.004386196785802926,0.9999637636315135)",
        "height": 3.0,
        "text": "2104",
        "angle": 58.87569,
        "widthscale": 1.0,
        "oblique": 0.0,
        "style": "Standard",
        "textgen": "0",
        "alignh": "0",
        "alignv": "0",
        "interlin": -1.0,
        "lat": 29.79451,
        "lon": 52.45776
      },
      "geometry": {
        "type": "Point",
        "coordinates": [52.457759566952284, 29.794511335378651]
      }
    },
    {
      "type": "Feature",
      "properties": {
        "fid": 783.0,
        "handle": "19280",
        "block": "-1",
        "etype": "25",
        "space": "0",
        "layer": "PLAK",
        "olinetype": "bylayer",
        "linetype": null,
        "color": "255,255,255,255",
        "ocolor": "7",
        "color24": "16777215",
        "transparen": "0",
        "lweight": "-1",
        "linewidth": 0.0,
        "ltscale": 1.0,
        "visible": "1",
        "thickness": 0.0,
        "ext": "(3:0.007296074400313781,-0.004386196785802926,0.9999637636315135)",
        "height": 3.0,
        "text": "2103",
        "angle": 58.87569,
        "widthscale": 1.0,
        "oblique": 0.0,
        "style": "Standard",
        "textgen": "0",
        "alignh": "0",
        "alignv": "0",
        "interlin": -1.0,
        "lat": 29.79445,
        "lon": 52.45786
      },
      "geometry": {
        "type": "Point",
        "coordinates": [52.457863487119717, 29.79444983162097]
      }
    },
    {
      "type": "Feature",
      "properties": {
        "fid": 784.0,
        "handle": "19281",
        "block": "-1",
        "etype": "25",
        "space": "0",
        "layer": "PLAK",
        "olinetype": "bylayer",
        "linetype": null,
        "color": "255,255,255,255",
        "ocolor": "7",
        "color24": "16777215",
        "transparen": "0",
        "lweight": "-1",
        "linewidth": 0.0,
        "ltscale": 1.0,
        "visible": "1",
        "thickness": 0.0,
        "ext": "(3:0.007296074400313781,-0.004386196785802926,0.9999637636315135)",
        "height": 3.0,
        "text": "2102",
        "angle": 58.87569,
        "widthscale": 1.0,
        "oblique": 0.0,
        "style": "Standard",
        "textgen": "0",
        "alignh": "0",
        "alignv": "0",
        "interlin": -1.0,
        "lat": 29.79439,
        "lon": 52.45796
      },
      "geometry": {
        "type": "Point",
        "coordinates": [52.457963657772162, 29.794390604743629]
      }
    },
    {
      "type": "Feature",
      "properties": {
        "fid": 785.0,
        "handle": "19282",
        "block": "-1",
        "etype": "25",
        "space": "0",
        "layer": "PLAK",
        "olinetype": "bylayer",
        "linetype": null,
        "color": "255,255,255,255",
        "ocolor": "7",
        "color24": "16777215",
        "transparen": "0",
        "lweight": "-1",
        "linewidth": 0.0,
        "ltscale": 1.0,
        "visible": "1",
        "thickness": 0.0,
        "ext": "(3:0.007296074400313781,-0.004386196785802926,0.9999637636315135)",
        "height": 3.0,
        "text": "2101",
        "angle": 58.87569,
        "widthscale": 1.0,
        "oblique": 0.0,
        "style": "Standard",
        "textgen": "0",
        "alignh": "0",
        "alignv": "0",
        "interlin": -1.0,
        "lat": 29.79433,
        "lon": 52.45807
      },
      "geometry": {
        "type": "Point",
        "coordinates": [52.45807335252379, 29.79433008717611]
      }
    },
    {
      "type": "Feature",
      "properties": {
        "fid": 786.0,
        "handle": "19283",
        "block": "-1",
        "etype": "25",
        "space": "0",
        "layer": "PLAK",
        "olinetype": "bylayer",
        "linetype": null,
        "color": "255,255,255,255",
        "ocolor": "7",
        "color24": "16777215",
        "transparen": "0",
        "lweight": "-1",
        "linewidth": 0.0,
        "ltscale": 1.0,
        "visible": "1",
        "thickness": 0.0,
        "ext": "(3:0.007296074400313781,-0.004386196785802926,0.9999637636315135)",
        "height": 3.0,
        "text": "2100",
        "angle": 58.87569,
        "widthscale": 1.0,
        "oblique": 0.0,
        "style": "Standard",
        "textgen": "0",
        "alignh": "0",
        "alignv": "0",
        "interlin": -1.0,
        "lat": 29.79427,
        "lon": 52.45817
      },
      "geometry": {
        "type": "Point",
        "coordinates": [52.458174937309124, 29.794271100442632]
      }
    },
    {
      "type": "Feature",
      "properties": {
        "fid": 787.0,
        "handle": "19284",
        "block": "-1",
        "etype": "25",
        "space": "0",
        "layer": "PLAK",
        "olinetype": "bylayer",
        "linetype": null,
        "color": "255,255,255,255",
        "ocolor": "7",
        "color24": "16777215",
        "transparen": "0",
        "lweight": "-1",
        "linewidth": 0.0,
        "ltscale": 1.0,
        "visible": "1",
        "thickness": 0.0,
        "ext": "(3:0.007296074400313781,-0.004386196785802926,0.9999637636315135)",
        "height": 3.0,
        "text": "2110",
        "angle": 58.87569,
        "widthscale": 1.0,
        "oblique": 0.0,
        "style": "Standard",
        "textgen": "0",
        "alignh": "0",
        "alignv": "0",
        "interlin": -1.0,
        "lat": 29.79458,
        "lon": 52.45706
      },
      "geometry": {
        "type": "Point",
        "coordinates": [52.45705838904879, 29.79457924125202]
      }
    },
    {
      "type": "Feature",
      "properties": {
        "fid": 788.0,
        "handle": "19285",
        "block": "-1",
        "etype": "25",
        "space": "0",
        "layer": "PLAK",
        "olinetype": "bylayer",
        "linetype": null,
        "color": "255,255,255,255",
        "ocolor": "7",
        "color24": "16777215",
        "transparen": "0",
        "lweight": "-1",
        "linewidth": 0.0,
        "ltscale": 1.0,
        "visible": "1",
        "thickness": 0.0,
        "ext": "(3:0.007296074400313781,-0.004386196785802926,0.9999637636315135)",
        "height": 3.0,
        "text": "2111",
        "angle": 58.87569,
        "widthscale": 1.0,
        "oblique": 0.0,
        "style": "Standard",
        "textgen": "0",
        "alignh": "0",
        "alignv": "0",
        "interlin": -1.0,
        "lat": 29.79452,
        "lon": 52.45716
      },
      "geometry": {
        "type": "Point",
        "coordinates": [52.457164160466952, 29.794523112582102]
      }
    },
    {
      "type": "Feature",
      "properties": {
        "fid": 789.0,
        "handle": "19286",
        "block": "-1",
        "etype": "25",
        "space": "0",
        "layer": "PLAK",
        "olinetype": "bylayer",
        "linetype": null,
        "color": "255,255,255,255",
        "ocolor": "7",
        "color24": "16777215",
        "transparen": "0",
        "lweight": "-1",
        "linewidth": 0.0,
        "ltscale": 1.0,
        "visible": "1",
        "thickness": 0.0,
        "ext": "(3:0.007296074400313781,-0.004386196785802926,0.9999637636315135)",
        "height": 3.0,
        "text": "2112",
        "angle": 58.87569,
        "widthscale": 1.0,
        "oblique": 0.0,
        "style": "Standard",
        "textgen": "0",
        "alignh": "0",
        "alignv": "0",
        "interlin": -1.0,
        "lat": 29.79446,
        "lon": 52.45727
      },
      "geometry": {
        "type": "Point",
        "coordinates": [52.457273771249291, 29.794463751861286]
      }
    },
    {
      "type": "Feature",
      "properties": {
        "fid": 790.0,
        "handle": "19287",
        "block": "-1",
        "etype": "25",
        "space": "0",
        "layer": "PLAK",
        "olinetype": "bylayer",
        "linetype": null,
        "color": "255,255,255,255",
        "ocolor": "7",
        "color24": "16777215",
        "transparen": "0",
        "lweight": "-1",
        "linewidth": 0.0,
        "ltscale": 1.0,
        "visible": "1",
        "thickness": 0.0,
        "ext": "(3:0.007296074400313781,-0.004386196785802926,0.9999637636315135)",
        "height": 3.0,
        "text": "2113",
        "angle": 58.87569,
        "widthscale": 1.0,
        "oblique": 0.0,
        "style": "Standard",
        "textgen": "0",
        "alignh": "0",
        "alignv": "0",
        "interlin": -1.0,
        "lat": 29.79442,
        "lon": 52.45738
      },
      "geometry": {
        "type": "Point",
        "coordinates": [52.457379851304381, 29.794415066675583]
      }
    },
    {
      "type": "Feature",
      "properties": {
        "fid": 791.0,
        "handle": "19288",
        "block": "-1",
        "etype": "25",
        "space": "0",
        "layer": "PLAK",
        "olinetype": "bylayer",
        "linetype": null,
        "color": "255,255,255,255",
        "ocolor": "7",
        "color24": "16777215",
        "transparen": "0",
        "lweight": "-1",
        "linewidth": 0.0,
        "ltscale": 1.0,
        "visible": "1",
        "thickness": 0.0,
        "ext": "(3:0.007296074400313781,-0.004386196785802926,0.9999637636315135)",
        "height": 3.0,
        "text": "2114",
        "angle": 58.87569,
        "widthscale": 1.0,
        "oblique": 0.0,
        "style": "Standard",
        "textgen": "0",
        "alignh": "0",
        "alignv": "0",
        "interlin": -1.0,
        "lat": 29.79434,
        "lon": 52.45748
      },
      "geometry": {
        "type": "Point",
        "coordinates": [52.457476084327233, 29.794344644184015]
      }
    },
    {
      "type": "Feature",
      "properties": {
        "fid": 792.0,
        "handle": "19289",
        "block": "-1",
        "etype": "25",
        "space": "0",
        "layer": "PLAK",
        "olinetype": "bylayer",
        "linetype": null,
        "color": "255,255,255,255",
        "ocolor": "7",
        "color24": "16777215",
        "transparen": "0",
        "lweight": "-1",
        "linewidth": 0.0,
        "ltscale": 1.0,
        "visible": "1",
        "thickness": 0.0,
        "ext": "(3:0.007296074400313781,-0.004386196785802926,0.9999637636315135)",
        "height": 3.0,
        "text": "2115",
        "angle": 58.87569,
        "widthscale": 1.0,
        "oblique": 0.0,
        "style": "Standard",
        "textgen": "0",
        "alignh": "0",
        "alignv": "0",
        "interlin": -1.0,
        "lat": 29.79429,
        "lon": 52.45758
      },
      "geometry": {
        "type": "Point",
        "coordinates": [52.457577583702395, 29.794285221355665]
      }
    },
    {
      "type": "Feature",
      "properties": {
        "fid": 793.0,
        "handle": "19290",
        "block": "-1",
        "etype": "25",
        "space": "0",
        "layer": "PLAK",
        "olinetype": "bylayer",
        "linetype": null,
        "color": "255,255,255,255",
        "ocolor": "7",
        "color24": "16777215",
        "transparen": "0",
        "lweight": "-1",
        "linewidth": 0.0,
        "ltscale": 1.0,
        "visible": "1",
        "thickness": 0.0,
        "ext": "(3:0.007296074400313781,-0.004386196785802926,0.9999637636315135)",
        "height": 3.0,
        "text": "2116",
        "angle": 58.87569,
        "widthscale": 1.0,
        "oblique": 0.0,
        "style": "Standard",
        "textgen": "0",
        "alignh": "0",
        "alignv": "0",
        "interlin": -1.0,
        "lat": 29.79422,
        "lon": 52.45768
      },
      "geometry": {
        "type": "Point",
        "coordinates": [52.457681069685087, 29.794224485073602]
      }
    },
    {
      "type": "Feature",
      "properties": {
        "fid": 794.0,
        "handle": "19291",
        "block": "-1",
        "etype": "25",
        "space": "0",
        "layer": "PLAK",
        "olinetype": "bylayer",
        "linetype": null,
        "color": "255,255,255,255",
        "ocolor": "7",
        "color24": "16777215",
        "transparen": "0",
        "lweight": "-1",
        "linewidth": 0.0,
        "ltscale": 1.0,
        "visible": "1",
        "thickness": 0.0,
        "ext": "(3:0.007296074400313781,-0.004386196785802926,0.9999637636315135)",
        "height": 3.0,
        "text": "2118",
        "angle": 58.87569,
        "widthscale": 1.0,
        "oblique": 0.0,
        "style": "Standard",
        "textgen": "0",
        "alignh": "0",
        "alignv": "0",
        "interlin": -1.0,
        "lat": 29.79258,
        "lon": 52.45906
      },
      "geometry": {
        "type": "Point",
        "coordinates": [52.459063316311365, 29.792575559754599]
      }
    },
    {
      "type": "Feature",
      "properties": {
        "fid": 795.0,
        "handle": "19292",
        "block": "-1",
        "etype": "25",
        "space": "0",
        "layer": "PLAK",
        "olinetype": "bylayer",
        "linetype": null,
        "color": "255,255,255,255",
        "ocolor": "7",
        "color24": "16777215",
        "transparen": "0",
        "lweight": "-1",
        "linewidth": 0.0,
        "ltscale": 1.0,
        "visible": "1",
        "thickness": 0.0,
        "ext": "(3:0.007296074400313781,-0.004386196785802926,0.9999637636315135)",
        "height": 3.0,
        "text": "2119",
        "angle": 58.87569,
        "widthscale": 1.0,
        "oblique": 0.0,
        "style": "Standard",
        "textgen": "0",
        "alignh": "0",
        "alignv": "0",
        "interlin": -1.0,
        "lat": 29.79252,
        "lon": 52.45919
      },
      "geometry": {
        "type": "Point",
        "coordinates": [52.45918713302401, 29.79251782925914]
      }
    },
    {
      "type": "Feature",
      "properties": {
        "fid": 796.0,
        "handle": "19293",
        "block": "-1",
        "etype": "25",
        "space": "0",
        "layer": "PLAK",
        "olinetype": "bylayer",
        "linetype": null,
        "color": "255,255,255,255",
        "ocolor": "7",
        "color24": "16777215",
        "transparen": "0",
        "lweight": "-1",
        "linewidth": 0.0,
        "ltscale": 1.0,
        "visible": "1",
        "thickness": 0.0,
        "ext": "(3:0.007296074400313781,-0.004386196785802926,0.9999637636315135)",
        "height": 3.0,
        "text": "2120",
        "angle": 58.87569,
        "widthscale": 1.0,
        "oblique": 0.0,
        "style": "Standard",
        "textgen": "0",
        "alignh": "0",
        "alignv": "0",
        "interlin": -1.0,
        "lat": 29.79245,
        "lon": 52.4593
      },
      "geometry": {
        "type": "Point",
        "coordinates": [52.459297623477184, 29.792454424305738]
      }
    },
    {
      "type": "Feature",
      "properties": {
        "fid": 797.0,
        "handle": "19294",
        "block": "-1",
        "etype": "25",
        "space": "0",
        "layer": "PLAK",
        "olinetype": "bylayer",
        "linetype": null,
        "color": "255,255,255,255",
        "ocolor": "7",
        "color24": "16777215",
        "transparen": "0",
        "lweight": "-1",
        "linewidth": 0.0,
        "ltscale": 1.0,
        "visible": "1",
        "thickness": 0.0,
        "ext": "(3:0.007296074400313781,-0.004386196785802926,0.9999637636315135)",
        "height": 3.0,
        "text": "2121",
        "angle": 58.87569,
        "widthscale": 1.0,
        "oblique": 0.0,
        "style": "Standard",
        "textgen": "0",
        "alignh": "0",
        "alignv": "0",
        "interlin": -1.0,
        "lat": 29.79239,
        "lon": 52.45941
      },
      "geometry": {
        "type": "Point",
        "coordinates": [52.459409919653808, 29.792387690975406]
      }
    },
    {
      "type": "Feature",
      "properties": {
        "fid": 798.0,
        "handle": "19295",
        "block": "-1",
        "etype": "25",
        "space": "0",
        "layer": "PLAK",
        "olinetype": "bylayer",
        "linetype": null,
        "color": "255,255,255,255",
        "ocolor": "7",
        "color24": "16777215",
        "transparen": "0",
        "lweight": "-1",
        "linewidth": 0.0,
        "ltscale": 1.0,
        "visible": "1",
        "thickness": 0.0,
        "ext": "(3:0.007296074400313781,-0.004386196785802926,0.9999637636315135)",
        "height": 3.0,
        "text": "2122",
        "angle": 58.87569,
        "widthscale": 1.0,
        "oblique": 0.0,
        "style": "Standard",
        "textgen": "0",
        "alignh": "0",
        "alignv": "0",
        "interlin": -1.0,
        "lat": 29.79232,
        "lon": 52.45952
      },
      "geometry": {
        "type": "Point",
        "coordinates": [52.459521287062735, 29.792322129817602]
      }
    },
    {
      "type": "Feature",
      "properties": {
        "fid": 799.0,
        "handle": "19296",
        "block": "-1",
        "etype": "25",
        "space": "0",
        "layer": "PLAK",
        "olinetype": "bylayer",
        "linetype": null,
        "color": "255,255,255,255",
        "ocolor": "7",
        "color24": "16777215",
        "transparen": "0",
        "lweight": "-1",
        "linewidth": 0.0,
        "ltscale": 1.0,
        "visible": "1",
        "thickness": 0.0,
        "ext": "(3:0.007296074400313781,-0.004386196785802926,0.9999637636315135)",
        "height": 3.0,
        "text": "2123",
        "angle": 58.87569,
        "widthscale": 1.0,
        "oblique": 0.0,
        "style": "Standard",
        "textgen": "0",
        "alignh": "0",
        "alignv": "0",
        "interlin": -1.0,
        "lat": 29.79226,
        "lon": 52.45963
      },
      "geometry": {
        "type": "Point",
        "coordinates": [52.459628417858518, 29.792257559666119]
      }
    },
    {
      "type": "Feature",
      "properties": {
        "fid": 800.0,
        "handle": "19297",
        "block": "-1",
        "etype": "25",
        "space": "0",
        "layer": "PLAK",
        "olinetype": "bylayer",
        "linetype": null,
        "color": "255,255,255,255",
        "ocolor": "7",
        "color24": "16777215",
        "transparen": "0",
        "lweight": "-1",
        "linewidth": 0.0,
        "ltscale": 1.0,
        "visible": "1",
        "thickness": 0.0,
        "ext": "(3:0.007296074400313781,-0.004386196785802926,0.9999637636315135)",
        "height": 3.0,
        "text": "2124",
        "angle": 58.87569,
        "widthscale": 1.0,
        "oblique": 0.0,
        "style": "Standard",
        "textgen": "0",
        "alignh": "0",
        "alignv": "0",
        "interlin": -1.0,
        "lat": 29.79218,
        "lon": 52.45974
      },
      "geometry": {
        "type": "Point",
        "coordinates": [52.459737412226197, 29.792180693706428]
      }
    },
    {
      "type": "Feature",
      "properties": {
        "fid": 801.0,
        "handle": "19298",
        "block": "-1",
        "etype": "25",
        "space": "0",
        "layer": "PLAK",
        "olinetype": "bylayer",
        "linetype": null,
        "color": "255,255,255,255",
        "ocolor": "7",
        "color24": "16777215",
        "transparen": "0",
        "lweight": "-1",
        "linewidth": 0.0,
        "ltscale": 1.0,
        "visible": "1",
        "thickness": 0.0,
        "ext": "(3:0.007296074400313781,-0.004386196785802926,0.9999637636315135)",
        "height": 3.0,
        "text": "2125",
        "angle": 58.87569,
        "widthscale": 1.0,
        "oblique": 0.0,
        "style": "Standard",
        "textgen": "0",
        "alignh": "0",
        "alignv": "0",
        "interlin": -1.0,
        "lat": 29.79212,
        "lon": 52.45984
      },
      "geometry": {
        "type": "Point",
        "coordinates": [52.459844599728676, 29.792120536450611]
      }
    },
    {
      "type": "Feature",
      "properties": {
        "fid": 802.0,
        "handle": "19299",
        "block": "-1",
        "etype": "25",
        "space": "0",
        "layer": "PLAK",
        "olinetype": "bylayer",
        "linetype": null,
        "color": "255,255,255,255",
        "ocolor": "7",
        "color24": "16777215",
        "transparen": "0",
        "lweight": "-1",
        "linewidth": 0.0,
        "ltscale": 1.0,
        "visible": "1",
        "thickness": 0.0,
        "ext": "(3:0.007296074400313781,-0.004386196785802926,0.9999637636315135)",
        "height": 3.0,
        "text": "1401",
        "angle": 58.87569,
        "widthscale": 1.0,
        "oblique": 0.0,
        "style": "Standard",
        "textgen": "0",
        "alignh": "0",
        "alignv": "0",
        "interlin": -1.0,
        "lat": 29.78979,
        "lon": 52.46513
      },
      "geometry": {
        "type": "Point",
        "coordinates": [52.465131270294812, 29.789791532224612]
      }
    },
    {
      "type": "Feature",
      "properties": {
        "fid": 803.0,
        "handle": "19300",
        "block": "-1",
        "etype": "25",
        "space": "0",
        "layer": "PLAK",
        "olinetype": "bylayer",
        "linetype": null,
        "color": "255,255,255,255",
        "ocolor": "7",
        "color24": "16777215",
        "transparen": "0",
        "lweight": "-1",
        "linewidth": 0.0,
        "ltscale": 1.0,
        "visible": "1",
        "thickness": 0.0,
        "ext": "(3:0.007296074400313781,-0.004386196785802926,0.9999637636315135)",
        "height": 3.0,
        "text": "2135",
        "angle": 58.87569,
        "widthscale": 1.0,
        "oblique": 0.0,
        "style": "Standard",
        "textgen": "0",
        "alignh": "0",
        "alignv": "0",
        "interlin": -1.0,
        "lat": 29.78973,
        "lon": 52.46523
      },
      "geometry": {
        "type": "Point",
        "coordinates": [52.465230249186469, 29.789725872367168]
      }
    },
    {
      "type": "Feature",
      "properties": {
        "fid": 804.0,
        "handle": "19301",
        "block": "-1",
        "etype": "25",
        "space": "0",
        "layer": "PLAK",
        "olinetype": "bylayer",
        "linetype": null,
        "color": "255,255,255,255",
        "ocolor": "7",
        "color24": "16777215",
        "transparen": "0",
        "lweight": "-1",
        "linewidth": 0.0,
        "ltscale": 1.0,
        "visible": "1",
        "thickness": 0.0,
        "ext": "(3:0.007296074400313781,-0.004386196785802926,0.9999637636315135)",
        "height": 3.0,
        "text": "2136",
        "angle": 58.87569,
        "widthscale": 1.0,
        "oblique": 0.0,
        "style": "Standard",
        "textgen": "0",
        "alignh": "0",
        "alignv": "0",
        "interlin": -1.0,
        "lat": 29.78966,
        "lon": 52.46533
      },
      "geometry": {
        "type": "Point",
        "coordinates": [52.465330905742704, 29.789662620706821]
      }
    },
    {
      "type": "Feature",
      "properties": {
        "fid": 805.0,
        "handle": "19302",
        "block": "-1",
        "etype": "25",
        "space": "0",
        "layer": "PLAK",
        "olinetype": "bylayer",
        "linetype": null,
        "color": "255,255,255,255",
        "ocolor": "7",
        "color24": "16777215",
        "transparen": "0",
        "lweight": "-1",
        "linewidth": 0.0,
        "ltscale": 1.0,
        "visible": "1",
        "thickness": 0.0,
        "ext": "(3:0.007296074400313781,-0.004386196785802926,0.9999637636315135)",
        "height": 3.0,
        "text": "2137",
        "angle": 58.87569,
        "widthscale": 1.0,
        "oblique": 0.0,
        "style": "Standard",
        "textgen": "0",
        "alignh": "0",
        "alignv": "0",
        "interlin": -1.0,
        "lat": 29.7896,
        "lon": 52.46543
      },
      "geometry": {
        "type": "Point",
        "coordinates": [52.465426886231214, 29.789602725060028]
      }
    },
    {
      "type": "Feature",
      "properties": {
        "fid": 806.0,
        "handle": "19303",
        "block": "-1",
        "etype": "25",
        "space": "0",
        "layer": "PLAK",
        "olinetype": "bylayer",
        "linetype": null,
        "color": "255,255,255,255",
        "ocolor": "7",
        "color24": "16777215",
        "transparen": "0",
        "lweight": "-1",
        "linewidth": 0.0,
        "ltscale": 1.0,
        "visible": "1",
        "thickness": 0.0,
        "ext": "(3:0.007296074400313781,-0.004386196785802926,0.9999637636315135)",
        "height": 3.0,
        "text": "2138",
        "angle": 58.87569,
        "widthscale": 1.0,
        "oblique": 0.0,
        "style": "Standard",
        "textgen": "0",
        "alignh": "0",
        "alignv": "0",
        "interlin": -1.0,
        "lat": 29.78955,
        "lon": 52.46552
      },
      "geometry": {
        "type": "Point",
        "coordinates": [52.465524481455098, 29.78954524390301]
      }
    },
    {
      "type": "Feature",
      "properties": {
        "fid": 807.0,
        "handle": "19304",
        "block": "-1",
        "etype": "25",
        "space": "0",
        "layer": "PLAK",
        "olinetype": "bylayer",
        "linetype": null,
        "color": "255,255,255,255",
        "ocolor": "7",
        "color24": "16777215",
        "transparen": "0",
        "lweight": "-1",
        "linewidth": 0.0,
        "ltscale": 1.0,
        "visible": "1",
        "thickness": 0.0,
        "ext": "(3:0.007296074400313781,-0.004386196785802926,0.9999637636315135)",
        "height": 3.0,
        "text": "2128",
        "angle": 58.87569,
        "widthscale": 1.0,
        "oblique": 0.0,
        "style": "Standard",
        "textgen": "0",
        "alignh": "0",
        "alignv": "0",
        "interlin": -1.0,
        "lat": 29.79011,
        "lon": 52.46508
      },
      "geometry": {
        "type": "Point",
        "coordinates": [52.465078576802206, 29.790109848105953]
      }
    },
    {
      "type": "Feature",
      "properties": {
        "fid": 808.0,
        "handle": "19305",
        "block": "-1",
        "etype": "25",
        "space": "0",
        "layer": "PLAK",
        "olinetype": "bylayer",
        "linetype": null,
        "color": "255,255,255,255",
        "ocolor": "7",
        "color24": "16777215",
        "transparen": "0",
        "lweight": "-1",
        "linewidth": 0.0,
        "ltscale": 1.0,
        "visible": "1",
        "thickness": 0.0,
        "ext": "(3:0.007296074400313781,-0.004386196785802926,0.9999637636315135)",
        "height": 3.0,
        "text": "2129",
        "angle": 58.87569,
        "widthscale": 1.0,
        "oblique": 0.0,
        "style": "Standard",
        "textgen": "0",
        "alignh": "0",
        "alignv": "0",
        "interlin": -1.0,
        "lat": 29.79005,
        "lon": 52.46518
      },
      "geometry": {
        "type": "Point",
        "coordinates": [52.465180310460134, 29.790049250842468]
      }
    },
    {
      "type": "Feature",
      "properties": {
        "fid": 809.0,
        "handle": "19306",
        "block": "-1",
        "etype": "25",
        "space": "0",
        "layer": "PLAK",
        "olinetype": "bylayer",
        "linetype": null,
        "color": "255,255,255,255",
        "ocolor": "7",
        "color24": "16777215",
        "transparen": "0",
        "lweight": "-1",
        "linewidth": 0.0,
        "ltscale": 1.0,
        "visible": "1",
        "thickness": 0.0,
        "ext": "(3:0.007296074400313781,-0.004386196785802926,0.9999637636315135)",
        "height": 3.0,
        "text": "2130",
        "angle": 58.87569,
        "widthscale": 1.0,
        "oblique": 0.0,
        "style": "Standard",
        "textgen": "0",
        "alignh": "0",
        "alignv": "0",
        "interlin": -1.0,
        "lat": 29.78999,
        "lon": 52.46528
      },
      "geometry": {
        "type": "Point",
        "coordinates": [52.465280955709204, 29.789987984629022]
      }
    },
    {
      "type": "Feature",
      "properties": {
        "fid": 810.0,
        "handle": "19307",
        "block": "-1",
        "etype": "25",
        "space": "0",
        "layer": "PLAK",
        "olinetype": "bylayer",
        "linetype": null,
        "color": "255,255,255,255",
        "ocolor": "7",
        "color24": "16777215",
        "transparen": "0",
        "lweight": "-1",
        "linewidth": 0.0,
        "ltscale": 1.0,
        "visible": "1",
        "thickness": 0.0,
        "ext": "(3:0.007296074400313781,-0.004386196785802926,0.9999637636315135)",
        "height": 3.0,
        "text": "2131",
        "angle": 58.87569,
        "widthscale": 1.0,
        "oblique": 0.0,
        "style": "Standard",
        "textgen": "0",
        "alignh": "0",
        "alignv": "0",
        "interlin": -1.0,
        "lat": 29.78992,
        "lon": 52.46537
      },
      "geometry": {
        "type": "Point",
        "coordinates": [52.465372426625066, 29.789915175805135]
      }
    },
    {
      "type": "Feature",
      "properties": {
        "fid": 811.0,
        "handle": "19308",
        "block": "-1",
        "etype": "25",
        "space": "0",
        "layer": "PLAK",
        "olinetype": "bylayer",
        "linetype": null,
        "color": "255,255,255,255",
        "ocolor": "7",
        "color24": "16777215",
        "transparen": "0",
        "lweight": "-1",
        "linewidth": 0.0,
        "ltscale": 1.0,
        "visible": "1",
        "thickness": 0.0,
        "ext": "(3:0.007296074400313781,-0.004386196785802926,0.9999637636315135)",
        "height": 3.0,
        "text": "2132",
        "angle": 58.87569,
        "widthscale": 1.0,
        "oblique": 0.0,
        "style": "Standard",
        "textgen": "0",
        "alignh": "0",
        "alignv": "0",
        "interlin": -1.0,
        "lat": 29.78986,
        "lon": 52.46548
      },
      "geometry": {
        "type": "Point",
        "coordinates": [52.465480841571704, 29.789857493127631]
      }
    },
    {
      "type": "Feature",
      "properties": {
        "fid": 812.0,
        "handle": "19309",
        "block": "-1",
        "etype": "25",
        "space": "0",
        "layer": "PLAK",
        "olinetype": "bylayer",
        "linetype": null,
        "color": "255,255,255,255",
        "ocolor": "7",
        "color24": "16777215",
        "transparen": "0",
        "lweight": "-1",
        "linewidth": 0.0,
        "ltscale": 1.0,
        "visible": "1",
        "thickness": 0.0,
        "ext": "(3:0.007296074400313781,-0.004386196785802926,0.9999637636315135)",
        "height": 3.0,
        "text": "2133",
        "angle": 58.87569,
        "widthscale": 1.0,
        "oblique": 0.0,
        "style": "Standard",
        "textgen": "0",
        "alignh": "0",
        "alignv": "0",
        "interlin": -1.0,
        "lat": 29.7898,
        "lon": 52.46558
      },
      "geometry": {
        "type": "Point",
        "coordinates": [52.465580227614055, 29.789798610098789]
      }
    },
    {
      "type": "Feature",
      "properties": {
        "fid": 813.0,
        "handle": "19310",
        "block": "-1",
        "etype": "25",
        "space": "0",
        "layer": "PLAK",
        "olinetype": "bylayer",
        "linetype": null,
        "color": "255,255,255,255",
        "ocolor": "7",
        "color24": "16777215",
        "transparen": "0",
        "lweight": "-1",
        "linewidth": 0.0,
        "ltscale": 1.0,
        "visible": "1",
        "thickness": 0.0,
        "ext": "(3:0.007296074400313781,-0.004386196785802926,0.9999637636315135)",
        "height": 3.0,
        "text": "2134",
        "angle": 58.87569,
        "widthscale": 1.0,
        "oblique": 0.0,
        "style": "Standard",
        "textgen": "0",
        "alignh": "0",
        "alignv": "0",
        "interlin": -1.0,
        "lat": 29.78974,
        "lon": 52.46568
      },
      "geometry": {
        "type": "Point",
        "coordinates": [52.465676951082351, 29.789741166808856]
      }
    },
    {
      "type": "Feature",
      "properties": {
        "fid": 816.0,
        "handle": "19322",
        "block": "-1",
        "etype": "25",
        "space": "0",
        "layer": "PLAK",
        "olinetype": "bylayer",
        "linetype": null,
        "color": "255,255,255,255",
        "ocolor": "7",
        "color24": "16777215",
        "transparen": "0",
        "lweight": "-1",
        "linewidth": 0.0,
        "ltscale": 1.0,
        "visible": "1",
        "thickness": 0.0,
        "ext": "(3:0.007296074400313781,-0.004386196785802926,0.9999637636315135)",
        "height": 3.0,
        "text": "2117",
        "angle": 58.87569,
        "widthscale": 1.0,
        "oblique": 0.0,
        "style": "Standard",
        "textgen": "0",
        "alignh": "0",
        "alignv": "0",
        "interlin": -1.0,
        "lat": 29.79265,
        "lon": 52.45896
      },
      "geometry": {
        "type": "Point",
        "coordinates": [52.458961442127844, 29.792648184785524]
      }
    },
    {
      "type": "Feature",
      "properties": {
        "fid": 817.0,
        "handle": "19368",
        "block": "-1",
        "etype": "25",
        "space": "0",
        "layer": "PLAK",
        "olinetype": "bylayer",
        "linetype": null,
        "color": "255,255,255,255",
        "ocolor": "7",
        "color24": "16777215",
        "transparen": "0",
        "lweight": "-1",
        "linewidth": 0.0,
        "ltscale": 1.0,
        "visible": "1",
        "thickness": 0.0,
        "ext": "(3:0.007296074400313781,-0.004386196785802926,0.9999637636315135)",
        "height": 3.0,
        "text": "2097",
        "angle": 58.87569,
        "widthscale": 1.0,
        "oblique": 0.0,
        "style": "Standard",
        "textgen": "0",
        "alignh": "0",
        "alignv": "0",
        "interlin": -1.0,
        "lat": 29.79407,
        "lon": 52.45845
      },
      "geometry": {
        "type": "Point",
        "coordinates": [52.458445800843556, 29.794069070899969]
      }
    },
    {
      "type": "Feature",
      "properties": {
        "fid": 844.0,
        "handle": "19471",
        "block": "-1",
        "etype": "25",
        "space": "0",
        "layer": "PLAK",
        "olinetype": "bylayer",
        "linetype": null,
        "color": "255,255,255,255",
        "ocolor": "7",
        "color24": "16777215",
        "transparen": "0",
        "lweight": "-1",
        "linewidth": 0.0,
        "ltscale": 1.0,
        "visible": "1",
        "thickness": 0.0,
        "ext": "(3:0.007296074400313781,-0.004386196785802926,0.9999637636315135)",
        "height": 3.0,
        "text": "2099",
        "angle": 58.87569,
        "widthscale": 1.0,
        "oblique": 0.0,
        "style": "Standard",
        "textgen": "0",
        "alignh": "0",
        "alignv": "0",
        "interlin": -1.0,
        "lat": 29.79419,
        "lon": 52.45825
      },
      "geometry": {
        "type": "Point",
        "coordinates": [52.458250517291368, 29.794194461053827]
      }
    },
    {
      "type": "Feature",
      "properties": {
        "fid": 845.0,
        "handle": "19477",
        "block": "-1",
        "etype": "25",
        "space": "0",
        "layer": "PLAK",
        "olinetype": "bylayer",
        "linetype": null,
        "color": "255,255,255,255",
        "ocolor": "7",
        "color24": "16777215",
        "transparen": "0",
        "lweight": "-1",
        "linewidth": 0.0,
        "ltscale": 1.0,
        "visible": "1",
        "thickness": 0.0,
        "ext": "(3:0.007296074400313781,-0.004386196785802926,0.9999637636315135)",
        "height": 3.0,
        "text": "2098",
        "angle": 58.87569,
        "widthscale": 1.0,
        "oblique": 0.0,
        "style": "Standard",
        "textgen": "0",
        "alignh": "0",
        "alignv": "0",
        "interlin": -1.0,
        "lat": 29.79413,
        "lon": 52.45835
      },
      "geometry": {
        "type": "Point",
        "coordinates": [52.458352870890963, 29.794127538719685]
      }
    },
    {
      "type": "Feature",
      "properties": {
        "fid": 854.0,
        "handle": "20467",
        "block": "-1",
        "etype": "25",
        "space": "0",
        "layer": "PLAK",
        "olinetype": "bylayer",
        "linetype": null,
        "color": "255,255,255,255",
        "ocolor": "7",
        "color24": "16777215",
        "transparen": "0",
        "lweight": "-1",
        "linewidth": 0.0,
        "ltscale": 1.0,
        "visible": "1",
        "thickness": 0.0,
        "ext": "(3:-0.003003440932991228,-0.004522054395397211,0.9999852650747446)",
        "height": 3.0,
        "text": "2126",
        "angle": 58.87298,
        "widthscale": 1.0,
        "oblique": 0.0,
        "style": "Standard",
        "textgen": "0",
        "alignh": "0",
        "alignv": "0",
        "interlin": -1.0,
        "lat": 29.78997,
        "lon": 52.46354
      },
      "geometry": {
        "type": "Point",
        "coordinates": [52.463541800668004, 29.789966939154692]
      }
    },
    {
      "type": "Feature",
      "properties": {
        "fid": 855.0,
        "handle": "20468",
        "block": "-1",
        "etype": "25",
        "space": "0",
        "layer": "PLAK",
        "olinetype": "bylayer",
        "linetype": null,
        "color": "255,255,255,255",
        "ocolor": "7",
        "color24": "16777215",
        "transparen": "0",
        "lweight": "-1",
        "linewidth": 0.0,
        "ltscale": 1.0,
        "visible": "1",
        "thickness": 0.0,
        "ext": "(3:-0.003003440932991228,-0.004522054395397211,0.9999852650747446)",
        "height": 3.0,
        "text": "2127",
        "angle": 58.87298,
        "widthscale": 1.0,
        "oblique": 0.0,
        "style": "Standard",
        "textgen": "0",
        "alignh": "0",
        "alignv": "0",
        "interlin": -1.0,
        "lat": 29.7898,
        "lon": 52.46382
      },
      "geometry": {
        "type": "Point",
        "coordinates": [52.463819574380224, 29.789801755833864]
      }
    }
  ]
}
