// static/data/phase2/tarbiatbadani/tarbiatbadani_2.geojson
{
  "type": "FeatureCollection",
  "name": "_2",
  "crs": {
    "type": "name",
    "properties": { "name": "urn:ogc:def:crs:OGC:1.3:CRS84" }
  },
  "features": [
    {
      "type": "Feature",
      "properties": {
        "fid": 1.0,
        "handle": "1886",
        "block": "-1",
        "etype": "18",
        "space": "0",
        "layer": "tarbiatbadani",
        "olinetype": "BYLAYER",
        "linetype": null,
        "color": "0,0,0,254",
        "ocolor": "256",
        "color24": "-1",
        "transparen": "0",
        "lweight": "-1",
        "linewidth": 0.0,
        "ltscale": 1.0,
        "visible": "1",
        "width": 0.0,
        "thickness": 0.0,
        "ext": "(3:0,0,0.1)"
      },
      "geometry": {
        "type": "MultiLineString",
        "coordinates": [
          [
            [52.433526004748224, 29.830533844884304],
            [52.433431515726426, 29.830368240137666]
          ]
        ]
      }
    },
    {
      "type": "Feature",
      "properties": {
        "fid": 2.0,
        "handle": "1887",
        "block": "-1",
        "etype": "18",
        "space": "0",
        "layer": "tarbiatbadani",
        "olinetype": "BYLAYER",
        "linetype": null,
        "color": "0,0,0,254",
        "ocolor": "256",
        "color24": "-1",
        "transparen": "0",
        "lweight": "-1",
        "linewidth": 0.0,
        "ltscale": 1.0,
        "visible": "1",
        "width": 0.0,
        "thickness": 0.0,
        "ext": "(3:0,0,0.1)"
      },
      "geometry": {
        "type": "MultiLineString",
        "coordinates": [
          [
            [52.433472079274964, 29.830920026879969],
            [52.433963132585802, 29.830707030394784]
          ]
        ]
      }
    },
    {
      "type": "Feature",
      "properties": {
        "fid": 3.0,
        "handle": "1888",
        "block": "-1",
        "etype": "18",
        "space": "0",
        "layer": "tarbiatbadani",
        "olinetype": "BYLAYER",
        "linetype": null,
        "color": "0,0,0,254",
        "ocolor": "256",
        "color24": "-1",
        "transparen": "0",
        "lweight": "-1",
        "linewidth": 0.0,
        "ltscale": 1.0,
        "visible": "1",
        "width": 0.0,
        "thickness": 0.0,
        "ext": "(3:0,0,0.1)"
      },
      "geometry": {
        "type": "MultiLineString",
        "coordinates": [
          [
            [52.433541684773893, 29.8308394476168],
            [52.433440281574264, 29.830661725477629]
          ]
        ]
      }
    },
    {
      "type": "Feature",
      "properties": {
        "fid": 4.0,
        "handle": "1939",
        "block": "-1",
        "etype": "18",
        "space": "0",
        "layer": "tarbiatbadani",
        "olinetype": "BYLAYER",
        "linetype": null,
        "color": "0,0,0,254",
        "ocolor": "256",
        "color24": "-1",
        "transparen": "0",
        "lweight": "-1",
        "linewidth": 0.0,
        "ltscale": 1.0,
        "visible": "1",
        "width": 0.0,
        "thickness": 0.0,
        "ext": "(3:0,0,0.1)"
      },
      "geometry": {
        "type": "MultiLineString",
        "coordinates": [
          [
            [52.433408469672202, 29.830327848723616],
            [52.433311676452817, 29.830158204731333]
          ]
        ]
      }
    },
    {
      "type": "Feature",
      "properties": {
        "fid": 5.0,
        "handle": "1940",
        "block": "-1",
        "etype": "18",
        "space": "0",
        "layer": "tarbiatbadani",
        "olinetype": "BYLAYER",
        "linetype": null,
        "color": "0,0,0,254",
        "ocolor": "256",
        "color24": "-1",
        "transparen": "0",
        "lweight": "-1",
        "linewidth": 0.0,
        "ltscale": 1.0,
        "visible": "1",
        "width": 0.0,
        "thickness": 0.0,
        "ext": "(3:0,0,0.1)"
      },
      "geometry": {
        "type": "MultiLineString",
        "coordinates": [
          [
            [52.433510386013673, 29.830283642115241],
            [52.433413592671194, 29.830113998200858]
          ]
        ]
      }
    },
    {
      "type": "Feature",
      "properties": {
        "fid": 6.0,
        "handle": "1941",
        "block": "-1",
        "etype": "18",
        "space": "0",
        "layer": "tarbiatbadani",
        "olinetype": "BYLAYER",
        "linetype": null,
        "color": "0,0,0,254",
        "ocolor": "256",
        "color24": "-1",
        "transparen": "0",
        "lweight": "-1",
        "linewidth": 0.0,
        "ltscale": 1.0,
        "visible": "1",
        "width": 0.0,
        "thickness": 0.0,
        "ext": "(3:0,0,0.1)"
      },
      "geometry": {
        "type": "MultiLineString",
        "coordinates": [
          [
            [52.43328811643218, 29.830339742106425],
            [52.433186199929459, 29.830383948548]
          ]
        ]
      }
    },
    {
      "type": "Feature",
      "properties": {
        "fid": 7.0,
        "handle": "1942",
        "block": "-1",
        "etype": "18",
        "space": "0",
        "layer": "tarbiatbadani",
        "olinetype": "BYLAYER",
        "linetype": null,
        "color": "0,0,0,254",
        "ocolor": "256",
        "color24": "-1",
        "transparen": "0",
        "lweight": "-1",
        "linewidth": 0.0,
        "ltscale": 1.0,
        "visible": "1",
        "width": 0.0,
        "thickness": 0.0,
        "ext": "(3:0,0,0.1)"
      },
      "geometry": {
        "type": "MultiLineString",
        "coordinates": [
          [
            [52.433940086237975, 29.830666639085191],
            [52.433458344648002, 29.830875596568887]
          ]
        ]
      }
    },
    {
      "type": "Feature",
      "properties": {
        "fid": 8.0,
        "handle": "1950",
        "block": "-1",
        "etype": "18",
        "space": "0",
        "layer": "tarbiatbadani",
        "olinetype": "BYLAYER",
        "linetype": null,
        "color": "0,0,0,254",
        "ocolor": "256",
        "color24": "-1",
        "transparen": "0",
        "lweight": "-1",
        "linewidth": 0.0,
        "ltscale": 1.0,
        "visible": "1",
        "width": 0.0,
        "thickness": 0.0,
        "ext": "(3:0,0,0.1)"
      },
      "geometry": {
        "type": "MultiLineString",
        "coordinates": [
          [
            [52.432209226767675, 29.831960824512134],
            [52.432349771843434, 29.831832474124383]
          ]
        ]
      }
    },
    {
      "type": "Feature",
      "properties": {
        "fid": 9.0,
        "handle": "1951",
        "block": "-1",
        "etype": "18",
        "space": "0",
        "layer": "tarbiatbadani",
        "olinetype": "BYLAYER",
        "linetype": null,
        "color": "0,0,0,254",
        "ocolor": "256",
        "color24": "-1",
        "transparen": "0",
        "lweight": "-1",
        "linewidth": 0.0,
        "ltscale": 1.0,
        "visible": "1",
        "width": 0.0,
        "thickness": 0.0,
        "ext": "(3:0,0,0.1)"
      },
      "geometry": {
        "type": "MultiLineString",
        "coordinates": [
          [
            [52.432281815589249, 29.832038553871513],
            [52.432414114004857, 29.831906908101445]
          ]
        ]
      }
    },
    {
      "type": "Feature",
      "properties": {
        "fid": 10.0,
        "handle": "1952",
        "block": "-1",
        "etype": "18",
        "space": "0",
        "layer": "tarbiatbadani",
        "olinetype": "BYLAYER",
        "linetype": null,
        "color": "0,0,0,254",
        "ocolor": "256",
        "color24": "-1",
        "transparen": "0",
        "lweight": "-1",
        "linewidth": 0.0,
        "ltscale": 1.0,
        "visible": "1",
        "width": 0.0,
        "thickness": 0.0,
        "ext": "(3:0,0,0.1)"
      },
      "geometry": {
        "type": "MultiLineString",
        "coordinates": [
          [
            [52.432344678972512, 29.832113190042911],
            [52.432480063456303, 29.83199133345444]
          ]
        ]
      }
    },
    {
      "type": "Feature",
      "properties": {
        "fid": 11.0,
        "handle": "1954",
        "block": "-1",
        "etype": "18",
        "space": "0",
        "layer": "tarbiatbadani",
        "olinetype": "BYLAYER",
        "linetype": null,
        "color": "0,0,0,254",
        "ocolor": "256",
        "color24": "-1",
        "transparen": "0",
        "lweight": "-1",
        "linewidth": 0.0,
        "ltscale": 1.0,
        "visible": "1",
        "width": 0.0,
        "thickness": 0.0,
        "ext": "(3:0,0,0.1)"
      },
      "geometry": {
        "type": "MultiLineString",
        "coordinates": [
          [
            [52.431697218771568, 29.831610090715795],
            [52.431754114744486, 29.83143325235627]
          ]
        ]
      }
    },
    {
      "type": "Feature",
      "properties": {
        "fid": 12.0,
        "handle": "1955",
        "block": "-1",
        "etype": "18",
        "space": "0",
        "layer": "tarbiatbadani",
        "olinetype": "BYLAYER",
        "linetype": null,
        "color": "0,0,0,254",
        "ocolor": "256",
        "color24": "-1",
        "transparen": "0",
        "lweight": "-1",
        "linewidth": 0.0,
        "ltscale": 1.0,
        "visible": "1",
        "width": 0.0,
        "thickness": 0.0,
        "ext": "(3:0,0,0.1)"
      },
      "geometry": {
        "type": "MultiLineString",
        "coordinates": [
          [
            [52.431794697958921, 29.831645260047289],
            [52.431874213134058, 29.831486681431844]
          ]
        ]
      }
    },
    {
      "type": "Feature",
      "properties": {
        "fid": 13.0,
        "handle": "1956",
        "block": "-1",
        "etype": "18",
        "space": "0",
        "layer": "tarbiatbadani",
        "olinetype": "BYLAYER",
        "linetype": null,
        "color": "0,0,0,254",
        "ocolor": "256",
        "color24": "-1",
        "transparen": "0",
        "lweight": "-1",
        "linewidth": 0.0,
        "ltscale": 1.0,
        "visible": "1",
        "width": 0.0,
        "thickness": 0.0,
        "ext": "(3:0,0,0.1)"
      },
      "geometry": {
        "type": "MultiLineString",
        "coordinates": [
          [
            [52.431880574959123, 29.831690240635531],
            [52.431989512709386, 29.83154711877226]
          ]
        ]
      }
    },
    {
      "type": "Feature",
      "properties": {
        "fid": 14.0,
        "handle": "1957",
        "block": "-1",
        "etype": "18",
        "space": "0",
        "layer": "tarbiatbadani",
        "olinetype": "BYLAYER",
        "linetype": null,
        "color": "0,0,0,254",
        "ocolor": "256",
        "color24": "-1",
        "transparen": "0",
        "lweight": "-1",
        "linewidth": 0.0,
        "ltscale": 1.0,
        "visible": "1",
        "width": 0.0,
        "thickness": 0.0,
        "ext": "(3:0,0,0.1)"
      },
      "geometry": {
        "type": "MultiLineString",
        "coordinates": [
          [
            [52.431458843986462, 29.831383507884119],
            [52.431475902124717, 29.831580191749641]
          ]
        ]
      }
    },
    {
      "type": "Feature",
      "properties": {
        "fid": 15.0,
        "handle": "1958",
        "block": "-1",
        "etype": "18",
        "space": "0",
        "layer": "tarbiatbadani",
        "olinetype": "BYLAYER",
        "linetype": null,
        "color": "0,0,0,254",
        "ocolor": "256",
        "color24": "-1",
        "transparen": "0",
        "lweight": "-1",
        "linewidth": 0.0,
        "ltscale": 1.0,
        "visible": "1",
        "width": 0.0,
        "thickness": 0.0,
        "ext": "(3:0,0,0.1)"
      },
      "geometry": {
        "type": "MultiLineString",
        "coordinates": [
          [
            [52.431617033262384, 29.831396714598526],
            [52.431589241788096, 29.831587464927406]
          ]
        ]
      }
    },
    {
      "type": "Feature",
      "properties": {
        "fid": 16.0,
        "handle": "1959",
        "block": "-1",
        "etype": "18",
        "space": "0",
        "layer": "tarbiatbadani",
        "olinetype": "BYLAYER",
        "linetype": null,
        "color": "0,0,0,254",
        "ocolor": "256",
        "color24": "-1",
        "transparen": "0",
        "lweight": "-1",
        "linewidth": 0.0,
        "ltscale": 1.0,
        "visible": "1",
        "width": 0.0,
        "thickness": 0.0,
        "ext": "(3:0,0,0.1)"
      },
      "geometry": {
        "type": "MultiLineString",
        "coordinates": [
          [
            [52.431924040332952, 29.83141788740377],
            [52.432025323995276, 29.831273422844305]
          ]
        ]
      }
    },
    {
      "type": "Feature",
      "properties": {
        "fid": 17.0,
        "handle": "1960",
        "block": "-1",
        "etype": "18",
        "space": "0",
        "layer": "tarbiatbadani",
        "olinetype": "BYLAYER",
        "linetype": null,
        "color": "0,0,0,254",
        "ocolor": "256",
        "color24": "-1",
        "transparen": "0",
        "lweight": "-1",
        "linewidth": 0.0,
        "ltscale": 1.0,
        "visible": "1",
        "width": 0.0,
        "thickness": 0.0,
        "ext": "(3:0,0,0.1)"
      },
      "geometry": {
        "type": "MultiLineString",
        "coordinates": [
          [
            [52.43205144229384, 29.831816369793533],
            [52.432173336125963, 29.831670684993181]
          ]
        ]
      }
    },
    {
      "type": "Feature",
      "properties": {
        "fid": 18.0,
        "handle": "1961",
        "block": "-1",
        "etype": "18",
        "space": "0",
        "layer": "tarbiatbadani",
        "olinetype": "BYLAYER",
        "linetype": null,
        "color": "0,0,0,254",
        "ocolor": "256",
        "color24": "-1",
        "transparen": "0",
        "lweight": "-1",
        "linewidth": 0.0,
        "ltscale": 1.0,
        "visible": "1",
        "width": 0.0,
        "thickness": 0.0,
        "ext": "(3:0,0,0.1)"
      },
      "geometry": {
        "type": "MultiLineString",
        "coordinates": [
          [
            [52.432092977239563, 29.831344345664501],
            [52.432008296637591, 29.831461085531931]
          ]
        ]
      }
    },
    {
      "type": "Feature",
      "properties": {
        "fid": 19.0,
        "handle": "1962",
        "block": "-1",
        "etype": "18",
        "space": "0",
        "layer": "tarbiatbadani",
        "olinetype": "BYLAYER",
        "linetype": null,
        "color": "0,0,0,254",
        "ocolor": "256",
        "color24": "-1",
        "transparen": "0",
        "lweight": "-1",
        "linewidth": 0.0,
        "ltscale": 1.0,
        "visible": "1",
        "width": 0.0,
        "thickness": 0.0,
        "ext": "(3:0,0,0.1)"
      },
      "geometry": {
        "type": "MultiLineString",
        "coordinates": [
          [
            [52.430482956427845, 29.831418991909988],
            [52.430484816796536, 29.831265658238785]
          ]
        ]
      }
    },
    {
      "type": "Feature",
      "properties": {
        "fid": 20.0,
        "handle": "1963",
        "block": "-1",
        "etype": "18",
        "space": "0",
        "layer": "tarbiatbadani",
        "olinetype": "BYLAYER",
        "linetype": null,
        "color": "0,0,0,254",
        "ocolor": "256",
        "color24": "-1",
        "transparen": "0",
        "lweight": "-1",
        "linewidth": 0.0,
        "ltscale": 1.0,
        "visible": "1",
        "width": 0.0,
        "thickness": 0.0,
        "ext": "(3:0,0,0.1)"
      },
      "geometry": {
        "type": "MultiLineString",
        "coordinates": [
          [
            [52.431004113785249, 29.831413467173149],
            [52.430913536335218, 29.831218402942337]
          ]
        ]
      }
    },
    {
      "type": "Feature",
      "properties": {
        "fid": 21.0,
        "handle": "1964",
        "block": "-1",
        "etype": "18",
        "space": "0",
        "layer": "tarbiatbadani",
        "olinetype": "BYLAYER",
        "linetype": null,
        "color": "0,0,0,254",
        "ocolor": "256",
        "color24": "-1",
        "transparen": "0",
        "lweight": "-1",
        "linewidth": 0.0,
        "ltscale": 1.0,
        "visible": "1",
        "width": 0.0,
        "thickness": 0.0,
        "ext": "(3:0,0,0.1)"
      },
      "geometry": {
        "type": "MultiLineString",
        "coordinates": [
          [
            [52.431155230063041, 29.831653942098598],
            [52.431061290366948, 29.831477927323981]
          ]
        ]
      }
    },
    {
      "type": "Feature",
      "properties": {
        "fid": 22.0,
        "handle": "1965",
        "block": "-1",
        "etype": "18",
        "space": "0",
        "layer": "tarbiatbadani",
        "olinetype": "BYLAYER",
        "linetype": null,
        "color": "0,0,0,254",
        "ocolor": "256",
        "color24": "-1",
        "transparen": "0",
        "lweight": "-1",
        "linewidth": 0.0,
        "ltscale": 1.0,
        "visible": "1",
        "width": 0.0,
        "thickness": 0.0,
        "ext": "(3:0,0,0.1)"
      },
      "geometry": {
        "type": "MultiLineString",
        "coordinates": [
          [
            [52.431247484640373, 29.831615809654831],
            [52.431190833443203, 29.831425989433235]
          ]
        ]
      }
    },
    {
      "type": "Feature",
      "properties": {
        "fid": 23.0,
        "handle": "1966",
        "block": "-1",
        "etype": "18",
        "space": "0",
        "layer": "tarbiatbadani",
        "olinetype": "BYLAYER",
        "linetype": null,
        "color": "0,0,0,254",
        "ocolor": "256",
        "color24": "-1",
        "transparen": "0",
        "lweight": "-1",
        "linewidth": 0.0,
        "ltscale": 1.0,
        "visible": "1",
        "width": 0.0,
        "thickness": 0.0,
        "ext": "(3:0,0,0.1)"
      },
      "geometry": {
        "type": "MultiLineString",
        "coordinates": [
          [
            [52.431357573656115, 29.831589978590031],
            [52.431325293293725, 29.831395151553899]
          ]
        ]
      }
    },
    {
      "type": "Feature",
      "properties": {
        "fid": 24.0,
        "handle": "1967",
        "block": "-1",
        "etype": "18",
        "space": "0",
        "layer": "tarbiatbadani",
        "olinetype": "BYLAYER",
        "linetype": null,
        "color": "0,0,0,254",
        "ocolor": "256",
        "color24": "-1",
        "transparen": "0",
        "lweight": "-1",
        "linewidth": 0.0,
        "ltscale": 1.0,
        "visible": "1",
        "width": 0.0,
        "thickness": 0.0,
        "ext": "(3:0,0,0.1)"
      },
      "geometry": {
        "type": "MultiLineString",
        "coordinates": [
          [
            [52.431059639257406, 29.831708905983639],
            [52.430964836897914, 29.831546940339244]
          ]
        ]
      }
    },
    {
      "type": "Feature",
      "properties": {
        "fid": 25.0,
        "handle": "1968",
        "block": "-1",
        "etype": "18",
        "space": "0",
        "layer": "tarbiatbadani",
        "olinetype": "BYLAYER",
        "linetype": null,
        "color": "0,0,0,254",
        "ocolor": "256",
        "color24": "-1",
        "transparen": "0",
        "lweight": "-1",
        "linewidth": 0.0,
        "ltscale": 1.0,
        "visible": "1",
        "width": 0.0,
        "thickness": 0.0,
        "ext": "(3:0,0,0.1)"
      },
      "geometry": {
        "type": "MultiLineString",
        "coordinates": [
          [
            [52.43066441260973, 29.831770880951044],
            [52.430726481719262, 29.831580898016661]
          ]
        ]
      }
    },
    {
      "type": "Feature",
      "properties": {
        "fid": 26.0,
        "handle": "1969",
        "block": "-1",
        "etype": "18",
        "space": "0",
        "layer": "tarbiatbadani",
        "olinetype": "BYLAYER",
        "linetype": null,
        "color": "0,0,0,254",
        "ocolor": "256",
        "color24": "-1",
        "transparen": "0",
        "lweight": "-1",
        "linewidth": 0.0,
        "ltscale": 1.0,
        "visible": "1",
        "width": 0.0,
        "thickness": 0.0,
        "ext": "(3:0,0,0.1)"
      },
      "geometry": {
        "type": "MultiLineString",
        "coordinates": [
          [
            [52.430571311477046, 29.831728052582903],
            [52.430627152473988, 29.831540011905794]
          ]
        ]
      }
    },
    {
      "type": "Feature",
      "properties": {
        "fid": 27.0,
        "handle": "1970",
        "block": "-1",
        "etype": "18",
        "space": "0",
        "layer": "tarbiatbadani",
        "olinetype": "BYLAYER",
        "linetype": null,
        "color": "0,0,0,254",
        "ocolor": "256",
        "color24": "-1",
        "transparen": "0",
        "lweight": "-1",
        "linewidth": 0.0,
        "ltscale": 1.0,
        "visible": "1",
        "width": 0.0,
        "thickness": 0.0,
        "ext": "(3:0,0,0.1)"
      },
      "geometry": {
        "type": "MultiLineString",
        "coordinates": [
          [
            [52.43046709916544, 29.831688858661902],
            [52.430518502868345, 29.831509119422375]
          ]
        ]
      }
    },
    {
      "type": "Feature",
      "properties": {
        "fid": 28.0,
        "handle": "1971",
        "block": "-1",
        "etype": "18",
        "space": "0",
        "layer": "tarbiatbadani",
        "olinetype": "BYLAYER",
        "linetype": null,
        "color": "0,0,0,254",
        "ocolor": "256",
        "color24": "-1",
        "transparen": "0",
        "lweight": "-1",
        "linewidth": 0.0,
        "ltscale": 1.0,
        "visible": "1",
        "width": 0.0,
        "thickness": 0.0,
        "ext": "(3:0,0,0.1)"
      },
      "geometry": {
        "type": "MultiLineString",
        "coordinates": [
          [
            [52.430369369739637, 29.83166562294991],
            [52.430400273304812, 29.831489984695242]
          ]
        ]
      }
    },
    {
      "type": "Feature",
      "properties": {
        "fid": 29.0,
        "handle": "1972",
        "block": "-1",
        "etype": "18",
        "space": "0",
        "layer": "tarbiatbadani",
        "olinetype": "BYLAYER",
        "linetype": null,
        "color": "0,0,0,254",
        "ocolor": "256",
        "color24": "-1",
        "transparen": "0",
        "lweight": "-1",
        "linewidth": 0.0,
        "ltscale": 1.0,
        "visible": "1",
        "width": 0.0,
        "thickness": 0.0,
        "ext": "(3:0,0,0.1)"
      },
      "geometry": {
        "type": "MultiLineString",
        "coordinates": [
          [
            [52.430254352367832, 29.831653163828246],
            [52.430271852294233, 29.83148764060374]
          ]
        ]
      }
    },
    {
      "type": "Feature",
      "properties": {
        "fid": 30.0,
        "handle": "1973",
        "block": "-1",
        "etype": "18",
        "space": "0",
        "layer": "tarbiatbadani",
        "olinetype": "BYLAYER",
        "linetype": null,
        "color": "0,0,0,254",
        "ocolor": "256",
        "color24": "-1",
        "transparen": "0",
        "lweight": "-1",
        "linewidth": 0.0,
        "ltscale": 1.0,
        "visible": "1",
        "width": 0.0,
        "thickness": 0.0,
        "ext": "(3:0,0,0.1)"
      },
      "geometry": {
        "type": "MultiLineString",
        "coordinates": [
          [
            [52.430161654175343, 29.831654243354262],
            [52.430155213172192, 29.831499386464262]
          ]
        ]
      }
    },
    {
      "type": "Feature",
      "properties": {
        "fid": 31.0,
        "handle": "1974",
        "block": "-1",
        "etype": "18",
        "space": "0",
        "layer": "tarbiatbadani",
        "olinetype": "BYLAYER",
        "linetype": null,
        "color": "0,0,0,254",
        "ocolor": "256",
        "color24": "-1",
        "transparen": "0",
        "lweight": "-1",
        "linewidth": 0.0,
        "ltscale": 1.0,
        "visible": "1",
        "width": 0.0,
        "thickness": 0.0,
        "ext": "(3:0,0,0.1)"
      },
      "geometry": {
        "type": "MultiLineString",
        "coordinates": [
          [
            [52.430180426357815, 29.832037274749649],
            [52.430132182526528, 29.831811327787207]
          ]
        ]
      }
    },
    {
      "type": "Feature",
      "properties": {
        "fid": 32.0,
        "handle": "1975",
        "block": "-1",
        "etype": "18",
        "space": "0",
        "layer": "tarbiatbadani",
        "olinetype": "BYLAYER",
        "linetype": null,
        "color": "0,0,0,254",
        "ocolor": "256",
        "color24": "-1",
        "transparen": "0",
        "lweight": "-1",
        "linewidth": 0.0,
        "ltscale": 1.0,
        "visible": "1",
        "width": 0.0,
        "thickness": 0.0,
        "ext": "(3:0,0,0.1)"
      },
      "geometry": {
        "type": "MultiLineString",
        "coordinates": [
          [
            [52.430009923003261, 29.832126435288625],
            [52.429848536539986, 29.831920199267696]
          ]
        ]
      }
    },
    {
      "type": "Feature",
      "properties": {
        "fid": 33.0,
        "handle": "1976",
        "block": "-1",
        "etype": "18",
        "space": "0",
        "layer": "tarbiatbadani",
        "olinetype": "BYLAYER",
        "linetype": null,
        "color": "0,0,0,254",
        "ocolor": "256",
        "color24": "-1",
        "transparen": "0",
        "lweight": "-1",
        "linewidth": 0.0,
        "ltscale": 1.0,
        "visible": "1",
        "width": 0.0,
        "thickness": 0.0,
        "ext": "(3:0,0,0.1)"
      },
      "geometry": {
        "type": "MultiLineString",
        "coordinates": [
          [
            [52.430089842684083, 29.832071277777832],
            [52.429978116071929, 29.831850614713336]
          ]
        ]
      }
    },
    {
      "type": "Feature",
      "properties": {
        "fid": 34.0,
        "handle": "1977",
        "block": "-1",
        "etype": "18",
        "space": "0",
        "layer": "tarbiatbadani",
        "olinetype": "BYLAYER",
        "linetype": null,
        "color": "0,0,0,254",
        "ocolor": "256",
        "color24": "-1",
        "transparen": "0",
        "lweight": "-1",
        "linewidth": 0.0,
        "ltscale": 1.0,
        "visible": "1",
        "width": 0.0,
        "thickness": 0.0,
        "ext": "(3:0,0,0.1)"
      },
      "geometry": {
        "type": "MultiLineString",
        "coordinates": [
          [
            [52.430288190224964, 29.832024559388099],
            [52.430287069322624, 29.831809343478003]
          ]
        ]
      }
    },
    {
      "type": "Feature",
      "properties": {
        "fid": 35.0,
        "handle": "1978",
        "block": "-1",
        "etype": "18",
        "space": "0",
        "layer": "tarbiatbadani",
        "olinetype": "BYLAYER",
        "linetype": null,
        "color": "0,0,0,254",
        "ocolor": "256",
        "color24": "-1",
        "transparen": "0",
        "lweight": "-1",
        "linewidth": 0.0,
        "ltscale": 1.0,
        "visible": "1",
        "width": 0.0,
        "thickness": 0.0,
        "ext": "(3:0,0,0.1)"
      },
      "geometry": {
        "type": "MultiLineString",
        "coordinates": [
          [
            [52.430414184776936, 29.832044134861853],
            [52.430432675348072, 29.831841247634678]
          ]
        ]
      }
    },
    {
      "type": "Feature",
      "properties": {
        "fid": 36.0,
        "handle": "1980",
        "block": "-1",
        "etype": "18",
        "space": "0",
        "layer": "tarbiatbadani",
        "olinetype": "BYLAYER",
        "linetype": null,
        "color": "0,0,0,254",
        "ocolor": "256",
        "color24": "-1",
        "transparen": "0",
        "lweight": "-1",
        "linewidth": 0.0,
        "ltscale": 1.0,
        "visible": "1",
        "width": 0.0,
        "thickness": 0.0,
        "ext": "(3:0,0,0.1)"
      },
      "geometry": {
        "type": "MultiLineString",
        "coordinates": [
          [
            [52.431300079826698, 29.83247213722019],
            [52.431207296137998, 29.832304374955651]
          ]
        ]
      }
    },
    {
      "type": "Feature",
      "properties": {
        "fid": 37.0,
        "handle": "1981",
        "block": "-1",
        "etype": "18",
        "space": "0",
        "layer": "tarbiatbadani",
        "olinetype": "BYLAYER",
        "linetype": null,
        "color": "0,0,0,254",
        "ocolor": "256",
        "color24": "-1",
        "transparen": "0",
        "lweight": "-1",
        "linewidth": 0.0,
        "ltscale": 1.0,
        "visible": "1",
        "width": 0.0,
        "thickness": 0.0,
        "ext": "(3:0,0,0.1)"
      },
      "geometry": {
        "type": "MultiLineString",
        "coordinates": [
          [
            [52.431392186615803, 29.832442470979746],
            [52.431315489520408, 29.832253105838223]
          ]
        ]
      }
    },
    {
      "type": "Feature",
      "properties": {
        "fid": 38.0,
        "handle": "1982",
        "block": "-1",
        "etype": "18",
        "space": "0",
        "layer": "tarbiatbadani",
        "olinetype": "BYLAYER",
        "linetype": null,
        "color": "0,0,0,254",
        "ocolor": "256",
        "color24": "-1",
        "transparen": "0",
        "lweight": "-1",
        "linewidth": 0.0,
        "ltscale": 1.0,
        "visible": "1",
        "width": 0.0,
        "thickness": 0.0,
        "ext": "(3:0,0,0.1)"
      },
      "geometry": {
        "type": "MultiLineString",
        "coordinates": [
          [
            [52.431467202039208, 29.832202397376918],
            [52.431500206888735, 29.832418576839856],
            [52.431339437353351, 29.83245413910776],
            [52.431300079826698, 29.83247213722019],
            [52.431207093070022, 29.832517489591929]
          ]
        ]
      }
    },
    {
      "type": "Feature",
      "properties": {
        "fid": 39.0,
        "handle": "1983",
        "block": "-1",
        "etype": "18",
        "space": "0",
        "layer": "tarbiatbadani",
        "olinetype": "BYLAYER",
        "linetype": null,
        "color": "0,0,0,254",
        "ocolor": "256",
        "color24": "-1",
        "transparen": "0",
        "lweight": "-1",
        "linewidth": 0.0,
        "ltscale": 1.0,
        "visible": "1",
        "width": 0.0,
        "thickness": 0.0,
        "ext": "(3:0,0,0.1)"
      },
      "geometry": {
        "type": "MultiLineString",
        "coordinates": [
          [
            [52.431424962263023, 29.832654880303682],
            [52.431339437353351, 29.83245413910776]
          ]
        ]
      }
    },
    {
      "type": "Feature",
      "properties": {
        "fid": 40.0,
        "handle": "1984",
        "block": "-1",
        "etype": "18",
        "space": "0",
        "layer": "tarbiatbadani",
        "olinetype": "BYLAYER",
        "linetype": null,
        "color": "0,0,0,254",
        "ocolor": "256",
        "color24": "-1",
        "transparen": "0",
        "lweight": "-1",
        "linewidth": 0.0,
        "ltscale": 1.0,
        "visible": "1",
        "width": 0.0,
        "thickness": 0.0,
        "ext": "(3:0,0,0.1)"
      },
      "geometry": {
        "type": "MultiLineString",
        "coordinates": [
          [
            [52.429911141608279, 29.832283534182277],
            [52.429688622548412, 29.83208377767917]
          ]
        ]
      }
    },
    {
      "type": "Feature",
      "properties": {
        "fid": 41.0,
        "handle": "1985",
        "block": "-1",
        "etype": "18",
        "space": "0",
        "layer": "tarbiatbadani",
        "olinetype": "BYLAYER",
        "linetype": null,
        "color": "0,0,0,254",
        "ocolor": "256",
        "color24": "-1",
        "transparen": "0",
        "lweight": "-1",
        "linewidth": 0.0,
        "ltscale": 1.0,
        "visible": "1",
        "width": 0.0,
        "thickness": 0.0,
        "ext": "(3:0,0,0.1)"
      },
      "geometry": {
        "type": "MultiLineString",
        "coordinates": [
          [
            [52.42994996237875, 29.832197400815033],
            [52.429754060849667, 29.832004649799828]
          ]
        ]
      }
    },
    {
      "type": "Feature",
      "properties": {
        "fid": 42.0,
        "handle": "1991",
        "block": "-1",
        "etype": "18",
        "space": "0",
        "layer": "tarbiatbadani",
        "olinetype": "BYLAYER",
        "linetype": null,
        "color": "0,0,0,254",
        "ocolor": "256",
        "color24": "-1",
        "transparen": "0",
        "lweight": "-1",
        "linewidth": 0.0,
        "ltscale": 1.0,
        "visible": "1",
        "width": 0.0,
        "thickness": 0.0,
        "ext": "(3:0,0,0.1)"
      },
      "geometry": {
        "type": "MultiLineString",
        "coordinates": [
          [
            [52.431498506478, 29.833067596718131],
            [52.431287101425198, 29.833037882546581]
          ]
        ]
      }
    },
    {
      "type": "Feature",
      "properties": {
        "fid": 43.0,
        "handle": "1992",
        "block": "-1",
        "etype": "18",
        "space": "0",
        "layer": "tarbiatbadani",
        "olinetype": "BYLAYER",
        "linetype": null,
        "color": "0,0,0,254",
        "ocolor": "256",
        "color24": "-1",
        "transparen": "0",
        "lweight": "-1",
        "linewidth": 0.0,
        "ltscale": 1.0,
        "visible": "1",
        "width": 0.0,
        "thickness": 0.0,
        "ext": "(3:0,0,0.1)"
      },
      "geometry": {
        "type": "MultiLineString",
        "coordinates": [
          [
            [52.431514573709229, 29.833129679158219],
            [52.431305848645565, 29.833168094451505]
          ]
        ]
      }
    },
    {
      "type": "Feature",
      "properties": {
        "fid": 44.0,
        "handle": "1993",
        "block": "-1",
        "etype": "18",
        "space": "0",
        "layer": "tarbiatbadani",
        "olinetype": "BYLAYER",
        "linetype": null,
        "color": "0,0,0,254",
        "ocolor": "256",
        "color24": "-1",
        "transparen": "0",
        "lweight": "-1",
        "linewidth": 0.0,
        "ltscale": 1.0,
        "visible": "1",
        "width": 0.0,
        "thickness": 0.0,
        "ext": "(3:0,0,0.1)"
      },
      "geometry": {
        "type": "MultiLineString",
        "coordinates": [
          [
            [52.431550201134449, 29.833193321962817],
            [52.431365347895131, 29.833280989458647]
          ]
        ]
      }
    },
    {
      "type": "Feature",
      "properties": {
        "fid": 45.0,
        "handle": "1994",
        "block": "-1",
        "etype": "18",
        "space": "0",
        "layer": "tarbiatbadani",
        "olinetype": "BYLAYER",
        "linetype": null,
        "color": "0,0,0,254",
        "ocolor": "256",
        "color24": "-1",
        "transparen": "0",
        "lweight": "-1",
        "linewidth": 0.0,
        "ltscale": 1.0,
        "visible": "1",
        "width": 0.0,
        "thickness": 0.0,
        "ext": "(3:0,0,0.1)"
      },
      "geometry": {
        "type": "MultiLineString",
        "coordinates": [
          [
            [52.431584124576496, 29.83290958246107],
            [52.431579399313812, 29.832720445522131]
          ]
        ]
      }
    },
    {
      "type": "Feature",
      "properties": {
        "fid": 46.0,
        "handle": "1995",
        "block": "-1",
        "etype": "18",
        "space": "0",
        "layer": "tarbiatbadani",
        "olinetype": "BYLAYER",
        "linetype": null,
        "color": "0,0,0,254",
        "ocolor": "256",
        "color24": "-1",
        "transparen": "0",
        "lweight": "-1",
        "linewidth": 0.0,
        "ltscale": 1.0,
        "visible": "1",
        "width": 0.0,
        "thickness": 0.0,
        "ext": "(3:0,0,0.1)"
      },
      "geometry": {
        "type": "MultiLineString",
        "coordinates": [
          [
            [52.431806403096076, 29.832806301503542],
            [52.431722615599341, 29.832962105829708]
          ]
        ]
      }
    },
    {
      "type": "Feature",
      "properties": {
        "fid": 47.0,
        "handle": "1996",
        "block": "-1",
        "etype": "18",
        "space": "0",
        "layer": "tarbiatbadani",
        "olinetype": "BYLAYER",
        "linetype": null,
        "color": "0,0,0,254",
        "ocolor": "256",
        "color24": "-1",
        "transparen": "0",
        "lweight": "-1",
        "linewidth": 0.0,
        "ltscale": 1.0,
        "visible": "1",
        "width": 0.0,
        "thickness": 0.0,
        "ext": "(3:0,0,0.1)"
      },
      "geometry": {
        "type": "MultiLineString",
        "coordinates": [
          [
            [52.43190288042382, 29.832860689830351],
            [52.431819785445796, 29.833015206668087]
          ]
        ]
      }
    },
    {
      "type": "Feature",
      "properties": {
        "fid": 48.0,
        "handle": "1997",
        "block": "-1",
        "etype": "18",
        "space": "0",
        "layer": "tarbiatbadani",
        "olinetype": "BYLAYER",
        "linetype": null,
        "color": "0,0,0,254",
        "ocolor": "256",
        "color24": "-1",
        "transparen": "0",
        "lweight": "-1",
        "linewidth": 0.0,
        "ltscale": 1.0,
        "visible": "1",
        "width": 0.0,
        "thickness": 0.0,
        "ext": "(3:0,0,0.1)"
      },
      "geometry": {
        "type": "MultiLineString",
        "coordinates": [
          [
            [52.432000106503558, 29.832912265426476],
            [52.431906395021308, 29.833064225607309]
          ]
        ]
      }
    },
    {
      "type": "Feature",
      "properties": {
        "fid": 49.0,
        "handle": "1998",
        "block": "-1",
        "etype": "18",
        "space": "0",
        "layer": "tarbiatbadani",
        "olinetype": "BYLAYER",
        "linetype": null,
        "color": "0,0,0,254",
        "ocolor": "256",
        "color24": "-1",
        "transparen": "0",
        "lweight": "-1",
        "linewidth": 0.0,
        "ltscale": 1.0,
        "visible": "1",
        "width": 0.0,
        "thickness": 0.0,
        "ext": "(3:0,0,0.1)"
      },
      "geometry": {
        "type": "MultiLineString",
        "coordinates": [
          [
            [52.43209228538754, 29.832969442777625],
            [52.431976822881502, 29.833112751479028]
          ]
        ]
      }
    },
    {
      "type": "Feature",
      "properties": {
        "fid": 50.0,
        "handle": "1999",
        "block": "-1",
        "etype": "18",
        "space": "0",
        "layer": "tarbiatbadani",
        "olinetype": "BYLAYER",
        "linetype": null,
        "color": "0,0,0,254",
        "ocolor": "256",
        "color24": "-1",
        "transparen": "0",
        "lweight": "-1",
        "linewidth": 0.0,
        "ltscale": 1.0,
        "visible": "1",
        "width": 0.0,
        "thickness": 0.0,
        "ext": "(3:0,0,0.1)"
      },
      "geometry": {
        "type": "MultiLineString",
        "coordinates": [
          [
            [52.432025226848943, 29.833164778406893],
            [52.432206816497988, 29.833054595993637]
          ]
        ]
      }
    },
    {
      "type": "Feature",
      "properties": {
        "fid": 51.0,
        "handle": "2000",
        "block": "-1",
        "etype": "18",
        "space": "0",
        "layer": "tarbiatbadani",
        "olinetype": "BYLAYER",
        "linetype": null,
        "color": "0,0,0,254",
        "ocolor": "256",
        "color24": "-1",
        "transparen": "0",
        "lweight": "-1",
        "linewidth": 0.0,
        "ltscale": 1.0,
        "visible": "1",
        "width": 0.0,
        "thickness": 0.0,
        "ext": "(3:0,0,0.1)"
      },
      "geometry": {
        "type": "MultiLineString",
        "coordinates": [
          [
            [52.431195312307963, 29.833018976714591],
            [52.430967862571492, 29.832986195595605]
          ]
        ]
      }
    },
    {
      "type": "Feature",
      "properties": {
        "fid": 52.0,
        "handle": "2001",
        "block": "-1",
        "etype": "18",
        "space": "0",
        "layer": "tarbiatbadani",
        "olinetype": "BYLAYER",
        "linetype": null,
        "color": "0,0,0,254",
        "ocolor": "256",
        "color24": "-1",
        "transparen": "0",
        "lweight": "-1",
        "linewidth": 0.0,
        "ltscale": 1.0,
        "visible": "1",
        "width": 0.0,
        "thickness": 0.0,
        "ext": "(3:0,0,0.1)"
      },
      "geometry": {
        "type": "MultiLineString",
        "coordinates": [
          [
            [52.431623077350295, 29.832639237977936],
            [52.431639996983641, 29.832431046091074]
          ]
        ]
      }
    },
    {
      "type": "Feature",
      "properties": {
        "fid": 53.0,
        "handle": "2002",
        "block": "-1",
        "etype": "18",
        "space": "0",
        "layer": "tarbiatbadani",
        "olinetype": "BYLAYER",
        "linetype": null,
        "color": "0,0,0,254",
        "ocolor": "256",
        "color24": "-1",
        "transparen": "0",
        "lweight": "-1",
        "linewidth": 0.0,
        "ltscale": 1.0,
        "visible": "1",
        "width": 0.0,
        "thickness": 0.0,
        "ext": "(3:0,0,0.1)"
      },
      "geometry": {
        "type": "MultiLineString",
        "coordinates": [
          [
            [52.431723846224919, 29.832661812777577],
            [52.431793941118443, 29.83246360456161]
          ]
        ]
      }
    },
    {
      "type": "Feature",
      "properties": {
        "fid": 54.0,
        "handle": "2003",
        "block": "-1",
        "etype": "18",
        "space": "0",
        "layer": "tarbiatbadani",
        "olinetype": "BYLAYER",
        "linetype": null,
        "color": "0,0,0,254",
        "ocolor": "256",
        "color24": "-1",
        "transparen": "0",
        "lweight": "-1",
        "linewidth": 0.0,
        "ltscale": 1.0,
        "visible": "1",
        "width": 0.0,
        "thickness": 0.0,
        "ext": "(3:0,0,0.1)"
      },
      "geometry": {
        "type": "MultiLineString",
        "coordinates": [
          [
            [52.431801244046177, 29.832703655704051],
            [52.431914781287404, 29.832533286196117]
          ]
        ]
      }
    },
    {
      "type": "Feature",
      "properties": {
        "fid": 55.0,
        "handle": "2004",
        "block": "-1",
        "etype": "18",
        "space": "0",
        "layer": "tarbiatbadani",
        "olinetype": "BYLAYER",
        "linetype": null,
        "color": "0,0,0,254",
        "ocolor": "256",
        "color24": "-1",
        "transparen": "0",
        "lweight": "-1",
        "linewidth": 0.0,
        "ltscale": 1.0,
        "visible": "1",
        "width": 0.0,
        "thickness": 0.0,
        "ext": "(3:0,0,0.1)"
      },
      "geometry": {
        "type": "MultiLineString",
        "coordinates": [
          [
            [52.431816357628449, 29.832476530900646],
            [52.431909608930077, 29.832355523572499]
          ]
        ]
      }
    },
    {
      "type": "Feature",
      "properties": {
        "fid": 56.0,
        "handle": "2005",
        "block": "-1",
        "etype": "18",
        "space": "0",
        "layer": "tarbiatbadani",
        "olinetype": "BYLAYER",
        "linetype": null,
        "color": "0,0,0,254",
        "ocolor": "256",
        "color24": "-1",
        "transparen": "0",
        "lweight": "-1",
        "linewidth": 0.0,
        "ltscale": 1.0,
        "visible": "1",
        "width": 0.0,
        "thickness": 0.0,
        "ext": "(3:0,0,0.1)"
      },
      "geometry": {
        "type": "MultiLineString",
        "coordinates": [
          [
            [52.431216544096159, 29.832925812624975],
            [52.430976199078188, 29.832821781544297],
            [52.430712592755398, 29.832739880124514]
          ]
        ]
      }
    },
    {
      "type": "Feature",
      "properties": {
        "fid": 57.0,
        "handle": "2006",
        "block": "-1",
        "etype": "18",
        "space": "0",
        "layer": "tarbiatbadani",
        "olinetype": "BYLAYER",
        "linetype": null,
        "color": "0,0,0,254",
        "ocolor": "256",
        "color24": "-1",
        "transparen": "0",
        "lweight": "-1",
        "linewidth": 0.0,
        "ltscale": 1.0,
        "visible": "1",
        "width": 0.0,
        "thickness": 0.0,
        "ext": "(3:0,0,0.1)"
      },
      "geometry": {
        "type": "MultiLineString",
        "coordinates": [
          [
            [52.431196658517521, 29.833109489002819],
            [52.430977964508592, 29.833108711968567],
            [52.430707703462282, 29.833107751212747]
          ]
        ]
      }
    },
    {
      "type": "Feature",
      "properties": {
        "fid": 58.0,
        "handle": "2007",
        "block": "-1",
        "etype": "18",
        "space": "0",
        "layer": "tarbiatbadani",
        "olinetype": "BYLAYER",
        "linetype": null,
        "color": "0,0,0,254",
        "ocolor": "256",
        "color24": "-1",
        "transparen": "0",
        "lweight": "-1",
        "linewidth": 0.0,
        "ltscale": 1.0,
        "visible": "1",
        "width": 0.0,
        "thickness": 0.0,
        "ext": "(3:0,0,0.1)"
      },
      "geometry": {
        "type": "MultiLineString",
        "coordinates": [
          [
            [52.43192045939368, 29.833984041118864],
            [52.431701031070162, 29.833748251086931],
            [52.431653977267089, 29.83369621232012],
            [52.431608601678619, 29.833642703913483],
            [52.431564950176828, 29.833587779966361],
            [52.431523066894435, 29.833531496004976],
            [52.431482994175695, 29.833473908932774],
            [52.431444772534562, 29.833415076970397],
            [52.431408440611854, 29.833355059597608],
            [52.431331486148018, 29.833222785928772],
            [52.43132068811002, 29.833202970258167],
            [52.431311297302308, 29.833182450240656],
            [52.431303359388032, 29.833161325660509],
            [52.431296912969621, 29.833139699238924],
            [52.431291989390949, 29.833117676142134],
            [52.431288612597193, 29.833095363463141],
            [52.431286799008369, 29.833072869701024],
            [52.431286557442938, 29.833050304239801],
            [52.431287889075968, 29.833027776808191],
            [52.431290787433674, 29.833005396953009],
            [52.431295238417071, 29.832983273500755],
            [52.431301220387461, 29.832961514032828],
            [52.431308704253745, 29.832940224359842],
            [52.431317653623402, 29.832919508009578],
            [52.431328024978065, 29.832899465718128],
            [52.431339767884594, 29.832880194948626],
            [52.43135282523982, 29.832861789410071],
            [52.431509669967149, 29.832982329102883],
            [52.431505711123606, 29.8329912730586],
            [52.431498506478, 29.833067596718131],
            [52.431514573709229, 29.833129679158219],
            [52.431641021329675, 29.8333555575615],
            [52.43188982406371, 29.833661788337608],
            [52.432077211108911, 29.83386314753767],
            [52.43209374042992, 29.833881709240629],
            [52.432109288757857, 29.833901100080304],
            [52.432123814574872, 29.833921268271293],
            [52.432137279083683, 29.833942159949398],
            [52.432149646324689, 29.833963719320757],
            [52.432160883274193, 29.833985888810091],
            [52.432170959916085, 29.834008609207753],
            [52.432119520324747, 29.834089165569409],
            [52.431991180332574, 29.834112711221092],
            [52.431984809415468, 29.834092612294615],
            [52.431977147577427, 29.834072969185847],
            [52.431968227121608, 29.834053864711674],
            [52.431958085655417, 29.834035379417397],
            [52.431946765936019, 29.83401759123489],
            [52.431934315686618, 29.834000575161543],
            [52.431920787399562, 29.833984402934924]
          ]
        ]
      }
    },
    {
      "type": "Feature",
      "properties": {
        "fid": 59.0,
        "handle": "2008",
        "block": "-1",
        "etype": "18",
        "space": "0",
        "layer": "tarbiatbadani",
        "olinetype": "BYLAYER",
        "linetype": null,
        "color": "0,0,0,254",
        "ocolor": "256",
        "color24": "-1",
        "transparen": "0",
        "lweight": "-1",
        "linewidth": 0.0,
        "ltscale": 1.0,
        "visible": "1",
        "width": 0.0,
        "thickness": 0.0,
        "ext": "(3:0,0,0.1)"
      },
      "geometry": {
        "type": "MultiLineString",
        "coordinates": [
          [
            [52.430862860436413, 29.832453338035737],
            [52.431080111182773, 29.832638433352383],
            [52.431072321187223, 29.83264746886109],
            [52.431064775555107, 29.832656709420462],
            [52.43105747968729, 29.832666148422501],
            [52.431050438794038, 29.832675779119196],
            [52.431043657913953, 29.832685594622944],
            [52.431037141892141, 29.832695587917463],
            [52.431030895390187, 29.832705751858661],
            [52.431027240933616, 29.832712011530187],
            [52.431023694248132, 29.832718332888817],
            [52.431020256373806, 29.8327247140769],
            [52.431016928318051, 29.832731153222081],
            [52.431013711057666, 29.832737648434431],
            [52.431010605540649, 29.832744197809173],
            [52.431007612674868, 29.83275079942257],
            [52.430977016424343, 29.832819922729641],
            [52.430976899105453, 29.832820188030091],
            [52.43097678196866, 29.832820453411387],
            [52.430976665022165, 29.832820718875151],
            [52.430976548257597, 29.832820984420319],
            [52.430976431676775, 29.832821250046891],
            [52.430976315286252, 29.832821515755022],
            [52.430976199078188, 29.832821781544297],
            [52.430967862571492, 29.832986195595605],
            [52.430988351566079, 29.833234685886218]
          ]
        ]
      }
    },
    {
      "type": "Feature",
      "properties": {
        "fid": 60.0,
        "handle": "2009",
        "block": "-1",
        "etype": "18",
        "space": "0",
        "layer": "tarbiatbadani",
        "olinetype": "BYLAYER",
        "linetype": null,
        "color": "0,0,0,254",
        "ocolor": "256",
        "color24": "-1",
        "transparen": "0",
        "lweight": "-1",
        "linewidth": 0.0,
        "ltscale": 1.0,
        "visible": "1",
        "width": 0.0,
        "thickness": 0.0,
        "ext": "(3:0,0,0.1)"
      },
      "geometry": {
        "type": "MultiLineString",
        "coordinates": [
          [
            [52.430970119124098, 29.833013563116463],
            [52.430721049765708, 29.832997089030584]
          ]
        ]
      }
    },
    {
      "type": "Feature",
      "properties": {
        "fid": 61.0,
        "handle": "2010",
        "block": "-1",
        "etype": "18",
        "space": "0",
        "layer": "tarbiatbadani",
        "olinetype": "BYLAYER",
        "linetype": null,
        "color": "0,0,0,254",
        "ocolor": "256",
        "color24": "-1",
        "transparen": "0",
        "lweight": "-1",
        "linewidth": 0.0,
        "ltscale": 1.0,
        "visible": "1",
        "width": 0.0,
        "thickness": 0.0,
        "ext": "(3:0,0,0.1)"
      },
      "geometry": {
        "type": "MultiLineString",
        "coordinates": [
          [
            [52.430971008263285, 29.832924155745399],
            [52.430717174004904, 29.832863497773932]
          ]
        ]
      }
    },
    {
      "type": "Feature",
      "properties": {
        "fid": 62.0,
        "handle": "2011",
        "block": "-1",
        "etype": "18",
        "space": "0",
        "layer": "tarbiatbadani",
        "olinetype": "BYLAYER",
        "linetype": null,
        "color": "0,0,0,254",
        "ocolor": "256",
        "color24": "-1",
        "transparen": "0",
        "lweight": "-1",
        "linewidth": 0.0,
        "ltscale": 1.0,
        "visible": "1",
        "width": 0.0,
        "thickness": 0.0,
        "ext": "(3:0,0,0.1)"
      },
      "geometry": {
        "type": "MultiLineString",
        "coordinates": [
          [
            [52.431422448280038, 29.833378781151563],
            [52.431595558793852, 29.833274346166778]
          ]
        ]
      }
    },
    {
      "type": "Feature",
      "properties": {
        "fid": 63.0,
        "handle": "2012",
        "block": "-1",
        "etype": "18",
        "space": "0",
        "layer": "tarbiatbadani",
        "olinetype": "BYLAYER",
        "linetype": null,
        "color": "0,0,0,254",
        "ocolor": "256",
        "color24": "-1",
        "transparen": "0",
        "lweight": "-1",
        "linewidth": 0.0,
        "ltscale": 1.0,
        "visible": "1",
        "width": 0.0,
        "thickness": 0.0,
        "ext": "(3:0,0,0.1)"
      },
      "geometry": {
        "type": "MultiLineString",
        "coordinates": [
          [
            [52.431258914850837, 29.833277185260997],
            [52.431044223191265, 29.833372905653331]
          ]
        ]
      }
    },
    {
      "type": "Feature",
      "properties": {
        "fid": 64.0,
        "handle": "2014",
        "block": "-1",
        "etype": "18",
        "space": "0",
        "layer": "tarbiatbadani",
        "olinetype": "BYLAYER",
        "linetype": null,
        "color": "0,0,0,254",
        "ocolor": "256",
        "color24": "-1",
        "transparen": "0",
        "lweight": "-1",
        "linewidth": 0.0,
        "ltscale": 1.0,
        "visible": "1",
        "width": 0.0,
        "thickness": 0.0,
        "ext": "(3:0,0,0.1)"
      },
      "geometry": {
        "type": "MultiLineString",
        "coordinates": [
          [
            [52.4314777085212, 29.833466136315597],
            [52.431647593769661, 29.833363647067308]
          ]
        ]
      }
    },
    {
      "type": "Feature",
      "properties": {
        "fid": 65.0,
        "handle": "2015",
        "block": "-1",
        "etype": "18",
        "space": "0",
        "layer": "tarbiatbadani",
        "olinetype": "BYLAYER",
        "linetype": null,
        "color": "0,0,0,254",
        "ocolor": "256",
        "color24": "-1",
        "transparen": "0",
        "lweight": "-1",
        "linewidth": 0.0,
        "ltscale": 1.0,
        "visible": "1",
        "width": 0.0,
        "thickness": 0.0,
        "ext": "(3:0,0,0.1)"
      },
      "geometry": {
        "type": "MultiLineString",
        "coordinates": [
          [
            [52.432039511481136, 29.833302139820471],
            [52.432234505278934, 29.83334657180605]
          ]
        ]
      }
    },
    {
      "type": "Feature",
      "properties": {
        "fid": 66.0,
        "handle": "2016",
        "block": "-1",
        "etype": "18",
        "space": "0",
        "layer": "tarbiatbadani",
        "olinetype": "BYLAYER",
        "linetype": null,
        "color": "0,0,0,254",
        "ocolor": "256",
        "color24": "-1",
        "transparen": "0",
        "lweight": "-1",
        "linewidth": 0.0,
        "ltscale": 1.0,
        "visible": "1",
        "width": 0.0,
        "thickness": 0.0,
        "ext": "(3:0,0,0.1)"
      },
      "geometry": {
        "type": "MultiLineString",
        "coordinates": [
          [
            [52.432031213672161, 29.833400912925555],
            [52.432200079918161, 29.833441328236923]
          ]
        ]
      }
    },
    {
      "type": "Feature",
      "properties": {
        "fid": 67.0,
        "handle": "2017",
        "block": "-1",
        "etype": "18",
        "space": "0",
        "layer": "tarbiatbadani",
        "olinetype": "BYLAYER",
        "linetype": null,
        "color": "0,0,0,254",
        "ocolor": "256",
        "color24": "-1",
        "transparen": "0",
        "lweight": "-1",
        "linewidth": 0.0,
        "ltscale": 1.0,
        "visible": "1",
        "width": 0.0,
        "thickness": 0.0,
        "ext": "(3:0,0,0.1)"
      },
      "geometry": {
        "type": "MultiLineString",
        "coordinates": [
          [
            [52.432024556489637, 29.833507471155819],
            [52.432170906273228, 29.833537495459122]
          ]
        ]
      }
    },
    {
      "type": "Feature",
      "properties": {
        "fid": 68.0,
        "handle": "2018",
        "block": "-1",
        "etype": "18",
        "space": "0",
        "layer": "tarbiatbadani",
        "olinetype": "BYLAYER",
        "linetype": null,
        "color": "0,0,0,254",
        "ocolor": "256",
        "color24": "-1",
        "transparen": "0",
        "lweight": "-1",
        "linewidth": 0.0,
        "ltscale": 1.0,
        "visible": "1",
        "width": 0.0,
        "thickness": 0.0,
        "ext": "(3:0,0,0.1)"
      },
      "geometry": {
        "type": "MultiLineString",
        "coordinates": [
          [
            [52.431542754577706, 29.833558418878528],
            [52.431713363773262, 29.833444598162213]
          ]
        ]
      }
    },
    {
      "type": "Feature",
      "properties": {
        "fid": 69.0,
        "handle": "2019",
        "block": "-1",
        "etype": "18",
        "space": "0",
        "layer": "tarbiatbadani",
        "olinetype": "BYLAYER",
        "linetype": null,
        "color": "0,0,0,254",
        "ocolor": "256",
        "color24": "-1",
        "transparen": "0",
        "lweight": "-1",
        "linewidth": 0.0,
        "ltscale": 1.0,
        "visible": "1",
        "width": 0.0,
        "thickness": 0.0,
        "ext": "(3:0,0,0.1)"
      },
      "geometry": {
        "type": "MultiLineString",
        "coordinates": [
          [
            [52.431606939079472, 29.833640570857607],
            [52.431779209252852, 29.833525641984671]
          ]
        ]
      }
    },
    {
      "type": "Feature",
      "properties": {
        "fid": 70.0,
        "handle": "2020",
        "block": "-1",
        "etype": "18",
        "space": "0",
        "layer": "tarbiatbadani",
        "olinetype": "BYLAYER",
        "linetype": null,
        "color": "0,0,0,254",
        "ocolor": "256",
        "color24": "-1",
        "transparen": "0",
        "lweight": "-1",
        "linewidth": 0.0,
        "ltscale": 1.0,
        "visible": "1",
        "width": 0.0,
        "thickness": 0.0,
        "ext": "(3:0,0,0.1)"
      },
      "geometry": {
        "type": "MultiLineString",
        "coordinates": [
          [
            [52.431675187121158, 29.833720011913655],
            [52.431845054840203, 29.833606685769812]
          ]
        ]
      }
    },
    {
      "type": "Feature",
      "properties": {
        "fid": 71.0,
        "handle": "2021",
        "block": "-1",
        "etype": "18",
        "space": "0",
        "layer": "tarbiatbadani",
        "olinetype": "BYLAYER",
        "linetype": null,
        "color": "0,0,0,254",
        "ocolor": "256",
        "color24": "-1",
        "transparen": "0",
        "lweight": "-1",
        "linewidth": 0.0,
        "ltscale": 1.0,
        "visible": "1",
        "width": 0.0,
        "thickness": 0.0,
        "ext": "(3:0,0,0.1)"
      },
      "geometry": {
        "type": "MultiLineString",
        "coordinates": [
          [
            [52.43174667096978, 29.833797294258556],
            [52.431912791277966, 29.833686468117801]
          ]
        ]
      }
    },
    {
      "type": "Feature",
      "properties": {
        "fid": 72.0,
        "handle": "2022",
        "block": "-1",
        "etype": "18",
        "space": "0",
        "layer": "tarbiatbadani",
        "olinetype": "BYLAYER",
        "linetype": null,
        "color": "0,0,0,254",
        "ocolor": "256",
        "color24": "-1",
        "transparen": "0",
        "lweight": "-1",
        "linewidth": 0.0,
        "ltscale": 1.0,
        "visible": "1",
        "width": 0.0,
        "thickness": 0.0,
        "ext": "(3:0,0,0.1)"
      },
      "geometry": {
        "type": "MultiLineString",
        "coordinates": [
          [
            [52.431818423668481, 29.833874397272858],
            [52.431984544017403, 29.833763571041484]
          ]
        ]
      }
    },
    {
      "type": "Feature",
      "properties": {
        "fid": 73.0,
        "handle": "2023",
        "block": "-1",
        "etype": "18",
        "space": "0",
        "layer": "tarbiatbadani",
        "olinetype": "BYLAYER",
        "linetype": null,
        "color": "0,0,0,254",
        "ocolor": "256",
        "color24": "-1",
        "transparen": "0",
        "lweight": "-1",
        "linewidth": 0.0,
        "ltscale": 1.0,
        "visible": "1",
        "width": 0.0,
        "thickness": 0.0,
        "ext": "(3:0,0,0.1)"
      },
      "geometry": {
        "type": "MultiLineString",
        "coordinates": [
          [
            [52.432046683840518, 29.83322557235898],
            [52.432285195572717, 29.833201126674883]
          ]
        ]
      }
    },
    {
      "type": "Feature",
      "properties": {
        "fid": 74.0,
        "handle": "2027",
        "block": "-1",
        "etype": "18",
        "space": "0",
        "layer": "tarbiatbadani",
        "olinetype": "BYLAYER",
        "linetype": null,
        "color": "0,0,0,254",
        "ocolor": "256",
        "color24": "-1",
        "transparen": "0",
        "lweight": "-1",
        "linewidth": 0.0,
        "ltscale": 1.0,
        "visible": "1",
        "width": 0.0,
        "thickness": 0.0,
        "ext": "(3:0,0,0.1)"
      },
      "geometry": {
        "type": "MultiLineString",
        "coordinates": [
          [
            [52.431890176478305, 29.833951500243646],
            [52.432056296867977, 29.833840673921646]
          ]
        ]
      }
    },
    {
      "type": "Feature",
      "properties": {
        "fid": 75.0,
        "handle": "2028",
        "block": "-1",
        "etype": "18",
        "space": "0",
        "layer": "tarbiatbadani",
        "olinetype": "BYLAYER",
        "linetype": null,
        "color": "0,0,0,254",
        "ocolor": "256",
        "color24": "-1",
        "transparen": "0",
        "lweight": "-1",
        "linewidth": 0.0,
        "ltscale": 1.0,
        "visible": "1",
        "width": 0.0,
        "thickness": 0.0,
        "ext": "(3:0,0,0.1)"
      },
      "geometry": {
        "type": "MultiLineString",
        "coordinates": [
          [
            [52.431955798124079, 29.834031653659537],
            [52.432123469211639, 29.83392080872331]
          ]
        ]
      }
    },
    {
      "type": "Feature",
      "properties": {
        "fid": 76.0,
        "handle": "2029",
        "block": "-1",
        "etype": "18",
        "space": "0",
        "layer": "tarbiatbadani",
        "olinetype": "BYLAYER",
        "linetype": null,
        "color": "0,0,0,254",
        "ocolor": "256",
        "color24": "-1",
        "transparen": "0",
        "lweight": "-1",
        "linewidth": 0.0,
        "ltscale": 1.0,
        "visible": "1",
        "width": 0.0,
        "thickness": 0.0,
        "ext": "(3:0,0,0.1)"
      },
      "geometry": {
        "type": "MultiLineString",
        "coordinates": [
          [
            [52.43237025927759, 29.83313738800474],
            [52.432700456343809, 29.8330371801704]
          ]
        ]
      }
    },
    {
      "type": "Feature",
      "properties": {
        "fid": 77.0,
        "handle": "2030",
        "block": "-1",
        "etype": "18",
        "space": "0",
        "layer": "tarbiatbadani",
        "olinetype": "BYLAYER",
        "linetype": null,
        "color": "0,0,0,254",
        "ocolor": "256",
        "color24": "-1",
        "transparen": "0",
        "lweight": "-1",
        "linewidth": 0.0,
        "ltscale": 1.0,
        "visible": "1",
        "width": 0.0,
        "thickness": 0.0,
        "ext": "(3:0,0,0.1)"
      },
      "geometry": {
        "type": "MultiLineString",
        "coordinates": [
          [
            [52.431506097173077, 29.832106960285952],
            [52.431516719077493, 29.831734578964149]
          ]
        ]
      }
    },
    {
      "type": "Feature",
      "properties": {
        "fid": 78.0,
        "handle": "2031",
        "block": "-1",
        "etype": "18",
        "space": "0",
        "layer": "tarbiatbadani",
        "olinetype": "BYLAYER",
        "linetype": null,
        "color": "0,0,0,254",
        "ocolor": "256",
        "color24": "-1",
        "transparen": "0",
        "lweight": "-1",
        "linewidth": 0.0,
        "ltscale": 1.0,
        "visible": "1",
        "width": 0.0,
        "thickness": 0.0,
        "ext": "(3:0,0,0.1)"
      },
      "geometry": {
        "type": "MultiLineString",
        "coordinates": [
          [
            [52.431602528583177, 29.832427672574354],
            [52.431620330756758, 29.832200597556913]
          ]
        ]
      }
    },
    {
      "type": "Feature",
      "properties": {
        "fid": 79.0,
        "handle": "2032",
        "block": "-1",
        "etype": "18",
        "space": "0",
        "layer": "tarbiatbadani",
        "olinetype": "BYLAYER",
        "linetype": null,
        "color": "0,0,0,254",
        "ocolor": "256",
        "color24": "-1",
        "transparen": "0",
        "lweight": "-1",
        "linewidth": 0.0,
        "ltscale": 1.0,
        "visible": "1",
        "width": 0.0,
        "thickness": 0.0,
        "ext": "(3:0,0,0.1)"
      },
      "geometry": {
        "type": "MultiLineString",
        "coordinates": [
          [
            [52.431718674378551, 29.832447686020501],
            [52.431784814688498, 29.832254266471637]
          ]
        ]
      }
    },
    {
      "type": "Feature",
      "properties": {
        "fid": 80.0,
        "handle": "2033",
        "block": "-1",
        "etype": "18",
        "space": "0",
        "layer": "tarbiatbadani",
        "olinetype": "BYLAYER",
        "linetype": null,
        "color": "0,0,0,254",
        "ocolor": "256",
        "color24": "-1",
        "transparen": "0",
        "lweight": "-1",
        "linewidth": 0.0,
        "ltscale": 1.0,
        "visible": "1",
        "width": 0.0,
        "thickness": 0.0,
        "ext": "(3:0,0,0.1)"
      },
      "geometry": {
        "type": "MultiLineString",
        "coordinates": [
          [
            [52.431873819663991, 29.83219789744761],
            [52.432046998514821, 29.832032161302958]
          ]
        ]
      }
    },
    {
      "type": "Feature",
      "properties": {
        "fid": 81.0,
        "handle": "2034",
        "block": "-1",
        "etype": "18",
        "space": "0",
        "layer": "tarbiatbadani",
        "olinetype": "BYLAYER",
        "linetype": null,
        "color": "0,0,0,254",
        "ocolor": "256",
        "color24": "-1",
        "transparen": "0",
        "lweight": "-1",
        "linewidth": 0.0,
        "ltscale": 1.0,
        "visible": "1",
        "width": 0.0,
        "thickness": 0.0,
        "ext": "(3:0,0,0.1)"
      },
      "geometry": {
        "type": "MultiLineString",
        "coordinates": [
          [
            [52.432085655634154, 29.831607073700194],
            [52.431966348141543, 29.831749667226827]
          ]
        ]
      }
    },
    {
      "type": "Feature",
      "properties": {
        "fid": 82.0,
        "handle": "2036",
        "block": "-1",
        "etype": "18",
        "space": "0",
        "layer": "tarbiatbadani",
        "olinetype": "BYLAYER",
        "linetype": null,
        "color": "0,0,0,254",
        "ocolor": "256",
        "color24": "-1",
        "transparen": "0",
        "lweight": "-1",
        "linewidth": 0.0,
        "ltscale": 1.0,
        "visible": "1",
        "width": 0.0,
        "thickness": 0.0,
        "ext": "(3:0,0,0.1)"
      },
      "geometry": {
        "type": "MultiLineString",
        "coordinates": [
          [
            [52.431144677020413, 29.832569143616631],
            [52.431080111182773, 29.832638433352383]
          ]
        ]
      }
    },
    {
      "type": "Feature",
      "properties": {
        "fid": 83.0,
        "handle": "2037",
        "block": "-1",
        "etype": "18",
        "space": "0",
        "layer": "tarbiatbadani",
        "olinetype": "BYLAYER",
        "linetype": null,
        "color": "0,0,0,254",
        "ocolor": "256",
        "color24": "-1",
        "transparen": "0",
        "lweight": "-1",
        "linewidth": 0.0,
        "ltscale": 1.0,
        "visible": "1",
        "width": 0.0,
        "thickness": 0.0,
        "ext": "(3:0,0,0.1)"
      },
      "geometry": {
        "type": "MultiLineString",
        "coordinates": [
          [
            [52.431628705358321, 29.833799414985002],
            [52.431608844925087, 29.833777815104842],
            [52.431589256176025, 29.833755968538298],
            [52.431569942174967, 29.83373387870142],
            [52.431550905941542, 29.833711549049436],
            [52.431532150449797, 29.833688983074808],
            [52.431513678639114, 29.833666184307223],
            [52.431495493397392, 29.833643156313027]
          ]
        ]
      }
    },
    {
      "type": "Feature",
      "properties": {
        "fid": 84.0,
        "handle": "2038",
        "block": "-1",
        "etype": "18",
        "space": "0",
        "layer": "tarbiatbadani",
        "olinetype": "BYLAYER",
        "linetype": null,
        "color": "0,0,0,254",
        "ocolor": "256",
        "color24": "-1",
        "transparen": "0",
        "lweight": "-1",
        "linewidth": 0.0,
        "ltscale": 1.0,
        "visible": "1",
        "width": 0.0,
        "thickness": 0.0,
        "ext": "(3:0,0,0.1)"
      },
      "geometry": {
        "type": "MultiLineString",
        "coordinates": [
          [
            [52.431655433796259, 29.832926283371652],
            [52.431649758975766, 29.832922473662041],
            [52.431643824004404, 29.832919083446079],
            [52.431637659832624, 29.832916130407281],
            [52.43163129861022, 29.832913629944411],
            [52.431624773515061, 29.832911595100082],
            [52.431618118578619, 29.832910036486279],
            [52.431611368509031, 29.832908962232974],
            [52.431604558511019, 29.832908377941745],
            [52.431597724100847, 29.832908286660761],
            [52.431590900927915, 29.832908688866485],
            [52.431584124576496, 29.83290958246107],
            [52.431575096881375, 29.832913371452953],
            [52.431566275660742, 29.832917619022286],
            [52.431557684194551, 29.832922313960804],
            [52.431549345148589, 29.832927443880177],
            [52.431541280527171, 29.832932995245304],
            [52.431533511611292, 29.832938953407968],
            [52.43152605889837, 29.832945302647456],
            [52.431397288351818, 29.832811799613594],
            [52.431409889587194, 29.832800475645588],
            [52.431422945601717, 29.832789679172041],
            [52.431436434333584, 29.832779428439604],
            [52.431450332984234, 29.832769740771251],
            [52.431464618061419, 29.832760632538797],
            [52.431479265430134, 29.832752119137428],
            [52.431494250331291, 29.832744214953607],
            [52.431508564640694, 29.832737690614831],
            [52.431523282389399, 29.83273213595248],
            [52.431538337979866, 29.832727575725581],
            [52.43155366429891, 29.832724030257847],
            [52.431569193036914, 29.83272151535493],
            [52.431584854975874, 29.832720042226352],
            [52.431600580304796, 29.832719617437757],
            [52.43161629893256, 29.832720242881802],
            [52.431631940795334, 29.832721915771796],
            [52.431647436173073, 29.8327246286517],
            [52.431662715996929, 29.832728369427965],
            [52.431677712160301, 29.832733121426823],
            [52.431692357821895, 29.832738863467508],
            [52.43170658769975, 29.832745569956696],
            [52.431720338367143, 29.832753211001474],
            [52.431798288491287, 29.832801325605796],
            [52.431816004458256, 29.832812101467486],
            [52.431833854591517, 29.832822653591847],
            [52.431851836070557, 29.832832980308009],
            [52.431869946047293, 29.832843079982009],
            [52.431888181653179, 29.832852951014047],
            [52.431906540004661, 29.832862591842119],
            [52.431925018193958, 29.832872000942135],
            [52.431970074523107, 29.832895460025778],
            [52.432014312766114, 29.832920427588302],
            [52.432057682441148, 29.832946875137164],
            [52.432100134050408, 29.832974772489248],
            [52.432141619146932, 29.833004087807691],
            [52.432182090394619, 29.833034787639175],
            [52.432221501600175, 29.833066836947793],
            [52.43223036642582, 29.833074337765932],
            [52.432238686589152, 29.833082438525242],
            [52.432246421578377, 29.833091099782902],
            [52.432253533730538, 29.833100279363858],
            [52.432259988416256, 29.833109932574185],
            [52.432265754205211, 29.833120012410287],
            [52.432270803024942, 29.833130469792192],
            [52.432275110289986, 29.833141253801838],
            [52.432278655031034, 29.833152311931368],
            [52.432281419987696, 29.833163590337787],
            [52.432283391693993, 29.833175034103984],
            [52.432284560552937, 29.833186587509768],
            [52.43228492087291, 29.833198194300163],
            [52.432284470896768, 29.833209797960986],
            [52.432283212818213, 29.833221341992608],
            [52.432281152763601, 29.833232770184619],
            [52.432278300758661, 29.83324402689367],
            [52.432274670695797, 29.833255057308119],
            [52.432270280246591, 29.83326580772135],
            [52.432255776864785, 29.833297471635959]
          ]
        ]
      }
    },
    {
      "type": "Feature",
      "properties": {
        "fid": 85.0,
        "handle": "2040",
        "block": "-1",
        "etype": "18",
        "space": "0",
        "layer": "tarbiatbadani",
        "olinetype": "BYLAYER",
        "linetype": null,
        "color": "0,0,0,254",
        "ocolor": "256",
        "color24": "-1",
        "transparen": "0",
        "lweight": "-1",
        "linewidth": 0.0,
        "ltscale": 1.0,
        "visible": "1",
        "width": 0.0,
        "thickness": 0.0,
        "ext": "(3:0,0,0.1)"
      },
      "geometry": {
        "type": "MultiLineString",
        "coordinates": [
          [
            [52.431890584544497, 29.834099713952934],
            [52.431746176190309, 29.834220129286198]
          ]
        ]
      }
    },
    {
      "type": "Feature",
      "properties": {
        "fid": 86.0,
        "handle": "2041",
        "block": "-1",
        "etype": "18",
        "space": "0",
        "layer": "tarbiatbadani",
        "olinetype": "BYLAYER",
        "linetype": null,
        "color": "0,0,0,254",
        "ocolor": "256",
        "color24": "-1",
        "transparen": "0",
        "lweight": "-1",
        "linewidth": 0.0,
        "ltscale": 1.0,
        "visible": "1",
        "width": 0.0,
        "thickness": 0.0,
        "ext": "(3:0,0,0.1)"
      },
      "geometry": {
        "type": "MultiLineString",
        "coordinates": [
          [
            [52.430767169417088, 29.832577825006734],
            [52.431030895390187, 29.832705751858661],
            [52.431246996189529, 29.832859953131059],
            [52.431233782133148, 29.832884560207539],
            [52.431222344750545, 29.832910041688137],
            [52.431212741534175, 29.832936269493072],
            [52.431205020748159, 29.832963111791283],
            [52.431199221202398, 29.832990433665142],
            [52.431195372046197, 29.833018097785494],
            [52.431193492628147, 29.833045965101515],
            [52.431193592392439, 29.833073895542835],
            [52.431195670840673, 29.833101748721671],
            [52.431199717524571, 29.833129384638593],
            [52.431205712104195, 29.833156664384656],
            [52.431213624447985, 29.833183450842622],
            [52.431223414785613, 29.83320960937408],
            [52.431235033908905, 29.833235008497731],
            [52.431248423415909, 29.833259520549063],
            [52.431325377802651, 29.833391794268273],
            [52.431363042974702, 29.833454014142063],
            [52.43140266721619, 29.833515005102072],
            [52.43144421046599, 29.833574705488896],
            [52.431487630725307, 29.833633054942762],
            [52.43153288409647, 29.833689994472934],
            [52.431579924826586, 29.833745466515012],
            [52.431628705358321, 29.833799414984995],
            [52.431848133634254, 29.834035205137287],
            [52.431858039023716, 29.834046221683156],
            [52.431867150089502, 29.834057903699875],
            [52.431875422256773, 29.834070194033298],
            [52.431882815053534, 29.834083032553277],
            [52.431889292311091, 29.834096356447841],
            [52.431894822339011, 29.834110100530776],
            [52.431899378081646, 29.8341241975595],
            [52.431902937252737, 29.834138578565213],
            [52.43190548243728, 29.834153173190312],
            [52.431907001182473, 29.834167910029461],
            [52.431907486059472, 29.834182716983822],
            [52.431906934695796, 29.834197521612868],
            [52.431905349788202, 29.834212251483599],
            [52.431817703975057, 29.834285335198217],
            [52.431248787666149, 29.833766698157071],
            [52.43092446966692, 29.833471038891179]
          ]
        ]
      }
    },
    {
      "type": "Feature",
      "properties": {
        "fid": 87.0,
        "handle": "2042",
        "block": "-1",
        "etype": "18",
        "space": "0",
        "layer": "tarbiatbadani",
        "olinetype": "BYLAYER",
        "linetype": null,
        "color": "0,0,0,254",
        "ocolor": "256",
        "color24": "-1",
        "transparen": "0",
        "lweight": "-1",
        "linewidth": 0.0,
        "ltscale": 1.0,
        "visible": "1",
        "width": 0.0,
        "thickness": 0.0,
        "ext": "(3:0,0,0.1)"
      },
      "geometry": {
        "type": "MultiLineString",
        "coordinates": [
          [
            [52.431835063713478, 29.834021160688224],
            [52.431674648498664, 29.834154923331717]
          ]
        ]
      }
    },
    {
      "type": "Feature",
      "properties": {
        "fid": 88.0,
        "handle": "2043",
        "block": "-1",
        "etype": "18",
        "space": "0",
        "layer": "tarbiatbadani",
        "olinetype": "BYLAYER",
        "linetype": null,
        "color": "0,0,0,254",
        "ocolor": "256",
        "color24": "-1",
        "transparen": "0",
        "lweight": "-1",
        "linewidth": 0.0,
        "ltscale": 1.0,
        "visible": "1",
        "width": 0.0,
        "thickness": 0.0,
        "ext": "(3:0,0,0.1)"
      },
      "geometry": {
        "type": "MultiLineString",
        "coordinates": [
          [
            [52.431769643302232, 29.833950862274662],
            [52.431603120900121, 29.834089717334784]
          ]
        ]
      }
    },
    {
      "type": "Feature",
      "properties": {
        "fid": 89.0,
        "handle": "2044",
        "block": "-1",
        "etype": "18",
        "space": "0",
        "layer": "tarbiatbadani",
        "olinetype": "BYLAYER",
        "linetype": null,
        "color": "0,0,0,254",
        "ocolor": "256",
        "color24": "-1",
        "transparen": "0",
        "lweight": "-1",
        "linewidth": 0.0,
        "ltscale": 1.0,
        "visible": "1",
        "width": 0.0,
        "thickness": 0.0,
        "ext": "(3:0,0,0.1)"
      },
      "geometry": {
        "type": "MultiLineString",
        "coordinates": [
          [
            [52.431704222983363, 29.833880563824945],
            [52.431531593394674, 29.834024511295414]
          ]
        ]
      }
    },
    {
      "type": "Feature",
      "properties": {
        "fid": 90.0,
        "handle": "2045",
        "block": "-1",
        "etype": "18",
        "space": "0",
        "layer": "tarbiatbadani",
        "olinetype": "BYLAYER",
        "linetype": null,
        "color": "0,0,0,254",
        "ocolor": "256",
        "color24": "-1",
        "transparen": "0",
        "lweight": "-1",
        "linewidth": 0.0,
        "ltscale": 1.0,
        "visible": "1",
        "width": 0.0,
        "thickness": 0.0,
        "ext": "(3:0,0,0.1)"
      },
      "geometry": {
        "type": "MultiLineString",
        "coordinates": [
          [
            [52.431638802756872, 29.833810265339036],
            [52.431460065982321, 29.833959305213579]
          ]
        ]
      }
    },
    {
      "type": "Feature",
      "properties": {
        "fid": 91.0,
        "handle": "2046",
        "block": "-1",
        "etype": "18",
        "space": "0",
        "layer": "tarbiatbadani",
        "olinetype": "BYLAYER",
        "linetype": null,
        "color": "0,0,0,254",
        "ocolor": "256",
        "color24": "-1",
        "transparen": "0",
        "lweight": "-1",
        "linewidth": 0.0,
        "ltscale": 1.0,
        "visible": "1",
        "width": 0.0,
        "thickness": 0.0,
        "ext": "(3:0,0,0.1)"
      },
      "geometry": {
        "type": "MultiLineString",
        "coordinates": [
          [
            [52.431574448152986, 29.83373907832171],
            [52.431388538663072, 29.833894099089303]
          ]
        ]
      }
    },
    {
      "type": "Feature",
      "properties": {
        "fid": 92.0,
        "handle": "2047",
        "block": "-1",
        "etype": "18",
        "space": "0",
        "layer": "tarbiatbadani",
        "olinetype": "BYLAYER",
        "linetype": null,
        "color": "0,0,0,254",
        "ocolor": "256",
        "color24": "-1",
        "transparen": "0",
        "lweight": "-1",
        "linewidth": 0.0,
        "ltscale": 1.0,
        "visible": "1",
        "width": 0.0,
        "thickness": 0.0,
        "ext": "(3:0,0,0.1)"
      },
      "geometry": {
        "type": "MultiLineString",
        "coordinates": [
          [
            [52.431513060025004, 29.833665417743138],
            [52.431317011436924, 29.833828892922565]
          ]
        ]
      }
    },
    {
      "type": "Feature",
      "properties": {
        "fid": 93.0,
        "handle": "2048",
        "block": "-1",
        "etype": "18",
        "space": "0",
        "layer": "tarbiatbadani",
        "olinetype": "BYLAYER",
        "linetype": null,
        "color": "0,0,0,254",
        "ocolor": "256",
        "color24": "-1",
        "transparen": "0",
        "lweight": "-1",
        "linewidth": 0.0,
        "ltscale": 1.0,
        "visible": "1",
        "width": 0.0,
        "thickness": 0.0,
        "ext": "(3:0,0,0.1)"
      },
      "geometry": {
        "type": "MultiLineString",
        "coordinates": [
          [
            [52.431454722683199, 29.833589213303856],
            [52.431245484303872, 29.833763686713397]
          ]
        ]
      }
    },
    {
      "type": "Feature",
      "properties": {
        "fid": 94.0,
        "handle": "2049",
        "block": "-1",
        "etype": "18",
        "space": "0",
        "layer": "tarbiatbadani",
        "olinetype": "BYLAYER",
        "linetype": null,
        "color": "0,0,0,254",
        "ocolor": "256",
        "color24": "-1",
        "transparen": "0",
        "lweight": "-1",
        "linewidth": 0.0,
        "ltscale": 1.0,
        "visible": "1",
        "width": 0.0,
        "thickness": 0.0,
        "ext": "(3:0,0,0.1)"
      },
      "geometry": {
        "type": "MultiLineString",
        "coordinates": [
          [
            [52.431399501398985, 29.833510410579432],
            [52.431173957263908, 29.833698480461759]
          ]
        ]
      }
    },
    {
      "type": "Feature",
      "properties": {
        "fid": 95.0,
        "handle": "2050",
        "block": "-1",
        "etype": "18",
        "space": "0",
        "layer": "tarbiatbadani",
        "olinetype": "BYLAYER",
        "linetype": null,
        "color": "0,0,0,254",
        "ocolor": "256",
        "color24": "-1",
        "transparen": "0",
        "lweight": "-1",
        "linewidth": 0.0,
        "ltscale": 1.0,
        "visible": "1",
        "width": 0.0,
        "thickness": 0.0,
        "ext": "(3:0,0,0.1)"
      },
      "geometry": {
        "type": "MultiLineString",
        "coordinates": [
          [
            [52.431347479468187, 29.833428940115276],
            [52.431102430317054, 29.833633274167692]
          ]
        ]
      }
    },
    {
      "type": "Feature",
      "properties": {
        "fid": 96.0,
        "handle": "2051",
        "block": "-1",
        "etype": "18",
        "space": "0",
        "layer": "tarbiatbadani",
        "olinetype": "BYLAYER",
        "linetype": null,
        "color": "0,0,0,254",
        "ocolor": "256",
        "color24": "-1",
        "transparen": "0",
        "lweight": "-1",
        "linewidth": 0.0,
        "ltscale": 1.0,
        "visible": "1",
        "width": 0.0,
        "thickness": 0.0,
        "ext": "(3:0,0,0.1)"
      },
      "geometry": {
        "type": "MultiLineString",
        "coordinates": [
          [
            [52.431298240497973, 29.833345149122383],
            [52.431030903463281, 29.83356806783117]
          ]
        ]
      }
    },
    {
      "type": "Feature",
      "properties": {
        "fid": 97.0,
        "handle": "2052",
        "block": "-1",
        "etype": "18",
        "space": "0",
        "layer": "tarbiatbadani",
        "olinetype": "BYLAYER",
        "linetype": null,
        "color": "0,0,0,254",
        "ocolor": "256",
        "color24": "-1",
        "transparen": "0",
        "lweight": "-1",
        "linewidth": 0.0,
        "ltscale": 1.0,
        "visible": "1",
        "width": 0.0,
        "thickness": 0.0,
        "ext": "(3:0,0,0.1)"
      },
      "geometry": {
        "type": "MultiLineString",
        "coordinates": [
          [
            [52.430997644353916, 29.833330442636754],
            [52.431147911751836, 29.833467431843484]
          ]
        ]
      }
    },
    {
      "type": "Feature",
      "properties": {
        "fid": 98.0,
        "handle": "2053",
        "block": "-1",
        "etype": "18",
        "space": "0",
        "layer": "tarbiatbadani",
        "olinetype": "BYLAYER",
        "linetype": null,
        "color": "0,0,0,254",
        "ocolor": "256",
        "color24": "-1",
        "transparen": "0",
        "lweight": "-1",
        "linewidth": 0.0,
        "ltscale": 1.0,
        "visible": "1",
        "width": 0.0,
        "thickness": 0.0,
        "ext": "(3:0,0,0.1)"
      },
      "geometry": {
        "type": "MultiLineString",
        "coordinates": [
          [
            [52.430987547902077, 29.833224939087977],
            [52.430997644353916, 29.833330442636754],
            [52.430821764911236, 29.833372399216316]
          ]
        ]
      }
    },
    {
      "type": "Feature",
      "properties": {
        "fid": 99.0,
        "handle": "2056",
        "block": "-1",
        "etype": "18",
        "space": "0",
        "layer": "tarbiatbadani",
        "olinetype": "BYLAYER",
        "linetype": null,
        "color": "0,0,0,254",
        "ocolor": "256",
        "color24": "-1",
        "transparen": "0",
        "lweight": "-1",
        "linewidth": 0.0,
        "ltscale": 1.0,
        "visible": "1",
        "width": 0.0,
        "thickness": 0.0,
        "ext": "(3:0,0,0.1)"
      },
      "geometry": {
        "type": "MultiLineString",
        "coordinates": [
          [
            [52.430075431684401, 29.831664170929081],
            [52.430045819176719, 29.831491620137811],
            [52.430039629443655, 29.831457135280587]
          ]
        ]
      }
    },
    {
      "type": "Feature",
      "properties": {
        "fid": 100.0,
        "handle": "2058",
        "block": "-1",
        "etype": "18",
        "space": "0",
        "layer": "tarbiatbadani",
        "olinetype": "BYLAYER",
        "linetype": null,
        "color": "0,0,0,254",
        "ocolor": "256",
        "color24": "-1",
        "transparen": "0",
        "lweight": "-1",
        "linewidth": 0.0,
        "ltscale": 1.0,
        "visible": "1",
        "width": 0.0,
        "thickness": 0.0,
        "ext": "(3:0,0,0.1)"
      },
      "geometry": {
        "type": "MultiLineString",
        "coordinates": [
          [
            [52.431855565788389, 29.831477928236591],
            [52.431803908794578, 29.831453434320174],
            [52.431750721278554, 29.831432470415617],
            [52.431696244146217, 29.831415131476202],
            [52.431640724134915, 29.831401496032409],
            [52.431584412712247, 29.831391625843022],
            [52.431527564927812, 29.831385565615161],
            [52.431470438261378, 29.831383342795558],
            [52.431413291455094, 29.83138496745141],
            [52.431356383340649, 29.831390432225358],
            [52.431299971675585, 29.831399712366256],
            [52.431244311961933, 29.831412765841328],
            [52.431239536296026, 29.831414038954065],
            [52.43123475341946, 29.831415284688315],
            [52.431229963482103, 29.831416503003307],
            [52.431225166643337, 29.831417693858381],
            [52.431220363063233, 29.831418857214427],
            [52.431215552895274, 29.83141999303389],
            [52.43121073630185, 29.831421101280576],
            [52.431174131465923, 29.831430350846123],
            [52.43113827475387, 29.831442173056082],
            [52.43110334672928, 29.831456508376501],
            [52.431069523274338, 29.831473284621094],
            [52.431036974714509, 29.831492417308251],
            [52.431005864955289, 29.83151381009429],
            [52.43097635065093, 29.831537355250028],
            [52.430948580430595, 29.831562934210698],
            [52.430922694132718, 29.831590418170986]
          ]
        ]
      }
    },
    {
      "type": "Feature",
      "properties": {
        "fid": 101.0,
        "handle": "2059",
        "block": "-1",
        "etype": "18",
        "space": "0",
        "layer": "tarbiatbadani",
        "olinetype": "BYLAYER",
        "linetype": null,
        "color": "0,0,0,254",
        "ocolor": "256",
        "color24": "-1",
        "transparen": "0",
        "lweight": "-1",
        "linewidth": 0.0,
        "ltscale": 1.0,
        "visible": "1",
        "width": 0.0,
        "thickness": 0.0,
        "ext": "(3:0,0,0.1)"
      },
      "geometry": {
        "type": "MultiLineString",
        "coordinates": [
          [
            [52.432132677823112, 29.831887004657734],
            [52.432274773264972, 29.831757238505226]
          ]
        ]
      }
    },
    {
      "type": "Feature",
      "properties": {
        "fid": 102.0,
        "handle": "2061",
        "block": "-1",
        "etype": "18",
        "space": "0",
        "layer": "tarbiatbadani",
        "olinetype": "BYLAYER",
        "linetype": null,
        "color": "0,0,0,254",
        "ocolor": "256",
        "color24": "-1",
        "transparen": "0",
        "lweight": "-1",
        "linewidth": 0.0,
        "ltscale": 1.0,
        "visible": "1",
        "width": 0.0,
        "thickness": 0.0,
        "ext": "(3:0,0,0.1)"
      },
      "geometry": {
        "type": "MultiLineString",
        "coordinates": [
          [
            [52.431217034659795, 29.831335121943319],
            [52.431279566036089, 29.831320473448748],
            [52.431342940839791, 29.831310062598728],
            [52.431406872230575, 29.831303936512992],
            [52.431471070847685, 29.831302122918711],
            [52.431535246121705, 29.83130463002453],
            [52.431599107592767, 29.831311446483593],
            [52.43166236621618, 29.831322541443111],
            [52.431724735677555, 29.831337864687153],
            [52.431785933684701, 29.831357346859928],
            [52.431845683256022, 29.831380899784698],
            [52.431903713956828, 29.831408416859109]
          ]
        ]
      }
    },
    {
      "type": "Feature",
      "properties": {
        "fid": 103.0,
        "handle": "2063",
        "block": "-1",
        "etype": "18",
        "space": "0",
        "layer": "tarbiatbadani",
        "olinetype": "BYLAYER",
        "linetype": null,
        "color": "0,0,0,254",
        "ocolor": "256",
        "color24": "-1",
        "transparen": "0",
        "lweight": "-1",
        "linewidth": 0.0,
        "ltscale": 1.0,
        "visible": "1",
        "width": 0.0,
        "thickness": 0.0,
        "ext": "(3:0,0,0.1)"
      },
      "geometry": {
        "type": "MultiLineString",
        "coordinates": [
          [
            [52.431839597647674, 29.831377871173693],
            [52.431934974933675, 29.83121251156463],
            [52.432025323995276, 29.831273422844305],
            [52.432092977239563, 29.831344345664501],
            [52.432165200527081, 29.83143045943299]
          ]
        ]
      }
    },
    {
      "type": "Feature",
      "properties": {
        "fid": 104.0,
        "handle": "2064",
        "block": "-1",
        "etype": "18",
        "space": "0",
        "layer": "tarbiatbadani",
        "olinetype": "BYLAYER",
        "linetype": null,
        "color": "0,0,0,254",
        "ocolor": "256",
        "color24": "-1",
        "transparen": "0",
        "lweight": "-1",
        "linewidth": 0.0,
        "ltscale": 1.0,
        "visible": "1",
        "width": 0.0,
        "thickness": 0.0,
        "ext": "(3:0,0,0.1)"
      },
      "geometry": {
        "type": "MultiLineString",
        "coordinates": [
          [
            [52.431220133871804, 29.833200807062539],
            [52.430710871991664, 29.833241552445898]
          ]
        ]
      }
    },
    {
      "type": "Feature",
      "properties": {
        "fid": 105.0,
        "handle": "2065",
        "block": "-1",
        "etype": "18",
        "space": "0",
        "layer": "tarbiatbadani",
        "olinetype": "BYLAYER",
        "linetype": null,
        "color": "0,0,0,254",
        "ocolor": "256",
        "color24": "-1",
        "transparen": "0",
        "lweight": "-1",
        "linewidth": 0.0,
        "ltscale": 1.0,
        "visible": "1",
        "width": 0.0,
        "thickness": 0.0,
        "ext": "(3:0,0,0.1)"
      },
      "geometry": {
        "type": "MultiLineString",
        "coordinates": [
          [
            [52.431222972007909, 29.832842810435],
            [52.431228965396301, 29.832832972048852],
            [52.431235200048249, 29.832823284754795],
            [52.431241672156823, 29.832813754468585],
            [52.431248377770309, 29.83280438700967],
            [52.431255312794164, 29.832795188097862],
            [52.431262472994646, 29.832786163350608],
            [52.43126985399909, 29.832777318276648],
            [52.431025810920993, 29.832371463266306],
            [52.43098461309674, 29.832385343252628],
            [52.430963722381101, 29.832392773236023],
            [52.430943342913459, 29.83240150845587],
            [52.430923556155896, 29.832411513997609],
            [52.430904441191153, 29.832422749870599],
            [52.430886074422226, 29.832435171163521],
            [52.430868529261708, 29.832448728229789],
            [52.430851875837099, 29.832463366882617],
            [52.430836180712497, 29.832479028609665],
            [52.430821506615764, 29.832495650813609],
            [52.430807912207136, 29.832513167055112],
            [52.430795451816429, 29.832531507321534],
            [52.430755007646034, 29.832597742152593],
            [52.430745718143569, 29.832613904296448],
            [52.430737511915375, 29.832630642501957],
            [52.430730424510323, 29.832647884266404],
            [52.430724486628598, 29.832665554898991],
            [52.430719723990471, 29.832683577857093],
            [52.430716157226918, 29.832701875067865],
            [52.430713801788677, 29.832720367272945],
            [52.430712667880996, 29.832738974368038],
            [52.430712760414124, 29.832757615751017],
            [52.430720819138216, 29.832950944248086],
            [52.430721359410143, 29.832976614114219],
            [52.430720857227755, 29.833002284754453],
            [52.430719313415459, 29.833027913851762],
            [52.430716730517808, 29.833053459155959],
            [52.430713112794876, 29.83307887855835],
            [52.430708466207705, 29.833104130155395],
            [52.430702798420249, 29.833129172322995],
            [52.430700184223873, 29.833142312269285],
            [52.430698505586925, 29.833155604160773],
            [52.43069777091295, 29.833168981473133],
            [52.430697983876591, 29.83318237725052],
            [52.430699143413214, 29.833195724448156],
            [52.430701243718424, 29.833208956263658],
            [52.4307042742821, 29.833222006470347],
            [52.430708219933869, 29.833234809752863],
            [52.430713060928603, 29.833247302030028],
            [52.430718773033725, 29.833259420778628],
            [52.430725327661996, 29.833271105342643],
            [52.430732692007943, 29.833282297242473],
            [52.430740829212091, 29.833292940461895],
            [52.430749698548802, 29.83330298173156],
            [52.430759255623961, 29.833312370794598],
            [52.430924927145064, 29.833471466923498]
          ]
        ]
      }
    },
    {
      "type": "Feature",
      "properties": {
        "fid": 106.0,
        "handle": "2240",
        "block": "-1",
        "etype": "18",
        "space": "0",
        "layer": "tarbiatbadani",
        "olinetype": "BYLAYER",
        "linetype": null,
        "color": "0,0,0,254",
        "ocolor": "256",
        "color24": "-1",
        "transparen": "0",
        "lweight": "-1",
        "linewidth": 0.0,
        "ltscale": 1.0,
        "visible": "1",
        "width": 0.0,
        "thickness": 0.0,
        "ext": "(3:0,0,0.1)"
      },
      "geometry": {
        "type": "MultiLineString",
        "coordinates": [
          [
            [52.431986338480215, 29.832808827773025],
            [52.432099526447118, 29.832631569299732]
          ]
        ]
      }
    },
    {
      "type": "Feature",
      "properties": {
        "fid": 107.0,
        "handle": "2241",
        "block": "-1",
        "etype": "18",
        "space": "0",
        "layer": "tarbiatbadani",
        "olinetype": "BYLAYER",
        "linetype": null,
        "color": "0,0,0,254",
        "ocolor": "256",
        "color24": "-1",
        "transparen": "0",
        "lweight": "-1",
        "linewidth": 0.0,
        "ltscale": 1.0,
        "visible": "1",
        "width": 0.0,
        "thickness": 0.0,
        "ext": "(3:0,0,0.1)"
      },
      "geometry": {
        "type": "MultiLineString",
        "coordinates": [
          [
            [52.432073709191556, 29.83285748827085],
            [52.432189943659111, 29.832675458559816]
          ]
        ]
      }
    },
    {
      "type": "Feature",
      "properties": {
        "fid": 108.0,
        "handle": "2242",
        "block": "-1",
        "etype": "18",
        "space": "0",
        "layer": "tarbiatbadani",
        "olinetype": "BYLAYER",
        "linetype": null,
        "color": "0,0,0,254",
        "ocolor": "256",
        "color24": "-1",
        "transparen": "0",
        "lweight": "-1",
        "linewidth": 0.0,
        "ltscale": 1.0,
        "visible": "1",
        "width": 0.0,
        "thickness": 0.0,
        "ext": "(3:0,0,0.1)"
      },
      "geometry": {
        "type": "MultiLineString",
        "coordinates": [
          [
            [52.432157937098907, 29.832911070642123],
            [52.432280360948319, 29.832719347755091]
          ]
        ]
      }
    },
    {
      "type": "Feature",
      "properties": {
        "fid": 109.0,
        "handle": "2287",
        "block": "-1",
        "etype": "18",
        "space": "0",
        "layer": "tarbiatbadani",
        "olinetype": "BYLAYER",
        "linetype": null,
        "color": "0,0,0,254",
        "ocolor": "256",
        "color24": "-1",
        "transparen": "0",
        "lweight": "-1",
        "linewidth": 0.0,
        "ltscale": 1.0,
        "visible": "1",
        "width": 0.0,
        "thickness": 0.0,
        "ext": "(3:0,0,0.1)"
      },
      "geometry": {
        "type": "MultiLineString",
        "coordinates": [
          [
            [52.430562232380659, 29.83143537285417],
            [52.430623462596564, 29.831240492507991]
          ]
        ]
      }
    },
    {
      "type": "Feature",
      "properties": {
        "fid": 110.0,
        "handle": "2288",
        "block": "-1",
        "etype": "18",
        "space": "0",
        "layer": "tarbiatbadani",
        "olinetype": "BYLAYER",
        "linetype": null,
        "color": "0,0,0,254",
        "ocolor": "256",
        "color24": "-1",
        "transparen": "0",
        "lweight": "-1",
        "linewidth": 0.0,
        "ltscale": 1.0,
        "visible": "1",
        "width": 0.0,
        "thickness": 0.0,
        "ext": "(3:0,0,0.1)"
      },
      "geometry": {
        "type": "MultiLineString",
        "coordinates": [
          [
            [52.43066047928157, 29.831464177116505],
            [52.430723269426778, 29.831264331279215]
          ]
        ]
      }
    },
    {
      "type": "Feature",
      "properties": {
        "fid": 111.0,
        "handle": "2289",
        "block": "-1",
        "etype": "18",
        "space": "0",
        "layer": "tarbiatbadani",
        "olinetype": "BYLAYER",
        "linetype": null,
        "color": "0,0,0,254",
        "ocolor": "256",
        "color24": "-1",
        "transparen": "0",
        "lweight": "-1",
        "linewidth": 0.0,
        "ltscale": 1.0,
        "visible": "1",
        "width": 0.0,
        "thickness": 0.0,
        "ext": "(3:0,0,0.1)"
      },
      "geometry": {
        "type": "MultiLineString",
        "coordinates": [
          [
            [52.430316651882741, 29.831403727240495],
            [52.430285998168934, 29.831404539894965],
            [52.430229840569346, 29.83141004021034],
            [52.430220781254988, 29.831380175862392],
            [52.430571471056886, 29.831228074340967],
            [52.430723269426778, 29.831264331279215],
            [52.430792251838561, 29.831266537838662],
            [52.430811238878064, 29.831492107132537],
            [52.430776976078064, 29.831512335226432],
            [52.430680685937894, 29.831471403120876],
            [52.430630372075115, 29.831454305157614],
            [52.4305792968742, 29.831439637206582],
            [52.430527577622335, 29.831427432947745],
            [52.430475333085262, 29.831417720409259],
            [52.430422683238064, 29.831410521891936],
            [52.430369748983225, 29.831405853929219],
            [52.430316651882748, 29.831403727240438]
          ]
        ]
      }
    },
    {
      "type": "Feature",
      "properties": {
        "fid": 112.0,
        "handle": "2290",
        "block": "-1",
        "etype": "18",
        "space": "0",
        "layer": "tarbiatbadani",
        "olinetype": "BYLAYER",
        "linetype": null,
        "color": "0,0,0,254",
        "ocolor": "256",
        "color24": "-1",
        "transparen": "0",
        "lweight": "-1",
        "linewidth": 0.0,
        "ltscale": 1.0,
        "visible": "1",
        "width": 0.0,
        "thickness": 0.0,
        "ext": "(3:0,0,0.1)"
      },
      "geometry": {
        "type": "MultiLineString",
        "coordinates": [
          [
            [52.431105371122598, 29.831366573730918],
            [52.431013755461379, 29.831175040780636]
          ]
        ]
      }
    },
    {
      "type": "Feature",
      "properties": {
        "fid": 113.0,
        "handle": "2291",
        "block": "-1",
        "etype": "18",
        "space": "0",
        "layer": "tarbiatbadani",
        "olinetype": "BYLAYER",
        "linetype": null,
        "color": "0,0,0,254",
        "ocolor": "256",
        "color24": "-1",
        "transparen": "0",
        "lweight": "-1",
        "linewidth": 0.0,
        "ltscale": 1.0,
        "visible": "1",
        "width": 0.0,
        "thickness": 0.0,
        "ext": "(3:0,0,0.1)"
      },
      "geometry": {
        "type": "MultiLineString",
        "coordinates": [
          [
            [52.431323816888572, 29.831312860539892],
            [52.431283613867294, 29.831108319975975]
          ]
        ]
      }
    },
    {
      "type": "Feature",
      "properties": {
        "fid": 114.0,
        "handle": "2292",
        "block": "-1",
        "etype": "18",
        "space": "0",
        "layer": "tarbiatbadani",
        "olinetype": "BYLAYER",
        "linetype": null,
        "color": "0,0,0,254",
        "ocolor": "256",
        "color24": "-1",
        "transparen": "0",
        "lweight": "-1",
        "linewidth": 0.0,
        "ltscale": 1.0,
        "visible": "1",
        "width": 0.0,
        "thickness": 0.0,
        "ext": "(3:0,0,0.1)"
      },
      "geometry": {
        "type": "MultiLineString",
        "coordinates": [
          [
            [52.431436739621439, 29.83130272912333],
            [52.431428325694398, 29.831095336454819]
          ]
        ]
      }
    },
    {
      "type": "Feature",
      "properties": {
        "fid": 115.0,
        "handle": "2293",
        "block": "-1",
        "etype": "18",
        "space": "0",
        "layer": "tarbiatbadani",
        "olinetype": "BYLAYER",
        "linetype": null,
        "color": "0,0,0,254",
        "ocolor": "256",
        "color24": "-1",
        "transparen": "0",
        "lweight": "-1",
        "linewidth": 0.0,
        "ltscale": 1.0,
        "visible": "1",
        "width": 0.0,
        "thickness": 0.0,
        "ext": "(3:0,0,0.1)"
      },
      "geometry": {
        "type": "MultiLineString",
        "coordinates": [
          [
            [52.431542673369513, 29.83130525619865],
            [52.431564081047291, 29.831098574941141]
          ]
        ]
      }
    },
    {
      "type": "Feature",
      "properties": {
        "fid": 116.0,
        "handle": "2294",
        "block": "-1",
        "etype": "18",
        "space": "0",
        "layer": "tarbiatbadani",
        "olinetype": "BYLAYER",
        "linetype": null,
        "color": "0,0,0,254",
        "ocolor": "256",
        "color24": "-1",
        "transparen": "0",
        "lweight": "-1",
        "linewidth": 0.0,
        "ltscale": 1.0,
        "visible": "1",
        "width": 0.0,
        "thickness": 0.0,
        "ext": "(3:0,0,0.1)"
      },
      "geometry": {
        "type": "MultiLineString",
        "coordinates": [
          [
            [52.43164231948812, 29.831318359886879],
            [52.431691778734645, 29.83111536748217]
          ]
        ]
      }
    },
    {
      "type": "Feature",
      "properties": {
        "fid": 117.0,
        "handle": "2295",
        "block": "-1",
        "etype": "18",
        "space": "0",
        "layer": "tarbiatbadani",
        "olinetype": "BYLAYER",
        "linetype": null,
        "color": "0,0,0,254",
        "ocolor": "256",
        "color24": "-1",
        "transparen": "0",
        "lweight": "-1",
        "linewidth": 0.0,
        "ltscale": 1.0,
        "visible": "1",
        "width": 0.0,
        "thickness": 0.0,
        "ext": "(3:0,0,0.1)"
      },
      "geometry": {
        "type": "MultiLineString",
        "coordinates": [
          [
            [52.431739652147044, 29.831341761696009],
            [52.431816511713066, 29.831145357188497]
          ]
        ]
      }
    },
    {
      "type": "Feature",
      "properties": {
        "fid": 118.0,
        "handle": "2296",
        "block": "-1",
        "etype": "18",
        "space": "0",
        "layer": "tarbiatbadani",
        "olinetype": "BYLAYER",
        "linetype": null,
        "color": "0,0,0,254",
        "ocolor": "256",
        "color24": "-1",
        "transparen": "0",
        "lweight": "-1",
        "linewidth": 0.0,
        "ltscale": 1.0,
        "visible": "1",
        "width": 0.0,
        "thickness": 0.0,
        "ext": "(3:0,0,0.1)"
      },
      "geometry": {
        "type": "MultiLineString",
        "coordinates": [
          [
            [52.431900123259418, 29.831406645787673],
            [52.431929923203462, 29.831420707585302],
            [52.431959451129792, 29.831435331963345],
            [52.431988696416731, 29.831450513665001],
            [52.432017648547109, 29.831466247226668],
            [52.432046297107213, 29.8314825269922],
            [52.432074631795878, 29.831499347106536],
            [52.432102642421604, 29.831516701519913],
            [52.432165200527081, 29.83143045943299],
            [52.432092977239563, 29.831344345664501],
            [52.432025323995276, 29.831273422844305],
            [52.431934974933675, 29.83121251156463],
            [52.431819726374606, 29.831146318431497],
            [52.431691778734645, 29.83111536748217],
            [52.431564081047291, 29.831098574941141],
            [52.431428325694398, 29.831095336454819],
            [52.431283613867294, 29.831108319975975],
            [52.431146771147581, 29.831136848222112],
            [52.431013755461379, 29.831175040780636],
            [52.430913536335218, 29.831218402942337],
            [52.430853094357587, 29.831249728391867],
            [52.430871242339968, 29.83146532806456],
            [52.430909224680462, 29.83147976101673],
            [52.431004113785356, 29.831413467173302],
            [52.431028842701856, 29.831400062562636],
            [52.431054116681416, 29.831387716359586],
            [52.431079890453468, 29.831376450680178],
            [52.43110611784504, 29.831366285703549],
            [52.431132751875275, 29.831357239640511],
            [52.431159744833643, 29.831349328696263],
            [52.431187048364528, 29.831342567040252],
            [52.431191349791852, 29.831341576089059],
            [52.431195645558375, 29.831340560871919],
            [52.431199935524994, 29.831339521419974],
            [52.431204219554267, 29.831338457766829],
            [52.431208497509772, 29.831337369946137],
            [52.431212769257918, 29.831336257993414],
            [52.431217034659788, 29.831335121943326],
            [52.431146771147581, 29.831136848222112]
          ]
        ]
      }
    },
    {
      "type": "Feature",
      "properties": {
        "fid": 119.0,
        "handle": "2496",
        "block": "-1",
        "etype": "18",
        "space": "0",
        "layer": "tarbiatbadani",
        "olinetype": "BYLAYER",
        "linetype": null,
        "color": "0,0,0,254",
        "ocolor": "256",
        "color24": "-1",
        "transparen": "0",
        "lweight": "-1",
        "linewidth": 0.0,
        "ltscale": 1.0,
        "visible": "1",
        "width": 0.0,
        "thickness": 0.0,
        "ext": "(3:0,0,0.1)"
      },
      "geometry": {
        "type": "MultiLineString",
        "coordinates": [
          [
            [52.431526146450139, 29.832646232214028],
            [52.431500193420568, 29.832418458637864],
            [52.431639996983641, 29.832431046091074],
            [52.431793941118443, 29.83246360456161],
            [52.432009112964288, 29.83258768174753],
            [52.432636888521508, 29.832892407777948],
            [52.432737421951003, 29.833121498500201],
            [52.432377514983692, 29.833685134639623],
            [52.432231992372643, 29.83365423748171],
            [52.432284321381509, 29.833480783610263],
            [52.432291311256996, 29.833458434835379],
            [52.432298735710638, 29.833436226649155],
            [52.4323065919234, 29.833414167501356],
            [52.43231487690354, 29.83339226578482],
            [52.432323587496931, 29.833370529832337],
            [52.432332720394335, 29.83334896791483],
            [52.432342272115534, 29.8333275882359],
            [52.432356775473572, 29.833295924312697],
            [52.432363117216539, 29.833280395933283],
            [52.432368360624785, 29.833264463106833],
            [52.432372480170663, 29.833248203413856],
            [52.432375455791764, 29.833231696023173],
            [52.432377273002196, 29.833215021310931],
            [52.432377922950756, 29.833198260468631],
            [52.432377402477861, 29.833181495105233],
            [52.432375714111906, 29.833164806855162],
            [52.43237286607836, 29.833148276973585],
            [52.432368872241561, 29.833131985947144],
            [52.432363752050144, 29.83311601309742],
            [52.432357530433357, 29.833100436198944],
            [52.432350237686471, 29.833085331097205],
            [52.432341909316158, 29.833070771339404],
            [52.432332585876786, 29.833056827819743],
            [52.432322312763056, 29.833043568430181],
            [52.432311139996635, 29.833031057731649],
            [52.432299121976996, 29.833019356640246],
            [52.432286317225611, 29.833008522130779],
            [52.432244464026077, 29.832974487001763],
            [52.432201485105907, 29.832941884964836],
            [52.43215742951724, 29.832910753226312],
            [52.432112347529248, 29.832881127313154],
            [52.432066290592047, 29.83285304103492],
            [52.432019311269393, 29.832826526443739],
            [52.431971463173383, 29.832801613798285],
            [52.431954059652739, 29.832792751921321],
            [52.431936768999279, 29.832783671793095],
            [52.431919593953346, 29.832774374849574],
            [52.431902537231501, 29.832764862561813],
            [52.431885601531306, 29.832755136436845],
            [52.431868789536779, 29.832745198012223],
            [52.431852103909293, 29.832735048863807],
            [52.431774153813606, 29.832686934289935],
            [52.43175350035812, 29.832675487983437],
            [52.431732102245938, 29.832665502800861],
            [52.431710062683116, 29.832657026905505],
            [52.431687487975061, 29.832650101178839],
            [52.431664487006849, 29.832644759027058],
            [52.431641170718642, 29.832641026214329],
            [52.431617651574918, 29.832638920747737],
            [52.431594043013313, 29.83263845278179],
            [52.43157045890802, 29.832639624573854],
            [52.431547013011361, 29.83264243047233],
            [52.431523818409907, 29.832646856942116],
            [52.431500986980602, 29.832652882633734],
            [52.431478628844694, 29.832660478482918],
            [52.43145685184458, 29.832669607853717],
            [52.43143576101658, 29.832680226710632],
            [52.431424962263193, 29.832654880303924],
            [52.431410356576933, 29.83266278853948],
            [52.431396001655074, 29.832671143328753],
            [52.431381911148485, 29.832679936727796],
            [52.431368098450541, 29.83268916037559],
            [52.431354576697984, 29.832698805500968],
            [52.431341358743637, 29.832708862936258],
            [52.431328457158294, 29.832719323116478],
            [52.431103536918329, 29.832345270641934],
            [52.4311218974876, 29.832338858076],
            [52.43114014863496, 29.83233214039819],
            [52.431158285287886, 29.832325119474259],
            [52.431176302408851, 29.832317797255197],
            [52.431194194993815, 29.832310175774634],
            [52.431211958070406, 29.832302257149749],
            [52.431229586706934, 29.832294043580141],
            [52.43133625185137, 29.832243211353433],
            [52.431364686985987, 29.832230191214801],
            [52.431393918803273, 29.832219074485224],
            [52.431423820060438, 29.83220990955942],
            [52.431454260587991, 29.832202736331052],
            [52.431485107876135, 29.832197586026265],
            [52.431516227647073, 29.832194481065013],
            [52.431547484431569, 29.832193434963298],
            [52.431578742165577, 29.832194452274958],
            [52.431609864783233, 29.832197528571665],
            [52.431640716802569, 29.83220265046111],
            [52.431671163923959, 29.832209795649757],
            [52.431701073608558, 29.832218933031069],
            [52.431730315653105, 29.832230022831023],
            [52.431758762768361, 29.832243016773642],
            [52.431786291119344, 29.83225785829563],
            [52.431812780874672, 29.832274482790123],
            [52.431838116717692, 29.832292817889535],
            [52.431862188364896, 29.83231278377934],
            [52.431884891026122, 29.832334293546406],
            [52.431906125875678, 29.832357253556435],
            [52.431925800474396, 29.832381563862768],
            [52.431943829181407, 29.832407118640656],
            [52.431960133512803, 29.832433806645927],
            [52.432024371033606, 29.832567567211662],
            [52.432009112964288, 29.832587681747516],
            [52.431883148775867, 29.832753738511563]
          ]
        ]
      }
    },
    {
      "type": "Feature",
      "properties": {
        "fid": 120.0,
        "handle": "2710",
        "block": "-1",
        "etype": "18",
        "space": "0",
        "layer": "tarbiatbadani",
        "olinetype": "BYLAYER",
        "linetype": null,
        "color": "0,0,0,254",
        "ocolor": "256",
        "color24": "-1",
        "transparen": "0",
        "lweight": "-1",
        "linewidth": 0.0,
        "ltscale": 1.0,
        "visible": "1",
        "width": 0.0,
        "thickness": 0.0,
        "ext": "(3:0,0,0.1)"
      },
      "geometry": {
        "type": "MultiLineString",
        "coordinates": [
          [
            [52.430664181430778, 29.831770903758375],
            [52.430768110960976, 29.831795363049739],
            [52.430795872691256, 29.831777060041723],
            [52.430797919394116, 29.831631854918697],
            [52.430775996161543, 29.831601279213519],
            [52.430627152473988, 29.831540011905755],
            [52.430583878627282, 29.831526133340621],
            [52.430540021969968, 29.831514223923019],
            [52.430495672062527, 29.831504307974679],
            [52.430450919462594, 29.831496405740833],
            [52.430405855556195, 29.831490533359553],
            [52.43036057236494, 29.831486702821739],
            [52.430315162355903, 29.831484921949603],
            [52.430295766530726, 29.831485298337686],
            [52.430048129595463, 29.831509552779764]
          ]
        ]
      }
    },
    {
      "type": "Feature",
      "properties": {
        "fid": 121.0,
        "handle": "2711",
        "block": "-1",
        "etype": "18",
        "space": "0",
        "layer": "tarbiatbadani",
        "olinetype": "BYLAYER",
        "linetype": null,
        "color": "0,0,0,254",
        "ocolor": "256",
        "color24": "-1",
        "transparen": "0",
        "lweight": "-1",
        "linewidth": 0.0,
        "ltscale": 1.0,
        "visible": "1",
        "width": 0.0,
        "thickness": 0.0,
        "ext": "(3:0,0,0.1)"
      },
      "geometry": {
        "type": "MultiLineString",
        "coordinates": [
          [
            [52.430665908187898, 29.831771406552253],
            [52.430657996217029, 29.831768554129898],
            [52.430650146444385, 29.831765534744136],
            [52.430642362396604, 29.831762349749621],
            [52.43063464756414, 29.83175900057358],
            [52.430627005410351, 29.831755488721228],
            [52.430619439366033, 29.831751815768488],
            [52.430611952824997, 29.83174798336389],
            [52.430559884977086, 29.831723302091103],
            [52.430506282120795, 29.831702160666733],
            [52.430451384594555, 29.8316846538828],
            [52.430395438537737, 29.831670860233313],
            [52.430338694795857, 29.831660841563458],
            [52.430281407789145, 29.831654642794998],
            [52.430223834371638, 29.831652291720271],
            [52.430166232683398, 29.831653798880321],
            [52.430108860990394, 29.831659157518967],
            [52.430051976529469, 29.831668343609106],
            [52.429995834354195, 29.831681315963067],
            [52.429939018670602, 29.831502381208693],
            [52.430040139278347, 29.831458523539773]
          ]
        ]
      }
    },
    {
      "type": "Feature",
      "properties": {
        "fid": 122.0,
        "handle": "2712",
        "block": "-1",
        "etype": "18",
        "space": "0",
        "layer": "tarbiatbadani",
        "olinetype": "BYLAYER",
        "linetype": null,
        "color": "0,0,0,254",
        "ocolor": "256",
        "color24": "-1",
        "transparen": "0",
        "lweight": "-1",
        "linewidth": 0.0,
        "ltscale": 1.0,
        "visible": "1",
        "width": 0.0,
        "thickness": 0.0,
        "ext": "(3:0,0,0.1)"
      },
      "geometry": {
        "type": "MultiLineString",
        "coordinates": [
          [
            [52.429914142637202, 29.832277341894571],
            [52.429924902600732, 29.832252145954619],
            [52.429937357019298, 29.832227743092989],
            [52.429951447822525, 29.832204247103615],
            [52.429967109297642, 29.832181767547805],
            [52.429984268417677, 29.832160409250715],
            [52.430002845165284, 29.832140271807472],
            [52.430022752920188, 29.832121449120674],
            [52.430043898846627, 29.832104028960199],
            [52.430066184342643, 29.832088092559385],
            [52.43008950548937, 29.832073714229406],
            [52.430113753536709, 29.832060961018211],
            [52.430138815416278, 29.832049892394931],
            [52.430164574261646, 29.83204055997339],
            [52.430190909957666, 29.83203300727109],
            [52.430217699700727, 29.832027269506394],
            [52.430244818566273, 29.832023373435728],
            [52.430272140096342, 29.832021337225338],
            [52.430299536892555, 29.832021170372169],
            [52.430326881198191, 29.832022873652928],
            [52.43035404550573, 29.832026439125908],
            [52.430380903146208, 29.832031850163727],
            [52.430407328882204, 29.832039081536092],
            [52.430433199484469, 29.832048099521234],
            [52.43045839432304, 29.832058862068727],
            [52.430482795905561, 29.832071318990593],
            [52.43048738321513, 29.83207391154685],
            [52.430746795993478, 29.832232953549592],
            [52.430764836430114, 29.83222208239572],
            [52.43078321259204, 29.832211788903351],
            [52.430801905989931, 29.832202083428452],
            [52.430820897810911, 29.832192975737595],
            [52.430840168948315, 29.832184474995756],
            [52.430859700008966, 29.832176589755409],
            [52.430879471339338, 29.832169327952602],
            [52.430793369024535, 29.831947985701444],
            [52.43075293929634, 29.831946053300619],
            [52.430712727007787, 29.831941441477742],
            [52.430672909536945, 29.831934170575547],
            [52.430633662517714, 29.831924272664761],
            [52.430595159072411, 29.831911791406586],
            [52.430557569040516, 29.831896781857161],
            [52.430521058232912, 29.831879310222735],
            [52.430480646626144, 29.831859726029499],
            [52.430438965941399, 29.831843011983899],
            [52.430396219730021, 29.831829249712424],
            [52.430352616744123, 29.831818506420856],
            [52.430308369919651, 29.831810834575659],
            [52.430263695337992, 29.831806271642559],
            [52.430218811166917, 29.831804839903267],
            [52.430173936600106, 29.831806546351796],
            [52.430129290783945, 29.831811382653537],
            [52.430085091747962, 29.831819325189823],
            [52.430041555338896, 29.831830335174342],
            [52.429998894167504, 29.831844358838676],
            [52.429957316569919, 29.831861327697876],
            [52.42991702559447, 29.83188115888424],
            [52.429878218001242, 29.831903755552045],
            [52.429841083307103, 29.831929007349569],
            [52.42980580286207, 29.831956790957982],
            [52.429772548959569, 29.831986970697464],
            [52.429741483994484, 29.832019399182013],
            [52.429633532459604, 29.83215087027132],
            [52.429635430729022, 29.832179737975718],
            [52.429765164228911, 29.832304650203334],
            [52.429769817211557, 29.832308785639778],
            [52.429774736000361, 29.83231260107776],
            [52.429779898635381, 29.832316079479821],
            [52.429785282060031, 29.832319205312157],
            [52.429790862232032, 29.832321964615399],
            [52.429796614233048, 29.832324345067715],
            [52.42980251237713, 29.832326336038928],
            [52.42980853032531, 29.83232792863782],
            [52.429814641202022, 29.832329115753051],
            [52.429820817720604, 29.832329892083177],
            [52.429827032297901, 29.832330254160293],
            [52.429833257183411, 29.832330200369139],
            [52.429839464573881, 29.83232973094891],
            [52.429845626755188, 29.832328847995992],
            [52.429851716206024, 29.832327555453045],
            [52.429857705732495, 29.832325859092631],
            [52.429863568588182, 29.832323766490841],
            [52.429869278592371, 29.832321286990915],
            [52.429874810246467, 29.83231843166595],
            [52.429880138846777, 29.832315213267972],
            [52.429885240599098, 29.832311646167906],
            [52.429890092718772, 29.832307746295552],
            [52.429894673539813, 29.832303531066824],
            [52.429898962604049, 29.832299019304624],
            [52.429902940759341, 29.83229423115699],
            [52.429906590239618, 29.832289188007049],
            [52.429909894747432, 29.832283912375246],
            [52.429912839528036, 29.832278427819855],
            [52.429915411430144, 29.832272758835376]
          ]
        ]
      }
    },
    {
      "type": "Feature",
      "properties": {
        "fid": 123.0,
        "handle": "2714",
        "block": "-1",
        "etype": "18",
        "space": "0",
        "layer": "tarbiatbadani",
        "olinetype": "BYLAYER",
        "linetype": null,
        "color": "0,0,0,254",
        "ocolor": "256",
        "color24": "-1",
        "transparen": "0",
        "lweight": "-1",
        "linewidth": 0.0,
        "ltscale": 1.0,
        "visible": "1",
        "width": 0.0,
        "thickness": 0.0,
        "ext": "(3:0,0,0.1)"
      },
      "geometry": {
        "type": "MultiLineString",
        "coordinates": [
          [
            [52.431904612762537, 29.831705386917882],
            [52.431983420315433, 29.831762223448791],
            [52.4320594525826, 29.831822722339432],
            [52.432132539517617, 29.831886748285793],
            [52.432202517657053, 29.831954158089498],
            [52.43226923049324, 29.832024800986339],
            [52.432332528821703, 29.832098518984608],
            [52.432392271074754, 29.832175147208503]
          ]
        ]
      }
    },
    {
      "type": "Feature",
      "properties": {
        "fid": 124.0,
        "handle": "2715",
        "block": "-1",
        "etype": "18",
        "space": "0",
        "layer": "tarbiatbadani",
        "olinetype": "BYLAYER",
        "linetype": null,
        "color": "0,0,0,254",
        "ocolor": "256",
        "color24": "-1",
        "transparen": "0",
        "lweight": "-1",
        "linewidth": 0.0,
        "ltscale": 1.0,
        "visible": "1",
        "width": 0.0,
        "thickness": 0.0,
        "ext": "(3:0,0,0.1)"
      },
      "geometry": {
        "type": "MultiLineString",
        "coordinates": [
          [
            [52.431246585605123, 29.831616092212492],
            [52.431297371646018, 29.831601890505553],
            [52.431349004620344, 29.831591169191135],
            [52.431401246303714, 29.831583977732404],
            [52.431453855666398, 29.831580349310567],
            [52.431506589982739, 29.831580300664424],
            [52.431559205950172, 29.831583832020439],
            [52.431611460810011, 29.831590927084104],
            [52.431663113475217, 29.831601553121796],
            [52.431713925632714, 29.831615661107204],
            [52.43176366284569, 29.83163318594961],
            [52.431812095641064, 29.831654046793567],
            [52.43185900055871, 29.831678147392594],
            [52.431904161198986, 29.831705376553955]
          ]
        ]
      }
    },
    {
      "type": "Feature",
      "properties": {
        "fid": 125.0,
        "handle": "2716",
        "block": "-1",
        "etype": "18",
        "space": "0",
        "layer": "tarbiatbadani",
        "olinetype": "BYLAYER",
        "linetype": null,
        "color": "0,0,0,254",
        "ocolor": "256",
        "color24": "-1",
        "transparen": "0",
        "lweight": "-1",
        "linewidth": 0.0,
        "ltscale": 1.0,
        "visible": "1",
        "width": 0.0,
        "thickness": 0.0,
        "ext": "(3:0,0,0.1)"
      },
      "geometry": {
        "type": "MultiLineString",
        "coordinates": [
          [
            [52.431246914166842, 29.83161630460847],
            [52.431231148145272, 29.831621169035969],
            [52.431215567679608, 29.831626598505409],
            [52.43120019301022, 29.83163258596414],
            [52.431185044117221, 29.831639123630335],
            [52.431170140678439, 29.831646203009313],
            [52.431155502060321, 29.831653814906275],
            [52.431141147283121, 29.831661949428209],
            [52.431129455949304, 29.831668855734549],
            [52.431117739273567, 29.83167571896092],
            [52.43110599741339, 29.831682539013851],
            [52.43109423052919, 29.831689315798936],
            [52.43108243878104, 29.831696049226135],
            [52.431070622326843, 29.831702739204317],
            [52.431058781329739, 29.831709385643212]
          ]
        ]
      }
    },
    {
      "type": "Feature",
      "properties": {
        "fid": 126.0,
        "handle": "2717",
        "block": "-1",
        "etype": "18",
        "space": "0",
        "layer": "tarbiatbadani",
        "olinetype": "BYLAYER",
        "linetype": null,
        "color": "0,0,0,254",
        "ocolor": "256",
        "color24": "-1",
        "transparen": "0",
        "lweight": "-1",
        "linewidth": 0.0,
        "ltscale": 1.0,
        "visible": "1",
        "width": 0.0,
        "thickness": 0.0,
        "ext": "(3:0,0,0.1)"
      },
      "geometry": {
        "type": "MultiLineString",
        "coordinates": [
          [
            [52.431059391456024, 29.831709283739031],
            [52.430951299921553, 29.831767414856671],
            [52.430920414429544, 29.831752167790832],
            [52.430922694131922, 29.831590418170478]
          ]
        ]
      }
    },
    {
      "type": "Feature",
      "properties": {
        "fid": 127.0,
        "handle": "2719",
        "block": "-1",
        "etype": "18",
        "space": "0",
        "layer": "tarbiatbadani",
        "olinetype": "BYLAYER",
        "linetype": null,
        "color": "0,0,0,254",
        "ocolor": "256",
        "color24": "-1",
        "transparen": "0",
        "lweight": "-1",
        "linewidth": 0.0,
        "ltscale": 1.0,
        "visible": "1",
        "width": 0.0,
        "thickness": 0.0,
        "ext": "(3:0,0,0.1)"
      },
      "geometry": {
        "type": "MultiLineString",
        "coordinates": [
          [
            [52.431856591702434, 29.831478434257331],
            [52.431951544367671, 29.831525355754238],
            [52.432043034575862, 29.831578714702562],
            [52.43213062656104, 29.831638256954644],
            [52.432213903122822, 29.831703698911948],
            [52.432292467617835, 29.831774728874269],
            [52.432365945842371, 29.831851008529483],
            [52.43243398782689, 29.831932174557284],
            [52.432467315224599, 29.831975824285617],
            [52.432541990322093, 29.832066671988009],
            [52.432422229261441, 29.83220496635029],
            [52.432417683652716, 29.832200790659957],
            [52.4324131972961, 29.832196551374636],
            [52.432408771082912, 29.832192249332362],
            [52.432404405888512, 29.832187885387608],
            [52.432400102576921, 29.832183460404394],
            [52.432395862006274, 29.832178975261744],
            [52.43239168501573, 29.832174430849328]
          ]
        ]
      }
    },
    {
      "type": "Feature",
      "properties": {
        "fid": 128.0,
        "handle": "2862",
        "block": "-1",
        "etype": "18",
        "space": "0",
        "layer": "tarbiatbadani",
        "olinetype": "BYLAYER",
        "linetype": null,
        "color": "0,0,0,254",
        "ocolor": "256",
        "color24": "-1",
        "transparen": "0",
        "lweight": "-1",
        "linewidth": 0.0,
        "ltscale": 1.0,
        "visible": "1",
        "width": 0.0,
        "thickness": 0.0,
        "ext": "(3:0,0,0.1)"
      },
      "geometry": {
        "type": "MultiLineString",
        "coordinates": [
          [
            [52.433151045316883, 29.830425435265418],
            [52.433186199929459, 29.830383948548],
            [52.433107843739016, 29.830246617564342]
          ]
        ]
      }
    },
    {
      "type": "Feature",
      "properties": {
        "fid": 129.0,
        "handle": "2863",
        "block": "-1",
        "etype": "18",
        "space": "0",
        "layer": "tarbiatbadani",
        "olinetype": "BYLAYER",
        "linetype": null,
        "color": "0,0,0,254",
        "ocolor": "256",
        "color24": "-1",
        "transparen": "0",
        "lweight": "-1",
        "linewidth": 0.0,
        "ltscale": 1.0,
        "visible": "1",
        "width": 0.0,
        "thickness": 0.0,
        "ext": "(3:0,0,0.1)"
      },
      "geometry": {
        "type": "MultiLineString",
        "coordinates": [
          [
            [52.433348036096959, 29.830444759831188],
            [52.43323936020591, 29.830491898180057],
            [52.433239310481845, 29.8304918680541]
          ]
        ]
      }
    },
    {
      "type": "Feature",
      "properties": {
        "fid": 130.0,
        "handle": "2926",
        "block": "-1",
        "etype": "18",
        "space": "0",
        "layer": "tarbiatbadani",
        "olinetype": "BYLAYER",
        "linetype": null,
        "color": "0,0,0,254",
        "ocolor": "256",
        "color24": "-1",
        "transparen": "0",
        "lweight": "-1",
        "linewidth": 0.0,
        "ltscale": 1.0,
        "visible": "1",
        "width": 0.0,
        "thickness": 0.0,
        "ext": "(3:0,0,0.1)"
      },
      "geometry": {
        "type": "MultiLineString",
        "coordinates": [
          [
            [52.434443249842211, 29.830135981822462],
            [52.434228919093741, 29.829760343222073]
          ]
        ]
      }
    },
    {
      "type": "Feature",
      "properties": {
        "fid": 131.0,
        "handle": "2927",
        "block": "-1",
        "etype": "18",
        "space": "0",
        "layer": "tarbiatbadani",
        "olinetype": "BYLAYER",
        "linetype": null,
        "color": "0,0,0,254",
        "ocolor": "256",
        "color24": "-1",
        "transparen": "0",
        "lweight": "-1",
        "linewidth": 0.0,
        "ltscale": 1.0,
        "visible": "1",
        "width": 0.0,
        "thickness": 0.0,
        "ext": "(3:0,0,0.1)"
      },
      "geometry": {
        "type": "MultiLineString",
        "coordinates": [
          [
            [52.434223797818262, 29.82997419372936],
            [52.434127003614137, 29.829804550360315]
          ]
        ]
      }
    },
    {
      "type": "Feature",
      "properties": {
        "fid": 132.0,
        "handle": "2928",
        "block": "-1",
        "etype": "18",
        "space": "0",
        "layer": "tarbiatbadani",
        "olinetype": "BYLAYER",
        "linetype": null,
        "color": "0,0,0,254",
        "ocolor": "256",
        "color24": "-1",
        "transparen": "0",
        "lweight": "-1",
        "linewidth": 0.0,
        "ltscale": 1.0,
        "visible": "1",
        "width": 0.0,
        "thickness": 0.0,
        "ext": "(3:0,0,0.1)"
      },
      "geometry": {
        "type": "MultiLineString",
        "coordinates": [
          [
            [52.434341334090057, 29.83018018913322],
            [52.434246844106951, 29.830014584995009]
          ]
        ]
      }
    },
    {
      "type": "Feature",
      "properties": {
        "fid": 133.0,
        "handle": "2929",
        "block": "-1",
        "etype": "18",
        "space": "0",
        "layer": "tarbiatbadani",
        "olinetype": "BYLAYER",
        "linetype": null,
        "color": "0,0,0,254",
        "ocolor": "256",
        "color24": "-1",
        "transparen": "0",
        "lweight": "-1",
        "linewidth": 0.0,
        "ltscale": 1.0,
        "visible": "1",
        "width": 0.0,
        "thickness": 0.0,
        "ext": "(3:0,0,0.1)"
      },
      "geometry": {
        "type": "MultiLineString",
        "coordinates": [
          [
            [52.434239418245546, 29.830224396368017],
            [52.434144928382601, 29.830058792153746]
          ]
        ]
      }
    },
    {
      "type": "Feature",
      "properties": {
        "fid": 134.0,
        "handle": "2930",
        "block": "-1",
        "etype": "18",
        "space": "0",
        "layer": "tarbiatbadani",
        "olinetype": "BYLAYER",
        "linetype": null,
        "color": "0,0,0,254",
        "ocolor": "256",
        "color24": "-1",
        "transparen": "0",
        "lweight": "-1",
        "linewidth": 0.0,
        "ltscale": 1.0,
        "visible": "1",
        "width": 0.0,
        "thickness": 0.0,
        "ext": "(3:0,0,0.1)"
      },
      "geometry": {
        "type": "MultiLineString",
        "coordinates": [
          [
            [52.434137502308694, 29.830268603526832],
            [52.434043012565908, 29.830102999236509]
          ]
        ]
      }
    },
    {
      "type": "Feature",
      "properties": {
        "fid": 135.0,
        "handle": "2931",
        "block": "-1",
        "etype": "18",
        "space": "0",
        "layer": "tarbiatbadani",
        "olinetype": "BYLAYER",
        "linetype": null,
        "color": "0,0,0,254",
        "ocolor": "256",
        "color24": "-1",
        "transparen": "0",
        "lweight": "-1",
        "linewidth": 0.0,
        "ltscale": 1.0,
        "visible": "1",
        "width": 0.0,
        "thickness": 0.0,
        "ext": "(3:0,0,0.1)"
      },
      "geometry": {
        "type": "MultiLineString",
        "coordinates": [
          [
            [52.433933670157934, 29.830357017616553],
            [52.433857617606378, 29.830223726242501]
          ]
        ]
      }
    },
    {
      "type": "Feature",
      "properties": {
        "fid": 136.0,
        "handle": "2932",
        "block": "-1",
        "etype": "18",
        "space": "0",
        "layer": "tarbiatbadani",
        "olinetype": "BYLAYER",
        "linetype": null,
        "color": "0,0,0,254",
        "ocolor": "256",
        "color24": "-1",
        "transparen": "0",
        "lweight": "-1",
        "linewidth": 0.0,
        "ltscale": 1.0,
        "visible": "1",
        "width": 0.0,
        "thickness": 0.0,
        "ext": "(3:0,0,0.1)"
      },
      "geometry": {
        "type": "MultiLineString",
        "coordinates": [
          [
            [52.433831753944027, 29.830401224547451],
            [52.433737264561735, 29.830235620028972],
            [52.433329599263288, 29.830412446688616],
            [52.433424088164927, 29.830578051511313]
          ]
        ]
      }
    },
    {
      "type": "Feature",
      "properties": {
        "fid": 137.0,
        "handle": "2933",
        "block": "-1",
        "etype": "18",
        "space": "0",
        "layer": "tarbiatbadani",
        "olinetype": "BYLAYER",
        "linetype": null,
        "color": "0,0,0,254",
        "ocolor": "256",
        "color24": "-1",
        "transparen": "0",
        "lweight": "-1",
        "linewidth": 0.0,
        "ltscale": 1.0,
        "visible": "1",
        "width": 0.0,
        "thickness": 0.0,
        "ext": "(3:0,0,0.1)"
      },
      "geometry": {
        "type": "MultiLineString",
        "coordinates": [
          [
            [52.433729837637777, 29.830445431402385],
            [52.433635348375645, 29.830279826807853]
          ]
        ]
      }
    },
    {
      "type": "Feature",
      "properties": {
        "fid": 138.0,
        "handle": "2934",
        "block": "-1",
        "etype": "18",
        "space": "0",
        "layer": "tarbiatbadani",
        "olinetype": "BYLAYER",
        "linetype": null,
        "color": "0,0,0,254",
        "ocolor": "256",
        "color24": "-1",
        "transparen": "0",
        "lweight": "-1",
        "linewidth": 0.0,
        "ltscale": 1.0,
        "visible": "1",
        "width": 0.0,
        "thickness": 0.0,
        "ext": "(3:0,0,0.1)"
      },
      "geometry": {
        "type": "MultiLineString",
        "coordinates": [
          [
            [52.433627921239179, 29.830489638181334],
            [52.433533432097214, 29.830324033510735]
          ]
        ]
      }
    },
    {
      "type": "Feature",
      "properties": {
        "fid": 139.0,
        "handle": "2935",
        "block": "-1",
        "etype": "18",
        "space": "0",
        "layer": "tarbiatbadani",
        "olinetype": "BYLAYER",
        "linetype": null,
        "color": "0,0,0,254",
        "ocolor": "256",
        "color24": "-1",
        "transparen": "0",
        "lweight": "-1",
        "linewidth": 0.0,
        "ltscale": 1.0,
        "visible": "1",
        "width": 0.0,
        "thickness": 0.0,
        "ext": "(3:0,0,0.1)"
      },
      "geometry": {
        "type": "MultiLineString",
        "coordinates": [
          [
            [52.434121882123229, 29.830018400869537],
            [52.434025088042191, 29.829848757422589]
          ]
        ]
      }
    },
    {
      "type": "Feature",
      "properties": {
        "fid": 140.0,
        "handle": "2936",
        "block": "-1",
        "etype": "18",
        "space": "0",
        "layer": "tarbiatbadani",
        "olinetype": "BYLAYER",
        "linetype": null,
        "color": "0,0,0,254",
        "ocolor": "256",
        "color24": "-1",
        "transparen": "0",
        "lweight": "-1",
        "linewidth": 0.0,
        "ltscale": 1.0,
        "visible": "1",
        "width": 0.0,
        "thickness": 0.0,
        "ext": "(3:0,0,0.1)"
      },
      "geometry": {
        "type": "MultiLineString",
        "coordinates": [
          [
            [52.433899613509226, 29.830074501861429],
            [52.433695781519603, 29.830162915580321]
          ]
        ]
      }
    },
    {
      "type": "Feature",
      "properties": {
        "fid": 141.0,
        "handle": "2937",
        "block": "-1",
        "etype": "18",
        "space": "0",
        "layer": "tarbiatbadani",
        "olinetype": "BYLAYER",
        "linetype": null,
        "color": "0,0,0,254",
        "ocolor": "256",
        "color24": "-1",
        "transparen": "0",
        "lweight": "-1",
        "linewidth": 0.0,
        "ltscale": 1.0,
        "visible": "1",
        "width": 0.0,
        "thickness": 0.0,
        "ext": "(3:0,0,0.1)"
      },
      "geometry": {
        "type": "MultiLineString",
        "coordinates": [
          [
            [52.433959533631217, 29.830179519296838],
            [52.43375570148919, 29.830267933112182]
          ]
        ]
      }
    },
    {
      "type": "Feature",
      "properties": {
        "fid": 142.0,
        "handle": "2938",
        "block": "-1",
        "etype": "18",
        "space": "0",
        "layer": "tarbiatbadani",
        "olinetype": "BYLAYER",
        "linetype": null,
        "color": "0,0,0,254",
        "ocolor": "256",
        "color24": "-1",
        "transparen": "0",
        "lweight": "-1",
        "linewidth": 0.0,
        "ltscale": 1.0,
        "visible": "1",
        "width": 0.0,
        "thickness": 0.0,
        "ext": "(3:0,0,0.1)"
      },
      "geometry": {
        "type": "MultiLineString",
        "coordinates": [
          [
            [52.434019966335839, 29.830062607933748],
            [52.433923172377888, 29.829892964408913]
          ]
        ]
      }
    },
    {
      "type": "Feature",
      "properties": {
        "fid": 143.0,
        "handle": "2939",
        "block": "-1",
        "etype": "18",
        "space": "0",
        "layer": "tarbiatbadani",
        "olinetype": "BYLAYER",
        "linetype": null,
        "color": "0,0,0,254",
        "ocolor": "256",
        "color24": "-1",
        "transparen": "0",
        "lweight": "-1",
        "linewidth": 0.0,
        "ltscale": 1.0,
        "visible": "1",
        "width": 0.0,
        "thickness": 0.0,
        "ext": "(3:0,0,0.1)"
      },
      "geometry": {
        "type": "MultiLineString",
        "coordinates": [
          [
            [52.433797697560593, 29.830118708758874],
            [52.433719340772257, 29.829981378153605]
          ]
        ]
      }
    },
    {
      "type": "Feature",
      "properties": {
        "fid": 144.0,
        "handle": "2940",
        "block": "-1",
        "etype": "18",
        "space": "0",
        "layer": "tarbiatbadani",
        "olinetype": "BYLAYER",
        "linetype": null,
        "color": "0,0,0,254",
        "ocolor": "256",
        "color24": "-1",
        "transparen": "0",
        "lweight": "-1",
        "linewidth": 0.0,
        "ltscale": 1.0,
        "visible": "1",
        "width": 0.0,
        "thickness": 0.0,
        "ext": "(3:0,0,0.1)"
      },
      "geometry": {
        "type": "MultiLineString",
        "coordinates": [
          [
            [52.433209760142084, 29.830202411185816],
            [52.433306553238374, 29.830372055256014],
            [52.433714218419588, 29.830195228670554],
            [52.433617424830913, 29.830025584911994]
          ]
        ]
      }
    },
    {
      "type": "Feature",
      "properties": {
        "fid": 145.0,
        "handle": "2941",
        "block": "-1",
        "etype": "18",
        "space": "0",
        "layer": "tarbiatbadani",
        "olinetype": "BYLAYER",
        "linetype": null,
        "color": "0,0,0,254",
        "ocolor": "256",
        "color24": "-1",
        "transparen": "0",
        "lweight": "-1",
        "linewidth": 0.0,
        "ltscale": 1.0,
        "visible": "1",
        "width": 0.0,
        "thickness": 0.0,
        "ext": "(3:0,0,0.1)"
      },
      "geometry": {
        "type": "MultiLineString",
        "coordinates": [
          [
            [52.433612302262802, 29.830239435430887],
            [52.433515508797228, 29.830069791594408]
          ]
        ]
      }
    },
    {
      "type": "Feature",
      "properties": {
        "fid": 146.0,
        "handle": "2942",
        "block": "-1",
        "etype": "18",
        "space": "0",
        "layer": "tarbiatbadani",
        "olinetype": "BYLAYER",
        "linetype": null,
        "color": "0,0,0,254",
        "ocolor": "256",
        "color24": "-1",
        "transparen": "0",
        "lweight": "-1",
        "linewidth": 0.0,
        "ltscale": 1.0,
        "visible": "1",
        "width": 0.0,
        "thickness": 0.0,
        "ext": "(3:0,0,0.1)"
      },
      "geometry": {
        "type": "MultiLineString",
        "coordinates": [
          [
            [52.434234779505687, 29.83051464146639],
            [52.434144431151097, 29.830356296221549]
          ]
        ]
      }
    },
    {
      "type": "Feature",
      "properties": {
        "fid": 147.0,
        "handle": "2943",
        "block": "-1",
        "etype": "18",
        "space": "0",
        "layer": "tarbiatbadani",
        "olinetype": "BYLAYER",
        "linetype": null,
        "color": "0,0,0,254",
        "ocolor": "256",
        "color24": "-1",
        "transparen": "0",
        "lweight": "-1",
        "linewidth": 0.0,
        "ltscale": 1.0,
        "visible": "1",
        "width": 0.0,
        "thickness": 0.0,
        "ext": "(3:0,0,0.1)"
      },
      "geometry": {
        "type": "MultiLineString",
        "coordinates": [
          [
            [52.43416971413329, 29.8306234336752],
            [52.434042515037824, 29.830400503312035]
          ]
        ]
      }
    },
    {
      "type": "Feature",
      "properties": {
        "fid": 148.0,
        "handle": "2944",
        "block": "-1",
        "etype": "18",
        "space": "0",
        "layer": "tarbiatbadani",
        "olinetype": "BYLAYER",
        "linetype": null,
        "color": "0,0,0,254",
        "ocolor": "256",
        "color24": "-1",
        "transparen": "0",
        "lweight": "-1",
        "linewidth": 0.0,
        "ltscale": 1.0,
        "visible": "1",
        "width": 0.0,
        "thickness": 0.0,
        "ext": "(3:0,0,0.1)"
      },
      "geometry": {
        "type": "MultiLineString",
        "coordinates": [
          [
            [52.434053525851084, 29.830642627711171],
            [52.433940598832201, 29.830444710326535]
          ]
        ]
      }
    },
    {
      "type": "Feature",
      "properties": {
        "fid": 149.0,
        "handle": "2945",
        "block": "-1",
        "etype": "18",
        "space": "0",
        "layer": "tarbiatbadani",
        "olinetype": "BYLAYER",
        "linetype": null,
        "color": "0,0,0,254",
        "ocolor": "256",
        "color24": "-1",
        "transparen": "0",
        "lweight": "-1",
        "linewidth": 0.0,
        "ltscale": 1.0,
        "visible": "1",
        "width": 0.0,
        "thickness": 0.0,
        "ext": "(3:0,0,0.1)"
      },
      "geometry": {
        "type": "MultiLineString",
        "coordinates": [
          [
            [52.434039582976609, 29.830841018005465],
            [52.433838682534237, 29.830488917265065]
          ]
        ]
      }
    },
    {
      "type": "Feature",
      "properties": {
        "fid": 150.0,
        "handle": "2946",
        "block": "-1",
        "etype": "18",
        "space": "0",
        "layer": "tarbiatbadani",
        "olinetype": "BYLAYER",
        "linetype": null,
        "color": "0,0,0,254",
        "ocolor": "256",
        "color24": "-1",
        "transparen": "0",
        "lweight": "-1",
        "linewidth": 0.0,
        "ltscale": 1.0,
        "visible": "1",
        "width": 0.0,
        "thickness": 0.0,
        "ext": "(3:0,0,0.1)"
      },
      "geometry": {
        "type": "MultiLineString",
        "coordinates": [
          [
            [52.434325713420954, 29.829929986513193],
            [52.4339180504561, 29.830106814921994],
            [52.433821256621243, 29.829937171319237]
          ]
        ]
      }
    },
    {
      "type": "Feature",
      "properties": {
        "fid": 151.0,
        "handle": "2947",
        "block": "-1",
        "etype": "18",
        "space": "0",
        "layer": "tarbiatbadani",
        "olinetype": "BYLAYER",
        "linetype": null,
        "color": "0,0,0,254",
        "ocolor": "256",
        "color24": "-1",
        "transparen": "0",
        "lweight": "-1",
        "linewidth": 0.0,
        "ltscale": 1.0,
        "visible": "1",
        "width": 0.0,
        "thickness": 0.0,
        "ext": "(3:0,0,0.1)"
      },
      "geometry": {
        "type": "MultiLineString",
        "coordinates": [
          [
            [52.434348759738953, 29.829970377760297],
            [52.433941096656866, 29.8301472062433],
            [52.434035586279492, 29.830312810609684]
          ]
        ]
      }
    },
    {
      "type": "Feature",
      "properties": {
        "fid": 152.0,
        "handle": "2948",
        "block": "-1",
        "etype": "18",
        "space": "0",
        "layer": "tarbiatbadani",
        "olinetype": "BYLAYER",
        "linetype": null,
        "color": "0,0,0,254",
        "ocolor": "256",
        "color24": "-1",
        "transparen": "0",
        "lweight": "-1",
        "linewidth": 0.0,
        "ltscale": 1.0,
        "visible": "1",
        "width": 0.0,
        "thickness": 0.0,
        "ext": "(3:0,0,0.1)"
      },
      "geometry": {
        "type": "MultiLineString",
        "coordinates": [
          [
            [52.433838169718705, 29.830710846029362],
            [52.433736766143916, 29.830533124127626]
          ]
        ]
      }
    },
    {
      "type": "Feature",
      "properties": {
        "fid": 153.0,
        "handle": "2950",
        "block": "-1",
        "etype": "18",
        "space": "0",
        "layer": "tarbiatbadani",
        "olinetype": "BYLAYER",
        "linetype": null,
        "color": "0,0,0,254",
        "ocolor": "256",
        "color24": "-1",
        "transparen": "0",
        "lweight": "-1",
        "linewidth": 0.0,
        "ltscale": 1.0,
        "visible": "1",
        "width": 0.0,
        "thickness": 0.0,
        "ext": "(3:0,0,0.1)"
      },
      "geometry": {
        "type": "MultiLineString",
        "coordinates": [
          [
            [52.433962620065358, 29.830928959143375],
            [52.433861216037215, 29.830751237357514]
          ]
        ]
      }
    },
    {
      "type": "Feature",
      "properties": {
        "fid": 154.0,
        "handle": "2951",
        "block": "-1",
        "etype": "18",
        "space": "0",
        "layer": "tarbiatbadani",
        "olinetype": "BYLAYER",
        "linetype": null,
        "color": "0,0,0,254",
        "ocolor": "256",
        "color24": "-1",
        "transparen": "0",
        "lweight": "-1",
        "linewidth": 0.0,
        "ltscale": 1.0,
        "visible": "1",
        "width": 0.0,
        "thickness": 0.0,
        "ext": "(3:0,0,0.1)"
      },
      "geometry": {
        "type": "MultiLineString",
        "coordinates": [
          [
            [52.433860703295466, 29.83097316611174],
            [52.433759299396279, 29.830795444244252]
          ]
        ]
      }
    },
    {
      "type": "Feature",
      "properties": {
        "fid": 155.0,
        "handle": "2952",
        "block": "-1",
        "etype": "18",
        "space": "0",
        "layer": "tarbiatbadani",
        "olinetype": "BYLAYER",
        "linetype": null,
        "color": "0,0,0,254",
        "ocolor": "256",
        "color24": "-1",
        "transparen": "0",
        "lweight": "-1",
        "linewidth": 0.0,
        "ltscale": 1.0,
        "visible": "1",
        "width": 0.0,
        "thickness": 0.0,
        "ext": "(3:0,0,0.1)"
      },
      "geometry": {
        "type": "MultiLineString",
        "coordinates": [
          [
            [52.433758786433224, 29.831017373004148],
            [52.433657382662993, 29.830839651055033]
          ]
        ]
      }
    },
    {
      "type": "Feature",
      "properties": {
        "fid": 156.0,
        "handle": "2953",
        "block": "-1",
        "etype": "18",
        "space": "0",
        "layer": "tarbiatbadani",
        "olinetype": "BYLAYER",
        "linetype": null,
        "color": "0,0,0,254",
        "ocolor": "256",
        "color24": "-1",
        "transparen": "0",
        "lweight": "-1",
        "linewidth": 0.0,
        "ltscale": 1.0,
        "visible": "1",
        "width": 0.0,
        "thickness": 0.0,
        "ext": "(3:0,0,0.1)"
      },
      "geometry": {
        "type": "MultiLineString",
        "coordinates": [
          [
            [52.433736253107078, 29.830755052897572],
            [52.433634849661253, 29.83057733091421]
          ]
        ]
      }
    },
    {
      "type": "Feature",
      "properties": {
        "fid": 157.0,
        "handle": "2954",
        "block": "-1",
        "etype": "18",
        "space": "0",
        "layer": "tarbiatbadani",
        "olinetype": "BYLAYER",
        "linetype": null,
        "color": "0,0,0,254",
        "ocolor": "256",
        "color24": "-1",
        "transparen": "0",
        "lweight": "-1",
        "linewidth": 0.0,
        "ltscale": 1.0,
        "visible": "1",
        "width": 0.0,
        "thickness": 0.0,
        "ext": "(3:0,0,0.1)"
      },
      "geometry": {
        "type": "MultiLineString",
        "coordinates": [
          [
            [52.433634336403095, 29.83079925968979],
            [52.433532933086234, 29.830621537624808]
          ]
        ]
      }
    },
    {
      "type": "Feature",
      "properties": {
        "fid": 158.0,
        "handle": "2955",
        "block": "-1",
        "etype": "18",
        "space": "0",
        "layer": "tarbiatbadani",
        "olinetype": "BYLAYER",
        "linetype": null,
        "color": "0,0,0,254",
        "ocolor": "256",
        "color24": "-1",
        "transparen": "0",
        "lweight": "-1",
        "linewidth": 0.0,
        "ltscale": 1.0,
        "visible": "1",
        "width": 0.0,
        "thickness": 0.0,
        "ext": "(3:0,0,0.1)"
      },
      "geometry": {
        "type": "MultiLineString",
        "coordinates": [
          [
            [52.433666134660122, 29.831057561022202],
            [52.433564731007138, 29.8308798389989]
          ]
        ]
      }
    },
    {
      "type": "Feature",
      "properties": {
        "fid": 159.0,
        "handle": "2956",
        "block": "-1",
        "etype": "18",
        "space": "0",
        "layer": "tarbiatbadani",
        "olinetype": "BYLAYER",
        "linetype": null,
        "color": "0,0,0,254",
        "ocolor": "256",
        "color24": "-1",
        "transparen": "0",
        "lweight": "-1",
        "linewidth": 0.0,
        "ltscale": 1.0,
        "visible": "1",
        "width": 0.0,
        "thickness": 0.0,
        "ext": "(3:0,0,0.1)"
      },
      "geometry": {
        "type": "MultiLineString",
        "coordinates": [
          [
            [52.434155442200307, 29.830598420605767],
            [52.433951609409498, 29.83068683474059]
          ]
        ]
      }
    },
    {
      "type": "Feature",
      "properties": {
        "fid": 160.0,
        "handle": "2957",
        "block": "-1",
        "etype": "18",
        "space": "0",
        "layer": "tarbiatbadani",
        "olinetype": "BYLAYER",
        "linetype": null,
        "color": "0,0,0,254",
        "ocolor": "256",
        "color24": "-1",
        "transparen": "0",
        "lweight": "-1",
        "linewidth": 0.0,
        "ltscale": 1.0,
        "visible": "1",
        "width": 0.0,
        "thickness": 0.0,
        "ext": "(3:0,0,0.1)"
      },
      "geometry": {
        "type": "MultiLineString",
        "coordinates": [
          [
            [52.433785234130127, 29.831266296132796],
            [52.433707618079183, 29.831130265459059]
          ]
        ]
      }
    },
    {
      "type": "Feature",
      "properties": {
        "fid": 161.0,
        "handle": "2964",
        "block": "-1",
        "etype": "18",
        "space": "0",
        "layer": "tarbiatbadani",
        "olinetype": "BYLAYER",
        "linetype": null,
        "color": "0,0,0,254",
        "ocolor": "256",
        "color24": "-1",
        "transparen": "0",
        "lweight": "-1",
        "linewidth": 0.0,
        "ltscale": 1.0,
        "visible": "1",
        "width": 0.0,
        "thickness": 0.0,
        "ext": "(3:0,0,0.1)"
      },
      "geometry": {
        "type": "MultiLineString",
        "coordinates": [
          [
            [52.433573482810708, 29.83109774897747],
            [52.433995523379728, 29.830914687122146],
            [52.434299844740799, 29.830405849228463],
            [52.434246347172014, 29.830312089055113],
            [52.433356872387108, 29.830697904364136]
          ]
        ]
      }
    },
    {
      "type": "Feature",
      "properties": {
        "fid": 162.0,
        "handle": "3140",
        "block": "-1",
        "etype": "18",
        "space": "0",
        "layer": "tarbiatbadani",
        "olinetype": "BYLAYER",
        "linetype": null,
        "color": "0,0,0,254",
        "ocolor": "256",
        "color24": "-1",
        "transparen": "0",
        "lweight": "-1",
        "linewidth": 0.0,
        "ltscale": 1.0,
        "visible": "1",
        "width": 0.0,
        "thickness": 0.0,
        "ext": "(3:0,0,0.1)"
      },
      "geometry": {
        "type": "MultiLineString",
        "coordinates": [
          [
            [52.434541067535214, 29.829861767458581],
            [52.434432749775901, 29.829671928717659]
          ]
        ]
      }
    },
    {
      "type": "Feature",
      "properties": {
        "fid": 163.0,
        "handle": "3141",
        "block": "-1",
        "etype": "18",
        "space": "0",
        "layer": "tarbiatbadani",
        "olinetype": "BYLAYER",
        "linetype": null,
        "color": "0,0,0,254",
        "ocolor": "256",
        "color24": "-1",
        "transparen": "0",
        "lweight": "-1",
        "linewidth": 0.0,
        "ltscale": 1.0,
        "visible": "1",
        "width": 0.0,
        "thickness": 0.0,
        "ext": "(3:0,0,0.1)"
      },
      "geometry": {
        "type": "MultiLineString",
        "coordinates": [
          [
            [52.434517099770638, 29.830042586377253],
            [52.434330834480996, 29.82971613600785]
          ]
        ]
      }
    },
    {
      "type": "Feature",
      "properties": {
        "fid": 164.0,
        "handle": "3147",
        "block": "-1",
        "etype": "18",
        "space": "0",
        "layer": "tarbiatbadani",
        "olinetype": "Continuous",
        "linetype": null,
        "color": "0,0,0,254",
        "ocolor": "256",
        "color24": "-1",
        "transparen": "0",
        "lweight": "-1",
        "linewidth": 0.0,
        "ltscale": 1.0,
        "visible": "1",
        "width": 0.0,
        "thickness": 0.0,
        "ext": "(3:0,0,0.1)"
      },
      "geometry": {
        "type": "MultiLineString",
        "coordinates": [
          [
            [52.431795318202511, 29.831825580817448],
            [52.43186862937889, 29.831878474245688],
            [52.431939327430037, 29.83193481276475],
            [52.432007250608869, 29.831994467480396],
            [52.432072243514988, 29.832057301908204],
            [52.432134157451465, 29.832123172291624],
            [52.432192850772275, 29.832191927928481],
            [52.432248189186822, 29.832263411513445],
            [52.432257118961751, 29.832273311891207],
            [52.432266265127829, 29.832283012717653],
            [52.432275623224989, 29.83229250926524],
            [52.432285188691814, 29.832301796902353],
            [52.432294956866237, 29.832310871104255],
            [52.432304922987349, 29.832319727445814],
            [52.432315082195601, 29.832328361613467],
            [52.432116687532485, 29.832526183254309],
            [52.432055588761031, 29.832398958683637],
            [52.432035492729071, 29.832366064188978],
            [52.432013271303781, 29.832334566463473],
            [52.431989021224574, 29.832304602619839],
            [52.431962848047981, 29.832276303093746],
            [52.431934865709984, 29.832249791074897],
            [52.431905196021027, 29.832225181973623],
            [52.431873968136635, 29.832202582913848],
            [52.431841317991704, 29.832182092271974],
            [52.43180738771661, 29.832163799245787],
            [52.431772325013291, 29.832147783467004],
            [52.431736282511331, 29.832134114652941],
            [52.431699417109478, 29.832122852305471],
            [52.431661889284435, 29.832114045449995],
            [52.431623862397821, 29.832107732424443],
            [52.431585501986767, 29.832103940709199],
            [52.431546975032681, 29.832102686810682],
            [52.431508449251844, 29.832103976186769],
            [52.431470092345982, 29.832107803224968],
            [52.431432071291049, 29.832114151265156],
            [52.431394551591431, 29.832122992674154],
            [52.431357696574246, 29.832134288964411],
            [52.43132166667742, 29.832147990963609],
            [52.431286618735889, 29.832164039023304],
            [52.431179953646961, 29.832214871208546],
            [52.431172211512987, 29.832218521104505],
            [52.431164439763585, 29.832222107505455],
            [52.431156638918758, 29.832225630172612],
            [52.431148809500876, 29.832229088868186],
            [52.431140952033807, 29.832232483361164],
            [52.43113306704474, 29.832235813425495],
            [52.431125155062659, 29.832239078835435],
            [52.431000863817381, 29.83191956687331],
            [52.431033360582525, 29.83190305722372],
            [52.431065701817239, 29.831886244939138],
            [52.431097884700641, 29.831869131487107],
            [52.431129906430208, 29.831851718356116],
            [52.431161764215609, 29.831834007065932],
            [52.431193455280528, 29.83181599915941],
            [52.431224976862467, 29.831797696204898],
            [52.431241161384442, 29.831788699731721],
            [52.43125771069932, 29.831780393382815],
            [52.431274595395728, 29.831772791921136],
            [52.431291785471323, 29.831765908855228],
            [52.431309250370724, 29.831759756417796],
            [52.43132695906008, 29.831754345542965],
            [52.431344880066227, 29.831749685846724],
            [52.431380371111914, 29.831742217254568],
            [52.431416260845545, 29.83173699029475],
            [52.431452407832687, 29.831734025566217],
            [52.431488669615639, 29.83173333475224],
            [52.431524903291567, 29.831734920574487],
            [52.431560966067984, 29.831738776785638],
            [52.43159671582179, 29.831744888186218],
            [52.4316320116668, 29.831753230692808],
            [52.431666714506711, 29.831763771428992],
            [52.43170068757717, 29.831776468853601],
            [52.431733796996305, 29.831791272925777],
            [52.43176591227882, 29.831808125306988],
            [52.431796906863028, 29.831826959580638]
          ]
        ]
      }
    },
    {
      "type": "Feature",
      "properties": {
        "fid": 165.0,
        "handle": "3149",
        "block": "-1",
        "etype": "18",
        "space": "0",
        "layer": "tarbiatbadani",
        "olinetype": "BYLAYER",
        "linetype": null,
        "color": "0,0,0,254",
        "ocolor": "256",
        "color24": "-1",
        "transparen": "0",
        "lweight": "-1",
        "linewidth": 0.0,
        "ltscale": 1.0,
        "visible": "1",
        "width": 0.0,
        "thickness": 0.0,
        "ext": "(3:0,0,0.1)"
      },
      "geometry": {
        "type": "MultiLineString",
        "coordinates": [
          [
            [52.434337236577562, 29.82995018213736],
            [52.434642982875509, 29.829817560005235],
            [52.434337236577569, 29.82995018213736]
          ]
        ]
      }
    },
    {
      "type": "Feature",
      "properties": {
        "fid": 166.0,
        "handle": "3150",
        "block": "-1",
        "etype": "18",
        "space": "0",
        "layer": "tarbiatbadani",
        "olinetype": "BYLAYER",
        "linetype": null,
        "color": "0,0,0,254",
        "ocolor": "256",
        "color24": "-1",
        "transparen": "0",
        "lweight": "-1",
        "linewidth": 0.0,
        "ltscale": 1.0,
        "visible": "1",
        "width": 0.0,
        "thickness": 0.0,
        "ext": "(3:0,0,0.1)"
      },
      "geometry": {
        "type": "MultiLineString",
        "coordinates": [
          [
            [52.433005927243599, 29.830290823866907],
            [52.434534664978464, 29.829627721351496],
            [52.434647228912169, 29.829825001619575],
            [52.434467546281923, 29.830125442901998],
            [52.433315412170742, 29.830625189925449],
            [52.434467546281923, 29.830125442901998],
            [52.434647228912169, 29.829825001619575],
            [52.434534664978464, 29.829627721351496],
            [52.433005927243599, 29.830290823866889],
            [52.432978132722866, 29.830302881700813],
            [52.432945828686655, 29.830246263775393],
            [52.432740878471002, 29.830335245675002],
            [52.433055839639906, 29.830378303035051],
            [52.433005927243599, 29.830290823866889]
          ]
        ]
      }
    },
    {
      "type": "Feature",
      "properties": {
        "fid": 167.0,
        "handle": "3161",
        "block": "-1",
        "etype": "18",
        "space": "0",
        "layer": "tarbiatbadani",
        "olinetype": "BYLAYER",
        "linetype": null,
        "color": "0,0,0,254",
        "ocolor": "256",
        "color24": "-1",
        "transparen": "0",
        "lweight": "-1",
        "linewidth": 0.0,
        "ltscale": 1.0,
        "visible": "1",
        "width": 0.0,
        "thickness": 0.0,
        "ext": "(3:0,0,0.1)"
      },
      "geometry": {
        "type": "MultiLineString",
        "coordinates": [
          [
            [52.433615051897675, 29.831170416265277],
            [52.433811388113632, 29.831085254840627],
            [52.433851483334067, 29.831155526058772],
            [52.433726107874115, 29.831365134734032]
          ]
        ]
      }
    },
    {
      "type": "Feature",
      "properties": {
        "fid": 168.0,
        "handle": "3162",
        "block": "-1",
        "etype": "18",
        "space": "0",
        "layer": "tarbiatbadani",
        "olinetype": "BYLAYER",
        "linetype": null,
        "color": "0,0,0,254",
        "ocolor": "256",
        "color24": "-1",
        "transparen": "0",
        "lweight": "-1",
        "linewidth": 0.0,
        "ltscale": 1.0,
        "visible": "1",
        "width": 0.0,
        "thickness": 0.0,
        "ext": "(3:0,0,0.1)"
      },
      "geometry": {
        "type": "MultiLineString",
        "coordinates": [
          [
            [52.433471354823524, 29.830920341111909],
            [52.433472079274964, 29.830920026879969],
            [52.433572671878622, 29.831097312016468]
          ]
        ]
      }
    },
    {
      "type": "Feature",
      "properties": {
        "fid": 169.0,
        "handle": "3163",
        "block": "-1",
        "etype": "18",
        "space": "0",
        "layer": "tarbiatbadani",
        "olinetype": "BYLAYER",
        "linetype": null,
        "color": "0,0,0,254",
        "ocolor": "256",
        "color24": "-1",
        "transparen": "0",
        "lweight": "-1",
        "linewidth": 0.0,
        "ltscale": 1.0,
        "visible": "1",
        "width": 0.0,
        "thickness": 0.0,
        "ext": "(3:0,0,0.1)"
      },
      "geometry": {
        "type": "MultiLineString",
        "coordinates": [
          [
            [52.433614613152187, 29.831169834719457],
            [52.433726082934903, 29.831365197959101]
          ]
        ]
      }
    },
    {
      "type": "Feature",
      "properties": {
        "fid": 170.0,
        "handle": "3166",
        "block": "-1",
        "etype": "18",
        "space": "0",
        "layer": "tarbiatbadani",
        "olinetype": "BYLAYER",
        "linetype": null,
        "color": "0,0,0,254",
        "ocolor": "256",
        "color24": "-1",
        "transparen": "0",
        "lweight": "-1",
        "linewidth": 0.0,
        "ltscale": 1.0,
        "visible": "1",
        "width": 0.0,
        "thickness": 0.0,
        "ext": "(3:0,0,0.1)"
      },
      "geometry": {
        "type": "MultiLineString",
        "coordinates": [
          [
            [52.43323936020591, 29.830491898180057],
            [52.433315211814318, 29.83062515982688]
          ]
        ]
      }
    },
    {
      "type": "Feature",
      "properties": {
        "fid": 171.0,
        "handle": "3168",
        "block": "-1",
        "etype": "18",
        "space": "0",
        "layer": "tarbiatbadani",
        "olinetype": "BYLAYER",
        "linetype": null,
        "color": "0,0,0,254",
        "ocolor": "256",
        "color24": "-1",
        "transparen": "0",
        "lweight": "-1",
        "linewidth": 0.0,
        "ltscale": 1.0,
        "visible": "1",
        "width": 0.0,
        "thickness": 0.0,
        "ext": "(3:0,0,0.1)"
      },
      "geometry": {
        "type": "MultiLineString",
        "coordinates": [
          [
            [52.433356838545862, 29.830697795288184],
            [52.433458298242343, 29.830875616697423],
            [52.433458051774942, 29.830875723603043]
          ]
        ]
      }
    },
    {
      "type": "Feature",
      "properties": {
        "fid": null,
        "handle": null,
        "block": null,
        "etype": null,
        "space": null,
        "layer": null,
        "olinetype": null,
        "linetype": null,
        "color": null,
        "ocolor": null,
        "color24": null,
        "transparen": null,
        "lweight": null,
        "linewidth": null,
        "ltscale": null,
        "visible": null,
        "width": null,
        "thickness": null,
        "ext": null
      },
      "geometry": {
        "type": "MultiLineString",
        "coordinates": [
          [
            [52.431655106071062, 29.832926000963987],
            [52.431722155065238, 29.832962578556842],
            [52.431819963756688, 29.833015655125973],
            [52.431906764879088, 29.83306521150865],
            [52.431976848863854, 29.833113356827671],
            [52.432025591719629, 29.833165145499908],
            [52.432046820561141, 29.833226786064781],
            [52.432040587250768, 29.83330191742975],
            [52.432029989484988, 29.833400297648392],
            [52.432024719056955, 29.833506353944419]
          ]
        ]
      }
    },
    {
      "type": "Feature",
      "properties": {
        "fid": null,
        "handle": null,
        "block": null,
        "etype": null,
        "space": null,
        "layer": null,
        "olinetype": null,
        "linetype": null,
        "color": null,
        "ocolor": null,
        "color24": null,
        "transparen": null,
        "lweight": null,
        "linewidth": null,
        "ltscale": null,
        "visible": null,
        "width": null,
        "thickness": null,
        "ext": null
      },
      "geometry": {
        "type": "MultiLineString",
        "coordinates": [
          [
            [52.432170999718281, 29.833537295374772],
            [52.432200420919777, 29.833441668080983],
            [52.432234292781708, 29.833347129845105],
            [52.432256018766125, 29.833297306651499],
            [52.432256559938061, 29.833298665578504],
            [52.432256559938061, 29.833298665578504]
          ]
        ]
      }
    },
    {
      "type": "Feature",
      "properties": {
        "fid": null,
        "handle": null,
        "block": null,
        "etype": null,
        "space": null,
        "layer": null,
        "olinetype": null,
        "linetype": null,
        "color": null,
        "ocolor": null,
        "color24": null,
        "transparen": null,
        "lweight": null,
        "linewidth": null,
        "ltscale": null,
        "visible": null,
        "width": null,
        "thickness": null,
        "ext": null
      },
      "geometry": {
        "type": "MultiLineString",
        "coordinates": [
          [
            [52.433055473735045, 29.830378434559815],
            [52.433151363703672, 29.83042516197181]
          ]
        ]
      }
    },
    {
      "type": "Feature",
      "properties": {
        "fid": null,
        "handle": null,
        "block": null,
        "etype": null,
        "space": null,
        "layer": null,
        "olinetype": null,
        "linetype": null,
        "color": null,
        "ocolor": null,
        "color24": null,
        "transparen": null,
        "lweight": null,
        "linewidth": null,
        "ltscale": null,
        "visible": null,
        "width": null,
        "thickness": null,
        "ext": null
      },
      "geometry": {
        "type": "MultiLineString",
        "coordinates": [
          [
            [52.432024958617099, 29.833507572338412],
            [52.432017380550171, 29.83360111594185],
            [52.432149305476976, 29.833616521425306],
            [52.432170957395975, 29.833537718591476]
          ]
        ]
      }
    },
    {
      "type": "Feature",
      "properties": {
        "fid": null,
        "handle": null,
        "block": null,
        "etype": null,
        "space": null,
        "layer": null,
        "olinetype": null,
        "linetype": null,
        "color": null,
        "ocolor": null,
        "color24": null,
        "transparen": null,
        "lweight": null,
        "linewidth": null,
        "ltscale": null,
        "visible": null,
        "width": null,
        "thickness": null,
        "ext": null
      },
      "geometry": {
        "type": "MultiLineString",
        "coordinates": [
          [
            [52.431655331925761, 29.832926125554039],
            [52.431709281130765, 29.832744543877929]
          ]
        ]
      }
    }
  ]
}
