{
  "type": "FeatureCollection",
  "name": "_4",
  "crs": {
    "type": "name",
    "properties": { "name": "urn:ogc:def:crs:OGC:1.3:CRS84" }
  },
  "features": [
    {
      "type": "Feature",
      "properties": {
        "fid": 3.0,
        "handle": "3930",
        "block": "-1",
        "etype": "25",
        "space": "0",
        "layer": "TEXT-2",
        "olinetype": "bylayer",
        "linetype": null,
        "color": "0,0,0,255",
        "ocolor": "256",
        "color24": "-1",
        "transparen": "0",
        "lweight": "-1",
        "linewidth": 0.0,
        "ltscale": 1.0,
        "visible": "1",
        "thickness": 0.0,
        "ext": "(3:0,0,1)",
        "height": 1.87486,
        "text": "1",
        "angle": 2.37892,
        "widthscale": 1.0,
        "oblique": 0.0,
        "style": "STYLE1",
        "textgen": "2",
        "alignh": "0",
        "alignv": "0",
        "interlin": -1.0,
        "lat": 29.83913,
        "lon": 52.41942,
        "Name": "1"
      },
      "geometry": {
        "type": "Point",
        "coordinates": [52.419417395540684, 29.839131542774794]
      }
    },
    {
      "type": "Feature",
      "properties": {
        "fid": 4.0,
        "handle": "3934",
        "block": "-1",
        "etype": "25",
        "space": "0",
        "layer": "TEXT-2",
        "olinetype": "bylayer",
        "linetype": null,
        "color": "0,0,0,255",
        "ocolor": "256",
        "color24": "-1",
        "transparen": "0",
        "lweight": "-1",
        "linewidth": 0.0,
        "ltscale": 1.0,
        "visible": "1",
        "thickness": 0.0,
        "ext": "(3:0,0,1)",
        "height": 1.87486,
        "text": "2",
        "angle": 2.37892,
        "widthscale": 1.0,
        "oblique": 0.0,
        "style": "STYLE1",
        "textgen": "2",
        "alignh": "0",
        "alignv": "0",
        "interlin": -1.0,
        "lat": 29.83914,
        "lon": 52.41931,
        "Name": "2"
      },
      "geometry": {
        "type": "Point",
        "coordinates": [52.419306216484799, 29.839140934078216]
      }
    },
    {
      "type": "Feature",
      "properties": {
        "fid": 6.0,
        "handle": "3939",
        "block": "-1",
        "etype": "25",
        "space": "0",
        "layer": "TEXT-2",
        "olinetype": "bylayer",
        "linetype": null,
        "color": "0,0,0,255",
        "ocolor": "256",
        "color24": "-1",
        "transparen": "0",
        "lweight": "-1",
        "linewidth": 0.0,
        "ltscale": 1.0,
        "visible": "1",
        "thickness": 0.0,
        "ext": "(3:0,0,1)",
        "height": 1.87486,
        "text": "3",
        "angle": 2.37892,
        "widthscale": 1.0,
        "oblique": 0.0,
        "style": "STYLE1",
        "textgen": "2",
        "alignh": "0",
        "alignv": "0",
        "interlin": -1.0,
        "lat": 29.83914,
        "lon": 52.4192,
        "Name": "3"
      },
      "geometry": {
        "type": "Point",
        "coordinates": [52.419202888010517, 29.839135854749067]
      }
    },
    {
      "type": "Feature",
      "properties": {
        "fid": 8.0,
        "handle": "3944",
        "block": "-1",
        "etype": "25",
        "space": "0",
        "layer": "TEXT-2",
        "olinetype": "bylayer",
        "linetype": null,
        "color": "0,0,0,255",
        "ocolor": "256",
        "color24": "-1",
        "transparen": "0",
        "lweight": "-1",
        "linewidth": 0.0,
        "ltscale": 1.0,
        "visible": "1",
        "thickness": 0.0,
        "ext": "(3:0,0,1)",
        "height": 1.87486,
        "text": "4",
        "angle": 2.37892,
        "widthscale": 1.0,
        "oblique": 0.0,
        "style": "STYLE1",
        "textgen": "2",
        "alignh": "0",
        "alignv": "0",
        "interlin": -1.0,
        "lat": 29.83913,
        "lon": 52.4191,
        "Name": "4"
      },
      "geometry": {
        "type": "Point",
        "coordinates": [52.419099559543227, 29.839130775338685]
      }
    },
    {
      "type": "Feature",
      "properties": {
        "fid": 10.0,
        "handle": "3949",
        "block": "-1",
        "etype": "25",
        "space": "0",
        "layer": "TEXT-2",
        "olinetype": "bylayer",
        "linetype": null,
        "color": "0,0,0,255",
        "ocolor": "256",
        "color24": "-1",
        "transparen": "0",
        "lweight": "-1",
        "linewidth": 0.0,
        "ltscale": 1.0,
        "visible": "1",
        "thickness": 0.0,
        "ext": "(3:0,0,1)",
        "height": 1.87486,
        "text": "5",
        "angle": 2.37892,
        "widthscale": 1.0,
        "oblique": 0.0,
        "style": "STYLE1",
        "textgen": "2",
        "alignh": "0",
        "alignv": "0",
        "interlin": -1.0,
        "lat": 29.83913,
        "lon": 52.419,
        "Name": "5"
      },
      "geometry": {
        "type": "Point",
        "coordinates": [52.418996231082907, 29.839125695847105]
      }
    },
    {
      "type": "Feature",
      "properties": {
        "fid": 12.0,
        "handle": "3954",
        "block": "-1",
        "etype": "25",
        "space": "0",
        "layer": "TEXT-2",
        "olinetype": "bylayer",
        "linetype": null,
        "color": "0,0,0,255",
        "ocolor": "256",
        "color24": "-1",
        "transparen": "0",
        "lweight": "-1",
        "linewidth": 0.0,
        "ltscale": 1.0,
        "visible": "1",
        "thickness": 0.0,
        "ext": "(3:0,0,1)",
        "height": 1.87486,
        "text": "6",
        "angle": 2.37892,
        "widthscale": 1.0,
        "oblique": 0.0,
        "style": "STYLE1",
        "textgen": "2",
        "alignh": "0",
        "alignv": "0",
        "interlin": -1.0,
        "lat": 29.83912,
        "lon": 52.41889,
        "Name": "6"
      },
      "geometry": {
        "type": "Point",
        "coordinates": [52.41889290262958, 29.839120616274275]
      }
    },
    {
      "type": "Feature",
      "properties": {
        "fid": 14.0,
        "handle": "3959",
        "block": "-1",
        "etype": "25",
        "space": "0",
        "layer": "TEXT-2",
        "olinetype": "bylayer",
        "linetype": null,
        "color": "0,0,0,255",
        "ocolor": "256",
        "color24": "-1",
        "transparen": "0",
        "lweight": "-1",
        "linewidth": 0.0,
        "ltscale": 1.0,
        "visible": "1",
        "thickness": 0.0,
        "ext": "(3:0,0,1)",
        "height": 1.87486,
        "text": "7",
        "angle": 2.37892,
        "widthscale": 1.0,
        "oblique": 0.0,
        "style": "STYLE1",
        "textgen": "2",
        "alignh": "0",
        "alignv": "0",
        "interlin": -1.0,
        "lat": 29.83912,
        "lon": 52.41879,
        "Name": "7"
      },
      "geometry": {
        "type": "Point",
        "coordinates": [52.418789574183229, 29.839115536620248]
      }
    },
    {
      "type": "Feature",
      "properties": {
        "fid": 16.0,
        "handle": "3964",
        "block": "-1",
        "etype": "25",
        "space": "0",
        "layer": "TEXT-2",
        "olinetype": "bylayer",
        "linetype": null,
        "color": "0,0,0,255",
        "ocolor": "256",
        "color24": "-1",
        "transparen": "0",
        "lweight": "-1",
        "linewidth": 0.0,
        "ltscale": 1.0,
        "visible": "1",
        "thickness": 0.0,
        "ext": "(3:0,0,1)",
        "height": 1.87486,
        "text": "8",
        "angle": 2.37892,
        "widthscale": 1.0,
        "oblique": 0.0,
        "style": "STYLE1",
        "textgen": "2",
        "alignh": "0",
        "alignv": "0",
        "interlin": -1.0,
        "lat": 29.83911,
        "lon": 52.41869,
        "Name": "8"
      },
      "geometry": {
        "type": "Point",
        "coordinates": [52.418686245743864, 29.839110456884995]
      }
    },
    {
      "type": "Feature",
      "properties": {
        "fid": 18.0,
        "handle": "3970",
        "block": "-1",
        "etype": "25",
        "space": "0",
        "layer": "TEXT-2",
        "olinetype": "bylayer",
        "linetype": null,
        "color": "0,0,0,255",
        "ocolor": "256",
        "color24": "-1",
        "transparen": "0",
        "lweight": "-1",
        "linewidth": 0.0,
        "ltscale": 1.0,
        "visible": "1",
        "thickness": 0.0,
        "ext": "(3:0,0,1)",
        "height": 1.87486,
        "text": "9",
        "angle": 2.37892,
        "widthscale": 1.0,
        "oblique": 0.0,
        "style": "STYLE1",
        "textgen": "2",
        "alignh": "0",
        "alignv": "0",
        "interlin": -1.0,
        "lat": 29.83911,
        "lon": 52.41858,
        "Name": "9"
      },
      "geometry": {
        "type": "Point",
        "coordinates": [52.418582917311475, 29.83910537706851]
      }
    },
    {
      "type": "Feature",
      "properties": {
        "fid": 20.0,
        "handle": "3975",
        "block": "-1",
        "etype": "25",
        "space": "0",
        "layer": "TEXT-2",
        "olinetype": "bylayer",
        "linetype": null,
        "color": "0,0,0,255",
        "ocolor": "256",
        "color24": "-1",
        "transparen": "0",
        "lweight": "-1",
        "linewidth": 0.0,
        "ltscale": 1.0,
        "visible": "1",
        "thickness": 0.0,
        "ext": "(3:0,0,1)",
        "height": 1.87486,
        "text": "01",
        "angle": 2.37892,
        "widthscale": 1.0,
        "oblique": 0.0,
        "style": "STYLE1",
        "textgen": "2",
        "alignh": "0",
        "alignv": "0",
        "interlin": -1.0,
        "lat": 29.8391,
        "lon": 52.41848,
        "Name": "10"
      },
      "geometry": {
        "type": "Point",
        "coordinates": [52.418479588886072, 29.839100297170827]
      }
    },
    {
      "type": "Feature",
      "properties": {
        "fid": 22.0,
        "handle": "3980",
        "block": "-1",
        "etype": "25",
        "space": "0",
        "layer": "TEXT-2",
        "olinetype": "bylayer",
        "linetype": null,
        "color": "0,0,0,255",
        "ocolor": "256",
        "color24": "-1",
        "transparen": "0",
        "lweight": "-1",
        "linewidth": 0.0,
        "ltscale": 1.0,
        "visible": "1",
        "thickness": 0.0,
        "ext": "(3:0,0,1)",
        "height": 1.87486,
        "text": "11",
        "angle": 2.37892,
        "widthscale": 1.0,
        "oblique": 0.0,
        "style": "STYLE1",
        "textgen": "2",
        "alignh": "0",
        "alignv": "0",
        "interlin": -1.0,
        "lat": 29.8391,
        "lon": 52.41838,
        "Name": "11"
      },
      "geometry": {
        "type": "Point",
        "coordinates": [52.418376260467653, 29.839095217191911]
      }
    },
    {
      "type": "Feature",
      "properties": {
        "fid": 24.0,
        "handle": "3985",
        "block": "-1",
        "etype": "25",
        "space": "0",
        "layer": "TEXT-2",
        "olinetype": "bylayer",
        "linetype": null,
        "color": "0,0,0,255",
        "ocolor": "256",
        "color24": "-1",
        "transparen": "0",
        "lweight": "-1",
        "linewidth": 0.0,
        "ltscale": 1.0,
        "visible": "1",
        "thickness": 0.0,
        "ext": "(3:0,0,1)",
        "height": 1.87486,
        "text": "21",
        "angle": 2.37892,
        "widthscale": 1.0,
        "oblique": 0.0,
        "style": "STYLE1",
        "textgen": "2",
        "alignh": "0",
        "alignv": "0",
        "interlin": -1.0,
        "lat": 29.83909,
        "lon": 52.41827,
        "Name": "12"
      },
      "geometry": {
        "type": "Point",
        "coordinates": [52.418272932056226, 29.83909013713178]
      }
    },
    {
      "type": "Feature",
      "properties": {
        "fid": 26.0,
        "handle": "3990",
        "block": "-1",
        "etype": "25",
        "space": "0",
        "layer": "TEXT-2",
        "olinetype": "bylayer",
        "linetype": null,
        "color": "0,0,0,255",
        "ocolor": "256",
        "color24": "-1",
        "transparen": "0",
        "lweight": "-1",
        "linewidth": 0.0,
        "ltscale": 1.0,
        "visible": "1",
        "thickness": 0.0,
        "ext": "(3:0,0,1)",
        "height": 1.87486,
        "text": "31",
        "angle": 2.37892,
        "widthscale": 1.0,
        "oblique": 0.0,
        "style": "STYLE1",
        "textgen": "2",
        "alignh": "0",
        "alignv": "0",
        "interlin": -1.0,
        "lat": 29.83908,
        "lon": 52.41818,
        "Name": "13"
      },
      "geometry": {
        "type": "Point",
        "coordinates": [52.418181358023489, 29.839083567613585]
      }
    },
    {
      "type": "Feature",
      "properties": {
        "fid": 28.0,
        "handle": "3995",
        "block": "-1",
        "etype": "25",
        "space": "0",
        "layer": "TEXT-2",
        "olinetype": "bylayer",
        "linetype": null,
        "color": "0,0,0,255",
        "ocolor": "256",
        "color24": "-1",
        "transparen": "0",
        "lweight": "-1",
        "linewidth": 0.0,
        "ltscale": 1.0,
        "visible": "1",
        "thickness": 0.0,
        "ext": "(3:0,0,1)",
        "height": 1.87486,
        "text": "41",
        "angle": 2.37892,
        "widthscale": 1.0,
        "oblique": 0.0,
        "style": "STYLE1",
        "textgen": "2",
        "alignh": "0",
        "alignv": "0",
        "interlin": -1.0,
        "lat": 29.83907,
        "lon": 52.41794,
        "Name": "14"
      },
      "geometry": {
        "type": "Point",
        "coordinates": [52.417944099716152, 29.83907402062755]
      }
    },
    {
      "type": "Feature",
      "properties": {
        "fid": 30.0,
        "handle": "3999",
        "block": "-1",
        "etype": "25",
        "space": "0",
        "layer": "TEXT-2",
        "olinetype": "bylayer",
        "linetype": null,
        "color": "0,0,0,255",
        "ocolor": "256",
        "color24": "-1",
        "transparen": "0",
        "lweight": "-1",
        "linewidth": 0.0,
        "ltscale": 1.0,
        "visible": "1",
        "thickness": 0.0,
        "ext": "(3:0,0,1)",
        "height": 1.87486,
        "text": "51",
        "angle": 2.37892,
        "widthscale": 1.0,
        "oblique": 0.0,
        "style": "STYLE1",
        "textgen": "2",
        "alignh": "0",
        "alignv": "0",
        "interlin": -1.0,
        "lat": 29.83907,
        "lon": 52.41784,
        "Name": "15"
      },
      "geometry": {
        "type": "Point",
        "coordinates": [52.417838952804487, 29.839068799992312]
      }
    },
    {
      "type": "Feature",
      "properties": {
        "fid": 32.0,
        "handle": "4002",
        "block": "-1",
        "etype": "25",
        "space": "0",
        "layer": "TEXT-2",
        "olinetype": "bylayer",
        "linetype": null,
        "color": "0,0,0,255",
        "ocolor": "256",
        "color24": "-1",
        "transparen": "0",
        "lweight": "-1",
        "linewidth": 0.0,
        "ltscale": 1.0,
        "visible": "1",
        "thickness": 0.0,
        "ext": "(3:0,0,1)",
        "height": 1.87486,
        "text": "61",
        "angle": 2.37892,
        "widthscale": 1.0,
        "oblique": 0.0,
        "style": "STYLE1",
        "textgen": "2",
        "alignh": "0",
        "alignv": "0",
        "interlin": -1.0,
        "lat": 29.83906,
        "lon": 52.41774,
        "Name": "16"
      },
      "geometry": {
        "type": "Point",
        "coordinates": [52.417735624429383, 29.839063719509848]
      }
    },
    {
      "type": "Feature",
      "properties": {
        "fid": 33.0,
        "handle": "4004",
        "block": "-1",
        "etype": "25",
        "space": "0",
        "layer": "TEXT-2",
        "olinetype": "bylayer",
        "linetype": null,
        "color": "0,0,0,255",
        "ocolor": "256",
        "color24": "-1",
        "transparen": "0",
        "lweight": "-1",
        "linewidth": 0.0,
        "ltscale": 1.0,
        "visible": "1",
        "thickness": 0.0,
        "ext": "(3:0,0,1)",
        "height": 1.87486,
        "text": "71",
        "angle": 2.37892,
        "widthscale": 1.0,
        "oblique": 0.0,
        "style": "STYLE1",
        "textgen": "2",
        "alignh": "0",
        "alignv": "0",
        "interlin": -1.0,
        "lat": 29.83906,
        "lon": 52.41763,
        "Name": "17"
      },
      "geometry": {
        "type": "Point",
        "coordinates": [52.417632296061257, 29.839058638946163]
      }
    },
    {
      "type": "Feature",
      "properties": {
        "fid": 34.0,
        "handle": "4006",
        "block": "-1",
        "etype": "25",
        "space": "0",
        "layer": "TEXT-2",
        "olinetype": "bylayer",
        "linetype": null,
        "color": "0,0,0,255",
        "ocolor": "256",
        "color24": "-1",
        "transparen": "0",
        "lweight": "-1",
        "linewidth": 0.0,
        "ltscale": 1.0,
        "visible": "1",
        "thickness": 0.0,
        "ext": "(3:0,0,1)",
        "height": 1.87486,
        "text": "81",
        "angle": 2.37892,
        "widthscale": 1.0,
        "oblique": 0.0,
        "style": "STYLE1",
        "textgen": "2",
        "alignh": "0",
        "alignv": "0",
        "interlin": -1.0,
        "lat": 29.83905,
        "lon": 52.41753,
        "Name": "18"
      },
      "geometry": {
        "type": "Point",
        "coordinates": [52.417528967700129, 29.839053558301252]
      }
    },
    {
      "type": "Feature",
      "properties": {
        "fid": 35.0,
        "handle": "4008",
        "block": "-1",
        "etype": "25",
        "space": "0",
        "layer": "TEXT-2",
        "olinetype": "bylayer",
        "linetype": null,
        "color": "0,0,0,255",
        "ocolor": "256",
        "color24": "-1",
        "transparen": "0",
        "lweight": "-1",
        "linewidth": 0.0,
        "ltscale": 1.0,
        "visible": "1",
        "thickness": 0.0,
        "ext": "(3:0,0,1)",
        "height": 1.87486,
        "text": "91",
        "angle": 2.37892,
        "widthscale": 1.0,
        "oblique": 0.0,
        "style": "STYLE1",
        "textgen": "2",
        "alignh": "0",
        "alignv": "0",
        "interlin": -1.0,
        "lat": 29.83905,
        "lon": 52.41743,
        "Name": "19"
      },
      "geometry": {
        "type": "Point",
        "coordinates": [52.417425639345979, 29.839048477575123]
      }
    },
    {
      "type": "Feature",
      "properties": {
        "fid": 36.0,
        "handle": "4010",
        "block": "-1",
        "etype": "25",
        "space": "0",
        "layer": "TEXT-2",
        "olinetype": "bylayer",
        "linetype": null,
        "color": "0,0,0,255",
        "ocolor": "256",
        "color24": "-1",
        "transparen": "0",
        "lweight": "-1",
        "linewidth": 0.0,
        "ltscale": 1.0,
        "visible": "1",
        "thickness": 0.0,
        "ext": "(3:0,0,1)",
        "height": 1.87486,
        "text": "02",
        "angle": 2.37892,
        "widthscale": 1.0,
        "oblique": 0.0,
        "style": "STYLE1",
        "textgen": "2",
        "alignh": "0",
        "alignv": "0",
        "interlin": -1.0,
        "lat": 29.83904,
        "lon": 52.41732,
        "Name": "20"
      },
      "geometry": {
        "type": "Point",
        "coordinates": [52.41732231099882, 29.839043396767785]
      }
    },
    {
      "type": "Feature",
      "properties": {
        "fid": 37.0,
        "handle": "4012",
        "block": "-1",
        "etype": "25",
        "space": "0",
        "layer": "TEXT-2",
        "olinetype": "bylayer",
        "linetype": null,
        "color": "0,0,0,255",
        "ocolor": "256",
        "color24": "-1",
        "transparen": "0",
        "lweight": "-1",
        "linewidth": 0.0,
        "ltscale": 1.0,
        "visible": "1",
        "thickness": 0.0,
        "ext": "(3:0,0,1)",
        "height": 1.87486,
        "text": "72",
        "angle": 2.37892,
        "widthscale": 1.0,
        "oblique": 0.0,
        "style": "STYLE1",
        "textgen": "2",
        "alignh": "0",
        "alignv": "0",
        "interlin": -1.0,
        "lat": 29.8389,
        "lon": 52.41796,
        "Name": "27"
      },
      "geometry": {
        "type": "Point",
        "coordinates": [52.417963254814239, 29.838895625374093]
      }
    },
    {
      "type": "Feature",
      "properties": {
        "fid": 38.0,
        "handle": "4015",
        "block": "-1",
        "etype": "25",
        "space": "0",
        "layer": "TEXT-2",
        "olinetype": "bylayer",
        "linetype": null,
        "color": "0,0,0,255",
        "ocolor": "256",
        "color24": "-1",
        "transparen": "0",
        "lweight": "-1",
        "linewidth": 0.0,
        "ltscale": 1.0,
        "visible": "1",
        "thickness": 0.0,
        "ext": "(3:0,0,1)",
        "height": 1.87486,
        "text": "62",
        "angle": 2.37892,
        "widthscale": 1.0,
        "oblique": 0.0,
        "style": "STYLE1",
        "textgen": "2",
        "alignh": "0",
        "alignv": "0",
        "interlin": -1.0,
        "lat": 29.83889,
        "lon": 52.41787,
        "Name": "26"
      },
      "geometry": {
        "type": "Point",
        "coordinates": [52.417866206844735, 29.838889941283188]
      }
    },
    {
      "type": "Feature",
      "properties": {
        "fid": 39.0,
        "handle": "4018",
        "block": "-1",
        "etype": "25",
        "space": "0",
        "layer": "TEXT-2",
        "olinetype": "bylayer",
        "linetype": null,
        "color": "0,0,0,255",
        "ocolor": "256",
        "color24": "-1",
        "transparen": "0",
        "lweight": "-1",
        "linewidth": 0.0,
        "ltscale": 1.0,
        "visible": "1",
        "thickness": 0.0,
        "ext": "(3:0,0,1)",
        "height": 1.87486,
        "text": "52",
        "angle": 2.37892,
        "widthscale": 1.0,
        "oblique": 0.0,
        "style": "STYLE1",
        "textgen": "2",
        "alignh": "0",
        "alignv": "0",
        "interlin": -1.0,
        "lat": 29.83888,
        "lon": 52.41776,
        "Name": "25"
      },
      "geometry": {
        "type": "Point",
        "coordinates": [52.417759213061409, 29.838883725937656]
      }
    },
    {
      "type": "Feature",
      "properties": {
        "fid": 40.0,
        "handle": "4021",
        "block": "-1",
        "etype": "25",
        "space": "0",
        "layer": "TEXT-2",
        "olinetype": "bylayer",
        "linetype": null,
        "color": "0,0,0,255",
        "ocolor": "256",
        "color24": "-1",
        "transparen": "0",
        "lweight": "-1",
        "linewidth": 0.0,
        "ltscale": 1.0,
        "visible": "1",
        "thickness": 0.0,
        "ext": "(3:0,0,1)",
        "height": 1.87486,
        "text": "42",
        "angle": 2.37892,
        "widthscale": 1.0,
        "oblique": 0.0,
        "style": "STYLE1",
        "textgen": "2",
        "alignh": "0",
        "alignv": "0",
        "interlin": -1.0,
        "lat": 29.83888,
        "lon": 52.41766,
        "Name": "24"
      },
      "geometry": {
        "type": "Point",
        "coordinates": [52.417658052456133, 29.838879263659766]
      }
    },
    {
      "type": "Feature",
      "properties": {
        "fid": 41.0,
        "handle": "4024",
        "block": "-1",
        "etype": "25",
        "space": "0",
        "layer": "TEXT-2",
        "olinetype": "bylayer",
        "linetype": null,
        "color": "0,0,0,255",
        "ocolor": "256",
        "color24": "-1",
        "transparen": "0",
        "lweight": "-1",
        "linewidth": 0.0,
        "ltscale": 1.0,
        "visible": "1",
        "thickness": 0.0,
        "ext": "(3:0,0,1)",
        "height": 1.87486,
        "text": "32",
        "angle": 2.37892,
        "widthscale": 1.0,
        "oblique": 0.0,
        "style": "STYLE1",
        "textgen": "2",
        "alignh": "0",
        "alignv": "0",
        "interlin": -1.0,
        "lat": 29.83887,
        "lon": 52.41756,
        "Name": "23"
      },
      "geometry": {
        "type": "Point",
        "coordinates": [52.4175575676189, 29.83887404386817]
      }
    },
    {
      "type": "Feature",
      "properties": {
        "fid": 42.0,
        "handle": "4027",
        "block": "-1",
        "etype": "25",
        "space": "0",
        "layer": "TEXT-2",
        "olinetype": "bylayer",
        "linetype": null,
        "color": "0,0,0,255",
        "ocolor": "256",
        "color24": "-1",
        "transparen": "0",
        "lweight": "-1",
        "linewidth": 0.0,
        "ltscale": 1.0,
        "visible": "1",
        "thickness": 0.0,
        "ext": "(3:0,0,1)",
        "height": 1.87486,
        "text": "22",
        "angle": 2.37892,
        "widthscale": 1.0,
        "oblique": 0.0,
        "style": "STYLE1",
        "textgen": "2",
        "alignh": "0",
        "alignv": "0",
        "interlin": -1.0,
        "lat": 29.83887,
        "lon": 52.41745,
        "Name": "22"
      },
      "geometry": {
        "type": "Point",
        "coordinates": [52.417449720874586, 29.838866269496556]
      }
    },
    {
      "type": "Feature",
      "properties": {
        "fid": 43.0,
        "handle": "4030",
        "block": "-1",
        "etype": "25",
        "space": "0",
        "layer": "TEXT-2",
        "olinetype": "bylayer",
        "linetype": null,
        "color": "0,0,0,255",
        "ocolor": "256",
        "color24": "-1",
        "transparen": "0",
        "lweight": "-1",
        "linewidth": 0.0,
        "ltscale": 1.0,
        "visible": "1",
        "thickness": 0.0,
        "ext": "(3:0,0,1)",
        "height": 1.87486,
        "text": "12",
        "angle": 2.37892,
        "widthscale": 1.0,
        "oblique": 0.0,
        "style": "STYLE1",
        "textgen": "2",
        "alignh": "0",
        "alignv": "0",
        "interlin": -1.0,
        "lat": 29.83885,
        "lon": 52.41732,
        "Name": "21"
      },
      "geometry": {
        "type": "Point",
        "coordinates": [52.417323886588349, 29.838852735982375]
      }
    },
    {
      "type": "Feature",
      "properties": {
        "fid": 56.0,
        "handle": "4060",
        "block": "-1",
        "etype": "25",
        "space": "0",
        "layer": "TEXT-2",
        "olinetype": "bylayer",
        "linetype": null,
        "color": "0,0,0,255",
        "ocolor": "256",
        "color24": "-1",
        "transparen": "0",
        "lweight": "-1",
        "linewidth": 0.0,
        "ltscale": 1.0,
        "visible": "1",
        "thickness": 0.0,
        "ext": "(3:0,0,1)",
        "height": 1.87486,
        "text": "82",
        "angle": 2.37892,
        "widthscale": 1.0,
        "oblique": 0.0,
        "style": "STYLE1",
        "textgen": "2",
        "alignh": "0",
        "alignv": "0",
        "interlin": -1.0,
        "lat": 29.83884,
        "lon": 52.4182,
        "Name": "28"
      },
      "geometry": {
        "type": "Point",
        "coordinates": [52.418199945275227, 29.838840952121107]
      }
    },
    {
      "type": "Feature",
      "properties": {
        "fid": 58.0,
        "handle": "4064",
        "block": "-1",
        "etype": "25",
        "space": "0",
        "layer": "TEXT-2",
        "olinetype": "bylayer",
        "linetype": null,
        "color": "0,0,0,255",
        "ocolor": "256",
        "color24": "-1",
        "transparen": "0",
        "lweight": "-1",
        "linewidth": 0.0,
        "ltscale": 1.0,
        "visible": "1",
        "thickness": 0.0,
        "ext": "(3:0,0,1)",
        "height": 1.87486,
        "text": "92",
        "angle": 2.37892,
        "widthscale": 1.0,
        "oblique": 0.0,
        "style": "STYLE1",
        "textgen": "2",
        "alignh": "0",
        "alignv": "0",
        "interlin": -1.0,
        "lat": 29.83885,
        "lon": 52.4183,
        "Name": "29"
      },
      "geometry": {
        "type": "Point",
        "coordinates": [52.418304264183512, 29.838848219361758]
      }
    },
    {
      "type": "Feature",
      "properties": {
        "fid": 60.0,
        "handle": "4069",
        "block": "-1",
        "etype": "25",
        "space": "0",
        "layer": "TEXT-2",
        "olinetype": "bylayer",
        "linetype": null,
        "color": "0,0,0,255",
        "ocolor": "256",
        "color24": "-1",
        "transparen": "0",
        "lweight": "-1",
        "linewidth": 0.0,
        "ltscale": 1.0,
        "visible": "1",
        "thickness": 0.0,
        "ext": "(3:0,0,1)",
        "height": 1.87486,
        "text": "03",
        "angle": 2.37892,
        "widthscale": 1.0,
        "oblique": 0.0,
        "style": "STYLE1",
        "textgen": "2",
        "alignh": "0",
        "alignv": "0",
        "interlin": -1.0,
        "lat": 29.83885,
        "lon": 52.41841,
        "Name": "30"
      },
      "geometry": {
        "type": "Point",
        "coordinates": [52.418407592345844, 29.838853299405663]
      }
    },
    {
      "type": "Feature",
      "properties": {
        "fid": 62.0,
        "handle": "4074",
        "block": "-1",
        "etype": "25",
        "space": "0",
        "layer": "TEXT-2",
        "olinetype": "bylayer",
        "linetype": null,
        "color": "0,0,0,255",
        "ocolor": "256",
        "color24": "-1",
        "transparen": "0",
        "lweight": "-1",
        "linewidth": 0.0,
        "ltscale": 1.0,
        "visible": "1",
        "thickness": 0.0,
        "ext": "(3:0,0,1)",
        "height": 1.87486,
        "text": "13",
        "angle": 2.37892,
        "widthscale": 1.0,
        "oblique": 0.0,
        "style": "STYLE1",
        "textgen": "2",
        "alignh": "0",
        "alignv": "0",
        "interlin": -1.0,
        "lat": 29.83886,
        "lon": 52.41851,
        "Name": "31"
      },
      "geometry": {
        "type": "Point",
        "coordinates": [52.418510920515153, 29.838858379368347]
      }
    },
    {
      "type": "Feature",
      "properties": {
        "fid": 64.0,
        "handle": "4079",
        "block": "-1",
        "etype": "25",
        "space": "0",
        "layer": "TEXT-2",
        "olinetype": "bylayer",
        "linetype": null,
        "color": "0,0,0,255",
        "ocolor": "256",
        "color24": "-1",
        "transparen": "0",
        "lweight": "-1",
        "linewidth": 0.0,
        "ltscale": 1.0,
        "visible": "1",
        "thickness": 0.0,
        "ext": "(3:0,0,1)",
        "height": 1.87486,
        "text": "23",
        "angle": 2.37892,
        "widthscale": 1.0,
        "oblique": 0.0,
        "style": "STYLE1",
        "textgen": "2",
        "alignh": "0",
        "alignv": "0",
        "interlin": -1.0,
        "lat": 29.83886,
        "lon": 52.41861,
        "Name": "32"
      },
      "geometry": {
        "type": "Point",
        "coordinates": [52.418614248691441, 29.838863459249808]
      }
    },
    {
      "type": "Feature",
      "properties": {
        "fid": 66.0,
        "handle": "4084",
        "block": "-1",
        "etype": "25",
        "space": "0",
        "layer": "TEXT-2",
        "olinetype": "bylayer",
        "linetype": null,
        "color": "0,0,0,255",
        "ocolor": "256",
        "color24": "-1",
        "transparen": "0",
        "lweight": "-1",
        "linewidth": 0.0,
        "ltscale": 1.0,
        "visible": "1",
        "thickness": 0.0,
        "ext": "(3:0,0,1)",
        "height": 1.87486,
        "text": "33",
        "angle": 2.37892,
        "widthscale": 1.0,
        "oblique": 0.0,
        "style": "STYLE1",
        "textgen": "2",
        "alignh": "0",
        "alignv": "0",
        "interlin": -1.0,
        "lat": 29.83887,
        "lon": 52.41872,
        "Name": "33"
      },
      "geometry": {
        "type": "Point",
        "coordinates": [52.41871757687472, 29.838868539050061]
      }
    },
    {
      "type": "Feature",
      "properties": {
        "fid": 68.0,
        "handle": "4089",
        "block": "-1",
        "etype": "25",
        "space": "0",
        "layer": "TEXT-2",
        "olinetype": "bylayer",
        "linetype": null,
        "color": "0,0,0,255",
        "ocolor": "256",
        "color24": "-1",
        "transparen": "0",
        "lweight": "-1",
        "linewidth": 0.0,
        "ltscale": 1.0,
        "visible": "1",
        "thickness": 0.0,
        "ext": "(3:0,0,1)",
        "height": 1.87486,
        "text": "43",
        "angle": 2.37892,
        "widthscale": 1.0,
        "oblique": 0.0,
        "style": "STYLE1",
        "textgen": "2",
        "alignh": "0",
        "alignv": "0",
        "interlin": -1.0,
        "lat": 29.83887,
        "lon": 52.41882,
        "Name": "34"
      },
      "geometry": {
        "type": "Point",
        "coordinates": [52.418820905064983, 29.838873618769107]
      }
    },
    {
      "type": "Feature",
      "properties": {
        "fid": 70.0,
        "handle": "4094",
        "block": "-1",
        "etype": "25",
        "space": "0",
        "layer": "TEXT-2",
        "olinetype": "bylayer",
        "linetype": null,
        "color": "0,0,0,255",
        "ocolor": "256",
        "color24": "-1",
        "transparen": "0",
        "lweight": "-1",
        "linewidth": 0.0,
        "ltscale": 1.0,
        "visible": "1",
        "thickness": 0.0,
        "ext": "(3:0,0,1)",
        "height": 1.87486,
        "text": "53",
        "angle": 2.37892,
        "widthscale": 1.0,
        "oblique": 0.0,
        "style": "STYLE1",
        "textgen": "2",
        "alignh": "0",
        "alignv": "0",
        "interlin": -1.0,
        "lat": 29.83888,
        "lon": 52.41892,
        "Name": "35"
      },
      "geometry": {
        "type": "Point",
        "coordinates": [52.418924233262224, 29.838878698406909]
      }
    },
    {
      "type": "Feature",
      "properties": {
        "fid": 72.0,
        "handle": "4099",
        "block": "-1",
        "etype": "25",
        "space": "0",
        "layer": "TEXT-2",
        "olinetype": "bylayer",
        "linetype": null,
        "color": "0,0,0,255",
        "ocolor": "256",
        "color24": "-1",
        "transparen": "0",
        "lweight": "-1",
        "linewidth": 0.0,
        "ltscale": 1.0,
        "visible": "1",
        "thickness": 0.0,
        "ext": "(3:0,0,1)",
        "height": 1.87486,
        "text": "63",
        "angle": 2.37892,
        "widthscale": 1.0,
        "oblique": 0.0,
        "style": "STYLE1",
        "textgen": "2",
        "alignh": "0",
        "alignv": "0",
        "interlin": -1.0,
        "lat": 29.83888,
        "lon": 52.41903,
        "Name": "36"
      },
      "geometry": {
        "type": "Point",
        "coordinates": [52.419027561466443, 29.838883777963503]
      }
    },
    {
      "type": "Feature",
      "properties": {
        "fid": 74.0,
        "handle": "4104",
        "block": "-1",
        "etype": "25",
        "space": "0",
        "layer": "TEXT-2",
        "olinetype": "bylayer",
        "linetype": null,
        "color": "0,0,0,255",
        "ocolor": "256",
        "color24": "-1",
        "transparen": "0",
        "lweight": "-1",
        "linewidth": 0.0,
        "ltscale": 1.0,
        "visible": "1",
        "thickness": 0.0,
        "ext": "(3:0,0,1)",
        "height": 1.87486,
        "text": "73",
        "angle": 2.37892,
        "widthscale": 1.0,
        "oblique": 0.0,
        "style": "STYLE1",
        "textgen": "2",
        "alignh": "0",
        "alignv": "0",
        "interlin": -1.0,
        "lat": 29.83889,
        "lon": 52.41913,
        "Name": "37"
      },
      "geometry": {
        "type": "Point",
        "coordinates": [52.419130889677646, 29.838888857438885]
      }
    },
    {
      "type": "Feature",
      "properties": {
        "fid": 76.0,
        "handle": "4110",
        "block": "-1",
        "etype": "25",
        "space": "0",
        "layer": "TEXT-2",
        "olinetype": "bylayer",
        "linetype": null,
        "color": "0,0,0,255",
        "ocolor": "256",
        "color24": "-1",
        "transparen": "0",
        "lweight": "-1",
        "linewidth": 0.0,
        "ltscale": 1.0,
        "visible": "1",
        "thickness": 0.0,
        "ext": "(3:0,0,1)",
        "height": 1.87486,
        "text": "35",
        "angle": 2.37892,
        "widthscale": 1.0,
        "oblique": 0.0,
        "style": "STYLE1",
        "textgen": "2",
        "alignh": "0",
        "alignv": "0",
        "interlin": -1.0,
        "lat": 29.83866,
        "lon": 52.41821,
        "Name": "53"
      },
      "geometry": {
        "type": "Point",
        "coordinates": [52.418208516997623, 29.838658579139281]
      }
    },
    {
      "type": "Feature",
      "properties": {
        "fid": 78.0,
        "handle": "4130",
        "block": "-1",
        "etype": "25",
        "space": "0",
        "layer": "TEXT-2",
        "olinetype": "bylayer",
        "linetype": null,
        "color": "0,0,0,255",
        "ocolor": "256",
        "color24": "-1",
        "transparen": "0",
        "lweight": "-1",
        "linewidth": 0.0,
        "ltscale": 1.0,
        "visible": "1",
        "thickness": 0.0,
        "ext": "(3:0,0,1)",
        "height": 1.87486,
        "text": "25",
        "angle": 2.37892,
        "widthscale": 1.0,
        "oblique": 0.0,
        "style": "STYLE1",
        "textgen": "2",
        "alignh": "0",
        "alignv": "0",
        "interlin": -1.0,
        "lat": 29.83867,
        "lon": 52.41832,
        "Name": "52"
      },
      "geometry": {
        "type": "Point",
        "coordinates": [52.418315918051192, 29.838668050795832]
      }
    },
    {
      "type": "Feature",
      "properties": {
        "fid": 80.0,
        "handle": "4133",
        "block": "-1",
        "etype": "25",
        "space": "0",
        "layer": "TEXT-2",
        "olinetype": "bylayer",
        "linetype": null,
        "color": "0,0,0,255",
        "ocolor": "256",
        "color24": "-1",
        "transparen": "0",
        "lweight": "-1",
        "linewidth": 0.0,
        "ltscale": 1.0,
        "visible": "1",
        "thickness": 0.0,
        "ext": "(3:0,0,1)",
        "height": 1.87486,
        "text": "15",
        "angle": 2.37892,
        "widthscale": 1.0,
        "oblique": 0.0,
        "style": "STYLE1",
        "textgen": "2",
        "alignh": "0",
        "alignv": "0",
        "interlin": -1.0,
        "lat": 29.83867,
        "lon": 52.41842,
        "Name": "51"
      },
      "geometry": {
        "type": "Point",
        "coordinates": [52.418419246027803, 29.838673130836813]
      }
    },
    {
      "type": "Feature",
      "properties": {
        "fid": 82.0,
        "handle": "4136",
        "block": "-1",
        "etype": "25",
        "space": "0",
        "layer": "TEXT-2",
        "olinetype": "bylayer",
        "linetype": null,
        "color": "0,0,0,255",
        "ocolor": "256",
        "color24": "-1",
        "transparen": "0",
        "lweight": "-1",
        "linewidth": 0.0,
        "ltscale": 1.0,
        "visible": "1",
        "thickness": 0.0,
        "ext": "(3:0,0,1)",
        "height": 1.87486,
        "text": "05",
        "angle": 2.37892,
        "widthscale": 1.0,
        "oblique": 0.0,
        "style": "STYLE1",
        "textgen": "2",
        "alignh": "0",
        "alignv": "0",
        "interlin": -1.0,
        "lat": 29.83868,
        "lon": 52.41852,
        "Name": "50"
      },
      "geometry": {
        "type": "Point",
        "coordinates": [52.418522574011391, 29.838678210796587]
      }
    },
    {
      "type": "Feature",
      "properties": {
        "fid": 84.0,
        "handle": "4139",
        "block": "-1",
        "etype": "25",
        "space": "0",
        "layer": "TEXT-2",
        "olinetype": "bylayer",
        "linetype": null,
        "color": "0,0,0,255",
        "ocolor": "256",
        "color24": "-1",
        "transparen": "0",
        "lweight": "-1",
        "linewidth": 0.0,
        "ltscale": 1.0,
        "visible": "1",
        "thickness": 0.0,
        "ext": "(3:0,0,1)",
        "height": 1.87486,
        "text": "94",
        "angle": 2.37892,
        "widthscale": 1.0,
        "oblique": 0.0,
        "style": "STYLE1",
        "textgen": "2",
        "alignh": "0",
        "alignv": "0",
        "interlin": -1.0,
        "lat": 29.83868,
        "lon": 52.41863,
        "Name": "49"
      },
      "geometry": {
        "type": "Point",
        "coordinates": [52.418625902001963, 29.838683290675124]
      }
    },
    {
      "type": "Feature",
      "properties": {
        "fid": 86.0,
        "handle": "4142",
        "block": "-1",
        "etype": "25",
        "space": "0",
        "layer": "TEXT-2",
        "olinetype": "bylayer",
        "linetype": null,
        "color": "0,0,0,255",
        "ocolor": "256",
        "color24": "-1",
        "transparen": "0",
        "lweight": "-1",
        "linewidth": 0.0,
        "ltscale": 1.0,
        "visible": "1",
        "thickness": 0.0,
        "ext": "(3:0,0,1)",
        "height": 1.87486,
        "text": "84",
        "angle": 2.37892,
        "widthscale": 1.0,
        "oblique": 0.0,
        "style": "STYLE1",
        "textgen": "2",
        "alignh": "0",
        "alignv": "0",
        "interlin": -1.0,
        "lat": 29.83869,
        "lon": 52.41873,
        "Name": "48"
      },
      "geometry": {
        "type": "Point",
        "coordinates": [52.418729229999528, 29.838688370472457]
      }
    },
    {
      "type": "Feature",
      "properties": {
        "fid": 88.0,
        "handle": "4145",
        "block": "-1",
        "etype": "25",
        "space": "0",
        "layer": "TEXT-2",
        "olinetype": "bylayer",
        "linetype": null,
        "color": "0,0,0,255",
        "ocolor": "256",
        "color24": "-1",
        "transparen": "0",
        "lweight": "-1",
        "linewidth": 0.0,
        "ltscale": 1.0,
        "visible": "1",
        "thickness": 0.0,
        "ext": "(3:0,0,1)",
        "height": 1.87486,
        "text": "74",
        "angle": 2.37892,
        "widthscale": 1.0,
        "oblique": 0.0,
        "style": "STYLE1",
        "textgen": "2",
        "alignh": "0",
        "alignv": "0",
        "interlin": -1.0,
        "lat": 29.83869,
        "lon": 52.41883,
        "Name": "47"
      },
      "geometry": {
        "type": "Point",
        "coordinates": [52.41883255800407, 29.838693450188572]
      }
    },
    {
      "type": "Feature",
      "properties": {
        "fid": 90.0,
        "handle": "4148",
        "block": "-1",
        "etype": "25",
        "space": "0",
        "layer": "TEXT-2",
        "olinetype": "bylayer",
        "linetype": null,
        "color": "0,0,0,255",
        "ocolor": "256",
        "color24": "-1",
        "transparen": "0",
        "lweight": "-1",
        "linewidth": 0.0,
        "ltscale": 1.0,
        "visible": "1",
        "thickness": 0.0,
        "ext": "(3:0,0,1)",
        "height": 1.87486,
        "text": "64",
        "angle": 2.37892,
        "widthscale": 1.0,
        "oblique": 0.0,
        "style": "STYLE1",
        "textgen": "2",
        "alignh": "0",
        "alignv": "0",
        "interlin": -1.0,
        "lat": 29.8387,
        "lon": 52.41894,
        "Name": "46"
      },
      "geometry": {
        "type": "Point",
        "coordinates": [52.418935886015589, 29.838698529823471]
      }
    },
    {
      "type": "Feature",
      "properties": {
        "fid": 92.0,
        "handle": "4151",
        "block": "-1",
        "etype": "25",
        "space": "0",
        "layer": "TEXT-2",
        "olinetype": "bylayer",
        "linetype": null,
        "color": "0,0,0,255",
        "ocolor": "256",
        "color24": "-1",
        "transparen": "0",
        "lweight": "-1",
        "linewidth": 0.0,
        "ltscale": 1.0,
        "visible": "1",
        "thickness": 0.0,
        "ext": "(3:0,0,1)",
        "height": 1.87486,
        "text": "54",
        "angle": 2.37892,
        "widthscale": 1.0,
        "oblique": 0.0,
        "style": "STYLE1",
        "textgen": "2",
        "alignh": "0",
        "alignv": "0",
        "interlin": -1.0,
        "lat": 29.8387,
        "lon": 52.41904,
        "Name": "45"
      },
      "geometry": {
        "type": "Point",
        "coordinates": [52.4190392140341, 29.838703609377134]
      }
    },
    {
      "type": "Feature",
      "properties": {
        "fid": 94.0,
        "handle": "4154",
        "block": "-1",
        "etype": "25",
        "space": "0",
        "layer": "TEXT-2",
        "olinetype": "bylayer",
        "linetype": null,
        "color": "0,0,0,255",
        "ocolor": "256",
        "color24": "-1",
        "transparen": "0",
        "lweight": "-1",
        "linewidth": 0.0,
        "ltscale": 1.0,
        "visible": "1",
        "thickness": 0.0,
        "ext": "(3:0,0,1)",
        "height": 1.87486,
        "text": "44",
        "angle": 2.37892,
        "widthscale": 1.0,
        "oblique": 0.0,
        "style": "STYLE1",
        "textgen": "2",
        "alignh": "0",
        "alignv": "0",
        "interlin": -1.0,
        "lat": 29.83871,
        "lon": 52.41914,
        "Name": "44"
      },
      "geometry": {
        "type": "Point",
        "coordinates": [52.419142542059582, 29.838708688849589]
      }
    },
    {
      "type": "Feature",
      "properties": {
        "fid": 96.0,
        "handle": "4157",
        "block": "-1",
        "etype": "25",
        "space": "0",
        "layer": "TEXT-2",
        "olinetype": "bylayer",
        "linetype": null,
        "color": "0,0,0,255",
        "ocolor": "256",
        "color24": "-1",
        "transparen": "0",
        "lweight": "-1",
        "linewidth": 0.0,
        "ltscale": 1.0,
        "visible": "1",
        "thickness": 0.0,
        "ext": "(3:0,0,1)",
        "height": 1.87486,
        "text": "34",
        "angle": 2.37892,
        "widthscale": 1.0,
        "oblique": 0.0,
        "style": "STYLE1",
        "textgen": "2",
        "alignh": "0",
        "alignv": "0",
        "interlin": -1.0,
        "lat": 29.83871,
        "lon": 52.41925,
        "Name": "43"
      },
      "geometry": {
        "type": "Point",
        "coordinates": [52.419245870092048, 29.838713768240829]
      }
    },
    {
      "type": "Feature",
      "properties": {
        "fid": 98.0,
        "handle": "4160",
        "block": "-1",
        "etype": "25",
        "space": "0",
        "layer": "TEXT-2",
        "olinetype": "bylayer",
        "linetype": null,
        "color": "0,0,0,255",
        "ocolor": "256",
        "color24": "-1",
        "transparen": "0",
        "lweight": "-1",
        "linewidth": 0.0,
        "ltscale": 1.0,
        "visible": "1",
        "thickness": 0.0,
        "ext": "(3:0,0,1)",
        "height": 1.87486,
        "text": "24",
        "angle": 2.37892,
        "widthscale": 1.0,
        "oblique": 0.0,
        "style": "STYLE1",
        "textgen": "2",
        "alignh": "0",
        "alignv": "0",
        "interlin": -1.0,
        "lat": 29.83872,
        "lon": 52.41935,
        "Name": "42"
      },
      "geometry": {
        "type": "Point",
        "coordinates": [52.419349198131499, 29.838718847550847]
      }
    },
    {
      "type": "Feature",
      "properties": {
        "fid": 99.0,
        "handle": "4161",
        "block": "-1",
        "etype": "25",
        "space": "0",
        "layer": "TEXT-2",
        "olinetype": "bylayer",
        "linetype": null,
        "color": "0,0,0,255",
        "ocolor": "256",
        "color24": "-1",
        "transparen": "0",
        "lweight": "-1",
        "linewidth": 0.0,
        "ltscale": 1.0,
        "visible": "1",
        "thickness": 0.0,
        "ext": "(3:0,0,1)",
        "height": 1.87486,
        "text": "14",
        "angle": 2.37892,
        "widthscale": 1.0,
        "oblique": 0.0,
        "style": "STYLE1",
        "textgen": "2",
        "alignh": "0",
        "alignv": "0",
        "interlin": -1.0,
        "lat": 29.83872,
        "lon": 52.41945,
        "Name": "41"
      },
      "geometry": {
        "type": "Point",
        "coordinates": [52.419452526177928, 29.83872392677965]
      }
    },
    {
      "type": "Feature",
      "properties": {
        "fid": 103.0,
        "handle": "4170",
        "block": "-1",
        "etype": "25",
        "space": "0",
        "layer": "TEXT-2",
        "olinetype": "bylayer",
        "linetype": null,
        "color": "0,0,0,255",
        "ocolor": "256",
        "color24": "-1",
        "transparen": "0",
        "lweight": "-1",
        "linewidth": 0.0,
        "ltscale": 1.0,
        "visible": "1",
        "thickness": 0.0,
        "ext": "(3:0,0,1)",
        "height": 1.87486,
        "text": "83",
        "angle": 2.37892,
        "widthscale": 1.0,
        "oblique": 0.0,
        "style": "STYLE1",
        "textgen": "2",
        "alignh": "0",
        "alignv": "0",
        "interlin": -1.0,
        "lat": 29.83887,
        "lon": 52.41924,
        "Name": "38"
      },
      "geometry": {
        "type": "Point",
        "coordinates": [52.419236780965392, 29.838874238734231]
      }
    },
    {
      "type": "Feature",
      "properties": {
        "fid": 104.0,
        "handle": "4171",
        "block": "-1",
        "etype": "25",
        "space": "0",
        "layer": "TEXT-2",
        "olinetype": "bylayer",
        "linetype": null,
        "color": "0,0,0,255",
        "ocolor": "256",
        "color24": "-1",
        "transparen": "0",
        "lweight": "-1",
        "linewidth": 0.0,
        "ltscale": 1.0,
        "visible": "1",
        "thickness": 0.0,
        "ext": "(3:0,0,1)",
        "height": 1.87486,
        "text": "93",
        "angle": 2.37892,
        "widthscale": 1.0,
        "oblique": 0.0,
        "style": "STYLE1",
        "textgen": "2",
        "alignh": "0",
        "alignv": "0",
        "interlin": -1.0,
        "lat": 29.83888,
        "lon": 52.41933,
        "Name": "39"
      },
      "geometry": {
        "type": "Point",
        "coordinates": [52.419333497290125, 29.838879101339426]
      }
    },
    {
      "type": "Feature",
      "properties": {
        "fid": 105.0,
        "handle": "4172",
        "block": "-1",
        "etype": "25",
        "space": "0",
        "layer": "TEXT-2",
        "olinetype": "bylayer",
        "linetype": null,
        "color": "0,0,0,255",
        "ocolor": "256",
        "color24": "-1",
        "transparen": "0",
        "lweight": "-1",
        "linewidth": 0.0,
        "ltscale": 1.0,
        "visible": "1",
        "thickness": 0.0,
        "ext": "(3:0,0,1)",
        "height": 1.87486,
        "text": "04",
        "angle": 2.37892,
        "widthscale": 1.0,
        "oblique": 0.0,
        "style": "STYLE1",
        "textgen": "2",
        "alignh": "0",
        "alignv": "0",
        "interlin": -1.0,
        "lat": 29.83893,
        "lon": 52.41944,
        "Name": "40"
      },
      "geometry": {
        "type": "Point",
        "coordinates": [52.419435382264162, 29.838927186948325]
      }
    },
    {
      "type": "Feature",
      "properties": {
        "fid": 106.0,
        "handle": "4175",
        "block": "-1",
        "etype": "25",
        "space": "0",
        "layer": "TEXT-2",
        "olinetype": "bylayer",
        "linetype": null,
        "color": "0,0,0,255",
        "ocolor": "256",
        "color24": "-1",
        "transparen": "0",
        "lweight": "-1",
        "linewidth": 0.0,
        "ltscale": 1.0,
        "visible": "1",
        "thickness": 0.0,
        "ext": "(3:0,0,1)",
        "height": 1.87486,
        "text": "45",
        "angle": 2.37892,
        "widthscale": 1.0,
        "oblique": 0.0,
        "style": "STYLE1",
        "textgen": "2",
        "alignh": "0",
        "alignv": "0",
        "interlin": -1.0,
        "lat": 29.83862,
        "lon": 52.41798,
        "Name": "54"
      },
      "geometry": {
        "type": "Point",
        "coordinates": [52.417979535118299, 29.83862103100574]
      }
    },
    {
      "type": "Feature",
      "properties": {
        "fid": 108.0,
        "handle": "4178",
        "block": "-1",
        "etype": "25",
        "space": "0",
        "layer": "TEXT-2",
        "olinetype": "bylayer",
        "linetype": null,
        "color": "0,0,0,255",
        "ocolor": "256",
        "color24": "-1",
        "transparen": "0",
        "lweight": "-1",
        "linewidth": 0.0,
        "ltscale": 1.0,
        "visible": "1",
        "thickness": 0.0,
        "ext": "(3:0,0,1)",
        "height": 1.87486,
        "text": "55",
        "angle": 2.37892,
        "widthscale": 1.0,
        "oblique": 0.0,
        "style": "STYLE1",
        "textgen": "2",
        "alignh": "0",
        "alignv": "0",
        "interlin": -1.0,
        "lat": 29.83862,
        "lon": 52.41788,
        "Name": "55"
      },
      "geometry": {
        "type": "Point",
        "coordinates": [52.417883688820467, 29.838619688453388]
      }
    },
    {
      "type": "Feature",
      "properties": {
        "fid": 110.0,
        "handle": "4182",
        "block": "-1",
        "etype": "25",
        "space": "0",
        "layer": "TEXT-2",
        "olinetype": "bylayer",
        "linetype": null,
        "color": "0,0,0,255",
        "ocolor": "256",
        "color24": "-1",
        "transparen": "0",
        "lweight": "-1",
        "linewidth": 0.0,
        "ltscale": 1.0,
        "visible": "1",
        "thickness": 0.0,
        "ext": "(3:0,0,1)",
        "height": 1.87486,
        "text": "65",
        "angle": 2.37892,
        "widthscale": 1.0,
        "oblique": 0.0,
        "style": "STYLE1",
        "textgen": "2",
        "alignh": "0",
        "alignv": "0",
        "interlin": -1.0,
        "lat": 29.83861,
        "lon": 52.41778,
        "Name": "56"
      },
      "geometry": {
        "type": "Point",
        "coordinates": [52.41778036090804, 29.838614607990511]
      }
    },
    {
      "type": "Feature",
      "properties": {
        "fid": 112.0,
        "handle": "4186",
        "block": "-1",
        "etype": "25",
        "space": "0",
        "layer": "TEXT-2",
        "olinetype": "bylayer",
        "linetype": null,
        "color": "0,0,0,255",
        "ocolor": "256",
        "color24": "-1",
        "transparen": "0",
        "lweight": "-1",
        "linewidth": 0.0,
        "ltscale": 1.0,
        "visible": "1",
        "thickness": 0.0,
        "ext": "(3:0,0,1)",
        "height": 1.87486,
        "text": "75",
        "angle": 2.37892,
        "widthscale": 1.0,
        "oblique": 0.0,
        "style": "STYLE1",
        "textgen": "2",
        "alignh": "0",
        "alignv": "0",
        "interlin": -1.0,
        "lat": 29.83861,
        "lon": 52.41768,
        "Name": "57"
      },
      "geometry": {
        "type": "Point",
        "coordinates": [52.417677033002605, 29.83860952744643]
      }
    },
    {
      "type": "Feature",
      "properties": {
        "fid": 114.0,
        "handle": "4190",
        "block": "-1",
        "etype": "25",
        "space": "0",
        "layer": "TEXT-2",
        "olinetype": "bylayer",
        "linetype": null,
        "color": "0,0,0,255",
        "ocolor": "256",
        "color24": "-1",
        "transparen": "0",
        "lweight": "-1",
        "linewidth": 0.0,
        "ltscale": 1.0,
        "visible": "1",
        "thickness": 0.0,
        "ext": "(3:0,0,1)",
        "height": 1.87486,
        "text": "85",
        "angle": 2.37892,
        "widthscale": 1.0,
        "oblique": 0.0,
        "style": "STYLE1",
        "textgen": "2",
        "alignh": "0",
        "alignv": "0",
        "interlin": -1.0,
        "lat": 29.8386,
        "lon": 52.41757,
        "Name": "58"
      },
      "geometry": {
        "type": "Point",
        "coordinates": [52.417573705104154, 29.838604446821112]
      }
    },
    {
      "type": "Feature",
      "properties": {
        "fid": 116.0,
        "handle": "4194",
        "block": "-1",
        "etype": "25",
        "space": "0",
        "layer": "TEXT-2",
        "olinetype": "bylayer",
        "linetype": null,
        "color": "0,0,0,255",
        "ocolor": "256",
        "color24": "-1",
        "transparen": "0",
        "lweight": "-1",
        "linewidth": 0.0,
        "ltscale": 1.0,
        "visible": "1",
        "thickness": 0.0,
        "ext": "(3:0,0,1)",
        "height": 1.87486,
        "text": "95",
        "angle": 2.37892,
        "widthscale": 1.0,
        "oblique": 0.0,
        "style": "STYLE1",
        "textgen": "2",
        "alignh": "0",
        "alignv": "0",
        "interlin": -1.0,
        "lat": 29.83859,
        "lon": 52.41747,
        "Name": "59"
      },
      "geometry": {
        "type": "Point",
        "coordinates": [52.417467786741845, 29.8385870082571]
      }
    },
    {
      "type": "Feature",
      "properties": {
        "fid": 118.0,
        "handle": "4198",
        "block": "-1",
        "etype": "25",
        "space": "0",
        "layer": "TEXT-2",
        "olinetype": "bylayer",
        "linetype": null,
        "color": "0,0,0,255",
        "ocolor": "256",
        "color24": "-1",
        "transparen": "0",
        "lweight": "-1",
        "linewidth": 0.0,
        "ltscale": 1.0,
        "visible": "1",
        "thickness": 0.0,
        "ext": "(3:0,0,1)",
        "height": 1.87486,
        "text": "06",
        "angle": 2.37892,
        "widthscale": 1.0,
        "oblique": 0.0,
        "style": "STYLE1",
        "textgen": "2",
        "alignh": "0",
        "alignv": "0",
        "interlin": -1.0,
        "lat": 29.83858,
        "lon": 52.41736,
        "Name": "60"
      },
      "geometry": {
        "type": "Point",
        "coordinates": [52.417364458870168, 29.838581927466908]
      }
    },
    {
      "type": "Feature",
      "properties": {
        "fid": 120.0,
        "handle": "4202",
        "block": "-1",
        "etype": "25",
        "space": "0",
        "layer": "TEXT-2",
        "olinetype": "bylayer",
        "linetype": null,
        "color": "0,0,0,255",
        "ocolor": "256",
        "color24": "-1",
        "transparen": "0",
        "lweight": "-1",
        "linewidth": 0.0,
        "ltscale": 1.0,
        "visible": "1",
        "thickness": 0.0,
        "ext": "(3:0,0,1)",
        "height": 1.87486,
        "text": "16",
        "angle": 2.37892,
        "widthscale": 1.0,
        "oblique": 0.0,
        "style": "STYLE1",
        "textgen": "2",
        "alignh": "0",
        "alignv": "0",
        "interlin": -1.0,
        "lat": 29.8386,
        "lon": 52.41726,
        "Name": "61"
      },
      "geometry": {
        "type": "Point",
        "coordinates": [52.417255916938061, 29.838601475927057]
      }
    },
    {
      "type": "Feature",
      "properties": {
        "fid": 122.0,
        "handle": "4207",
        "block": "-1",
        "etype": "25",
        "space": "0",
        "layer": "TEXT-2",
        "olinetype": "bylayer",
        "linetype": null,
        "color": "0,0,0,255",
        "ocolor": "256",
        "color24": "-1",
        "transparen": "0",
        "lweight": "-1",
        "linewidth": 0.0,
        "ltscale": 1.0,
        "visible": "1",
        "thickness": 0.0,
        "ext": "(3:0,0,1)",
        "height": 1.87486,
        "text": "26",
        "angle": 2.37892,
        "widthscale": 1.0,
        "oblique": 0.0,
        "style": "STYLE1",
        "textgen": "2",
        "alignh": "0",
        "alignv": "0",
        "interlin": -1.0,
        "lat": 29.8384,
        "lon": 52.41725,
        "Name": "62"
      },
      "geometry": {
        "type": "Point",
        "coordinates": [52.417247020961348, 29.838399769581024]
      }
    },
    {
      "type": "Feature",
      "properties": {
        "fid": 124.0,
        "handle": "4212",
        "block": "-1",
        "etype": "25",
        "space": "0",
        "layer": "TEXT-2",
        "olinetype": "bylayer",
        "linetype": null,
        "color": "0,0,0,255",
        "ocolor": "256",
        "color24": "-1",
        "transparen": "0",
        "lweight": "-1",
        "linewidth": 0.0,
        "ltscale": 1.0,
        "visible": "1",
        "thickness": 0.0,
        "ext": "(3:0,0,1)",
        "height": 1.87486,
        "text": "36",
        "angle": 2.37892,
        "widthscale": 1.0,
        "oblique": 0.0,
        "style": "STYLE1",
        "textgen": "2",
        "alignh": "0",
        "alignv": "0",
        "interlin": -1.0,
        "lat": 29.83841,
        "lon": 52.41738,
        "Name": "63"
      },
      "geometry": {
        "type": "Point",
        "coordinates": [52.417375531641738, 29.83841076734992]
      }
    },
    {
      "type": "Feature",
      "properties": {
        "fid": 125.0,
        "handle": "4214",
        "block": "-1",
        "etype": "25",
        "space": "0",
        "layer": "TEXT-2",
        "olinetype": "bylayer",
        "linetype": null,
        "color": "0,0,0,255",
        "ocolor": "256",
        "color24": "-1",
        "transparen": "0",
        "lweight": "-1",
        "linewidth": 0.0,
        "ltscale": 1.0,
        "visible": "1",
        "thickness": 0.0,
        "ext": "(3:0,0,1)",
        "height": 1.87486,
        "text": "46",
        "angle": 2.37892,
        "widthscale": 1.0,
        "oblique": 0.0,
        "style": "STYLE1",
        "textgen": "2",
        "alignh": "0",
        "alignv": "0",
        "interlin": -1.0,
        "lat": 29.83842,
        "lon": 52.41748,
        "Name": "64"
      },
      "geometry": {
        "type": "Point",
        "coordinates": [52.417478859336988, 29.838415848137348]
      }
    },
    {
      "type": "Feature",
      "properties": {
        "fid": 126.0,
        "handle": "4216",
        "block": "-1",
        "etype": "25",
        "space": "0",
        "layer": "TEXT-2",
        "olinetype": "bylayer",
        "linetype": null,
        "color": "0,0,0,255",
        "ocolor": "256",
        "color24": "-1",
        "transparen": "0",
        "lweight": "-1",
        "linewidth": 0.0,
        "ltscale": 1.0,
        "visible": "1",
        "thickness": 0.0,
        "ext": "(3:0,0,1)",
        "height": 1.87486,
        "text": "56",
        "angle": 2.37892,
        "widthscale": 1.0,
        "oblique": 0.0,
        "style": "STYLE1",
        "textgen": "2",
        "alignh": "0",
        "alignv": "0",
        "interlin": -1.0,
        "lat": 29.83842,
        "lon": 52.41758,
        "Name": "65"
      },
      "geometry": {
        "type": "Point",
        "coordinates": [52.417582187039223, 29.83842092884354]
      }
    },
    {
      "type": "Feature",
      "properties": {
        "fid": 127.0,
        "handle": "4218",
        "block": "-1",
        "etype": "25",
        "space": "0",
        "layer": "TEXT-2",
        "olinetype": "bylayer",
        "linetype": null,
        "color": "0,0,0,255",
        "ocolor": "256",
        "color24": "-1",
        "transparen": "0",
        "lweight": "-1",
        "linewidth": 0.0,
        "ltscale": 1.0,
        "visible": "1",
        "thickness": 0.0,
        "ext": "(3:0,0,1)",
        "height": 1.87486,
        "text": "66",
        "angle": 2.37892,
        "widthscale": 1.0,
        "oblique": 0.0,
        "style": "STYLE1",
        "textgen": "2",
        "alignh": "0",
        "alignv": "0",
        "interlin": -1.0,
        "lat": 29.83843,
        "lon": 52.41769,
        "Name": "66"
      },
      "geometry": {
        "type": "Point",
        "coordinates": [52.417685514748456, 29.838426009468542]
      }
    },
    {
      "type": "Feature",
      "properties": {
        "fid": 128.0,
        "handle": "4220",
        "block": "-1",
        "etype": "25",
        "space": "0",
        "layer": "TEXT-2",
        "olinetype": "bylayer",
        "linetype": null,
        "color": "0,0,0,255",
        "ocolor": "256",
        "color24": "-1",
        "transparen": "0",
        "lweight": "-1",
        "linewidth": 0.0,
        "ltscale": 1.0,
        "visible": "1",
        "thickness": 0.0,
        "ext": "(3:0,0,1)",
        "height": 1.87486,
        "text": "76",
        "angle": 2.37892,
        "widthscale": 1.0,
        "oblique": 0.0,
        "style": "STYLE1",
        "textgen": "2",
        "alignh": "0",
        "alignv": "0",
        "interlin": -1.0,
        "lat": 29.83843,
        "lon": 52.41779,
        "Name": "67"
      },
      "geometry": {
        "type": "Point",
        "coordinates": [52.417788842464674, 29.838431090012307]
      }
    },
    {
      "type": "Feature",
      "properties": {
        "fid": 129.0,
        "handle": "4222",
        "block": "-1",
        "etype": "25",
        "space": "0",
        "layer": "TEXT-2",
        "olinetype": "bylayer",
        "linetype": null,
        "color": "0,0,0,255",
        "ocolor": "256",
        "color24": "-1",
        "transparen": "0",
        "lweight": "-1",
        "linewidth": 0.0,
        "ltscale": 1.0,
        "visible": "1",
        "thickness": 0.0,
        "ext": "(3:0,0,1)",
        "height": 1.87486,
        "text": "86",
        "angle": 2.37892,
        "widthscale": 1.0,
        "oblique": 0.0,
        "style": "STYLE1",
        "textgen": "2",
        "alignh": "0",
        "alignv": "0",
        "interlin": -1.0,
        "lat": 29.83844,
        "lon": 52.41789,
        "Name": "68"
      },
      "geometry": {
        "type": "Point",
        "coordinates": [52.417892170187869, 29.838436170474857]
      }
    },
    {
      "type": "Feature",
      "properties": {
        "fid": 130.0,
        "handle": "4224",
        "block": "-1",
        "etype": "25",
        "space": "0",
        "layer": "TEXT-2",
        "olinetype": "bylayer",
        "linetype": null,
        "color": "0,0,0,255",
        "ocolor": "256",
        "color24": "-1",
        "transparen": "0",
        "lweight": "-1",
        "linewidth": 0.0,
        "ltscale": 1.0,
        "visible": "1",
        "thickness": 0.0,
        "ext": "(3:0,0,1)",
        "height": 1.87486,
        "text": "96",
        "angle": 2.37892,
        "widthscale": 1.0,
        "oblique": 0.0,
        "style": "STYLE1",
        "textgen": "2",
        "alignh": "0",
        "alignv": "0",
        "interlin": -1.0,
        "lat": 29.83844,
        "lon": 52.418,
        "Name": "69"
      },
      "geometry": {
        "type": "Point",
        "coordinates": [52.417995497918056, 29.838441250856196]
      }
    },
    {
      "type": "Feature",
      "properties": {
        "fid": 131.0,
        "handle": "4234",
        "block": "-1",
        "etype": "25",
        "space": "0",
        "layer": "TEXT-2",
        "olinetype": "bylayer",
        "linetype": null,
        "color": "0,0,0,255",
        "ocolor": "256",
        "color24": "-1",
        "transparen": "0",
        "lweight": "-1",
        "linewidth": 0.0,
        "ltscale": 1.0,
        "visible": "1",
        "thickness": 0.0,
        "ext": "(3:0,0,1)",
        "height": 1.87486,
        "text": "17",
        "angle": 2.37892,
        "widthscale": 1.0,
        "oblique": 0.0,
        "style": "STYLE1",
        "textgen": "2",
        "alignh": "0",
        "alignv": "0",
        "interlin": -1.0,
        "lat": 29.8384,
        "lon": 52.41833,
        "Name": "71"
      },
      "geometry": {
        "type": "Point",
        "coordinates": [52.418333398800335, 29.838397797938665]
      }
    },
    {
      "type": "Feature",
      "properties": {
        "fid": 133.0,
        "handle": "4238",
        "block": "-1",
        "etype": "25",
        "space": "0",
        "layer": "TEXT-2",
        "olinetype": "bylayer",
        "linetype": null,
        "color": "0,0,0,255",
        "ocolor": "256",
        "color24": "-1",
        "transparen": "0",
        "lweight": "-1",
        "linewidth": 0.0,
        "ltscale": 1.0,
        "visible": "1",
        "thickness": 0.0,
        "ext": "(3:0,0,1)",
        "height": 1.87486,
        "text": "27",
        "angle": 2.37892,
        "widthscale": 1.0,
        "oblique": 0.0,
        "style": "STYLE1",
        "textgen": "2",
        "alignh": "0",
        "alignv": "0",
        "interlin": -1.0,
        "lat": 29.8384,
        "lon": 52.41844,
        "Name": "72"
      },
      "geometry": {
        "type": "Point",
        "coordinates": [52.418436726498356, 29.838402877975263]
      }
    },
    {
      "type": "Feature",
      "properties": {
        "fid": 135.0,
        "handle": "4242",
        "block": "-1",
        "etype": "25",
        "space": "0",
        "layer": "TEXT-2",
        "olinetype": "bylayer",
        "linetype": null,
        "color": "0,0,0,255",
        "ocolor": "256",
        "color24": "-1",
        "transparen": "0",
        "lweight": "-1",
        "linewidth": 0.0,
        "ltscale": 1.0,
        "visible": "1",
        "thickness": 0.0,
        "ext": "(3:0,0,1)",
        "height": 1.87486,
        "text": "37",
        "angle": 2.37892,
        "widthscale": 1.0,
        "oblique": 0.0,
        "style": "STYLE1",
        "textgen": "2",
        "alignh": "0",
        "alignv": "0",
        "interlin": -1.0,
        "lat": 29.83841,
        "lon": 52.41854,
        "Name": "73"
      },
      "geometry": {
        "type": "Point",
        "coordinates": [52.418540054203383, 29.838407957930649]
      }
    },
    {
      "type": "Feature",
      "properties": {
        "fid": 137.0,
        "handle": "4246",
        "block": "-1",
        "etype": "25",
        "space": "0",
        "layer": "TEXT-2",
        "olinetype": "bylayer",
        "linetype": null,
        "color": "0,0,0,255",
        "ocolor": "256",
        "color24": "-1",
        "transparen": "0",
        "lweight": "-1",
        "linewidth": 0.0,
        "ltscale": 1.0,
        "visible": "1",
        "thickness": 0.0,
        "ext": "(3:0,0,1)",
        "height": 1.87486,
        "text": "47",
        "angle": 2.37892,
        "widthscale": 1.0,
        "oblique": 0.0,
        "style": "STYLE1",
        "textgen": "2",
        "alignh": "0",
        "alignv": "0",
        "interlin": -1.0,
        "lat": 29.83841,
        "lon": 52.41864,
        "Name": "74"
      },
      "geometry": {
        "type": "Point",
        "coordinates": [52.418643381915381, 29.838413037804809]
      }
    },
    {
      "type": "Feature",
      "properties": {
        "fid": 139.0,
        "handle": "4250",
        "block": "-1",
        "etype": "25",
        "space": "0",
        "layer": "TEXT-2",
        "olinetype": "bylayer",
        "linetype": null,
        "color": "0,0,0,255",
        "ocolor": "256",
        "color24": "-1",
        "transparen": "0",
        "lweight": "-1",
        "linewidth": 0.0,
        "ltscale": 1.0,
        "visible": "1",
        "thickness": 0.0,
        "ext": "(3:0,0,1)",
        "height": 1.87486,
        "text": "57",
        "angle": 2.37892,
        "widthscale": 1.0,
        "oblique": 0.0,
        "style": "STYLE1",
        "textgen": "2",
        "alignh": "0",
        "alignv": "0",
        "interlin": -1.0,
        "lat": 29.83842,
        "lon": 52.41875,
        "Name": "75"
      },
      "geometry": {
        "type": "Point",
        "coordinates": [52.418746709634362, 29.838418117597751]
      }
    },
    {
      "type": "Feature",
      "properties": {
        "fid": 141.0,
        "handle": "4254",
        "block": "-1",
        "etype": "25",
        "space": "0",
        "layer": "TEXT-2",
        "olinetype": "bylayer",
        "linetype": null,
        "color": "0,0,0,255",
        "ocolor": "256",
        "color24": "-1",
        "transparen": "0",
        "lweight": "-1",
        "linewidth": 0.0,
        "ltscale": 1.0,
        "visible": "1",
        "thickness": 0.0,
        "ext": "(3:0,0,1)",
        "height": 1.87486,
        "text": "67",
        "angle": 2.37892,
        "widthscale": 1.0,
        "oblique": 0.0,
        "style": "STYLE1",
        "textgen": "2",
        "alignh": "0",
        "alignv": "0",
        "interlin": -1.0,
        "lat": 29.83842,
        "lon": 52.41885,
        "Name": "76"
      },
      "geometry": {
        "type": "Point",
        "coordinates": [52.418850037360329, 29.838423197309481]
      }
    },
    {
      "type": "Feature",
      "properties": {
        "fid": 143.0,
        "handle": "4258",
        "block": "-1",
        "etype": "25",
        "space": "0",
        "layer": "TEXT-2",
        "olinetype": "bylayer",
        "linetype": null,
        "color": "0,0,0,255",
        "ocolor": "256",
        "color24": "-1",
        "transparen": "0",
        "lweight": "-1",
        "linewidth": 0.0,
        "ltscale": 1.0,
        "visible": "1",
        "thickness": 0.0,
        "ext": "(3:0,0,1)",
        "height": 1.87486,
        "text": "77",
        "angle": 2.37892,
        "widthscale": 1.0,
        "oblique": 0.0,
        "style": "STYLE1",
        "textgen": "2",
        "alignh": "0",
        "alignv": "0",
        "interlin": -1.0,
        "lat": 29.83843,
        "lon": 52.41895,
        "Name": "77"
      },
      "geometry": {
        "type": "Point",
        "coordinates": [52.418953365093273, 29.838428276939993]
      }
    },
    {
      "type": "Feature",
      "properties": {
        "fid": 145.0,
        "handle": "4262",
        "block": "-1",
        "etype": "25",
        "space": "0",
        "layer": "TEXT-2",
        "olinetype": "bylayer",
        "linetype": null,
        "color": "0,0,0,255",
        "ocolor": "256",
        "color24": "-1",
        "transparen": "0",
        "lweight": "-1",
        "linewidth": 0.0,
        "ltscale": 1.0,
        "visible": "1",
        "thickness": 0.0,
        "ext": "(3:0,0,1)",
        "height": 1.87486,
        "text": "87",
        "angle": 2.37892,
        "widthscale": 1.0,
        "oblique": 0.0,
        "style": "STYLE1",
        "textgen": "2",
        "alignh": "0",
        "alignv": "0",
        "interlin": -1.0,
        "lat": 29.83843,
        "lon": 52.41906,
        "Name": "78"
      },
      "geometry": {
        "type": "Point",
        "coordinates": [52.419056692833209, 29.838433356489293]
      }
    },
    {
      "type": "Feature",
      "properties": {
        "fid": 147.0,
        "handle": "4266",
        "block": "-1",
        "etype": "25",
        "space": "0",
        "layer": "TEXT-2",
        "olinetype": "bylayer",
        "linetype": null,
        "color": "0,0,0,255",
        "ocolor": "256",
        "color24": "-1",
        "transparen": "0",
        "lweight": "-1",
        "linewidth": 0.0,
        "ltscale": 1.0,
        "visible": "1",
        "thickness": 0.0,
        "ext": "(3:0,0,1)",
        "height": 1.87486,
        "text": "97",
        "angle": 2.37892,
        "widthscale": 1.0,
        "oblique": 0.0,
        "style": "STYLE1",
        "textgen": "2",
        "alignh": "0",
        "alignv": "0",
        "interlin": -1.0,
        "lat": 29.83844,
        "lon": 52.41916,
        "Name": "79"
      },
      "geometry": {
        "type": "Point",
        "coordinates": [52.419160020580115, 29.838438435957372]
      }
    },
    {
      "type": "Feature",
      "properties": {
        "fid": 149.0,
        "handle": "4270",
        "block": "-1",
        "etype": "25",
        "space": "0",
        "layer": "TEXT-2",
        "olinetype": "bylayer",
        "linetype": null,
        "color": "0,0,0,255",
        "ocolor": "256",
        "color24": "-1",
        "transparen": "0",
        "lweight": "-1",
        "linewidth": 0.0,
        "ltscale": 1.0,
        "visible": "1",
        "thickness": 0.0,
        "ext": "(3:0,0,1)",
        "height": 1.87486,
        "text": "07",
        "angle": 2.37892,
        "widthscale": 1.0,
        "oblique": 0.0,
        "style": "STYLE1",
        "textgen": "2",
        "alignh": "0",
        "alignv": "0",
        "interlin": -1.0,
        "lat": 29.83839,
        "lon": 52.41823,
        "Name": "70"
      },
      "geometry": {
        "type": "Point",
        "coordinates": [52.418229080360575, 29.838390530705276]
      }
    },
    {
      "type": "Feature",
      "properties": {
        "fid": 151.0,
        "handle": "4275",
        "block": "-1",
        "etype": "25",
        "space": "0",
        "layer": "TEXT-2",
        "olinetype": "bylayer",
        "linetype": null,
        "color": "0,0,0,255",
        "ocolor": "256",
        "color24": "-1",
        "transparen": "0",
        "lweight": "-1",
        "linewidth": 0.0,
        "ltscale": 1.0,
        "visible": "1",
        "thickness": 0.0,
        "ext": "(3:0,0,1)",
        "height": 1.87486,
        "text": "08",
        "angle": 2.37892,
        "widthscale": 1.0,
        "oblique": 0.0,
        "style": "STYLE1",
        "textgen": "2",
        "alignh": "0",
        "alignv": "0",
        "interlin": -1.0,
        "lat": 29.83843,
        "lon": 52.41926,
        "Name": "80"
      },
      "geometry": {
        "type": "Point",
        "coordinates": [52.419263930940993, 29.838434506914169]
      }
    },
    {
      "type": "Feature",
      "properties": {
        "fid": 153.0,
        "handle": "4279",
        "block": "-1",
        "etype": "25",
        "space": "0",
        "layer": "TEXT-2",
        "olinetype": "bylayer",
        "linetype": null,
        "color": "0,0,0,255",
        "ocolor": "256",
        "color24": "-1",
        "transparen": "0",
        "lweight": "-1",
        "linewidth": 0.0,
        "ltscale": 1.0,
        "visible": "1",
        "thickness": 0.0,
        "ext": "(3:0,0,1)",
        "height": 1.87486,
        "text": "18",
        "angle": 2.37892,
        "widthscale": 1.0,
        "oblique": 0.0,
        "style": "STYLE1",
        "textgen": "2",
        "alignh": "0",
        "alignv": "0",
        "interlin": -1.0,
        "lat": 29.83844,
        "lon": 52.41937,
        "Name": "81"
      },
      "geometry": {
        "type": "Point",
        "coordinates": [52.419367258692574, 29.838439586219675]
      }
    },
    {
      "type": "Feature",
      "properties": {
        "fid": 155.0,
        "handle": "4283",
        "block": "-1",
        "etype": "25",
        "space": "0",
        "layer": "TEXT-2",
        "olinetype": "bylayer",
        "linetype": null,
        "color": "0,0,0,255",
        "ocolor": "256",
        "color24": "-1",
        "transparen": "0",
        "lweight": "-1",
        "linewidth": 0.0,
        "ltscale": 1.0,
        "visible": "1",
        "thickness": 0.0,
        "ext": "(3:0,0,1)",
        "height": 1.87486,
        "text": "28",
        "angle": 2.37892,
        "widthscale": 1.0,
        "oblique": 0.0,
        "style": "STYLE1",
        "textgen": "2",
        "alignh": "0",
        "alignv": "0",
        "interlin": -1.0,
        "lat": 29.83849,
        "lon": 52.41947,
        "Name": "82"
      },
      "geometry": {
        "type": "Point",
        "coordinates": [52.419467673508379, 29.838489707595581]
      }
    },
    {
      "type": "Feature",
      "properties": {
        "fid": 156.0,
        "handle": "4285",
        "block": "-1",
        "etype": "25",
        "space": "0",
        "layer": "TEXT-2",
        "olinetype": "bylayer",
        "linetype": null,
        "color": "0,0,0,255",
        "ocolor": "256",
        "color24": "-1",
        "transparen": "0",
        "lweight": "-1",
        "linewidth": 0.0,
        "ltscale": 1.0,
        "visible": "1",
        "thickness": 0.0,
        "ext": "(3:0,0,1)",
        "height": 1.87486,
        "text": "38",
        "angle": 2.37892,
        "widthscale": 1.0,
        "oblique": 0.0,
        "style": "STYLE1",
        "textgen": "2",
        "alignh": "0",
        "alignv": "0",
        "interlin": -1.0,
        "lat": 29.83827,
        "lon": 52.41948,
        "Name": "83"
      },
      "geometry": {
        "type": "Point",
        "coordinates": [52.419481655617702, 29.838273505265207]
      }
    },
    {
      "type": "Feature",
      "properties": {
        "fid": 158.0,
        "handle": "4291",
        "block": "-1",
        "etype": "25",
        "space": "0",
        "layer": "TEXT-2",
        "olinetype": "bylayer",
        "linetype": null,
        "color": "0,0,0,255",
        "ocolor": "256",
        "color24": "-1",
        "transparen": "0",
        "lweight": "-1",
        "linewidth": 0.0,
        "ltscale": 1.0,
        "visible": "1",
        "thickness": 0.0,
        "ext": "(3:0,0,1)",
        "height": 1.87486,
        "text": "59",
        "angle": 2.37892,
        "widthscale": 1.0,
        "oblique": 0.0,
        "style": "STYLE1",
        "textgen": "2",
        "alignh": "0",
        "alignv": "0",
        "interlin": -1.0,
        "lat": 29.83821,
        "lon": 52.41824,
        "Name": "95"
      },
      "geometry": {
        "type": "Point",
        "coordinates": [52.418237652026782, 29.838208157712486]
      }
    },
    {
      "type": "Feature",
      "properties": {
        "fid": 160.0,
        "handle": "4296",
        "block": "-1",
        "etype": "25",
        "space": "0",
        "layer": "TEXT-2",
        "olinetype": "bylayer",
        "linetype": null,
        "color": "0,0,0,255",
        "ocolor": "256",
        "color24": "-1",
        "transparen": "0",
        "lweight": "-1",
        "linewidth": 0.0,
        "ltscale": 1.0,
        "visible": "1",
        "thickness": 0.0,
        "ext": "(3:0,0,1)",
        "height": 1.87486,
        "text": "49",
        "angle": 2.37892,
        "widthscale": 1.0,
        "oblique": 0.0,
        "style": "STYLE1",
        "textgen": "2",
        "alignh": "0",
        "alignv": "0",
        "interlin": -1.0,
        "lat": 29.83822,
        "lon": 52.41835,
        "Name": "94"
      },
      "geometry": {
        "type": "Point",
        "coordinates": [52.418345052598163, 29.838217629361679]
      }
    },
    {
      "type": "Feature",
      "properties": {
        "fid": 162.0,
        "handle": "4300",
        "block": "-1",
        "etype": "25",
        "space": "0",
        "layer": "TEXT-2",
        "olinetype": "bylayer",
        "linetype": null,
        "color": "0,0,0,255",
        "ocolor": "256",
        "color24": "-1",
        "transparen": "0",
        "lweight": "-1",
        "linewidth": 0.0,
        "ltscale": 1.0,
        "visible": "1",
        "thickness": 0.0,
        "ext": "(3:0,0,1)",
        "height": 1.87486,
        "text": "39",
        "angle": 2.37892,
        "widthscale": 1.0,
        "oblique": 0.0,
        "style": "STYLE1",
        "textgen": "2",
        "alignh": "0",
        "alignv": "0",
        "interlin": -1.0,
        "lat": 29.83822,
        "lon": 52.41845,
        "Name": "93"
      },
      "geometry": {
        "type": "Point",
        "coordinates": [52.418448380110483, 29.838222709395357]
      }
    },
    {
      "type": "Feature",
      "properties": {
        "fid": 164.0,
        "handle": "4306",
        "block": "-1",
        "etype": "25",
        "space": "0",
        "layer": "TEXT-2",
        "olinetype": "bylayer",
        "linetype": null,
        "color": "0,0,0,255",
        "ocolor": "256",
        "color24": "-1",
        "transparen": "0",
        "lweight": "-1",
        "linewidth": 0.0,
        "ltscale": 1.0,
        "visible": "1",
        "thickness": 0.0,
        "ext": "(3:0,0,1)",
        "height": 1.87486,
        "text": "29",
        "angle": 2.37892,
        "widthscale": 1.0,
        "oblique": 0.0,
        "style": "STYLE1",
        "textgen": "2",
        "alignh": "0",
        "alignv": "0",
        "interlin": -1.0,
        "lat": 29.83823,
        "lon": 52.41855,
        "Name": "92"
      },
      "geometry": {
        "type": "Point",
        "coordinates": [52.418551707629781, 29.838227789347822]
      }
    },
    {
      "type": "Feature",
      "properties": {
        "fid": 166.0,
        "handle": "4311",
        "block": "-1",
        "etype": "25",
        "space": "0",
        "layer": "TEXT-2",
        "olinetype": "bylayer",
        "linetype": null,
        "color": "0,0,0,255",
        "ocolor": "256",
        "color24": "-1",
        "transparen": "0",
        "lweight": "-1",
        "linewidth": 0.0,
        "ltscale": 1.0,
        "visible": "1",
        "thickness": 0.0,
        "ext": "(3:0,0,1)",
        "height": 1.87486,
        "text": "19",
        "angle": 2.37892,
        "widthscale": 1.0,
        "oblique": 0.0,
        "style": "STYLE1",
        "textgen": "2",
        "alignh": "0",
        "alignv": "0",
        "interlin": -1.0,
        "lat": 29.83823,
        "lon": 52.41866,
        "Name": "91"
      },
      "geometry": {
        "type": "Point",
        "coordinates": [52.418655035156071, 29.838232869219063]
      }
    },
    {
      "type": "Feature",
      "properties": {
        "fid": 168.0,
        "handle": "4316",
        "block": "-1",
        "etype": "25",
        "space": "0",
        "layer": "TEXT-2",
        "olinetype": "bylayer",
        "linetype": null,
        "color": "0,0,0,255",
        "ocolor": "256",
        "color24": "-1",
        "transparen": "0",
        "lweight": "-1",
        "linewidth": 0.0,
        "ltscale": 1.0,
        "visible": "1",
        "thickness": 0.0,
        "ext": "(3:0,0,1)",
        "height": 1.87486,
        "text": "09",
        "angle": 2.37892,
        "widthscale": 1.0,
        "oblique": 0.0,
        "style": "STYLE1",
        "textgen": "2",
        "alignh": "0",
        "alignv": "0",
        "interlin": -1.0,
        "lat": 29.83824,
        "lon": 52.41876,
        "Name": "90"
      },
      "geometry": {
        "type": "Point",
        "coordinates": [52.418758362689339, 29.838237949009088]
      }
    },
    {
      "type": "Feature",
      "properties": {
        "fid": 170.0,
        "handle": "4321",
        "block": "-1",
        "etype": "25",
        "space": "0",
        "layer": "TEXT-2",
        "olinetype": "bylayer",
        "linetype": null,
        "color": "0,0,0,255",
        "ocolor": "256",
        "color24": "-1",
        "transparen": "0",
        "lweight": "-1",
        "linewidth": 0.0,
        "ltscale": 1.0,
        "visible": "1",
        "thickness": 0.0,
        "ext": "(3:0,0,1)",
        "height": 1.87486,
        "text": "98",
        "angle": 2.37892,
        "widthscale": 1.0,
        "oblique": 0.0,
        "style": "STYLE1",
        "textgen": "2",
        "alignh": "0",
        "alignv": "0",
        "interlin": -1.0,
        "lat": 29.83824,
        "lon": 52.41886,
        "Name": "89"
      },
      "geometry": {
        "type": "Point",
        "coordinates": [52.418861690229591, 29.838243028717898]
      }
    },
    {
      "type": "Feature",
      "properties": {
        "fid": 172.0,
        "handle": "4326",
        "block": "-1",
        "etype": "25",
        "space": "0",
        "layer": "TEXT-2",
        "olinetype": "bylayer",
        "linetype": null,
        "color": "0,0,0,255",
        "ocolor": "256",
        "color24": "-1",
        "transparen": "0",
        "lweight": "-1",
        "linewidth": 0.0,
        "ltscale": 1.0,
        "visible": "1",
        "thickness": 0.0,
        "ext": "(3:0,0,1)",
        "height": 1.87486,
        "text": "88",
        "angle": 2.37892,
        "widthscale": 1.0,
        "oblique": 0.0,
        "style": "STYLE1",
        "textgen": "2",
        "alignh": "0",
        "alignv": "0",
        "interlin": -1.0,
        "lat": 29.83825,
        "lon": 52.41897,
        "Name": "88"
      },
      "geometry": {
        "type": "Point",
        "coordinates": [52.418965017776827, 29.838248108345489]
      }
    },
    {
      "type": "Feature",
      "properties": {
        "fid": 174.0,
        "handle": "4331",
        "block": "-1",
        "etype": "25",
        "space": "0",
        "layer": "TEXT-2",
        "olinetype": "bylayer",
        "linetype": null,
        "color": "0,0,0,255",
        "ocolor": "256",
        "color24": "-1",
        "transparen": "0",
        "lweight": "-1",
        "linewidth": 0.0,
        "ltscale": 1.0,
        "visible": "1",
        "thickness": 0.0,
        "ext": "(3:0,0,1)",
        "height": 1.87486,
        "text": "78",
        "angle": 2.37892,
        "widthscale": 1.0,
        "oblique": 0.0,
        "style": "STYLE1",
        "textgen": "2",
        "alignh": "0",
        "alignv": "0",
        "interlin": -1.0,
        "lat": 29.83825,
        "lon": 52.41907,
        "Name": "87"
      },
      "geometry": {
        "type": "Point",
        "coordinates": [52.419068345331041, 29.838253187891873]
      }
    },
    {
      "type": "Feature",
      "properties": {
        "fid": 176.0,
        "handle": "4336",
        "block": "-1",
        "etype": "25",
        "space": "0",
        "layer": "TEXT-2",
        "olinetype": "bylayer",
        "linetype": null,
        "color": "0,0,0,255",
        "ocolor": "256",
        "color24": "-1",
        "transparen": "0",
        "lweight": "-1",
        "linewidth": 0.0,
        "ltscale": 1.0,
        "visible": "1",
        "thickness": 0.0,
        "ext": "(3:0,0,1)",
        "height": 1.87486,
        "text": "68",
        "angle": 2.37892,
        "widthscale": 1.0,
        "oblique": 0.0,
        "style": "STYLE1",
        "textgen": "2",
        "alignh": "0",
        "alignv": "0",
        "interlin": -1.0,
        "lat": 29.83826,
        "lon": 52.41917,
        "Name": "86"
      },
      "geometry": {
        "type": "Point",
        "coordinates": [52.419171672892233, 29.838258267357023]
      }
    },
    {
      "type": "Feature",
      "properties": {
        "fid": 178.0,
        "handle": "4341",
        "block": "-1",
        "etype": "25",
        "space": "0",
        "layer": "TEXT-2",
        "olinetype": "bylayer",
        "linetype": null,
        "color": "0,0,0,255",
        "ocolor": "256",
        "color24": "-1",
        "transparen": "0",
        "lweight": "-1",
        "linewidth": 0.0,
        "ltscale": 1.0,
        "visible": "1",
        "thickness": 0.0,
        "ext": "(3:0,0,1)",
        "height": 1.87486,
        "text": "58",
        "angle": 2.37892,
        "widthscale": 1.0,
        "oblique": 0.0,
        "style": "STYLE1",
        "textgen": "2",
        "alignh": "0",
        "alignv": "0",
        "interlin": -1.0,
        "lat": 29.83826,
        "lon": 52.41928,
        "Name": "85"
      },
      "geometry": {
        "type": "Point",
        "coordinates": [52.419275000460416, 29.838263346740977]
      }
    },
    {
      "type": "Feature",
      "properties": {
        "fid": 180.0,
        "handle": "4346",
        "block": "-1",
        "etype": "25",
        "space": "0",
        "layer": "TEXT-2",
        "olinetype": "bylayer",
        "linetype": null,
        "color": "0,0,0,255",
        "ocolor": "256",
        "color24": "-1",
        "transparen": "0",
        "lweight": "-1",
        "linewidth": 0.0,
        "ltscale": 1.0,
        "visible": "1",
        "thickness": 0.0,
        "ext": "(3:0,0,1)",
        "height": 1.87486,
        "text": "48",
        "angle": 2.37892,
        "widthscale": 1.0,
        "oblique": 0.0,
        "style": "STYLE1",
        "textgen": "2",
        "alignh": "0",
        "alignv": "0",
        "interlin": -1.0,
        "lat": 29.83827,
        "lon": 52.41938,
        "Name": "84"
      },
      "geometry": {
        "type": "Point",
        "coordinates": [52.41937832803557, 29.838268426043694]
      }
    },
    {
      "type": "Feature",
      "properties": {
        "fid": 182.0,
        "handle": "4352",
        "block": "-1",
        "etype": "25",
        "space": "0",
        "layer": "TEXT-2",
        "olinetype": "bylayer",
        "linetype": null,
        "color": "0,0,0,255",
        "ocolor": "256",
        "color24": "-1",
        "transparen": "0",
        "lweight": "-1",
        "linewidth": 0.0,
        "ltscale": 1.0,
        "visible": "1",
        "thickness": 0.0,
        "ext": "(3:0,0,1)",
        "height": 1.87486,
        "text": "69",
        "angle": 2.37892,
        "widthscale": 1.0,
        "oblique": 0.0,
        "style": "STYLE1",
        "textgen": "2",
        "alignh": "0",
        "alignv": "0",
        "interlin": -1.0,
        "lat": 29.83815,
        "lon": 52.41801,
        "Name": "96"
      },
      "geometry": {
        "type": "Point",
        "coordinates": [52.418009836612399, 29.838152592736609]
      }
    },
    {
      "type": "Feature",
      "properties": {
        "fid": 184.0,
        "handle": "4355",
        "block": "-1",
        "etype": "25",
        "space": "0",
        "layer": "TEXT-2",
        "olinetype": "bylayer",
        "linetype": null,
        "color": "0,0,0,255",
        "ocolor": "256",
        "color24": "-1",
        "transparen": "0",
        "lweight": "-1",
        "linewidth": 0.0,
        "ltscale": 1.0,
        "visible": "1",
        "thickness": 0.0,
        "ext": "(3:0,0,1)",
        "height": 1.87486,
        "text": "311",
        "angle": 2.37892,
        "widthscale": 1.0,
        "oblique": 0.0,
        "style": "STYLE1",
        "textgen": "2",
        "alignh": "0",
        "alignv": "0",
        "interlin": -1.0,
        "lat": 29.83797,
        "lon": 52.41803,
        "Name": "113"
      },
      "geometry": {
        "type": "Point",
        "coordinates": [52.418025799319373, 29.837972812575245]
      }
    },
    {
      "type": "Feature",
      "properties": {
        "fid": 186.0,
        "handle": "4361",
        "block": "-1",
        "etype": "25",
        "space": "0",
        "layer": "TEXT-2",
        "olinetype": "bylayer",
        "linetype": null,
        "color": "0,0,0,255",
        "ocolor": "256",
        "color24": "-1",
        "transparen": "0",
        "lweight": "-1",
        "linewidth": 0.0,
        "ltscale": 1.0,
        "visible": "1",
        "thickness": 0.0,
        "ext": "(3:0,0,1)",
        "height": 1.87486,
        "text": "631",
        "angle": 2.37892,
        "widthscale": 1.0,
        "oblique": 0.0,
        "style": "STYLE1",
        "textgen": "2",
        "alignh": "0",
        "alignv": "0",
        "interlin": -1.0,
        "lat": 29.8377,
        "lon": 52.41804,
        "Name": "136"
      },
      "geometry": {
        "type": "Point",
        "coordinates": [52.418038972486272, 29.837702171295767]
      }
    },
    {
      "type": "Feature",
      "properties": {
        "fid": 188.0,
        "handle": "4364",
        "block": "-1",
        "etype": "25",
        "space": "0",
        "layer": "TEXT-2",
        "olinetype": "bylayer",
        "linetype": null,
        "color": "0,0,0,255",
        "ocolor": "256",
        "color24": "-1",
        "transparen": "0",
        "lweight": "-1",
        "linewidth": 0.0,
        "ltscale": 1.0,
        "visible": "1",
        "thickness": 0.0,
        "ext": "(3:0,0,1)",
        "height": 1.87486,
        "text": "351",
        "angle": 2.37892,
        "widthscale": 1.0,
        "oblique": 0.0,
        "style": "STYLE1",
        "textgen": "2",
        "alignh": "0",
        "alignv": "0",
        "interlin": -1.0,
        "lat": 29.83752,
        "lon": 52.41805,
        "Name": "153"
      },
      "geometry": {
        "type": "Point",
        "coordinates": [52.418054935104067, 29.837522391123048]
      }
    },
    {
      "type": "Feature",
      "properties": {
        "fid": 189.0,
        "handle": "4369",
        "block": "-1",
        "etype": "25",
        "space": "0",
        "layer": "TEXT-2",
        "olinetype": "bylayer",
        "linetype": null,
        "color": "0,0,0,255",
        "ocolor": "256",
        "color24": "-1",
        "transparen": "0",
        "lweight": "-1",
        "linewidth": 0.0,
        "ltscale": 1.0,
        "visible": "1",
        "thickness": 0.0,
        "ext": "(3:0,0,1)",
        "height": 1.87486,
        "text": "171",
        "angle": 2.37892,
        "widthscale": 1.0,
        "oblique": 0.0,
        "style": "STYLE1",
        "textgen": "2",
        "alignh": "0",
        "alignv": "0",
        "interlin": -1.0,
        "lat": 29.83723,
        "lon": 52.41807,
        "Name": "171"
      },
      "geometry": {
        "type": "Point",
        "coordinates": [52.418072441339241, 29.837234034979588]
      }
    },
    {
      "type": "Feature",
      "properties": {
        "fid": 191.0,
        "handle": "4372",
        "block": "-1",
        "etype": "25",
        "space": "0",
        "layer": "TEXT-2",
        "olinetype": "bylayer",
        "linetype": null,
        "color": "0,0,0,255",
        "ocolor": "256",
        "color24": "-1",
        "transparen": "0",
        "lweight": "-1",
        "linewidth": 0.0,
        "ltscale": 1.0,
        "visible": "1",
        "thickness": 0.0,
        "ext": "(3:0,0,1)",
        "height": 1.87486,
        "text": "79",
        "angle": 2.37892,
        "widthscale": 1.0,
        "oblique": 0.0,
        "style": "STYLE1",
        "textgen": "2",
        "alignh": "0",
        "alignv": "0",
        "interlin": -1.0,
        "lat": 29.83815,
        "lon": 52.41791,
        "Name": "97"
      },
      "geometry": {
        "type": "Point",
        "coordinates": [52.417913990762791, 29.838151250191501]
      }
    },
    {
      "type": "Feature",
      "properties": {
        "fid": 193.0,
        "handle": "4376",
        "block": "-1",
        "etype": "25",
        "space": "0",
        "layer": "TEXT-2",
        "olinetype": "bylayer",
        "linetype": null,
        "color": "0,0,0,255",
        "ocolor": "256",
        "color24": "-1",
        "transparen": "0",
        "lweight": "-1",
        "linewidth": 0.0,
        "ltscale": 1.0,
        "visible": "1",
        "thickness": 0.0,
        "ext": "(3:0,0,1)",
        "height": 1.87486,
        "text": "89",
        "angle": 2.37892,
        "widthscale": 1.0,
        "oblique": 0.0,
        "style": "STYLE1",
        "textgen": "2",
        "alignh": "0",
        "alignv": "0",
        "interlin": -1.0,
        "lat": 29.83815,
        "lon": 52.41781,
        "Name": "98"
      },
      "geometry": {
        "type": "Point",
        "coordinates": [52.417810663333213, 29.838146169736234]
      }
    },
    {
      "type": "Feature",
      "properties": {
        "fid": 195.0,
        "handle": "4380",
        "block": "-1",
        "etype": "25",
        "space": "0",
        "layer": "TEXT-2",
        "olinetype": "bylayer",
        "linetype": null,
        "color": "0,0,0,255",
        "ocolor": "256",
        "color24": "-1",
        "transparen": "0",
        "lweight": "-1",
        "linewidth": 0.0,
        "ltscale": 1.0,
        "visible": "1",
        "thickness": 0.0,
        "ext": "(3:0,0,1)",
        "height": 1.87486,
        "text": "99",
        "angle": 2.37892,
        "widthscale": 1.0,
        "oblique": 0.0,
        "style": "STYLE1",
        "textgen": "2",
        "alignh": "0",
        "alignv": "0",
        "interlin": -1.0,
        "lat": 29.83814,
        "lon": 52.41771,
        "Name": "99"
      },
      "geometry": {
        "type": "Point",
        "coordinates": [52.417707335910642, 29.838141089199748]
      }
    },
    {
      "type": "Feature",
      "properties": {
        "fid": 197.0,
        "handle": "4384",
        "block": "-1",
        "etype": "25",
        "space": "0",
        "layer": "TEXT-2",
        "olinetype": "bylayer",
        "linetype": null,
        "color": "0,0,0,255",
        "ocolor": "256",
        "color24": "-1",
        "transparen": "0",
        "lweight": "-1",
        "linewidth": 0.0,
        "ltscale": 1.0,
        "visible": "1",
        "thickness": 0.0,
        "ext": "(3:0,0,1)",
        "height": 1.87486,
        "text": "001",
        "angle": 2.37892,
        "widthscale": 1.0,
        "oblique": 0.0,
        "style": "STYLE1",
        "textgen": "2",
        "alignh": "0",
        "alignv": "0",
        "interlin": -1.0,
        "lat": 29.83814,
        "lon": 52.4176,
        "Name": "100"
      },
      "geometry": {
        "type": "Point",
        "coordinates": [52.41760400849504, 29.838136008582051]
      }
    },
    {
      "type": "Feature",
      "properties": {
        "fid": 199.0,
        "handle": "4388",
        "block": "-1",
        "etype": "25",
        "space": "0",
        "layer": "TEXT-2",
        "olinetype": "bylayer",
        "linetype": null,
        "color": "0,0,0,255",
        "ocolor": "256",
        "color24": "-1",
        "transparen": "0",
        "lweight": "-1",
        "linewidth": 0.0,
        "ltscale": 1.0,
        "visible": "1",
        "thickness": 0.0,
        "ext": "(3:0,0,1)",
        "height": 1.87486,
        "text": "101",
        "angle": 2.37892,
        "widthscale": 1.0,
        "oblique": 0.0,
        "style": "STYLE1",
        "textgen": "2",
        "alignh": "0",
        "alignv": "0",
        "interlin": -1.0,
        "lat": 29.83813,
        "lon": 52.4175,
        "Name": "101"
      },
      "geometry": {
        "type": "Point",
        "coordinates": [52.41750068108643, 29.838130927883132]
      }
    },
    {
      "type": "Feature",
      "properties": {
        "fid": 201.0,
        "handle": "4392",
        "block": "-1",
        "etype": "25",
        "space": "0",
        "layer": "TEXT-2",
        "olinetype": "bylayer",
        "linetype": null,
        "color": "0,0,0,255",
        "ocolor": "256",
        "color24": "-1",
        "transparen": "0",
        "lweight": "-1",
        "linewidth": 0.0,
        "ltscale": 1.0,
        "visible": "1",
        "thickness": 0.0,
        "ext": "(3:0,0,1)",
        "height": 1.87486,
        "text": "201",
        "angle": 2.37892,
        "widthscale": 1.0,
        "oblique": 0.0,
        "style": "STYLE1",
        "textgen": "2",
        "alignh": "0",
        "alignv": "0",
        "interlin": -1.0,
        "lat": 29.83813,
        "lon": 52.4174,
        "Name": "102"
      },
      "geometry": {
        "type": "Point",
        "coordinates": [52.417397353684812, 29.838125847103004]
      }
    },
    {
      "type": "Feature",
      "properties": {
        "fid": 203.0,
        "handle": "4396",
        "block": "-1",
        "etype": "25",
        "space": "0",
        "layer": "TEXT-2",
        "olinetype": "bylayer",
        "linetype": null,
        "color": "0,0,0,255",
        "ocolor": "256",
        "color24": "-1",
        "transparen": "0",
        "lweight": "-1",
        "linewidth": 0.0,
        "ltscale": 1.0,
        "visible": "1",
        "thickness": 0.0,
        "ext": "(3:0,0,1)",
        "height": 1.87486,
        "text": "301",
        "angle": 2.37892,
        "widthscale": 1.0,
        "oblique": 0.0,
        "style": "STYLE1",
        "textgen": "2",
        "alignh": "0",
        "alignv": "0",
        "interlin": -1.0,
        "lat": 29.83812,
        "lon": 52.41729,
        "Name": "103"
      },
      "geometry": {
        "type": "Point",
        "coordinates": [52.417294026290179, 29.838120766241648]
      }
    },
    {
      "type": "Feature",
      "properties": {
        "fid": 205.0,
        "handle": "4400",
        "block": "-1",
        "etype": "25",
        "space": "0",
        "layer": "TEXT-2",
        "olinetype": "bylayer",
        "linetype": null,
        "color": "0,0,0,255",
        "ocolor": "256",
        "color24": "-1",
        "transparen": "0",
        "lweight": "-1",
        "linewidth": 0.0,
        "ltscale": 1.0,
        "visible": "1",
        "thickness": 0.0,
        "ext": "(3:0,0,1)",
        "height": 1.87486,
        "text": "801",
        "angle": 2.37892,
        "widthscale": 1.0,
        "oblique": 0.0,
        "style": "STYLE1",
        "textgen": "2",
        "alignh": "0",
        "alignv": "0",
        "interlin": -1.0,
        "lat": 29.83795,
        "lon": 52.41751,
        "Name": "108"
      },
      "geometry": {
        "type": "Point",
        "coordinates": [52.417512336372177, 29.837950759324613]
      }
    },
    {
      "type": "Feature",
      "properties": {
        "fid": 207.0,
        "handle": "4405",
        "block": "-1",
        "etype": "25",
        "space": "0",
        "layer": "TEXT-2",
        "olinetype": "bylayer",
        "linetype": null,
        "color": "0,0,0,255",
        "ocolor": "256",
        "color24": "-1",
        "transparen": "0",
        "lweight": "-1",
        "linewidth": 0.0,
        "ltscale": 1.0,
        "visible": "1",
        "thickness": 0.0,
        "ext": "(3:0,0,1)",
        "height": 1.87486,
        "text": "901",
        "angle": 2.37892,
        "widthscale": 1.0,
        "oblique": 0.0,
        "style": "STYLE1",
        "textgen": "2",
        "alignh": "0",
        "alignv": "0",
        "interlin": -1.0,
        "lat": 29.83796,
        "lon": 52.41762,
        "Name": "109"
      },
      "geometry": {
        "type": "Point",
        "coordinates": [52.417615663595079, 29.837955840020605]
      }
    },
    {
      "type": "Feature",
      "properties": {
        "fid": 209.0,
        "handle": "4410",
        "block": "-1",
        "etype": "25",
        "space": "0",
        "layer": "TEXT-2",
        "olinetype": "bylayer",
        "linetype": null,
        "color": "0,0,0,255",
        "ocolor": "256",
        "color24": "-1",
        "transparen": "0",
        "lweight": "-1",
        "linewidth": 0.0,
        "ltscale": 1.0,
        "visible": "1",
        "thickness": 0.0,
        "ext": "(3:0,0,1)",
        "height": 1.87486,
        "text": "011",
        "angle": 2.37892,
        "widthscale": 1.0,
        "oblique": 0.0,
        "style": "STYLE1",
        "textgen": "2",
        "alignh": "0",
        "alignv": "0",
        "interlin": -1.0,
        "lat": 29.83796,
        "lon": 52.41772,
        "Name": "110"
      },
      "geometry": {
        "type": "Point",
        "coordinates": [52.417718990824959, 29.837960920635364]
      }
    },
    {
      "type": "Feature",
      "properties": {
        "fid": 211.0,
        "handle": "4415",
        "block": "-1",
        "etype": "25",
        "space": "0",
        "layer": "TEXT-2",
        "olinetype": "bylayer",
        "linetype": null,
        "color": "0,0,0,255",
        "ocolor": "256",
        "color24": "-1",
        "transparen": "0",
        "lweight": "-1",
        "linewidth": 0.0,
        "ltscale": 1.0,
        "visible": "1",
        "thickness": 0.0,
        "ext": "(3:0,0,1)",
        "height": 1.87486,
        "text": "111",
        "angle": 2.37892,
        "widthscale": 1.0,
        "oblique": 0.0,
        "style": "STYLE1",
        "textgen": "2",
        "alignh": "0",
        "alignv": "0",
        "interlin": -1.0,
        "lat": 29.83797,
        "lon": 52.41782,
        "Name": "111"
      },
      "geometry": {
        "type": "Point",
        "coordinates": [52.41782231806183, 29.83796600116893]
      }
    },
    {
      "type": "Feature",
      "properties": {
        "fid": 213.0,
        "handle": "4420",
        "block": "-1",
        "etype": "25",
        "space": "0",
        "layer": "TEXT-2",
        "olinetype": "bylayer",
        "linetype": null,
        "color": "0,0,0,255",
        "ocolor": "256",
        "color24": "-1",
        "transparen": "0",
        "lweight": "-1",
        "linewidth": 0.0,
        "ltscale": 1.0,
        "visible": "1",
        "thickness": 0.0,
        "ext": "(3:0,0,1)",
        "height": 1.87486,
        "text": "211",
        "angle": 2.37892,
        "widthscale": 1.0,
        "oblique": 0.0,
        "style": "STYLE1",
        "textgen": "2",
        "alignh": "0",
        "alignv": "0",
        "interlin": -1.0,
        "lat": 29.83797,
        "lon": 52.41793,
        "Name": "112"
      },
      "geometry": {
        "type": "Point",
        "coordinates": [52.417925645305694, 29.837971081621276]
      }
    },
    {
      "type": "Feature",
      "properties": {
        "fid": 215.0,
        "handle": "4425",
        "block": "-1",
        "etype": "25",
        "space": "0",
        "layer": "TEXT-2",
        "olinetype": "bylayer",
        "linetype": null,
        "color": "0,0,0,255",
        "ocolor": "256",
        "color24": "-1",
        "transparen": "0",
        "lweight": "-1",
        "linewidth": 0.0,
        "ltscale": 1.0,
        "visible": "1",
        "thickness": 0.0,
        "ext": "(3:0,0,1)",
        "height": 1.87486,
        "text": "731",
        "angle": 2.37892,
        "widthscale": 1.0,
        "oblique": 0.0,
        "style": "STYLE1",
        "textgen": "2",
        "alignh": "0",
        "alignv": "0",
        "interlin": -1.0,
        "lat": 29.8377,
        "lon": 52.41794,
        "Name": "137"
      },
      "geometry": {
        "type": "Point",
        "coordinates": [52.417943127067652, 29.837700828757647]
      }
    },
    {
      "type": "Feature",
      "properties": {
        "fid": 217.0,
        "handle": "4430",
        "block": "-1",
        "etype": "25",
        "space": "0",
        "layer": "TEXT-2",
        "olinetype": "bylayer",
        "linetype": null,
        "color": "0,0,0,255",
        "ocolor": "256",
        "color24": "-1",
        "transparen": "0",
        "lweight": "-1",
        "linewidth": 0.0,
        "ltscale": 1.0,
        "visible": "1",
        "thickness": 0.0,
        "ext": "(3:0,0,1)",
        "height": 1.87486,
        "text": "831",
        "angle": 2.37892,
        "widthscale": 1.0,
        "oblique": 0.0,
        "style": "STYLE1",
        "textgen": "2",
        "alignh": "0",
        "alignv": "0",
        "interlin": -1.0,
        "lat": 29.8377,
        "lon": 52.41784,
        "Name": "138"
      },
      "geometry": {
        "type": "Point",
        "coordinates": [52.417839800102357, 29.837695748309681]
      }
    },
    {
      "type": "Feature",
      "properties": {
        "fid": 219.0,
        "handle": "4435",
        "block": "-1",
        "etype": "25",
        "space": "0",
        "layer": "TEXT-2",
        "olinetype": "bylayer",
        "linetype": null,
        "color": "0,0,0,255",
        "ocolor": "256",
        "color24": "-1",
        "transparen": "0",
        "lweight": "-1",
        "linewidth": 0.0,
        "ltscale": 1.0,
        "visible": "1",
        "thickness": 0.0,
        "ext": "(3:0,0,1)",
        "height": 1.87486,
        "text": "931",
        "angle": 2.37892,
        "widthscale": 1.0,
        "oblique": 0.0,
        "style": "STYLE1",
        "textgen": "2",
        "alignh": "0",
        "alignv": "0",
        "interlin": -1.0,
        "lat": 29.83769,
        "lon": 52.41774,
        "Name": "139"
      },
      "geometry": {
        "type": "Point",
        "coordinates": [52.417736473144046, 29.83769066778051]
      }
    },
    {
      "type": "Feature",
      "properties": {
        "fid": 221.0,
        "handle": "4440",
        "block": "-1",
        "etype": "25",
        "space": "0",
        "layer": "TEXT-2",
        "olinetype": "bylayer",
        "linetype": null,
        "color": "0,0,0,255",
        "ocolor": "256",
        "color24": "-1",
        "transparen": "0",
        "lweight": "-1",
        "linewidth": 0.0,
        "ltscale": 1.0,
        "visible": "1",
        "thickness": 0.0,
        "ext": "(3:0,0,1)",
        "height": 1.87486,
        "text": "041",
        "angle": 2.37892,
        "widthscale": 1.0,
        "oblique": 0.0,
        "style": "STYLE1",
        "textgen": "2",
        "alignh": "0",
        "alignv": "0",
        "interlin": -1.0,
        "lat": 29.83769,
        "lon": 52.41763,
        "Name": "140"
      },
      "geometry": {
        "type": "Point",
        "coordinates": [52.417633146192735, 29.837685587170128]
      }
    },
    {
      "type": "Feature",
      "properties": {
        "fid": 223.0,
        "handle": "4445",
        "block": "-1",
        "etype": "25",
        "space": "0",
        "layer": "TEXT-2",
        "olinetype": "bylayer",
        "linetype": null,
        "color": "0,0,0,255",
        "ocolor": "256",
        "color24": "-1",
        "transparen": "0",
        "lweight": "-1",
        "linewidth": 0.0,
        "ltscale": 1.0,
        "visible": "1",
        "thickness": 0.0,
        "ext": "(3:0,0,1)",
        "height": 1.87486,
        "text": "141",
        "angle": 2.37892,
        "widthscale": 1.0,
        "oblique": 0.0,
        "style": "STYLE1",
        "textgen": "2",
        "alignh": "0",
        "alignv": "0",
        "interlin": -1.0,
        "lat": 29.83768,
        "lon": 52.41753,
        "Name": "141"
      },
      "geometry": {
        "type": "Point",
        "coordinates": [52.417529819248401, 29.83768050647852]
      }
    },
    {
      "type": "Feature",
      "properties": {
        "fid": 225.0,
        "handle": "4450",
        "block": "-1",
        "etype": "25",
        "space": "0",
        "layer": "TEXT-2",
        "olinetype": "bylayer",
        "linetype": null,
        "color": "0,0,0,255",
        "ocolor": "256",
        "color24": "-1",
        "transparen": "0",
        "lweight": "-1",
        "linewidth": 0.0,
        "ltscale": 1.0,
        "visible": "1",
        "thickness": 0.0,
        "ext": "(3:0,0,1)",
        "height": 1.87486,
        "text": "251",
        "angle": 2.37892,
        "widthscale": 1.0,
        "oblique": 0.0,
        "style": "STYLE1",
        "textgen": "2",
        "alignh": "0",
        "alignv": "0",
        "interlin": -1.0,
        "lat": 29.83752,
        "lon": 52.41795,
        "Name": "152"
      },
      "geometry": {
        "type": "Point",
        "coordinates": [52.417954781540693, 29.837520660176345]
      }
    },
    {
      "type": "Feature",
      "properties": {
        "fid": 227.0,
        "handle": "4455",
        "block": "-1",
        "etype": "25",
        "space": "0",
        "layer": "TEXT-2",
        "olinetype": "bylayer",
        "linetype": null,
        "color": "0,0,0,255",
        "ocolor": "256",
        "color24": "-1",
        "transparen": "0",
        "lweight": "-1",
        "linewidth": 0.0,
        "ltscale": 1.0,
        "visible": "1",
        "thickness": 0.0,
        "ext": "(3:0,0,1)",
        "height": 1.87486,
        "text": "151",
        "angle": 2.37892,
        "widthscale": 1.0,
        "oblique": 0.0,
        "style": "STYLE1",
        "textgen": "2",
        "alignh": "0",
        "alignv": "0",
        "interlin": -1.0,
        "lat": 29.83752,
        "lon": 52.41785,
        "Name": "151"
      },
      "geometry": {
        "type": "Point",
        "coordinates": [52.417851454761106, 29.837515579731313]
      }
    },
    {
      "type": "Feature",
      "properties": {
        "fid": 229.0,
        "handle": "4460",
        "block": "-1",
        "etype": "25",
        "space": "0",
        "layer": "TEXT-2",
        "olinetype": "bylayer",
        "linetype": null,
        "color": "0,0,0,255",
        "ocolor": "256",
        "color24": "-1",
        "transparen": "0",
        "lweight": "-1",
        "linewidth": 0.0,
        "ltscale": 1.0,
        "visible": "1",
        "thickness": 0.0,
        "ext": "(3:0,0,1)",
        "height": 1.87486,
        "text": "051",
        "angle": 2.37892,
        "widthscale": 1.0,
        "oblique": 0.0,
        "style": "STYLE1",
        "textgen": "2",
        "alignh": "0",
        "alignv": "0",
        "interlin": -1.0,
        "lat": 29.83751,
        "lon": 52.41775,
        "Name": "150"
      },
      "geometry": {
        "type": "Point",
        "coordinates": [52.417748127988517, 29.837510499205063]
      }
    },
    {
      "type": "Feature",
      "properties": {
        "fid": 231.0,
        "handle": "4465",
        "block": "-1",
        "etype": "25",
        "space": "0",
        "layer": "TEXT-2",
        "olinetype": "bylayer",
        "linetype": null,
        "color": "0,0,0,255",
        "ocolor": "256",
        "color24": "-1",
        "transparen": "0",
        "lweight": "-1",
        "linewidth": 0.0,
        "ltscale": 1.0,
        "visible": "1",
        "thickness": 0.0,
        "ext": "(3:0,0,1)",
        "height": 1.87486,
        "text": "941",
        "angle": 2.37892,
        "widthscale": 1.0,
        "oblique": 0.0,
        "style": "STYLE1",
        "textgen": "2",
        "alignh": "0",
        "alignv": "0",
        "interlin": -1.0,
        "lat": 29.83751,
        "lon": 52.41764,
        "Name": "149"
      },
      "geometry": {
        "type": "Point",
        "coordinates": [52.417644801222899, 29.837505418597605]
      }
    },
    {
      "type": "Feature",
      "properties": {
        "fid": 233.0,
        "handle": "4470",
        "block": "-1",
        "etype": "25",
        "space": "0",
        "layer": "TEXT-2",
        "olinetype": "bylayer",
        "linetype": null,
        "color": "0,0,0,255",
        "ocolor": "256",
        "color24": "-1",
        "transparen": "0",
        "lweight": "-1",
        "linewidth": 0.0,
        "ltscale": 1.0,
        "visible": "1",
        "thickness": 0.0,
        "ext": "(3:0,0,1)",
        "height": 1.87486,
        "text": "841",
        "angle": 2.37892,
        "widthscale": 1.0,
        "oblique": 0.0,
        "style": "STYLE1",
        "textgen": "2",
        "alignh": "0",
        "alignv": "0",
        "interlin": -1.0,
        "lat": 29.8375,
        "lon": 52.41754,
        "Name": "148"
      },
      "geometry": {
        "type": "Point",
        "coordinates": [52.417541474464265, 29.837500337908942]
      }
    },
    {
      "type": "Feature",
      "properties": {
        "fid": 235.0,
        "handle": "4475",
        "block": "-1",
        "etype": "25",
        "space": "0",
        "layer": "TEXT-2",
        "olinetype": "bylayer",
        "linetype": null,
        "color": "0,0,0,255",
        "ocolor": "256",
        "color24": "-1",
        "transparen": "0",
        "lweight": "-1",
        "linewidth": 0.0,
        "ltscale": 1.0,
        "visible": "1",
        "thickness": 0.0,
        "ext": "(3:0,0,1)",
        "height": 1.87486,
        "text": "421",
        "angle": 2.37892,
        "widthscale": 1.0,
        "oblique": 0.0,
        "style": "STYLE1",
        "textgen": "2",
        "alignh": "0",
        "alignv": "0",
        "interlin": -1.0,
        "lat": 29.83799,
        "lon": 52.41929,
        "Name": "124"
      },
      "geometry": {
        "type": "Point",
        "coordinates": [52.419292478597669, 29.83799309382778]
      }
    },
    {
      "type": "Feature",
      "properties": {
        "fid": 237.0,
        "handle": "4480",
        "block": "-1",
        "etype": "25",
        "space": "0",
        "layer": "TEXT-2",
        "olinetype": "bylayer",
        "linetype": null,
        "color": "0,0,0,255",
        "ocolor": "256",
        "color24": "-1",
        "transparen": "0",
        "lweight": "-1",
        "linewidth": 0.0,
        "ltscale": 1.0,
        "visible": "1",
        "thickness": 0.0,
        "ext": "(3:0,0,1)",
        "height": 1.87486,
        "text": "321",
        "angle": 2.37892,
        "widthscale": 1.0,
        "oblique": 0.0,
        "style": "STYLE1",
        "textgen": "2",
        "alignh": "0",
        "alignv": "0",
        "interlin": -1.0,
        "lat": 29.83799,
        "lon": 52.41919,
        "Name": "123"
      },
      "geometry": {
        "type": "Point",
        "coordinates": [52.419189151308061, 29.837988014448221]
      }
    },
    {
      "type": "Feature",
      "properties": {
        "fid": 239.0,
        "handle": "4485",
        "block": "-1",
        "etype": "25",
        "space": "0",
        "layer": "TEXT-2",
        "olinetype": "bylayer",
        "linetype": null,
        "color": "0,0,0,255",
        "ocolor": "256",
        "color24": "-1",
        "transparen": "0",
        "lweight": "-1",
        "linewidth": 0.0,
        "ltscale": 1.0,
        "visible": "1",
        "thickness": 0.0,
        "ext": "(3:0,0,1)",
        "height": 1.87486,
        "text": "221",
        "angle": 2.37892,
        "widthscale": 1.0,
        "oblique": 0.0,
        "style": "STYLE1",
        "textgen": "2",
        "alignh": "0",
        "alignv": "0",
        "interlin": -1.0,
        "lat": 29.83798,
        "lon": 52.41909,
        "Name": "122"
      },
      "geometry": {
        "type": "Point",
        "coordinates": [52.41908582402543, 29.837982934987437]
      }
    },
    {
      "type": "Feature",
      "properties": {
        "fid": 241.0,
        "handle": "4490",
        "block": "-1",
        "etype": "25",
        "space": "0",
        "layer": "TEXT-2",
        "olinetype": "bylayer",
        "linetype": null,
        "color": "0,0,0,255",
        "ocolor": "256",
        "color24": "-1",
        "transparen": "0",
        "lweight": "-1",
        "linewidth": 0.0,
        "ltscale": 1.0,
        "visible": "1",
        "thickness": 0.0,
        "ext": "(3:0,0,1)",
        "height": 1.87486,
        "text": "121",
        "angle": 2.37892,
        "widthscale": 1.0,
        "oblique": 0.0,
        "style": "STYLE1",
        "textgen": "2",
        "alignh": "0",
        "alignv": "0",
        "interlin": -1.0,
        "lat": 29.83798,
        "lon": 52.41898,
        "Name": "121"
      },
      "geometry": {
        "type": "Point",
        "coordinates": [52.418982496749784, 29.837977855445441]
      }
    },
    {
      "type": "Feature",
      "properties": {
        "fid": 243.0,
        "handle": "4495",
        "block": "-1",
        "etype": "25",
        "space": "0",
        "layer": "TEXT-2",
        "olinetype": "bylayer",
        "linetype": null,
        "color": "0,0,0,255",
        "ocolor": "256",
        "color24": "-1",
        "transparen": "0",
        "lweight": "-1",
        "linewidth": 0.0,
        "ltscale": 1.0,
        "visible": "1",
        "thickness": 0.0,
        "ext": "(3:0,0,1)",
        "height": 1.87486,
        "text": "021",
        "angle": 2.37892,
        "widthscale": 1.0,
        "oblique": 0.0,
        "style": "STYLE1",
        "textgen": "2",
        "alignh": "0",
        "alignv": "0",
        "interlin": -1.0,
        "lat": 29.83797,
        "lon": 52.41888,
        "Name": "120"
      },
      "geometry": {
        "type": "Point",
        "coordinates": [52.418879169481123, 29.83797277582223]
      }
    },
    {
      "type": "Feature",
      "properties": {
        "fid": 245.0,
        "handle": "4500",
        "block": "-1",
        "etype": "25",
        "space": "0",
        "layer": "TEXT-2",
        "olinetype": "bylayer",
        "linetype": null,
        "color": "0,0,0,255",
        "ocolor": "256",
        "color24": "-1",
        "transparen": "0",
        "lweight": "-1",
        "linewidth": 0.0,
        "ltscale": 1.0,
        "visible": "1",
        "thickness": 0.0,
        "ext": "(3:0,0,1)",
        "height": 1.87486,
        "text": "911",
        "angle": 2.37892,
        "widthscale": 1.0,
        "oblique": 0.0,
        "style": "STYLE1",
        "textgen": "2",
        "alignh": "0",
        "alignv": "0",
        "interlin": -1.0,
        "lat": 29.83797,
        "lon": 52.41878,
        "Name": "119"
      },
      "geometry": {
        "type": "Point",
        "coordinates": [52.418775842219432, 29.837967696117797]
      }
    },
    {
      "type": "Feature",
      "properties": {
        "fid": 247.0,
        "handle": "4505",
        "block": "-1",
        "etype": "25",
        "space": "0",
        "layer": "TEXT-2",
        "olinetype": "bylayer",
        "linetype": null,
        "color": "0,0,0,255",
        "ocolor": "256",
        "color24": "-1",
        "transparen": "0",
        "lweight": "-1",
        "linewidth": 0.0,
        "ltscale": 1.0,
        "visible": "1",
        "thickness": 0.0,
        "ext": "(3:0,0,1)",
        "height": 1.87486,
        "text": "811",
        "angle": 2.37892,
        "widthscale": 1.0,
        "oblique": 0.0,
        "style": "STYLE1",
        "textgen": "2",
        "alignh": "0",
        "alignv": "0",
        "interlin": -1.0,
        "lat": 29.83796,
        "lon": 52.41867,
        "Name": "118"
      },
      "geometry": {
        "type": "Point",
        "coordinates": [52.41867251496474, 29.837962616332149]
      }
    },
    {
      "type": "Feature",
      "properties": {
        "fid": 249.0,
        "handle": "4510",
        "block": "-1",
        "etype": "25",
        "space": "0",
        "layer": "TEXT-2",
        "olinetype": "bylayer",
        "linetype": null,
        "color": "0,0,0,255",
        "ocolor": "256",
        "color24": "-1",
        "transparen": "0",
        "lweight": "-1",
        "linewidth": 0.0,
        "ltscale": 1.0,
        "visible": "1",
        "thickness": 0.0,
        "ext": "(3:0,0,1)",
        "height": 1.87486,
        "text": "711",
        "angle": 2.37892,
        "widthscale": 1.0,
        "oblique": 0.0,
        "style": "STYLE1",
        "textgen": "2",
        "alignh": "0",
        "alignv": "0",
        "interlin": -1.0,
        "lat": 29.83796,
        "lon": 52.41857,
        "Name": "117"
      },
      "geometry": {
        "type": "Point",
        "coordinates": [52.418569187717026, 29.837957536465293]
      }
    },
    {
      "type": "Feature",
      "properties": {
        "fid": 251.0,
        "handle": "4515",
        "block": "-1",
        "etype": "25",
        "space": "0",
        "layer": "TEXT-2",
        "olinetype": "bylayer",
        "linetype": null,
        "color": "0,0,0,255",
        "ocolor": "256",
        "color24": "-1",
        "transparen": "0",
        "lweight": "-1",
        "linewidth": 0.0,
        "ltscale": 1.0,
        "visible": "1",
        "thickness": 0.0,
        "ext": "(3:0,0,1)",
        "height": 1.87486,
        "text": "611",
        "angle": 2.37892,
        "widthscale": 1.0,
        "oblique": 0.0,
        "style": "STYLE1",
        "textgen": "2",
        "alignh": "0",
        "alignv": "0",
        "interlin": -1.0,
        "lat": 29.83795,
        "lon": 52.41847,
        "Name": "116"
      },
      "geometry": {
        "type": "Point",
        "coordinates": [52.418465860476289, 29.837952456517208]
      }
    },
    {
      "type": "Feature",
      "properties": {
        "fid": 253.0,
        "handle": "4520",
        "block": "-1",
        "etype": "25",
        "space": "0",
        "layer": "TEXT-2",
        "olinetype": "bylayer",
        "linetype": null,
        "color": "0,0,0,255",
        "ocolor": "256",
        "color24": "-1",
        "transparen": "0",
        "lweight": "-1",
        "linewidth": 0.0,
        "ltscale": 1.0,
        "visible": "1",
        "thickness": 0.0,
        "ext": "(3:0,0,1)",
        "height": 1.87486,
        "text": "511",
        "angle": 2.37892,
        "widthscale": 1.0,
        "oblique": 0.0,
        "style": "STYLE1",
        "textgen": "2",
        "alignh": "0",
        "alignv": "0",
        "interlin": -1.0,
        "lat": 29.83795,
        "lon": 52.41836,
        "Name": "115"
      },
      "geometry": {
        "type": "Point",
        "coordinates": [52.418362533242529, 29.837947376487918]
      }
    },
    {
      "type": "Feature",
      "properties": {
        "fid": 255.0,
        "handle": "4525",
        "block": "-1",
        "etype": "25",
        "space": "0",
        "layer": "TEXT-2",
        "olinetype": "bylayer",
        "linetype": null,
        "color": "0,0,0,255",
        "ocolor": "256",
        "color24": "-1",
        "transparen": "0",
        "lweight": "-1",
        "linewidth": 0.0,
        "ltscale": 1.0,
        "visible": "1",
        "thickness": 0.0,
        "ext": "(3:0,0,1)",
        "height": 1.87486,
        "text": "521",
        "angle": 2.37892,
        "widthscale": 1.0,
        "oblique": 0.0,
        "style": "STYLE1",
        "textgen": "2",
        "alignh": "0",
        "alignv": "0",
        "interlin": -1.0,
        "lat": 29.83781,
        "lon": 52.4193,
        "Name": "125"
      },
      "geometry": {
        "type": "Point",
        "coordinates": [52.419304130654268, 29.837812925213466]
      }
    },
    {
      "type": "Feature",
      "properties": {
        "fid": 257.0,
        "handle": "4530",
        "block": "-1",
        "etype": "25",
        "space": "0",
        "layer": "TEXT-2",
        "olinetype": "bylayer",
        "linetype": null,
        "color": "0,0,0,255",
        "ocolor": "256",
        "color24": "-1",
        "transparen": "0",
        "lweight": "-1",
        "linewidth": 0.0,
        "ltscale": 1.0,
        "visible": "1",
        "thickness": 0.0,
        "ext": "(3:0,0,1)",
        "height": 1.87486,
        "text": "621",
        "angle": 2.37892,
        "widthscale": 1.0,
        "oblique": 0.0,
        "style": "STYLE1",
        "textgen": "2",
        "alignh": "0",
        "alignv": "0",
        "interlin": -1.0,
        "lat": 29.83781,
        "lon": 52.4192,
        "Name": "126"
      },
      "geometry": {
        "type": "Point",
        "coordinates": [52.419200803550375, 29.837807845836821]
      }
    },
    {
      "type": "Feature",
      "properties": {
        "fid": 259.0,
        "handle": "4535",
        "block": "-1",
        "etype": "25",
        "space": "0",
        "layer": "TEXT-2",
        "olinetype": "bylayer",
        "linetype": null,
        "color": "0,0,0,255",
        "ocolor": "256",
        "color24": "-1",
        "transparen": "0",
        "lweight": "-1",
        "linewidth": 0.0,
        "ltscale": 1.0,
        "visible": "1",
        "thickness": 0.0,
        "ext": "(3:0,0,1)",
        "height": 1.87486,
        "text": "721",
        "angle": 2.37892,
        "widthscale": 1.0,
        "oblique": 0.0,
        "style": "STYLE1",
        "textgen": "2",
        "alignh": "0",
        "alignv": "0",
        "interlin": -1.0,
        "lat": 29.8378,
        "lon": 52.4191,
        "Name": "127"
      },
      "geometry": {
        "type": "Point",
        "coordinates": [52.419097476453452, 29.837802766378957]
      }
    },
    {
      "type": "Feature",
      "properties": {
        "fid": 261.0,
        "handle": "4540",
        "block": "-1",
        "etype": "25",
        "space": "0",
        "layer": "TEXT-2",
        "olinetype": "bylayer",
        "linetype": null,
        "color": "0,0,0,255",
        "ocolor": "256",
        "color24": "-1",
        "transparen": "0",
        "lweight": "-1",
        "linewidth": 0.0,
        "ltscale": 1.0,
        "visible": "1",
        "thickness": 0.0,
        "ext": "(3:0,0,1)",
        "height": 1.87486,
        "text": "821",
        "angle": 2.37892,
        "widthscale": 1.0,
        "oblique": 0.0,
        "style": "STYLE1",
        "textgen": "2",
        "alignh": "0",
        "alignv": "0",
        "interlin": -1.0,
        "lat": 29.8378,
        "lon": 52.41899,
        "Name": "128"
      },
      "geometry": {
        "type": "Point",
        "coordinates": [52.41899414936352, 29.837797686839874]
      }
    },
    {
      "type": "Feature",
      "properties": {
        "fid": 263.0,
        "handle": "4545",
        "block": "-1",
        "etype": "25",
        "space": "0",
        "layer": "TEXT-2",
        "olinetype": "bylayer",
        "linetype": null,
        "color": "0,0,0,255",
        "ocolor": "256",
        "color24": "-1",
        "transparen": "0",
        "lweight": "-1",
        "linewidth": 0.0,
        "ltscale": 1.0,
        "visible": "1",
        "thickness": 0.0,
        "ext": "(3:0,0,1)",
        "height": 1.87486,
        "text": "921",
        "angle": 2.37892,
        "widthscale": 1.0,
        "oblique": 0.0,
        "style": "STYLE1",
        "textgen": "2",
        "alignh": "0",
        "alignv": "0",
        "interlin": -1.0,
        "lat": 29.83779,
        "lon": 52.41889,
        "Name": "129"
      },
      "geometry": {
        "type": "Point",
        "coordinates": [52.418890822280567, 29.837792607219583]
      }
    },
    {
      "type": "Feature",
      "properties": {
        "fid": 265.0,
        "handle": "4550",
        "block": "-1",
        "etype": "25",
        "space": "0",
        "layer": "TEXT-2",
        "olinetype": "bylayer",
        "linetype": null,
        "color": "0,0,0,255",
        "ocolor": "256",
        "color24": "-1",
        "transparen": "0",
        "lweight": "-1",
        "linewidth": 0.0,
        "ltscale": 1.0,
        "visible": "1",
        "thickness": 0.0,
        "ext": "(3:0,0,1)",
        "height": 1.87486,
        "text": "031",
        "angle": 2.37892,
        "widthscale": 1.0,
        "oblique": 0.0,
        "style": "STYLE1",
        "textgen": "2",
        "alignh": "0",
        "alignv": "0",
        "interlin": -1.0,
        "lat": 29.83779,
        "lon": 52.41879,
        "Name": "130"
      },
      "geometry": {
        "type": "Point",
        "coordinates": [52.41878749520459, 29.837787527518078]
      }
    },
    {
      "type": "Feature",
      "properties": {
        "fid": 267.0,
        "handle": "4555",
        "block": "-1",
        "etype": "25",
        "space": "0",
        "layer": "TEXT-2",
        "olinetype": "bylayer",
        "linetype": null,
        "color": "0,0,0,255",
        "ocolor": "256",
        "color24": "-1",
        "transparen": "0",
        "lweight": "-1",
        "linewidth": 0.0,
        "ltscale": 1.0,
        "visible": "1",
        "thickness": 0.0,
        "ext": "(3:0,0,1)",
        "height": 1.87486,
        "text": "131",
        "angle": 2.37892,
        "widthscale": 1.0,
        "oblique": 0.0,
        "style": "STYLE1",
        "textgen": "2",
        "alignh": "0",
        "alignv": "0",
        "interlin": -1.0,
        "lat": 29.83778,
        "lon": 52.41868,
        "Name": "131"
      },
      "geometry": {
        "type": "Point",
        "coordinates": [52.418684168135606, 29.83778244773535]
      }
    },
    {
      "type": "Feature",
      "properties": {
        "fid": 269.0,
        "handle": "4560",
        "block": "-1",
        "etype": "25",
        "space": "0",
        "layer": "TEXT-2",
        "olinetype": "bylayer",
        "linetype": null,
        "color": "0,0,0,255",
        "ocolor": "256",
        "color24": "-1",
        "transparen": "0",
        "lweight": "-1",
        "linewidth": 0.0,
        "ltscale": 1.0,
        "visible": "1",
        "thickness": 0.0,
        "ext": "(3:0,0,1)",
        "height": 1.87486,
        "text": "231",
        "angle": 2.37892,
        "widthscale": 1.0,
        "oblique": 0.0,
        "style": "STYLE1",
        "textgen": "2",
        "alignh": "0",
        "alignv": "0",
        "interlin": -1.0,
        "lat": 29.83778,
        "lon": 52.41858,
        "Name": "132"
      },
      "geometry": {
        "type": "Point",
        "coordinates": [52.418580841073599, 29.837777367871411]
      }
    },
    {
      "type": "Feature",
      "properties": {
        "fid": 271.0,
        "handle": "4565",
        "block": "-1",
        "etype": "25",
        "space": "0",
        "layer": "TEXT-2",
        "olinetype": "bylayer",
        "linetype": null,
        "color": "0,0,0,255",
        "ocolor": "256",
        "color24": "-1",
        "transparen": "0",
        "lweight": "-1",
        "linewidth": 0.0,
        "ltscale": 1.0,
        "visible": "1",
        "thickness": 0.0,
        "ext": "(3:0,0,1)",
        "height": 1.87486,
        "text": "331",
        "angle": 2.37892,
        "widthscale": 1.0,
        "oblique": 0.0,
        "style": "STYLE1",
        "textgen": "2",
        "alignh": "0",
        "alignv": "0",
        "interlin": -1.0,
        "lat": 29.83777,
        "lon": 52.41848,
        "Name": "133"
      },
      "geometry": {
        "type": "Point",
        "coordinates": [52.418477514018569, 29.837772287926253]
      }
    },
    {
      "type": "Feature",
      "properties": {
        "fid": 273.0,
        "handle": "4570",
        "block": "-1",
        "etype": "25",
        "space": "0",
        "layer": "TEXT-2",
        "olinetype": "bylayer",
        "linetype": null,
        "color": "0,0,0,255",
        "ocolor": "256",
        "color24": "-1",
        "transparen": "0",
        "lweight": "-1",
        "linewidth": 0.0,
        "ltscale": 1.0,
        "visible": "1",
        "thickness": 0.0,
        "ext": "(3:0,0,1)",
        "height": 1.87486,
        "text": "431",
        "angle": 2.37892,
        "widthscale": 1.0,
        "oblique": 0.0,
        "style": "STYLE1",
        "textgen": "2",
        "alignh": "0",
        "alignv": "0",
        "interlin": -1.0,
        "lat": 29.83777,
        "lon": 52.41837,
        "Name": "134"
      },
      "geometry": {
        "type": "Point",
        "coordinates": [52.418374186970524, 29.837767207899883]
      }
    },
    {
      "type": "Feature",
      "properties": {
        "fid": 275.0,
        "handle": "4575",
        "block": "-1",
        "etype": "25",
        "space": "0",
        "layer": "TEXT-2",
        "olinetype": "bylayer",
        "linetype": null,
        "color": "0,0,0,255",
        "ocolor": "256",
        "color24": "-1",
        "transparen": "0",
        "lweight": "-1",
        "linewidth": 0.0,
        "ltscale": 1.0,
        "visible": "1",
        "thickness": 0.0,
        "ext": "(3:0,0,1)",
        "height": 1.87486,
        "text": "261",
        "angle": 2.37892,
        "widthscale": 1.0,
        "oblique": 0.0,
        "style": "STYLE1",
        "textgen": "2",
        "alignh": "0",
        "alignv": "0",
        "interlin": -1.0,
        "lat": 29.83753,
        "lon": 52.41911,
        "Name": "162"
      },
      "geometry": {
        "type": "Point",
        "coordinates": [52.419114955043128, 29.837532513457941]
      }
    },
    {
      "type": "Feature",
      "properties": {
        "fid": 277.0,
        "handle": "4580",
        "block": "-1",
        "etype": "25",
        "space": "0",
        "layer": "TEXT-2",
        "olinetype": "bylayer",
        "linetype": null,
        "color": "0,0,0,255",
        "ocolor": "256",
        "color24": "-1",
        "transparen": "0",
        "lweight": "-1",
        "linewidth": 0.0,
        "ltscale": 1.0,
        "visible": "1",
        "thickness": 0.0,
        "ext": "(3:0,0,1)",
        "height": 1.87486,
        "text": "161",
        "angle": 2.37892,
        "widthscale": 1.0,
        "oblique": 0.0,
        "style": "STYLE1",
        "textgen": "2",
        "alignh": "0",
        "alignv": "0",
        "interlin": -1.0,
        "lat": 29.83753,
        "lon": 52.41901,
        "Name": "161"
      },
      "geometry": {
        "type": "Point",
        "coordinates": [52.419011628231758, 29.837527433923235]
      }
    },
    {
      "type": "Feature",
      "properties": {
        "fid": 279.0,
        "handle": "4585",
        "block": "-1",
        "etype": "25",
        "space": "0",
        "layer": "TEXT-2",
        "olinetype": "bylayer",
        "linetype": null,
        "color": "0,0,0,255",
        "ocolor": "256",
        "color24": "-1",
        "transparen": "0",
        "lweight": "-1",
        "linewidth": 0.0,
        "ltscale": 1.0,
        "visible": "1",
        "thickness": 0.0,
        "ext": "(3:0,0,1)",
        "height": 1.87486,
        "text": "061",
        "angle": 2.37892,
        "widthscale": 1.0,
        "oblique": 0.0,
        "style": "STYLE1",
        "textgen": "2",
        "alignh": "0",
        "alignv": "0",
        "interlin": -1.0,
        "lat": 29.83752,
        "lon": 52.41891,
        "Name": "160"
      },
      "geometry": {
        "type": "Point",
        "coordinates": [52.418908301427365, 29.837522354307321]
      }
    },
    {
      "type": "Feature",
      "properties": {
        "fid": 281.0,
        "handle": "4590",
        "block": "-1",
        "etype": "25",
        "space": "0",
        "layer": "TEXT-2",
        "olinetype": "bylayer",
        "linetype": null,
        "color": "0,0,0,255",
        "ocolor": "256",
        "color24": "-1",
        "transparen": "0",
        "lweight": "-1",
        "linewidth": 0.0,
        "ltscale": 1.0,
        "visible": "1",
        "thickness": 0.0,
        "ext": "(3:0,0,1)",
        "height": 1.87486,
        "text": "951",
        "angle": 2.37892,
        "widthscale": 1.0,
        "oblique": 0.0,
        "style": "STYLE1",
        "textgen": "2",
        "alignh": "0",
        "alignv": "0",
        "interlin": -1.0,
        "lat": 29.83752,
        "lon": 52.4188,
        "Name": "159"
      },
      "geometry": {
        "type": "Point",
        "coordinates": [52.418804974629957, 29.837517274610185]
      }
    },
    {
      "type": "Feature",
      "properties": {
        "fid": 283.0,
        "handle": "4595",
        "block": "-1",
        "etype": "25",
        "space": "0",
        "layer": "TEXT-2",
        "olinetype": "bylayer",
        "linetype": null,
        "color": "0,0,0,255",
        "ocolor": "256",
        "color24": "-1",
        "transparen": "0",
        "lweight": "-1",
        "linewidth": 0.0,
        "ltscale": 1.0,
        "visible": "1",
        "thickness": 0.0,
        "ext": "(3:0,0,1)",
        "height": 1.87486,
        "text": "851",
        "angle": 2.37892,
        "widthscale": 1.0,
        "oblique": 0.0,
        "style": "STYLE1",
        "textgen": "2",
        "alignh": "0",
        "alignv": "0",
        "interlin": -1.0,
        "lat": 29.83751,
        "lon": 52.4187,
        "Name": "158"
      },
      "geometry": {
        "type": "Point",
        "coordinates": [52.418701647839534, 29.837512194831845]
      }
    },
    {
      "type": "Feature",
      "properties": {
        "fid": 285.0,
        "handle": "4600",
        "block": "-1",
        "etype": "25",
        "space": "0",
        "layer": "TEXT-2",
        "olinetype": "bylayer",
        "linetype": null,
        "color": "0,0,0,255",
        "ocolor": "256",
        "color24": "-1",
        "transparen": "0",
        "lweight": "-1",
        "linewidth": 0.0,
        "ltscale": 1.0,
        "visible": "1",
        "thickness": 0.0,
        "ext": "(3:0,0,1)",
        "height": 1.87486,
        "text": "751",
        "angle": 2.37892,
        "widthscale": 1.0,
        "oblique": 0.0,
        "style": "STYLE1",
        "textgen": "2",
        "alignh": "0",
        "alignv": "0",
        "interlin": -1.0,
        "lat": 29.83751,
        "lon": 52.4186,
        "Name": "157"
      },
      "geometry": {
        "type": "Point",
        "coordinates": [52.418598321056081, 29.83750711497229]
      }
    },
    {
      "type": "Feature",
      "properties": {
        "fid": 287.0,
        "handle": "4605",
        "block": "-1",
        "etype": "25",
        "space": "0",
        "layer": "TEXT-2",
        "olinetype": "bylayer",
        "linetype": null,
        "color": "0,0,0,255",
        "ocolor": "256",
        "color24": "-1",
        "transparen": "0",
        "lweight": "-1",
        "linewidth": 0.0,
        "ltscale": 1.0,
        "visible": "1",
        "thickness": 0.0,
        "ext": "(3:0,0,1)",
        "height": 1.87486,
        "text": "651",
        "angle": 2.37892,
        "widthscale": 1.0,
        "oblique": 0.0,
        "style": "STYLE1",
        "textgen": "2",
        "alignh": "0",
        "alignv": "0",
        "interlin": -1.0,
        "lat": 29.8375,
        "lon": 52.41849,
        "Name": "156"
      },
      "geometry": {
        "type": "Point",
        "coordinates": [52.418494994279627, 29.83750203503153]
      }
    },
    {
      "type": "Feature",
      "properties": {
        "fid": 289.0,
        "handle": "4610",
        "block": "-1",
        "etype": "25",
        "space": "0",
        "layer": "TEXT-2",
        "olinetype": "bylayer",
        "linetype": null,
        "color": "0,0,0,255",
        "ocolor": "256",
        "color24": "-1",
        "transparen": "0",
        "lweight": "-1",
        "linewidth": 0.0,
        "ltscale": 1.0,
        "visible": "1",
        "thickness": 0.0,
        "ext": "(3:0,0,1)",
        "height": 1.87486,
        "text": "551",
        "angle": 2.37892,
        "widthscale": 1.0,
        "oblique": 0.0,
        "style": "STYLE1",
        "textgen": "2",
        "alignh": "0",
        "alignv": "0",
        "interlin": -1.0,
        "lat": 29.8375,
        "lon": 52.41839,
        "Name": "155"
      },
      "geometry": {
        "type": "Point",
        "coordinates": [52.418391667510143, 29.837496955009531]
      }
    },
    {
      "type": "Feature",
      "properties": {
        "fid": 291.0,
        "handle": "4615",
        "block": "-1",
        "etype": "25",
        "space": "0",
        "layer": "TEXT-2",
        "olinetype": "bylayer",
        "linetype": null,
        "color": "0,0,0,255",
        "ocolor": "256",
        "color24": "-1",
        "transparen": "0",
        "lweight": "-1",
        "linewidth": 0.0,
        "ltscale": 1.0,
        "visible": "1",
        "thickness": 0.0,
        "ext": "(3:0,0,1)",
        "height": 1.87486,
        "text": "961",
        "angle": 2.37892,
        "widthscale": 1.0,
        "oblique": 0.0,
        "style": "STYLE1",
        "textgen": "2",
        "alignh": "0",
        "alignv": "0",
        "interlin": -1.0,
        "lat": 29.83732,
        "lon": 52.4184,
        "Name": "169"
      },
      "geometry": {
        "type": "Point",
        "coordinates": [52.418403321168292, 29.83731678641044]
      }
    },
    {
      "type": "Feature",
      "properties": {
        "fid": 293.0,
        "handle": "4620",
        "block": "-1",
        "etype": "25",
        "space": "0",
        "layer": "TEXT-2",
        "olinetype": "bylayer",
        "linetype": null,
        "color": "0,0,0,255",
        "ocolor": "256",
        "color24": "-1",
        "transparen": "0",
        "lweight": "-1",
        "linewidth": 0.0,
        "ltscale": 1.0,
        "visible": "1",
        "thickness": 0.0,
        "ext": "(3:0,0,1)",
        "height": 1.87486,
        "text": "861",
        "angle": 2.37892,
        "widthscale": 1.0,
        "oblique": 0.0,
        "style": "STYLE1",
        "textgen": "2",
        "alignh": "0",
        "alignv": "0",
        "interlin": -1.0,
        "lat": 29.83732,
        "lon": 52.41851,
        "Name": "168"
      },
      "geometry": {
        "type": "Point",
        "coordinates": [52.418506647752068, 29.837321866429498]
      }
    },
    {
      "type": "Feature",
      "properties": {
        "fid": 295.0,
        "handle": "4625",
        "block": "-1",
        "etype": "25",
        "space": "0",
        "layer": "TEXT-2",
        "olinetype": "bylayer",
        "linetype": null,
        "color": "0,0,0,255",
        "ocolor": "256",
        "color24": "-1",
        "transparen": "0",
        "lweight": "-1",
        "linewidth": 0.0,
        "ltscale": 1.0,
        "visible": "1",
        "thickness": 0.0,
        "ext": "(3:0,0,1)",
        "height": 1.87486,
        "text": "761",
        "angle": 2.37892,
        "widthscale": 1.0,
        "oblique": 0.0,
        "style": "STYLE1",
        "textgen": "2",
        "alignh": "0",
        "alignv": "0",
        "interlin": -1.0,
        "lat": 29.83733,
        "lon": 52.41861,
        "Name": "167"
      },
      "geometry": {
        "type": "Point",
        "coordinates": [52.418609974342829, 29.837326946367348]
      }
    },
    {
      "type": "Feature",
      "properties": {
        "fid": 297.0,
        "handle": "4630",
        "block": "-1",
        "etype": "25",
        "space": "0",
        "layer": "TEXT-2",
        "olinetype": "bylayer",
        "linetype": null,
        "color": "0,0,0,255",
        "ocolor": "256",
        "color24": "-1",
        "transparen": "0",
        "lweight": "-1",
        "linewidth": 0.0,
        "ltscale": 1.0,
        "visible": "1",
        "thickness": 0.0,
        "ext": "(3:0,0,1)",
        "height": 1.87486,
        "text": "661",
        "angle": 2.37892,
        "widthscale": 1.0,
        "oblique": 0.0,
        "style": "STYLE1",
        "textgen": "2",
        "alignh": "0",
        "alignv": "0",
        "interlin": -1.0,
        "lat": 29.83733,
        "lon": 52.41871,
        "Name": "166"
      },
      "geometry": {
        "type": "Point",
        "coordinates": [52.418713300940567, 29.837332026223997]
      }
    },
    {
      "type": "Feature",
      "properties": {
        "fid": 299.0,
        "handle": "4635",
        "block": "-1",
        "etype": "25",
        "space": "0",
        "layer": "TEXT-2",
        "olinetype": "bylayer",
        "linetype": null,
        "color": "0,0,0,255",
        "ocolor": "256",
        "color24": "-1",
        "transparen": "0",
        "lweight": "-1",
        "linewidth": 0.0,
        "ltscale": 1.0,
        "visible": "1",
        "thickness": 0.0,
        "ext": "(3:0,0,1)",
        "height": 1.87486,
        "text": "561",
        "angle": 2.37892,
        "widthscale": 1.0,
        "oblique": 0.0,
        "style": "STYLE1",
        "textgen": "2",
        "alignh": "0",
        "alignv": "0",
        "interlin": -1.0,
        "lat": 29.83734,
        "lon": 52.41882,
        "Name": "165"
      },
      "geometry": {
        "type": "Point",
        "coordinates": [52.41881662754529, 29.837337105999421]
      }
    },
    {
      "type": "Feature",
      "properties": {
        "fid": 301.0,
        "handle": "4640",
        "block": "-1",
        "etype": "25",
        "space": "0",
        "layer": "TEXT-2",
        "olinetype": "bylayer",
        "linetype": null,
        "color": "0,0,0,255",
        "ocolor": "256",
        "color24": "-1",
        "transparen": "0",
        "lweight": "-1",
        "linewidth": 0.0,
        "ltscale": 1.0,
        "visible": "1",
        "thickness": 0.0,
        "ext": "(3:0,0,1)",
        "height": 1.87486,
        "text": "461",
        "angle": 2.37892,
        "widthscale": 1.0,
        "oblique": 0.0,
        "style": "STYLE1",
        "textgen": "2",
        "alignh": "0",
        "alignv": "0",
        "interlin": -1.0,
        "lat": 29.83734,
        "lon": 52.41892,
        "Name": "164"
      },
      "geometry": {
        "type": "Point",
        "coordinates": [52.418919954156991, 29.837342185693625]
      }
    },
    {
      "type": "Feature",
      "properties": {
        "fid": 303.0,
        "handle": "4645",
        "block": "-1",
        "etype": "25",
        "space": "0",
        "layer": "TEXT-2",
        "olinetype": "bylayer",
        "linetype": null,
        "color": "0,0,0,255",
        "ocolor": "256",
        "color24": "-1",
        "transparen": "0",
        "lweight": "-1",
        "linewidth": 0.0,
        "ltscale": 1.0,
        "visible": "1",
        "thickness": 0.0,
        "ext": "(3:0,0,1)",
        "height": 1.87486,
        "text": "361",
        "angle": 2.37892,
        "widthscale": 1.0,
        "oblique": 0.0,
        "style": "STYLE1",
        "textgen": "2",
        "alignh": "0",
        "alignv": "0",
        "interlin": -1.0,
        "lat": 29.83735,
        "lon": 52.41902,
        "Name": "163"
      },
      "geometry": {
        "type": "Point",
        "coordinates": [52.419023280775676, 29.837347265306619]
      }
    },
    {
      "type": "Feature",
      "properties": {
        "fid": 305.0,
        "handle": "4650",
        "block": "-1",
        "etype": "25",
        "space": "0",
        "layer": "TEXT-2",
        "olinetype": "bylayer",
        "linetype": null,
        "color": "0,0,0,255",
        "ocolor": "256",
        "color24": "-1",
        "transparen": "0",
        "lweight": "-1",
        "linewidth": 0.0,
        "ltscale": 1.0,
        "visible": "1",
        "thickness": 0.0,
        "ext": "(3:0,0,1)",
        "height": 1.87486,
        "text": "701",
        "angle": 2.37892,
        "widthscale": 1.0,
        "oblique": 0.0,
        "style": "STYLE1",
        "textgen": "2",
        "alignh": "0",
        "alignv": "0",
        "interlin": -1.0,
        "lat": 29.83794,
        "lon": 52.41741,
        "Name": "107"
      },
      "geometry": {
        "type": "Point",
        "coordinates": [52.417405835940173, 29.837942329114618]
      }
    },
    {
      "type": "Feature",
      "properties": {
        "fid": 307.0,
        "handle": "4654",
        "block": "-1",
        "etype": "25",
        "space": "0",
        "layer": "TEXT-2",
        "olinetype": "bylayer",
        "linetype": null,
        "color": "0,0,0,255",
        "ocolor": "256",
        "color24": "-1",
        "transparen": "0",
        "lweight": "-1",
        "linewidth": 0.0,
        "ltscale": 1.0,
        "visible": "1",
        "thickness": 0.0,
        "ext": "(3:0,0,1)",
        "height": 1.87486,
        "text": "601",
        "angle": 2.37892,
        "widthscale": 1.0,
        "oblique": 0.0,
        "style": "STYLE1",
        "textgen": "2",
        "alignh": "0",
        "alignv": "0",
        "interlin": -1.0,
        "lat": 29.83794,
        "lon": 52.4173,
        "Name": "106"
      },
      "geometry": {
        "type": "Point",
        "coordinates": [52.417302508734757, 29.83793724825361]
      }
    },
    {
      "type": "Feature",
      "properties": {
        "fid": 309.0,
        "handle": "4658",
        "block": "-1",
        "etype": "25",
        "space": "0",
        "layer": "TEXT-2",
        "olinetype": "bylayer",
        "linetype": null,
        "color": "0,0,0,255",
        "ocolor": "256",
        "color24": "-1",
        "transparen": "0",
        "lweight": "-1",
        "linewidth": 0.0,
        "ltscale": 1.0,
        "visible": "1",
        "thickness": 0.0,
        "ext": "(3:0,0,1)",
        "height": 1.87486,
        "text": "241",
        "angle": 2.37892,
        "widthscale": 1.0,
        "oblique": 0.0,
        "style": "STYLE1",
        "textgen": "2",
        "alignh": "0",
        "alignv": "0",
        "interlin": -1.0,
        "lat": 29.83766,
        "lon": 52.41742,
        "Name": "142"
      },
      "geometry": {
        "type": "Point",
        "coordinates": [52.417423901874344, 29.837663067844733]
      }
    },
    {
      "type": "Feature",
      "properties": {
        "fid": 311.0,
        "handle": "4662",
        "block": "-1",
        "etype": "25",
        "space": "0",
        "layer": "TEXT-2",
        "olinetype": "bylayer",
        "linetype": null,
        "color": "0,0,0,255",
        "ocolor": "256",
        "color24": "-1",
        "transparen": "0",
        "lweight": "-1",
        "linewidth": 0.0,
        "ltscale": 1.0,
        "visible": "1",
        "thickness": 0.0,
        "ext": "(3:0,0,1)",
        "height": 1.87486,
        "text": "341",
        "angle": 2.37892,
        "widthscale": 1.0,
        "oblique": 0.0,
        "style": "STYLE1",
        "textgen": "2",
        "alignh": "0",
        "alignv": "0",
        "interlin": -1.0,
        "lat": 29.83766,
        "lon": 52.41732,
        "Name": "143"
      },
      "geometry": {
        "type": "Point",
        "coordinates": [52.417320574956776, 29.837657986988244]
      }
    },
    {
      "type": "Feature",
      "properties": {
        "fid": 313.0,
        "handle": "4666",
        "block": "-1",
        "etype": "25",
        "space": "0",
        "layer": "TEXT-2",
        "olinetype": "bylayer",
        "linetype": null,
        "color": "0,0,0,255",
        "ocolor": "256",
        "color24": "-1",
        "transparen": "0",
        "lweight": "-1",
        "linewidth": 0.0,
        "ltscale": 1.0,
        "visible": "1",
        "thickness": 0.0,
        "ext": "(3:0,0,1)",
        "height": 1.87486,
        "text": "741",
        "angle": 2.37892,
        "widthscale": 1.0,
        "oblique": 0.0,
        "style": "STYLE1",
        "textgen": "2",
        "alignh": "0",
        "alignv": "0",
        "interlin": -1.0,
        "lat": 29.83749,
        "lon": 52.41743,
        "Name": "147"
      },
      "geometry": {
        "type": "Point",
        "coordinates": [52.417434974510485, 29.837491907706315]
      }
    },
    {
      "type": "Feature",
      "properties": {
        "fid": 315.0,
        "handle": "4670",
        "block": "-1",
        "etype": "25",
        "space": "0",
        "layer": "TEXT-2",
        "olinetype": "bylayer",
        "linetype": null,
        "color": "0,0,0,255",
        "ocolor": "256",
        "color24": "-1",
        "transparen": "0",
        "lweight": "-1",
        "linewidth": 0.0,
        "ltscale": 1.0,
        "visible": "1",
        "thickness": 0.0,
        "ext": "(3:0,0,1)",
        "height": 1.87486,
        "text": "641",
        "angle": 2.37892,
        "widthscale": 1.0,
        "oblique": 0.0,
        "style": "STYLE1",
        "textgen": "2",
        "alignh": "0",
        "alignv": "0",
        "interlin": -1.0,
        "lat": 29.83749,
        "lon": 52.41733,
        "Name": "146"
      },
      "geometry": {
        "type": "Point",
        "coordinates": [52.417331647769331, 29.837486826852615]
      }
    },
    {
      "type": "Feature",
      "properties": {
        "fid": 317.0,
        "handle": "4674",
        "block": "-1",
        "etype": "25",
        "space": "0",
        "layer": "TEXT-2",
        "olinetype": "bylayer",
        "linetype": null,
        "color": "0,0,0,255",
        "ocolor": "256",
        "color24": "-1",
        "transparen": "0",
        "lweight": "-1",
        "linewidth": 0.0,
        "ltscale": 1.0,
        "visible": "1",
        "thickness": 0.0,
        "ext": "(3:0,0,1)",
        "height": 1.87486,
        "text": "411",
        "angle": 2.37892,
        "widthscale": 1.0,
        "oblique": 0.0,
        "style": "STYLE1",
        "textgen": "2",
        "alignh": "0",
        "alignv": "0",
        "interlin": -1.0,
        "lat": 29.83794,
        "lon": 52.41826,
        "Name": "114"
      },
      "geometry": {
        "type": "Point",
        "coordinates": [52.418258215271308, 29.837940109261776]
      }
    },
    {
      "type": "Feature",
      "properties": {
        "fid": 319.0,
        "handle": "4680",
        "block": "-1",
        "etype": "25",
        "space": "0",
        "layer": "TEXT-2",
        "olinetype": "bylayer",
        "linetype": null,
        "color": "0,0,0,255",
        "ocolor": "256",
        "color24": "-1",
        "transparen": "0",
        "lweight": "-1",
        "linewidth": 0.0,
        "ltscale": 1.0,
        "visible": "1",
        "thickness": 0.0,
        "ext": "(3:0,0,1)",
        "height": 1.87486,
        "text": "531",
        "angle": 2.37892,
        "widthscale": 1.0,
        "oblique": 0.0,
        "style": "STYLE1",
        "textgen": "2",
        "alignh": "0",
        "alignv": "0",
        "interlin": -1.0,
        "lat": 29.83776,
        "lon": 52.41827,
        "Name": "135"
      },
      "geometry": {
        "type": "Point",
        "coordinates": [52.418266786881311, 29.837757736258048]
      }
    },
    {
      "type": "Feature",
      "properties": {
        "fid": 321.0,
        "handle": "4685",
        "block": "-1",
        "etype": "25",
        "space": "0",
        "layer": "TEXT-2",
        "olinetype": "bylayer",
        "linetype": null,
        "color": "0,0,0,255",
        "ocolor": "256",
        "color24": "-1",
        "transparen": "0",
        "lweight": "-1",
        "linewidth": 0.0,
        "ltscale": 1.0,
        "visible": "1",
        "thickness": 0.0,
        "ext": "(3:0,0,1)",
        "height": 1.87486,
        "text": "451",
        "angle": 2.37892,
        "widthscale": 1.0,
        "oblique": 0.0,
        "style": "STYLE1",
        "textgen": "2",
        "alignh": "0",
        "alignv": "0",
        "interlin": -1.0,
        "lat": 29.83749,
        "lon": 52.41829,
        "Name": "154"
      },
      "geometry": {
        "type": "Point",
        "coordinates": [52.418287350007432, 29.837489687790647]
      }
    },
    {
      "type": "Feature",
      "properties": {
        "fid": 323.0,
        "handle": "4691",
        "block": "-1",
        "etype": "25",
        "space": "0",
        "layer": "TEXT-2",
        "olinetype": "bylayer",
        "linetype": null,
        "color": "0,0,0,255",
        "ocolor": "256",
        "color24": "-1",
        "transparen": "0",
        "lweight": "-1",
        "linewidth": 0.0,
        "ltscale": 1.0,
        "visible": "1",
        "thickness": 0.0,
        "ext": "(3:0,0,1)",
        "height": 1.87486,
        "text": "071",
        "angle": 2.37892,
        "widthscale": 1.0,
        "oblique": 0.0,
        "style": "STYLE1",
        "textgen": "2",
        "alignh": "0",
        "alignv": "0",
        "interlin": -1.0,
        "lat": 29.83731,
        "lon": 52.4183,
        "Name": "170"
      },
      "geometry": {
        "type": "Point",
        "coordinates": [52.418295921561246, 29.837307314775963]
      }
    },
    {
      "type": "Feature",
      "properties": {
        "fid": 325.0,
        "handle": "4696",
        "block": "-1",
        "etype": "25",
        "space": "0",
        "layer": "TEXT-2",
        "olinetype": "bylayer",
        "linetype": null,
        "color": "0,0,0,255",
        "ocolor": "256",
        "color24": "-1",
        "transparen": "0",
        "lweight": "-1",
        "linewidth": 0.0,
        "ltscale": 1.0,
        "visible": "1",
        "thickness": 0.0,
        "ext": "(3:0,0,1)",
        "height": 1.87486,
        "text": "401",
        "angle": 2.37892,
        "widthscale": 1.0,
        "oblique": 0.0,
        "style": "STYLE1",
        "textgen": "2",
        "alignh": "0",
        "alignv": "0",
        "interlin": -1.0,
        "lat": 29.83811,
        "lon": 52.41721,
        "Name": "104"
      },
      "geometry": {
        "type": "Point",
        "coordinates": [52.417206113664328, 29.83811458398193]
      }
    },
    {
      "type": "Feature",
      "properties": {
        "fid": 327.0,
        "handle": "4701",
        "block": "-1",
        "etype": "25",
        "space": "0",
        "layer": "TEXT-2",
        "olinetype": "bylayer",
        "linetype": null,
        "color": "0,0,0,255",
        "ocolor": "256",
        "color24": "-1",
        "transparen": "0",
        "lweight": "-1",
        "linewidth": 0.0,
        "ltscale": 1.0,
        "visible": "1",
        "thickness": 0.0,
        "ext": "(3:0,0,1)",
        "height": 1.87486,
        "text": "501",
        "angle": 2.37892,
        "widthscale": 1.0,
        "oblique": 0.0,
        "style": "STYLE1",
        "textgen": "2",
        "alignh": "0",
        "alignv": "0",
        "interlin": -1.0,
        "lat": 29.83793,
        "lon": 52.4172,
        "Name": "105"
      },
      "geometry": {
        "type": "Point",
        "coordinates": [52.41720323737853, 29.837929015575519]
      }
    },
    {
      "type": "Feature",
      "properties": {
        "fid": 329.0,
        "handle": "4707",
        "block": "-1",
        "etype": "25",
        "space": "0",
        "layer": "TEXT-2",
        "olinetype": "bylayer",
        "linetype": null,
        "color": "0,0,0,255",
        "ocolor": "256",
        "color24": "-1",
        "transparen": "0",
        "lweight": "-1",
        "linewidth": 0.0,
        "ltscale": 1.0,
        "visible": "1",
        "thickness": 0.0,
        "ext": "(3:0,0,1)",
        "height": 1.87486,
        "text": "441",
        "angle": 2.37892,
        "widthscale": 1.0,
        "oblique": 0.0,
        "style": "STYLE1",
        "textgen": "2",
        "alignh": "0",
        "alignv": "0",
        "interlin": -1.0,
        "lat": 29.83768,
        "lon": 52.4172,
        "Name": "144"
      },
      "geometry": {
        "type": "Point",
        "coordinates": [52.417200925745995, 29.837680122566269]
      }
    },
    {
      "type": "Feature",
      "properties": {
        "fid": 333.0,
        "handle": "4721",
        "block": "-1",
        "etype": "25",
        "space": "0",
        "layer": "TEXT-2",
        "olinetype": "bylayer",
        "linetype": null,
        "color": "0,0,0,255",
        "ocolor": "256",
        "color24": "-1",
        "transparen": "0",
        "lweight": "-1",
        "linewidth": 0.0,
        "ltscale": 1.0,
        "visible": "1",
        "thickness": 0.0,
        "ext": "(3:0,0,1)",
        "height": 1.87486,
        "text": "541",
        "angle": 2.37892,
        "widthscale": 1.0,
        "oblique": 0.0,
        "style": "STYLE1",
        "textgen": "2",
        "alignh": "0",
        "alignv": "0",
        "interlin": -1.0,
        "lat": 29.83747,
        "lon": 52.41721,
        "Name": "145"
      },
      "geometry": {
        "type": "Point",
        "coordinates": [52.417210395008446, 29.837467585585159]
      }
    },
    {
      "type": "Feature",
      "properties": {
        "fid": 334.0,
        "handle": "4723",
        "block": "-1",
        "etype": "25",
        "space": "0",
        "layer": "TEXT-2",
        "olinetype": "bylayer",
        "linetype": null,
        "color": "0,0,0,255",
        "ocolor": "256",
        "color24": "-1",
        "transparen": "0",
        "lweight": "-1",
        "linewidth": 0.0,
        "ltscale": 1.0,
        "visible": "1",
        "thickness": 0.0,
        "ext": "(3:0,0,1)",
        "height": 1.87486,
        "text": "271",
        "angle": 2.37892,
        "widthscale": 1.0,
        "oblique": 0.0,
        "style": "STYLE1",
        "textgen": "2",
        "alignh": "0",
        "alignv": "0",
        "interlin": -1.0,
        "lat": 29.83723,
        "lon": 52.41798,
        "Name": "172"
      },
      "geometry": {
        "type": "Point",
        "coordinates": [52.417976229684314, 29.837230056705113]
      }
    },
    {
      "type": "Feature",
      "properties": {
        "fid": 336.0,
        "handle": "4726",
        "block": "-1",
        "etype": "25",
        "space": "0",
        "layer": "TEXT-2",
        "olinetype": "bylayer",
        "linetype": null,
        "color": "0,0,0,255",
        "ocolor": "256",
        "color24": "-1",
        "transparen": "0",
        "lweight": "-1",
        "linewidth": 0.0,
        "ltscale": 1.0,
        "visible": "1",
        "thickness": 0.0,
        "ext": "(3:0,0,1)",
        "height": 1.87486,
        "text": "371",
        "angle": 2.37892,
        "widthscale": 1.0,
        "oblique": 0.0,
        "style": "STYLE1",
        "textgen": "2",
        "alignh": "0",
        "alignv": "0",
        "interlin": -1.0,
        "lat": 29.83722,
        "lon": 52.41787,
        "Name": "173"
      },
      "geometry": {
        "type": "Point",
        "coordinates": [52.417872903204213, 29.837224976266882]
      }
    },
    {
      "type": "Feature",
      "properties": {
        "fid": 338.0,
        "handle": "4729",
        "block": "-1",
        "etype": "25",
        "space": "0",
        "layer": "TEXT-2",
        "olinetype": "bylayer",
        "linetype": null,
        "color": "0,0,0,255",
        "ocolor": "256",
        "color24": "-1",
        "transparen": "0",
        "lweight": "-1",
        "linewidth": 0.0,
        "ltscale": 1.0,
        "visible": "1",
        "thickness": 0.0,
        "ext": "(3:0,0,1)",
        "height": 1.87486,
        "text": "471",
        "angle": 2.37892,
        "widthscale": 1.0,
        "oblique": 0.0,
        "style": "STYLE1",
        "textgen": "2",
        "alignh": "0",
        "alignv": "0",
        "interlin": -1.0,
        "lat": 29.83722,
        "lon": 52.41777,
        "Name": "174"
      },
      "geometry": {
        "type": "Point",
        "coordinates": [52.417769576731104, 29.837219895747442]
      }
    },
    {
      "type": "Feature",
      "properties": {
        "fid": 340.0,
        "handle": "4732",
        "block": "-1",
        "etype": "25",
        "space": "0",
        "layer": "TEXT-2",
        "olinetype": "bylayer",
        "linetype": null,
        "color": "0,0,0,255",
        "ocolor": "256",
        "color24": "-1",
        "transparen": "0",
        "lweight": "-1",
        "linewidth": 0.0,
        "ltscale": 1.0,
        "visible": "1",
        "thickness": 0.0,
        "ext": "(3:0,0,1)",
        "height": 1.87486,
        "text": "571",
        "angle": 2.37892,
        "widthscale": 1.0,
        "oblique": 0.0,
        "style": "STYLE1",
        "textgen": "2",
        "alignh": "0",
        "alignv": "0",
        "interlin": -1.0,
        "lat": 29.83721,
        "lon": 52.41767,
        "Name": "175"
      },
      "geometry": {
        "type": "Point",
        "coordinates": [52.417666250264972, 29.837214815146787]
      }
    },
    {
      "type": "Feature",
      "properties": {
        "fid": 342.0,
        "handle": "4735",
        "block": "-1",
        "etype": "25",
        "space": "0",
        "layer": "TEXT-2",
        "olinetype": "bylayer",
        "linetype": null,
        "color": "0,0,0,255",
        "ocolor": "256",
        "color24": "-1",
        "transparen": "0",
        "lweight": "-1",
        "linewidth": 0.0,
        "ltscale": 1.0,
        "visible": "1",
        "thickness": 0.0,
        "ext": "(3:0,0,1)",
        "height": 1.87486,
        "text": "671",
        "angle": 2.37892,
        "widthscale": 1.0,
        "oblique": 0.0,
        "style": "STYLE1",
        "textgen": "2",
        "alignh": "0",
        "alignv": "0",
        "interlin": -1.0,
        "lat": 29.83721,
        "lon": 52.41756,
        "Name": "176"
      },
      "geometry": {
        "type": "Point",
        "coordinates": [52.417562923805832, 29.837209734464899]
      }
    },
    {
      "type": "Feature",
      "properties": {
        "fid": 345.0,
        "handle": "4742",
        "block": "-1",
        "etype": "25",
        "space": "0",
        "layer": "TEXT-2",
        "olinetype": "bylayer",
        "linetype": null,
        "color": "0,0,0,255",
        "ocolor": "256",
        "color24": "-1",
        "transparen": "0",
        "lweight": "-1",
        "linewidth": 0.0,
        "ltscale": 1.0,
        "visible": "1",
        "thickness": 0.0,
        "ext": "(3:0,0,1)",
        "height": 1.87486,
        "text": "771",
        "angle": 2.37892,
        "widthscale": 1.0,
        "oblique": 0.0,
        "style": "STYLE1",
        "textgen": "2",
        "alignh": "0",
        "alignv": "0",
        "interlin": -1.0,
        "lat": 29.8372,
        "lon": 52.41746,
        "Name": "177"
      },
      "geometry": {
        "type": "Point",
        "coordinates": [52.417460180120528, 29.837195645273013]
      }
    },
    {
      "type": "Feature",
      "properties": {
        "fid": 347.0,
        "handle": "4747",
        "block": "-1",
        "etype": "25",
        "space": "0",
        "layer": "TEXT-2",
        "olinetype": "bylayer",
        "linetype": null,
        "color": "0,0,0,255",
        "ocolor": "256",
        "color24": "-1",
        "transparen": "0",
        "lweight": "-1",
        "linewidth": 0.0,
        "ltscale": 1.0,
        "visible": "1",
        "thickness": 0.0,
        "ext": "(3:0,0,1)",
        "height": 1.87486,
        "text": "871",
        "angle": 2.37892,
        "widthscale": 1.0,
        "oblique": 0.0,
        "style": "STYLE1",
        "textgen": "2",
        "alignh": "0",
        "alignv": "0",
        "interlin": -1.0,
        "lat": 29.83719,
        "lon": 52.41736,
        "Name": "178"
      },
      "geometry": {
        "type": "Point",
        "coordinates": [52.417356853684652, 29.837190564428866]
      }
    },
    {
      "type": "Feature",
      "properties": {
        "fid": 349.0,
        "handle": "4749",
        "block": "-1",
        "etype": "25",
        "space": "0",
        "layer": "TEXT-2",
        "olinetype": "bylayer",
        "linetype": null,
        "color": "0,0,0,255",
        "ocolor": "256",
        "color24": "-1",
        "transparen": "0",
        "lweight": "-1",
        "linewidth": 0.0,
        "ltscale": 1.0,
        "visible": "1",
        "thickness": 0.0,
        "ext": "(3:0,0,1)",
        "height": 1.87486,
        "text": "971",
        "angle": 2.37892,
        "widthscale": 1.0,
        "oblique": 0.0,
        "style": "STYLE1",
        "textgen": "2",
        "alignh": "0",
        "alignv": "0",
        "interlin": -1.0,
        "lat": 29.83723,
        "lon": 52.41722,
        "Name": "179"
      },
      "geometry": {
        "type": "Point",
        "coordinates": [52.417219076492927, 29.837229767240128]
      }
    },
    {
      "type": "Feature",
      "properties": {
        "fid": 356.0,
        "handle": "4771",
        "block": "-1",
        "etype": "25",
        "space": "0",
        "layer": "TEXT-2",
        "olinetype": "bylayer",
        "linetype": null,
        "color": "0,0,0,255",
        "ocolor": "256",
        "color24": "-1",
        "transparen": "0",
        "lweight": "-1",
        "linewidth": 0.0,
        "ltscale": 1.0,
        "visible": "1",
        "thickness": 0.0,
        "ext": "(3:0,0,1)",
        "height": 1.87486,
        "text": "181",
        "angle": 2.37892,
        "widthscale": 1.0,
        "oblique": 0.0,
        "style": "STYLE1",
        "textgen": "2",
        "alignh": "0",
        "alignv": "0",
        "interlin": -1.0,
        "lat": 29.83699,
        "lon": 52.41748,
        "Name": "181"
      },
      "geometry": {
        "type": "Point",
        "coordinates": [52.41747585649248, 29.836990947155616]
      }
    },
    {
      "type": "Feature",
      "properties": {
        "fid": 357.0,
        "handle": "4772",
        "block": "-1",
        "etype": "25",
        "space": "0",
        "layer": "TEXT-2",
        "olinetype": "bylayer",
        "linetype": null,
        "color": "0,0,0,255",
        "ocolor": "256",
        "color24": "-1",
        "transparen": "0",
        "lweight": "-1",
        "linewidth": 0.0,
        "ltscale": 1.0,
        "visible": "1",
        "thickness": 0.0,
        "ext": "(3:0,0,1)",
        "height": 1.87486,
        "text": "281",
        "angle": 2.37892,
        "widthscale": 1.0,
        "oblique": 0.0,
        "style": "STYLE1",
        "textgen": "2",
        "alignh": "0",
        "alignv": "0",
        "interlin": -1.0,
        "lat": 29.83699,
        "lon": 52.41758,
        "Name": "182"
      },
      "geometry": {
        "type": "Point",
        "coordinates": [52.417580418176094, 29.836994493732146]
      }
    },
    {
      "type": "Feature",
      "properties": {
        "fid": 358.0,
        "handle": "4773",
        "block": "-1",
        "etype": "25",
        "space": "0",
        "layer": "TEXT-2",
        "olinetype": "bylayer",
        "linetype": null,
        "color": "0,0,0,255",
        "ocolor": "256",
        "color24": "-1",
        "transparen": "0",
        "lweight": "-1",
        "linewidth": 0.0,
        "ltscale": 1.0,
        "visible": "1",
        "thickness": 0.0,
        "ext": "(3:0,0,1)",
        "height": 1.87486,
        "text": "381",
        "angle": 2.37892,
        "widthscale": 1.0,
        "oblique": 0.0,
        "style": "STYLE1",
        "textgen": "2",
        "alignh": "0",
        "alignv": "0",
        "interlin": -1.0,
        "lat": 29.837,
        "lon": 52.41768,
        "Name": "183"
      },
      "geometry": {
        "type": "Point",
        "coordinates": [52.417684680564037, 29.836999260898882]
      }
    },
    {
      "type": "Feature",
      "properties": {
        "fid": 359.0,
        "handle": "4774",
        "block": "-1",
        "etype": "25",
        "space": "0",
        "layer": "TEXT-2",
        "olinetype": "bylayer",
        "linetype": null,
        "color": "0,0,0,255",
        "ocolor": "256",
        "color24": "-1",
        "transparen": "0",
        "lweight": "-1",
        "linewidth": 0.0,
        "ltscale": 1.0,
        "visible": "1",
        "thickness": 0.0,
        "ext": "(3:0,0,1)",
        "height": 1.87486,
        "text": "481",
        "angle": 2.37892,
        "widthscale": 1.0,
        "oblique": 0.0,
        "style": "STYLE1",
        "textgen": "2",
        "alignh": "0",
        "alignv": "0",
        "interlin": -1.0,
        "lat": 29.837,
        "lon": 52.41778,
        "Name": "184"
      },
      "geometry": {
        "type": "Point",
        "coordinates": [52.417783805448643, 29.837004697192103]
      }
    },
    {
      "type": "Feature",
      "properties": {
        "fid": 360.0,
        "handle": "4775",
        "block": "-1",
        "etype": "25",
        "space": "0",
        "layer": "TEXT-2",
        "olinetype": "bylayer",
        "linetype": null,
        "color": "0,0,0,255",
        "ocolor": "256",
        "color24": "-1",
        "transparen": "0",
        "lweight": "-1",
        "linewidth": 0.0,
        "ltscale": 1.0,
        "visible": "1",
        "thickness": 0.0,
        "ext": "(3:0,0,1)",
        "height": 1.87486,
        "text": "581",
        "angle": 2.37892,
        "widthscale": 1.0,
        "oblique": 0.0,
        "style": "STYLE1",
        "textgen": "2",
        "alignh": "0",
        "alignv": "0",
        "interlin": -1.0,
        "lat": 29.83701,
        "lon": 52.41789,
        "Name": "185"
      },
      "geometry": {
        "type": "Point",
        "coordinates": [52.417887427509278, 29.837011550218506]
      }
    },
    {
      "type": "Feature",
      "properties": {
        "fid": 361.0,
        "handle": "4776",
        "block": "-1",
        "etype": "25",
        "space": "0",
        "layer": "TEXT-2",
        "olinetype": "bylayer",
        "linetype": null,
        "color": "0,0,0,255",
        "ocolor": "256",
        "color24": "-1",
        "transparen": "0",
        "lweight": "-1",
        "linewidth": 0.0,
        "ltscale": 1.0,
        "visible": "1",
        "thickness": 0.0,
        "ext": "(3:0,0,1)",
        "height": 1.87486,
        "text": "681",
        "angle": 2.37892,
        "widthscale": 1.0,
        "oblique": 0.0,
        "style": "STYLE1",
        "textgen": "2",
        "alignh": "0",
        "alignv": "0",
        "interlin": -1.0,
        "lat": 29.83702,
        "lon": 52.41799,
        "Name": "186"
      },
      "geometry": {
        "type": "Point",
        "coordinates": [52.417990494003398, 29.837016247267933]
      }
    },
    {
      "type": "Feature",
      "properties": {
        "fid": 363.0,
        "handle": "4783",
        "block": "-1",
        "etype": "25",
        "space": "0",
        "layer": "TEXT-2",
        "olinetype": "bylayer",
        "linetype": null,
        "color": "0,0,0,255",
        "ocolor": "256",
        "color24": "-1",
        "transparen": "0",
        "lweight": "-1",
        "linewidth": 0.0,
        "ltscale": 1.0,
        "visible": "1",
        "thickness": 0.0,
        "ext": "(3:0,0,1)",
        "height": 1.87486,
        "text": "881",
        "angle": 2.37892,
        "widthscale": 1.0,
        "oblique": 0.0,
        "style": "STYLE1",
        "textgen": "2",
        "alignh": "0",
        "alignv": "0",
        "interlin": -1.0,
        "lat": 29.83702,
        "lon": 52.41832,
        "Name": "188"
      },
      "geometry": {
        "type": "Point",
        "coordinates": [52.418321452520686, 29.83702398922534]
      }
    },
    {
      "type": "Feature",
      "properties": {
        "fid": 364.0,
        "handle": "4787",
        "block": "-1",
        "etype": "25",
        "space": "0",
        "layer": "TEXT-2",
        "olinetype": "bylayer",
        "linetype": null,
        "color": "0,0,0,255",
        "ocolor": "256",
        "color24": "-1",
        "transparen": "0",
        "lweight": "-1",
        "linewidth": 0.0,
        "ltscale": 1.0,
        "visible": "1",
        "thickness": 0.0,
        "ext": "(3:0,0,1)",
        "height": 1.87486,
        "text": "981",
        "angle": 2.37892,
        "widthscale": 1.0,
        "oblique": 0.0,
        "style": "STYLE1",
        "textgen": "2",
        "alignh": "0",
        "alignv": "0",
        "interlin": -1.0,
        "lat": 29.83703,
        "lon": 52.41842,
        "Name": "189"
      },
      "geometry": {
        "type": "Point",
        "coordinates": [52.418424734474002, 29.837033644432818]
      }
    },
    {
      "type": "Feature",
      "properties": {
        "fid": 365.0,
        "handle": "4791",
        "block": "-1",
        "etype": "25",
        "space": "0",
        "layer": "TEXT-2",
        "olinetype": "bylayer",
        "linetype": null,
        "color": "0,0,0,255",
        "ocolor": "256",
        "color24": "-1",
        "transparen": "0",
        "lweight": "-1",
        "linewidth": 0.0,
        "ltscale": 1.0,
        "visible": "1",
        "thickness": 0.0,
        "ext": "(3:0,0,1)",
        "height": 1.87486,
        "text": "091",
        "angle": 2.37892,
        "widthscale": 1.0,
        "oblique": 0.0,
        "style": "STYLE1",
        "textgen": "2",
        "alignh": "0",
        "alignv": "0",
        "interlin": -1.0,
        "lat": 29.83704,
        "lon": 52.41852,
        "Name": "190"
      },
      "geometry": {
        "type": "Point",
        "coordinates": [52.418520346056198, 29.837038133880196]
      }
    },
    {
      "type": "Feature",
      "properties": {
        "fid": 366.0,
        "handle": "4795",
        "block": "-1",
        "etype": "25",
        "space": "0",
        "layer": "TEXT-2",
        "olinetype": "bylayer",
        "linetype": null,
        "color": "0,0,0,255",
        "ocolor": "256",
        "color24": "-1",
        "transparen": "0",
        "lweight": "-1",
        "linewidth": 0.0,
        "ltscale": 1.0,
        "visible": "1",
        "thickness": 0.0,
        "ext": "(3:0,0,1)",
        "height": 1.87486,
        "text": "191",
        "angle": 2.37892,
        "widthscale": 1.0,
        "oblique": 0.0,
        "style": "STYLE1",
        "textgen": "2",
        "alignh": "0",
        "alignv": "0",
        "interlin": -1.0,
        "lat": 29.83704,
        "lon": 52.41863,
        "Name": "191"
      },
      "geometry": {
        "type": "Point",
        "coordinates": [52.418625474626523, 29.837040467277209]
      }
    },
    {
      "type": "Feature",
      "properties": {
        "fid": 367.0,
        "handle": "4799",
        "block": "-1",
        "etype": "25",
        "space": "0",
        "layer": "TEXT-2",
        "olinetype": "bylayer",
        "linetype": null,
        "color": "0,0,0,255",
        "ocolor": "256",
        "color24": "-1",
        "transparen": "0",
        "lweight": "-1",
        "linewidth": 0.0,
        "ltscale": 1.0,
        "visible": "1",
        "thickness": 0.0,
        "ext": "(3:0,0,1)",
        "height": 1.87486,
        "text": "291",
        "angle": 2.37892,
        "widthscale": 1.0,
        "oblique": 0.0,
        "style": "STYLE1",
        "textgen": "2",
        "alignh": "0",
        "alignv": "0",
        "interlin": -1.0,
        "lat": 29.83704,
        "lon": 52.41873,
        "Name": "192"
      },
      "geometry": {
        "type": "Point",
        "coordinates": [52.418734301067921, 29.837043633255856]
      }
    },
    {
      "type": "Feature",
      "properties": {
        "fid": 369.0,
        "handle": "4805",
        "block": "-1",
        "etype": "25",
        "space": "0",
        "layer": "TEXT-2",
        "olinetype": "bylayer",
        "linetype": null,
        "color": "0,0,0,255",
        "ocolor": "256",
        "color24": "-1",
        "transparen": "0",
        "lweight": "-1",
        "linewidth": 0.0,
        "ltscale": 1.0,
        "visible": "1",
        "thickness": 0.0,
        "ext": "(3:0,0,1)",
        "height": 1.87486,
        "text": "781",
        "angle": 2.37892,
        "widthscale": 1.0,
        "oblique": 0.0,
        "style": "STYLE1",
        "textgen": "2",
        "alignh": "0",
        "alignv": "0",
        "interlin": -1.0,
        "lat": 29.83702,
        "lon": 52.41809,
        "Name": "187"
      },
      "geometry": {
        "type": "Point",
        "coordinates": [52.418088722529781, 29.837018664222597]
      }
    },
    {
      "type": "Feature",
      "properties": {
        "fid": 374.0,
        "handle": "4819",
        "block": "-1",
        "etype": "25",
        "space": "0",
        "layer": "TEXT-2",
        "olinetype": "bylayer",
        "linetype": null,
        "color": "0,0,0,255",
        "ocolor": "256",
        "color24": "-1",
        "transparen": "0",
        "lweight": "-1",
        "linewidth": 0.0,
        "ltscale": 1.0,
        "visible": "1",
        "thickness": 0.0,
        "ext": "(3:0,0,1)",
        "height": 1.87486,
        "text": "702",
        "angle": 340.0185,
        "widthscale": 1.0,
        "oblique": 0.0,
        "style": "STYLE1",
        "textgen": "2",
        "alignh": "0",
        "alignv": "0",
        "interlin": -1.0,
        "lat": 29.8396,
        "lon": 52.41714,
        "Name": "207"
      },
      "geometry": {
        "type": "Point",
        "coordinates": [52.417142904230595, 29.839602495016752]
      }
    },
    {
      "type": "Feature",
      "properties": {
        "fid": 376.0,
        "handle": "4823",
        "block": "-1",
        "etype": "25",
        "space": "0",
        "layer": "TEXT-2",
        "olinetype": "bylayer",
        "linetype": null,
        "color": "0,0,0,255",
        "ocolor": "256",
        "color24": "-1",
        "transparen": "0",
        "lweight": "-1",
        "linewidth": 0.0,
        "ltscale": 1.0,
        "visible": "1",
        "thickness": 0.0,
        "ext": "(3:0,0,1)",
        "height": 1.87486,
        "text": "602",
        "angle": 340.0185,
        "widthscale": 1.0,
        "oblique": 0.0,
        "style": "STYLE1",
        "textgen": "2",
        "alignh": "0",
        "alignv": "0",
        "interlin": -1.0,
        "lat": 29.83963,
        "lon": 52.41704,
        "Name": "206"
      },
      "geometry": {
        "type": "Point",
        "coordinates": [52.417040012597795, 29.839627633370064]
      }
    },
    {
      "type": "Feature",
      "properties": {
        "fid": 378.0,
        "handle": "4828",
        "block": "-1",
        "etype": "25",
        "space": "0",
        "layer": "TEXT-2",
        "olinetype": "bylayer",
        "linetype": null,
        "color": "0,0,0,255",
        "ocolor": "256",
        "color24": "-1",
        "transparen": "0",
        "lweight": "-1",
        "linewidth": 0.0,
        "ltscale": 1.0,
        "visible": "1",
        "thickness": 0.0,
        "ext": "(3:0,0,1)",
        "height": 1.87486,
        "text": "502",
        "angle": 340.0185,
        "widthscale": 1.0,
        "oblique": 0.0,
        "style": "STYLE1",
        "textgen": "2",
        "alignh": "0",
        "alignv": "0",
        "interlin": -1.0,
        "lat": 29.83965,
        "lon": 52.41694,
        "Name": "205"
      },
      "geometry": {
        "type": "Point",
        "coordinates": [52.416942958644306, 29.83965011532749]
      }
    },
    {
      "type": "Feature",
      "properties": {
        "fid": 380.0,
        "handle": "4832",
        "block": "-1",
        "etype": "25",
        "space": "0",
        "layer": "TEXT-2",
        "olinetype": "bylayer",
        "linetype": null,
        "color": "0,0,0,255",
        "ocolor": "256",
        "color24": "-1",
        "transparen": "0",
        "lweight": "-1",
        "linewidth": 0.0,
        "ltscale": 1.0,
        "visible": "1",
        "thickness": 0.0,
        "ext": "(3:0,0,1)",
        "height": 1.87486,
        "text": "402",
        "angle": 340.0185,
        "widthscale": 1.0,
        "oblique": 0.0,
        "style": "STYLE1",
        "textgen": "2",
        "alignh": "0",
        "alignv": "0",
        "interlin": -1.0,
        "lat": 29.83967,
        "lon": 52.41684,
        "Name": "204"
      },
      "geometry": {
        "type": "Point",
        "coordinates": [52.416842086198628, 29.839670695994954]
      }
    },
    {
      "type": "Feature",
      "properties": {
        "fid": 382.0,
        "handle": "4836",
        "block": "-1",
        "etype": "25",
        "space": "0",
        "layer": "TEXT-2",
        "olinetype": "bylayer",
        "linetype": null,
        "color": "0,0,0,255",
        "ocolor": "256",
        "color24": "-1",
        "transparen": "0",
        "lweight": "-1",
        "linewidth": 0.0,
        "ltscale": 1.0,
        "visible": "1",
        "thickness": 0.0,
        "ext": "(3:0,0,1)",
        "height": 1.87486,
        "text": "302",
        "angle": 340.0185,
        "widthscale": 1.0,
        "oblique": 0.0,
        "style": "STYLE1",
        "textgen": "2",
        "alignh": "0",
        "alignv": "0",
        "interlin": -1.0,
        "lat": 29.83969,
        "lon": 52.41674,
        "Name": "203"
      },
      "geometry": {
        "type": "Point",
        "coordinates": [52.416744008263926, 29.839692600239196]
      }
    },
    {
      "type": "Feature",
      "properties": {
        "fid": 384.0,
        "handle": "4840",
        "block": "-1",
        "etype": "25",
        "space": "0",
        "layer": "TEXT-2",
        "olinetype": "bylayer",
        "linetype": null,
        "color": "0,0,0,255",
        "ocolor": "256",
        "color24": "-1",
        "transparen": "0",
        "lweight": "-1",
        "linewidth": 0.0,
        "ltscale": 1.0,
        "visible": "1",
        "thickness": 0.0,
        "ext": "(3:0,0,1)",
        "height": 1.87486,
        "text": "202",
        "angle": 340.0185,
        "widthscale": 1.0,
        "oblique": 0.0,
        "style": "STYLE1",
        "textgen": "2",
        "alignh": "0",
        "alignv": "0",
        "interlin": -1.0,
        "lat": 29.83971,
        "lon": 52.41664,
        "Name": "202"
      },
      "geometry": {
        "type": "Point",
        "coordinates": [52.416642749497655, 29.83971448274638]
      }
    },
    {
      "type": "Feature",
      "properties": {
        "fid": 386.0,
        "handle": "4844",
        "block": "-1",
        "etype": "25",
        "space": "0",
        "layer": "TEXT-2",
        "olinetype": "bylayer",
        "linetype": null,
        "color": "0,0,0,255",
        "ocolor": "256",
        "color24": "-1",
        "transparen": "0",
        "lweight": "-1",
        "linewidth": 0.0,
        "ltscale": 1.0,
        "visible": "1",
        "thickness": 0.0,
        "ext": "(3:0,0,1)",
        "height": 1.87486,
        "text": "102",
        "angle": 340.0185,
        "widthscale": 1.0,
        "oblique": 0.0,
        "style": "STYLE1",
        "textgen": "2",
        "alignh": "0",
        "alignv": "0",
        "interlin": -1.0,
        "lat": 29.83974,
        "lon": 52.41654,
        "Name": "201"
      },
      "geometry": {
        "type": "Point",
        "coordinates": [52.416541103179235, 29.839737667505243]
      }
    },
    {
      "type": "Feature",
      "properties": {
        "fid": 388.0,
        "handle": "4848",
        "block": "-1",
        "etype": "25",
        "space": "0",
        "layer": "TEXT-2",
        "olinetype": "bylayer",
        "linetype": null,
        "color": "0,0,0,255",
        "ocolor": "256",
        "color24": "-1",
        "transparen": "0",
        "lweight": "-1",
        "linewidth": 0.0,
        "ltscale": 1.0,
        "visible": "1",
        "thickness": 0.0,
        "ext": "(3:0,0,1)",
        "height": 1.87486,
        "text": "002",
        "angle": 340.0185,
        "widthscale": 1.0,
        "oblique": 0.0,
        "style": "STYLE1",
        "textgen": "2",
        "alignh": "0",
        "alignv": "0",
        "interlin": -1.0,
        "lat": 29.83976,
        "lon": 52.41644,
        "Name": "200"
      },
      "geometry": {
        "type": "Point",
        "coordinates": [52.416444022587271, 29.839762921646265]
      }
    },
    {
      "type": "Feature",
      "properties": {
        "fid": 390.0,
        "handle": "4853",
        "block": "-1",
        "etype": "25",
        "space": "0",
        "layer": "TEXT-2",
        "olinetype": "bylayer",
        "linetype": null,
        "color": "0,0,0,255",
        "ocolor": "256",
        "color24": "-1",
        "transparen": "0",
        "lweight": "-1",
        "linewidth": 0.0,
        "ltscale": 1.0,
        "visible": "1",
        "thickness": 0.0,
        "ext": "(3:0,0,1)",
        "height": 1.87486,
        "text": "512",
        "angle": 340.0185,
        "widthscale": 1.0,
        "oblique": 0.0,
        "style": "STYLE1",
        "textgen": "2",
        "alignh": "0",
        "alignv": "0",
        "interlin": -1.0,
        "lat": 29.83954,
        "lon": 52.41659,
        "Name": "215"
      },
      "geometry": {
        "type": "Point",
        "coordinates": [52.4165944198121, 29.839539954374487]
      }
    },
    {
      "type": "Feature",
      "properties": {
        "fid": 392.0,
        "handle": "4858",
        "block": "-1",
        "etype": "25",
        "space": "0",
        "layer": "TEXT-2",
        "olinetype": "bylayer",
        "linetype": null,
        "color": "0,0,0,255",
        "ocolor": "256",
        "color24": "-1",
        "transparen": "0",
        "lweight": "-1",
        "linewidth": 0.0,
        "ltscale": 1.0,
        "visible": "1",
        "thickness": 0.0,
        "ext": "(3:0,0,1)",
        "height": 1.87486,
        "text": "412",
        "angle": 340.0185,
        "widthscale": 1.0,
        "oblique": 0.0,
        "style": "STYLE1",
        "textgen": "2",
        "alignh": "0",
        "alignv": "0",
        "interlin": -1.0,
        "lat": 29.83952,
        "lon": 52.41669,
        "Name": "214"
      },
      "geometry": {
        "type": "Point",
        "coordinates": [52.416694655086197, 29.839517494052174]
      }
    },
    {
      "type": "Feature",
      "properties": {
        "fid": 394.0,
        "handle": "4863",
        "block": "-1",
        "etype": "25",
        "space": "0",
        "layer": "TEXT-2",
        "olinetype": "bylayer",
        "linetype": null,
        "color": "0,0,0,255",
        "ocolor": "256",
        "color24": "-1",
        "transparen": "0",
        "lweight": "-1",
        "linewidth": 0.0,
        "ltscale": 1.0,
        "visible": "1",
        "thickness": 0.0,
        "ext": "(3:0,0,1)",
        "height": 1.87486,
        "text": "312",
        "angle": 340.0185,
        "widthscale": 1.0,
        "oblique": 0.0,
        "style": "STYLE1",
        "textgen": "2",
        "alignh": "0",
        "alignv": "0",
        "interlin": -1.0,
        "lat": 29.8395,
        "lon": 52.41679,
        "Name": "213"
      },
      "geometry": {
        "type": "Point",
        "coordinates": [52.41679489031236, 29.839495033655144]
      }
    },
    {
      "type": "Feature",
      "properties": {
        "fid": 396.0,
        "handle": "4868",
        "block": "-1",
        "etype": "25",
        "space": "0",
        "layer": "TEXT-2",
        "olinetype": "bylayer",
        "linetype": null,
        "color": "0,0,0,255",
        "ocolor": "256",
        "color24": "-1",
        "transparen": "0",
        "lweight": "-1",
        "linewidth": 0.0,
        "ltscale": 1.0,
        "visible": "1",
        "thickness": 0.0,
        "ext": "(3:0,0,1)",
        "height": 1.87486,
        "text": "212",
        "angle": 340.0185,
        "widthscale": 1.0,
        "oblique": 0.0,
        "style": "STYLE1",
        "textgen": "2",
        "alignh": "0",
        "alignv": "0",
        "interlin": -1.0,
        "lat": 29.83947,
        "lon": 52.4169,
        "Name": "212"
      },
      "geometry": {
        "type": "Point",
        "coordinates": [52.416895125490576, 29.8394725731834]
      }
    },
    {
      "type": "Feature",
      "properties": {
        "fid": 398.0,
        "handle": "4873",
        "block": "-1",
        "etype": "25",
        "space": "0",
        "layer": "TEXT-2",
        "olinetype": "bylayer",
        "linetype": null,
        "color": "0,0,0,255",
        "ocolor": "256",
        "color24": "-1",
        "transparen": "0",
        "lweight": "-1",
        "linewidth": 0.0,
        "ltscale": 1.0,
        "visible": "1",
        "thickness": 0.0,
        "ext": "(3:0,0,1)",
        "height": 1.87486,
        "text": "112",
        "angle": 340.0185,
        "widthscale": 1.0,
        "oblique": 0.0,
        "style": "STYLE1",
        "textgen": "2",
        "alignh": "0",
        "alignv": "0",
        "interlin": -1.0,
        "lat": 29.83945,
        "lon": 52.417,
        "Name": "211"
      },
      "geometry": {
        "type": "Point",
        "coordinates": [52.416995360620867, 29.83945011263695]
      }
    },
    {
      "type": "Feature",
      "properties": {
        "fid": 400.0,
        "handle": "4878",
        "block": "-1",
        "etype": "25",
        "space": "0",
        "layer": "TEXT-2",
        "olinetype": "bylayer",
        "linetype": null,
        "color": "0,0,0,255",
        "ocolor": "256",
        "color24": "-1",
        "transparen": "0",
        "lweight": "-1",
        "linewidth": 0.0,
        "ltscale": 1.0,
        "visible": "1",
        "thickness": 0.0,
        "ext": "(3:0,0,1)",
        "height": 1.87486,
        "text": "012",
        "angle": 340.0185,
        "widthscale": 1.0,
        "oblique": 0.0,
        "style": "STYLE1",
        "textgen": "2",
        "alignh": "0",
        "alignv": "0",
        "interlin": -1.0,
        "lat": 29.83943,
        "lon": 52.41709,
        "Name": "210"
      },
      "geometry": {
        "type": "Point",
        "coordinates": [52.417090606232826, 29.839429640104086]
      }
    },
    {
      "type": "Feature",
      "properties": {
        "fid": 402.0,
        "handle": "4882",
        "block": "-1",
        "etype": "25",
        "space": "0",
        "layer": "TEXT-2",
        "olinetype": "bylayer",
        "linetype": null,
        "color": "0,0,0,255",
        "ocolor": "256",
        "color24": "-1",
        "transparen": "0",
        "lweight": "-1",
        "linewidth": 0.0,
        "ltscale": 1.0,
        "visible": "1",
        "thickness": 0.0,
        "ext": "(3:0,0,1)",
        "height": 1.87486,
        "text": "802",
        "angle": 345.45377,
        "widthscale": 1.0,
        "oblique": 0.0,
        "style": "STYLE1",
        "textgen": "2",
        "alignh": "0",
        "alignv": "0",
        "interlin": -1.0,
        "lat": 29.83958,
        "lon": 52.41725,
        "Name": "208"
      },
      "geometry": {
        "type": "Point",
        "coordinates": [52.417249225882749, 29.839579156791636]
      }
    },
    {
      "type": "Feature",
      "properties": {
        "fid": 404.0,
        "handle": "4887",
        "block": "-1",
        "etype": "25",
        "space": "0",
        "layer": "TEXT-2",
        "olinetype": "bylayer",
        "linetype": null,
        "color": "0,0,0,255",
        "ocolor": "256",
        "color24": "-1",
        "transparen": "0",
        "lweight": "-1",
        "linewidth": 0.0,
        "ltscale": 1.0,
        "visible": "1",
        "thickness": 0.0,
        "ext": "(3:0,0,1)",
        "height": 1.87486,
        "text": "991",
        "angle": 340.0185,
        "widthscale": 1.0,
        "oblique": 0.0,
        "style": "STYLE1",
        "textgen": "2",
        "alignh": "0",
        "alignv": "0",
        "interlin": -1.0,
        "lat": 29.83981,
        "lon": 52.4162,
        "Name": "199"
      },
      "geometry": {
        "type": "Point",
        "coordinates": [52.416198569992993, 29.839807978327546]
      }
    },
    {
      "type": "Feature",
      "properties": {
        "fid": 407.0,
        "handle": "4897",
        "block": "-1",
        "etype": "25",
        "space": "0",
        "layer": "TEXT-2",
        "olinetype": "bylayer",
        "linetype": null,
        "color": "0,0,0,255",
        "ocolor": "256",
        "color24": "-1",
        "transparen": "0",
        "lweight": "-1",
        "linewidth": 0.0,
        "ltscale": 1.0,
        "visible": "1",
        "thickness": 0.0,
        "ext": "(3:0,0,1)",
        "height": 1.87486,
        "text": "491",
        "angle": 326.51798,
        "widthscale": 1.0,
        "oblique": 0.0,
        "style": "STYLE1",
        "textgen": "2",
        "alignh": "0",
        "alignv": "0",
        "interlin": -1.0,
        "lat": 29.84053,
        "lon": 52.41674,
        "Name": "194"
      },
      "geometry": {
        "type": "Point",
        "coordinates": [52.416739770704986, 29.840525467268009]
      }
    },
    {
      "type": "Feature",
      "properties": {
        "fid": 409.0,
        "handle": "4910",
        "block": "-1",
        "etype": "25",
        "space": "0",
        "layer": "TEXT-2",
        "olinetype": "bylayer",
        "linetype": null,
        "color": "0,0,0,255",
        "ocolor": "256",
        "color24": "-1",
        "transparen": "0",
        "lweight": "-1",
        "linewidth": 0.0,
        "ltscale": 1.0,
        "visible": "1",
        "thickness": 0.0,
        "ext": "(3:0,0,1)",
        "height": 1.87486,
        "text": "591",
        "angle": 333.42236,
        "widthscale": 1.0,
        "oblique": 0.0,
        "style": "STYLE1",
        "textgen": "2",
        "alignh": "0",
        "alignv": "0",
        "interlin": -1.0,
        "lat": 29.84057,
        "lon": 52.41661,
        "Name": "195"
      },
      "geometry": {
        "type": "Point",
        "coordinates": [52.416610636865535, 29.840566539864788]
      }
    },
    {
      "type": "Feature",
      "properties": {
        "fid": 410.0,
        "handle": "4911",
        "block": "-1",
        "etype": "25",
        "space": "0",
        "layer": "TEXT-2",
        "olinetype": "bylayer",
        "linetype": null,
        "color": "0,0,0,255",
        "ocolor": "256",
        "color24": "-1",
        "transparen": "0",
        "lweight": "-1",
        "linewidth": 0.0,
        "ltscale": 1.0,
        "visible": "1",
        "thickness": 0.0,
        "ext": "(3:0,0,1)",
        "height": 1.87486,
        "text": "691",
        "angle": 326.51798,
        "widthscale": 1.0,
        "oblique": 0.0,
        "style": "STYLE1",
        "textgen": "2",
        "alignh": "0",
        "alignv": "0",
        "interlin": -1.0,
        "lat": 29.84037,
        "lon": 52.41651,
        "Name": "196"
      },
      "geometry": {
        "type": "Point",
        "coordinates": [52.416506801873837, 29.840371759868646]
      }
    },
    {
      "type": "Feature",
      "properties": {
        "fid": 411.0,
        "handle": "4912",
        "block": "-1",
        "etype": "25",
        "space": "0",
        "layer": "TEXT-2",
        "olinetype": "bylayer",
        "linetype": null,
        "color": "0,0,0,255",
        "ocolor": "256",
        "color24": "-1",
        "transparen": "0",
        "lweight": "-1",
        "linewidth": 0.0,
        "ltscale": 1.0,
        "visible": "1",
        "thickness": 0.0,
        "ext": "(3:0,0,1)",
        "height": 1.87486,
        "text": "791",
        "angle": 326.51798,
        "widthscale": 1.0,
        "oblique": 0.0,
        "style": "STYLE1",
        "textgen": "2",
        "alignh": "0",
        "alignv": "0",
        "interlin": -1.0,
        "lat": 29.84022,
        "lon": 52.41642,
        "Name": "197"
      },
      "geometry": {
        "type": "Point",
        "coordinates": [52.416416032996757, 29.840215171793126]
      }
    },
    {
      "type": "Feature",
      "properties": {
        "fid": 412.0,
        "handle": "4913",
        "block": "-1",
        "etype": "25",
        "space": "0",
        "layer": "TEXT-2",
        "olinetype": "bylayer",
        "linetype": null,
        "color": "0,0,0,255",
        "ocolor": "256",
        "color24": "-1",
        "transparen": "0",
        "lweight": "-1",
        "linewidth": 0.0,
        "ltscale": 1.0,
        "visible": "1",
        "thickness": 0.0,
        "ext": "(3:0,0,1)",
        "height": 1.87486,
        "text": "891",
        "angle": 330.13606,
        "widthscale": 1.0,
        "oblique": 0.0,
        "style": "STYLE1",
        "textgen": "2",
        "alignh": "0",
        "alignv": "0",
        "interlin": -1.0,
        "lat": 29.83995,
        "lon": 52.41628,
        "Name": "198"
      },
      "geometry": {
        "type": "Point",
        "coordinates": [52.416278182851457, 29.839950909003495]
      }
    },
    {
      "type": "Feature",
      "properties": {
        "fid": 413.0,
        "handle": "4914",
        "block": "-1",
        "etype": "25",
        "space": "0",
        "layer": "TEXT-2",
        "olinetype": "bylayer",
        "linetype": null,
        "color": "0,0,0,255",
        "ocolor": "256",
        "color24": "-1",
        "transparen": "0",
        "lweight": "-1",
        "linewidth": 0.0,
        "ltscale": 1.0,
        "visible": "1",
        "thickness": 0.0,
        "ext": "(3:0,0,1)",
        "height": 1.87486,
        "text": "902",
        "angle": 340.0185,
        "widthscale": 1.0,
        "oblique": 0.0,
        "style": "STYLE1",
        "textgen": "2",
        "alignh": "0",
        "alignv": "0",
        "interlin": -1.0,
        "lat": 29.83941,
        "lon": 52.4172,
        "Name": "209"
      },
      "geometry": {
        "type": "Point",
        "coordinates": [52.417200292919404, 29.839407402597292]
      }
    },
    {
      "type": "Feature",
      "properties": {
        "fid": 420.0,
        "handle": "4927",
        "block": "-1",
        "etype": "25",
        "space": "0",
        "layer": "TEXT-2",
        "olinetype": "bylayer",
        "linetype": null,
        "color": "0,0,0,255",
        "ocolor": "256",
        "color24": "-1",
        "transparen": "0",
        "lweight": "-1",
        "linewidth": 0.0,
        "ltscale": 1.0,
        "visible": "1",
        "thickness": 0.0,
        "ext": "(3:0,0,1)",
        "height": 1.87486,
        "text": "612",
        "angle": 340.0185,
        "widthscale": 1.0,
        "oblique": 0.0,
        "style": "STYLE1",
        "textgen": "2",
        "alignh": "0",
        "alignv": "0",
        "interlin": -1.0,
        "lat": 29.83956,
        "lon": 52.41647,
        "Name": "216"
      },
      "geometry": {
        "type": "Point",
        "coordinates": [52.41647410707543, 29.839563772994914]
      }
    },
    {
      "type": "Feature",
      "properties": {
        "fid": 423.0,
        "handle": "4937",
        "block": "-1",
        "etype": "25",
        "space": "0",
        "layer": "TEXT-2",
        "olinetype": "bylayer",
        "linetype": null,
        "color": "0,0,0,255",
        "ocolor": "256",
        "color24": "-1",
        "transparen": "0",
        "lweight": "-1",
        "linewidth": 0.0,
        "ltscale": 1.0,
        "visible": "1",
        "thickness": 0.0,
        "ext": "(3:0,0,1)",
        "height": 1.87486,
        "text": "822",
        "angle": 345.45377,
        "widthscale": 1.0,
        "oblique": 0.0,
        "style": "STYLE1",
        "textgen": "2",
        "alignh": "0",
        "alignv": "0",
        "interlin": -1.0,
        "lat": 29.83916,
        "lon": 52.41702,
        "Name": "228"
      },
      "geometry": {
        "type": "Point",
        "coordinates": [52.417017212657953, 29.839161291349697]
      }
    },
    {
      "type": "Feature",
      "properties": {
        "fid": 425.0,
        "handle": "4939",
        "block": "-1",
        "etype": "25",
        "space": "0",
        "layer": "TEXT-2",
        "olinetype": "bylayer",
        "linetype": null,
        "color": "0,0,0,255",
        "ocolor": "256",
        "color24": "-1",
        "transparen": "0",
        "lweight": "-1",
        "linewidth": 0.0,
        "ltscale": 1.0,
        "visible": "1",
        "thickness": 0.0,
        "ext": "(3:0,0,1)",
        "height": 1.87486,
        "text": "722",
        "angle": 340.0185,
        "widthscale": 1.0,
        "oblique": 0.0,
        "style": "STYLE1",
        "textgen": "2",
        "alignh": "0",
        "alignv": "0",
        "interlin": -1.0,
        "lat": 29.83918,
        "lon": 52.41691,
        "Name": "227"
      },
      "geometry": {
        "type": "Point",
        "coordinates": [52.416914203208179, 29.839183565582189]
      }
    },
    {
      "type": "Feature",
      "properties": {
        "fid": 427.0,
        "handle": "4942",
        "block": "-1",
        "etype": "25",
        "space": "0",
        "layer": "TEXT-2",
        "olinetype": "bylayer",
        "linetype": null,
        "color": "0,0,0,255",
        "ocolor": "256",
        "color24": "-1",
        "transparen": "0",
        "lweight": "-1",
        "linewidth": 0.0,
        "ltscale": 1.0,
        "visible": "1",
        "thickness": 0.0,
        "ext": "(3:0,0,1)",
        "height": 1.87486,
        "text": "622",
        "angle": 340.0185,
        "widthscale": 1.0,
        "oblique": 0.0,
        "style": "STYLE1",
        "textgen": "2",
        "alignh": "0",
        "alignv": "0",
        "interlin": -1.0,
        "lat": 29.83921,
        "lon": 52.41681,
        "Name": "226"
      },
      "geometry": {
        "type": "Point",
        "coordinates": [52.41681396832076, 29.839206026059777]
      }
    },
    {
      "type": "Feature",
      "properties": {
        "fid": 429.0,
        "handle": "4947",
        "block": "-1",
        "etype": "25",
        "space": "0",
        "layer": "TEXT-2",
        "olinetype": "bylayer",
        "linetype": null,
        "color": "0,0,0,255",
        "ocolor": "256",
        "color24": "-1",
        "transparen": "0",
        "lweight": "-1",
        "linewidth": 0.0,
        "ltscale": 1.0,
        "visible": "1",
        "thickness": 0.0,
        "ext": "(3:0,0,1)",
        "height": 1.87486,
        "text": "522",
        "angle": 340.0185,
        "widthscale": 1.0,
        "oblique": 0.0,
        "style": "STYLE1",
        "textgen": "2",
        "alignh": "0",
        "alignv": "0",
        "interlin": -1.0,
        "lat": 29.83923,
        "lon": 52.41672,
        "Name": "225"
      },
      "geometry": {
        "type": "Point",
        "coordinates": [52.416717602555153, 29.839232872059686]
      }
    },
    {
      "type": "Feature",
      "properties": {
        "fid": 431.0,
        "handle": "4951",
        "block": "-1",
        "etype": "25",
        "space": "0",
        "layer": "TEXT-2",
        "olinetype": "bylayer",
        "linetype": null,
        "color": "0,0,0,255",
        "ocolor": "256",
        "color24": "-1",
        "transparen": "0",
        "lweight": "-1",
        "linewidth": 0.0,
        "ltscale": 1.0,
        "visible": "1",
        "thickness": 0.0,
        "ext": "(3:0,0,1)",
        "height": 1.87486,
        "text": "422",
        "angle": 340.0185,
        "widthscale": 1.0,
        "oblique": 0.0,
        "style": "STYLE1",
        "textgen": "2",
        "alignh": "0",
        "alignv": "0",
        "interlin": -1.0,
        "lat": 29.83926,
        "lon": 52.41662,
        "Name": "224"
      },
      "geometry": {
        "type": "Point",
        "coordinates": [52.41661736756852, 29.839255332390877]
      }
    },
    {
      "type": "Feature",
      "properties": {
        "fid": 433.0,
        "handle": "4955",
        "block": "-1",
        "etype": "25",
        "space": "0",
        "layer": "TEXT-2",
        "olinetype": "bylayer",
        "linetype": null,
        "color": "0,0,0,255",
        "ocolor": "256",
        "color24": "-1",
        "transparen": "0",
        "lweight": "-1",
        "linewidth": 0.0,
        "ltscale": 1.0,
        "visible": "1",
        "thickness": 0.0,
        "ext": "(3:0,0,1)",
        "height": 1.87486,
        "text": "322",
        "angle": 340.0185,
        "widthscale": 1.0,
        "oblique": 0.0,
        "style": "STYLE1",
        "textgen": "2",
        "alignh": "0",
        "alignv": "0",
        "interlin": -1.0,
        "lat": 29.83928,
        "lon": 52.41652,
        "Name": "223"
      },
      "geometry": {
        "type": "Point",
        "coordinates": [52.416517132533947, 29.83927779264738]
      }
    },
    {
      "type": "Feature",
      "properties": {
        "fid": 435.0,
        "handle": "4959",
        "block": "-1",
        "etype": "25",
        "space": "0",
        "layer": "TEXT-2",
        "olinetype": "bylayer",
        "linetype": null,
        "color": "0,0,0,255",
        "ocolor": "256",
        "color24": "-1",
        "transparen": "0",
        "lweight": "-1",
        "linewidth": 0.0,
        "ltscale": 1.0,
        "visible": "1",
        "thickness": 0.0,
        "ext": "(3:0,0,1)",
        "height": 1.87486,
        "text": "222",
        "angle": 340.0185,
        "widthscale": 1.0,
        "oblique": 0.0,
        "style": "STYLE1",
        "textgen": "2",
        "alignh": "0",
        "alignv": "0",
        "interlin": -1.0,
        "lat": 29.8393,
        "lon": 52.41642,
        "Name": "222"
      },
      "geometry": {
        "type": "Point",
        "coordinates": [52.416416897451441, 29.839300252829162]
      }
    },
    {
      "type": "Feature",
      "properties": {
        "fid": 437.0,
        "handle": "4963",
        "block": "-1",
        "etype": "25",
        "space": "0",
        "layer": "TEXT-2",
        "olinetype": "bylayer",
        "linetype": null,
        "color": "0,0,0,255",
        "ocolor": "256",
        "color24": "-1",
        "transparen": "0",
        "lweight": "-1",
        "linewidth": 0.0,
        "ltscale": 1.0,
        "visible": "1",
        "thickness": 0.0,
        "ext": "(3:0,0,1)",
        "height": 1.87486,
        "text": "122",
        "angle": 340.0185,
        "widthscale": 1.0,
        "oblique": 0.0,
        "style": "STYLE1",
        "textgen": "2",
        "alignh": "0",
        "alignv": "0",
        "interlin": -1.0,
        "lat": 29.83932,
        "lon": 52.41632,
        "Name": "221"
      },
      "geometry": {
        "type": "Point",
        "coordinates": [52.416316662320995, 29.839322712936255]
      }
    },
    {
      "type": "Feature",
      "properties": {
        "fid": 439.0,
        "handle": "4967",
        "block": "-1",
        "etype": "25",
        "space": "0",
        "layer": "TEXT-2",
        "olinetype": "bylayer",
        "linetype": null,
        "color": "0,0,0,255",
        "ocolor": "256",
        "color24": "-1",
        "transparen": "0",
        "lweight": "-1",
        "linewidth": 0.0,
        "ltscale": 1.0,
        "visible": "1",
        "thickness": 0.0,
        "ext": "(3:0,0,1)",
        "height": 1.87486,
        "text": "022",
        "angle": 340.0185,
        "widthscale": 1.0,
        "oblique": 0.0,
        "style": "STYLE1",
        "textgen": "2",
        "alignh": "0",
        "alignv": "0",
        "interlin": -1.0,
        "lat": 29.83934,
        "lon": 52.41622,
        "Name": "220"
      },
      "geometry": {
        "type": "Point",
        "coordinates": [52.416223867653535, 29.839343886160432]
      }
    },
    {
      "type": "Feature",
      "properties": {
        "fid": 441.0,
        "handle": "4972",
        "block": "-1",
        "etype": "25",
        "space": "0",
        "layer": "TEXT-2",
        "olinetype": "bylayer",
        "linetype": null,
        "color": "0,0,0,255",
        "ocolor": "256",
        "color24": "-1",
        "transparen": "0",
        "lweight": "-1",
        "linewidth": 0.0,
        "ltscale": 1.0,
        "visible": "1",
        "thickness": 0.0,
        "ext": "(3:0,0,1)",
        "height": 1.87486,
        "text": "232",
        "angle": 340.0185,
        "widthscale": 1.0,
        "oblique": 0.0,
        "style": "STYLE1",
        "textgen": "2",
        "alignh": "0",
        "alignv": "0",
        "interlin": -1.0,
        "lat": 29.83901,
        "lon": 52.41687,
        "Name": "232"
      },
      "geometry": {
        "type": "Point",
        "coordinates": [52.41686654713348, 29.839013176825855]
      }
    },
    {
      "type": "Feature",
      "properties": {
        "fid": 443.0,
        "handle": "4977",
        "block": "-1",
        "etype": "25",
        "space": "0",
        "layer": "TEXT-2",
        "olinetype": "bylayer",
        "linetype": null,
        "color": "0,0,0,255",
        "ocolor": "256",
        "color24": "-1",
        "transparen": "0",
        "lweight": "-1",
        "linewidth": 0.0,
        "ltscale": 1.0,
        "visible": "1",
        "thickness": 0.0,
        "ext": "(3:0,0,1)",
        "height": 1.87486,
        "text": "332",
        "angle": 340.0185,
        "widthscale": 1.0,
        "oblique": 0.0,
        "style": "STYLE1",
        "textgen": "2",
        "alignh": "0",
        "alignv": "0",
        "interlin": -1.0,
        "lat": 29.83904,
        "lon": 52.41677,
        "Name": "233"
      },
      "geometry": {
        "type": "Point",
        "coordinates": [52.416766312402387, 29.839035637262587]
      }
    },
    {
      "type": "Feature",
      "properties": {
        "fid": 445.0,
        "handle": "4982",
        "block": "-1",
        "etype": "25",
        "space": "0",
        "layer": "TEXT-2",
        "olinetype": "bylayer",
        "linetype": null,
        "color": "0,0,0,255",
        "ocolor": "256",
        "color24": "-1",
        "transparen": "0",
        "lweight": "-1",
        "linewidth": 0.0,
        "ltscale": 1.0,
        "visible": "1",
        "thickness": 0.0,
        "ext": "(3:0,0,1)",
        "height": 1.87486,
        "text": "432",
        "angle": 340.0185,
        "widthscale": 1.0,
        "oblique": 0.0,
        "style": "STYLE1",
        "textgen": "2",
        "alignh": "0",
        "alignv": "0",
        "interlin": -1.0,
        "lat": 29.83906,
        "lon": 52.41667,
        "Name": "234"
      },
      "geometry": {
        "type": "Point",
        "coordinates": [52.416666077623361, 29.839058097624612]
      }
    },
    {
      "type": "Feature",
      "properties": {
        "fid": 447.0,
        "handle": "4987",
        "block": "-1",
        "etype": "25",
        "space": "0",
        "layer": "TEXT-2",
        "olinetype": "bylayer",
        "linetype": null,
        "color": "0,0,0,255",
        "ocolor": "256",
        "color24": "-1",
        "transparen": "0",
        "lweight": "-1",
        "linewidth": 0.0,
        "ltscale": 1.0,
        "visible": "1",
        "thickness": 0.0,
        "ext": "(3:0,0,1)",
        "height": 1.87486,
        "text": "532",
        "angle": 340.0185,
        "widthscale": 1.0,
        "oblique": 0.0,
        "style": "STYLE1",
        "textgen": "2",
        "alignh": "0",
        "alignv": "0",
        "interlin": -1.0,
        "lat": 29.83908,
        "lon": 52.41657,
        "Name": "235"
      },
      "geometry": {
        "type": "Point",
        "coordinates": [52.416565842796395, 29.839080557911938]
      }
    },
    {
      "type": "Feature",
      "properties": {
        "fid": 449.0,
        "handle": "4992",
        "block": "-1",
        "etype": "25",
        "space": "0",
        "layer": "TEXT-2",
        "olinetype": "bylayer",
        "linetype": null,
        "color": "0,0,0,255",
        "ocolor": "256",
        "color24": "-1",
        "transparen": "0",
        "lweight": "-1",
        "linewidth": 0.0,
        "ltscale": 1.0,
        "visible": "1",
        "thickness": 0.0,
        "ext": "(3:0,0,1)",
        "height": 1.87486,
        "text": "632",
        "angle": 340.0185,
        "widthscale": 1.0,
        "oblique": 0.0,
        "style": "STYLE1",
        "textgen": "2",
        "alignh": "0",
        "alignv": "0",
        "interlin": -1.0,
        "lat": 29.8391,
        "lon": 52.41647,
        "Name": "236"
      },
      "geometry": {
        "type": "Point",
        "coordinates": [52.416465607921509, 29.839103018124547]
      }
    },
    {
      "type": "Feature",
      "properties": {
        "fid": 451.0,
        "handle": "4997",
        "block": "-1",
        "etype": "25",
        "space": "0",
        "layer": "TEXT-2",
        "olinetype": "bylayer",
        "linetype": null,
        "color": "0,0,0,255",
        "ocolor": "256",
        "color24": "-1",
        "transparen": "0",
        "lweight": "-1",
        "linewidth": 0.0,
        "ltscale": 1.0,
        "visible": "1",
        "thickness": 0.0,
        "ext": "(3:0,0,1)",
        "height": 1.87486,
        "text": "732",
        "angle": 340.0185,
        "widthscale": 1.0,
        "oblique": 0.0,
        "style": "STYLE1",
        "textgen": "2",
        "alignh": "0",
        "alignv": "0",
        "interlin": -1.0,
        "lat": 29.83913,
        "lon": 52.41637,
        "Name": "237"
      },
      "geometry": {
        "type": "Point",
        "coordinates": [52.416365372998683, 29.83912547826246]
      }
    },
    {
      "type": "Feature",
      "properties": {
        "fid": 453.0,
        "handle": "5001",
        "block": "-1",
        "etype": "25",
        "space": "0",
        "layer": "TEXT-2",
        "olinetype": "bylayer",
        "linetype": null,
        "color": "0,0,0,255",
        "ocolor": "256",
        "color24": "-1",
        "transparen": "0",
        "lweight": "-1",
        "linewidth": 0.0,
        "ltscale": 1.0,
        "visible": "1",
        "thickness": 0.0,
        "ext": "(3:0,0,1)",
        "height": 1.87486,
        "text": "642",
        "angle": 340.0185,
        "widthscale": 1.0,
        "oblique": 0.0,
        "style": "STYLE1",
        "textgen": "2",
        "alignh": "0",
        "alignv": "0",
        "interlin": -1.0,
        "lat": 29.8388,
        "lon": 52.41658,
        "Name": "246"
      },
      "geometry": {
        "type": "Point",
        "coordinates": [52.416583123243015, 29.838795293328005]
      }
    },
    {
      "type": "Feature",
      "properties": {
        "fid": 455.0,
        "handle": "5005",
        "block": "-1",
        "etype": "25",
        "space": "0",
        "layer": "TEXT-2",
        "olinetype": "bylayer",
        "linetype": null,
        "color": "0,0,0,255",
        "ocolor": "256",
        "color24": "-1",
        "transparen": "0",
        "lweight": "-1",
        "linewidth": 0.0,
        "ltscale": 1.0,
        "visible": "1",
        "thickness": 0.0,
        "ext": "(3:0,0,1)",
        "height": 1.87486,
        "text": "542",
        "angle": 340.0185,
        "widthscale": 1.0,
        "oblique": 0.0,
        "style": "STYLE1",
        "textgen": "2",
        "alignh": "0",
        "alignv": "0",
        "interlin": -1.0,
        "lat": 29.83882,
        "lon": 52.41649,
        "Name": "245"
      },
      "geometry": {
        "type": "Point",
        "coordinates": [52.416487161831398, 29.838818318218461]
      }
    },
    {
      "type": "Feature",
      "properties": {
        "fid": 457.0,
        "handle": "5009",
        "block": "-1",
        "etype": "25",
        "space": "0",
        "layer": "TEXT-2",
        "olinetype": "bylayer",
        "linetype": null,
        "color": "0,0,0,255",
        "ocolor": "256",
        "color24": "-1",
        "transparen": "0",
        "lweight": "-1",
        "linewidth": 0.0,
        "ltscale": 1.0,
        "visible": "1",
        "thickness": 0.0,
        "ext": "(3:0,0,1)",
        "height": 1.87486,
        "text": "342",
        "angle": 340.0185,
        "widthscale": 1.0,
        "oblique": 0.0,
        "style": "STYLE1",
        "textgen": "2",
        "alignh": "0",
        "alignv": "0",
        "interlin": -1.0,
        "lat": 29.83884,
        "lon": 52.41639,
        "Name": "243"
      },
      "geometry": {
        "type": "Point",
        "coordinates": [52.416388321362341, 29.83884085628317]
      }
    },
    {
      "type": "Feature",
      "properties": {
        "fid": 459.0,
        "handle": "5013",
        "block": "-1",
        "etype": "25",
        "space": "0",
        "layer": "TEXT-2",
        "olinetype": "bylayer",
        "linetype": null,
        "color": "0,0,0,255",
        "ocolor": "256",
        "color24": "-1",
        "transparen": "0",
        "lweight": "-1",
        "linewidth": 0.0,
        "ltscale": 1.0,
        "visible": "1",
        "thickness": 0.0,
        "ext": "(3:0,0,1)",
        "height": 1.87486,
        "text": "242",
        "angle": 340.0185,
        "widthscale": 1.0,
        "oblique": 0.0,
        "style": "STYLE1",
        "textgen": "2",
        "alignh": "0",
        "alignv": "0",
        "interlin": -1.0,
        "lat": 29.83886,
        "lon": 52.41629,
        "Name": "242"
      },
      "geometry": {
        "type": "Point",
        "coordinates": [52.416288086679032, 29.838863316355255]
      }
    },
    {
      "type": "Feature",
      "properties": {
        "fid": 461.0,
        "handle": "5017",
        "block": "-1",
        "etype": "25",
        "space": "0",
        "layer": "TEXT-2",
        "olinetype": "bylayer",
        "linetype": null,
        "color": "0,0,0,255",
        "ocolor": "256",
        "color24": "-1",
        "transparen": "0",
        "lweight": "-1",
        "linewidth": 0.0,
        "ltscale": 1.0,
        "visible": "1",
        "thickness": 0.0,
        "ext": "(3:0,0,1)",
        "height": 1.87486,
        "text": "142",
        "angle": 340.0185,
        "widthscale": 1.0,
        "oblique": 0.0,
        "style": "STYLE1",
        "textgen": "2",
        "alignh": "0",
        "alignv": "0",
        "interlin": -1.0,
        "lat": 29.83889,
        "lon": 52.41619,
        "Name": "241"
      },
      "geometry": {
        "type": "Point",
        "coordinates": [52.416187851947797, 29.838885776352644]
      }
    },
    {
      "type": "Feature",
      "properties": {
        "fid": 463.0,
        "handle": "5021",
        "block": "-1",
        "etype": "25",
        "space": "0",
        "layer": "TEXT-2",
        "olinetype": "bylayer",
        "linetype": null,
        "color": "0,0,0,255",
        "ocolor": "256",
        "color24": "-1",
        "transparen": "0",
        "lweight": "-1",
        "linewidth": 0.0,
        "ltscale": 1.0,
        "visible": "1",
        "thickness": 0.0,
        "ext": "(3:0,0,1)",
        "height": 1.87486,
        "text": "042",
        "angle": 340.0185,
        "widthscale": 1.0,
        "oblique": 0.0,
        "style": "STYLE1",
        "textgen": "2",
        "alignh": "0",
        "alignv": "0",
        "interlin": -1.0,
        "lat": 29.83891,
        "lon": 52.41609,
        "Name": "240"
      },
      "geometry": {
        "type": "Point",
        "coordinates": [52.416087617168628, 29.838908236275312]
      }
    },
    {
      "type": "Feature",
      "properties": {
        "fid": 465.0,
        "handle": "5026",
        "block": "-1",
        "etype": "25",
        "space": "0",
        "layer": "TEXT-2",
        "olinetype": "bylayer",
        "linetype": null,
        "color": "0,0,0,255",
        "ocolor": "256",
        "color24": "-1",
        "transparen": "0",
        "lweight": "-1",
        "linewidth": 0.0,
        "ltscale": 1.0,
        "visible": "1",
        "thickness": 0.0,
        "ext": "(3:0,0,1)",
        "height": 1.87486,
        "text": "852",
        "angle": 340.0185,
        "widthscale": 1.0,
        "oblique": 0.0,
        "style": "STYLE1",
        "textgen": "2",
        "alignh": "0",
        "alignv": "0",
        "interlin": -1.0,
        "lat": 29.83868,
        "lon": 52.41625,
        "Name": "258"
      },
      "geometry": {
        "type": "Point",
        "coordinates": [52.416251890508157, 29.838681457614971]
      }
    },
    {
      "type": "Feature",
      "properties": {
        "fid": 467.0,
        "handle": "5031",
        "block": "-1",
        "etype": "25",
        "space": "0",
        "layer": "TEXT-2",
        "olinetype": "bylayer",
        "linetype": null,
        "color": "0,0,0,255",
        "ocolor": "256",
        "color24": "-1",
        "transparen": "0",
        "lweight": "-1",
        "linewidth": 0.0,
        "ltscale": 1.0,
        "visible": "1",
        "thickness": 0.0,
        "ext": "(3:0,0,1)",
        "height": 1.87486,
        "text": "752",
        "angle": 340.0185,
        "widthscale": 1.0,
        "oblique": 0.0,
        "style": "STYLE1",
        "textgen": "2",
        "alignh": "0",
        "alignv": "0",
        "interlin": -1.0,
        "lat": 29.83866,
        "lon": 52.41635,
        "Name": "257"
      },
      "geometry": {
        "type": "Point",
        "coordinates": [52.41635212502085, 29.838658997575447]
      }
    },
    {
      "type": "Feature",
      "properties": {
        "fid": 469.0,
        "handle": "5036",
        "block": "-1",
        "etype": "25",
        "space": "0",
        "layer": "TEXT-2",
        "olinetype": "bylayer",
        "linetype": null,
        "color": "0,0,0,255",
        "ocolor": "256",
        "color24": "-1",
        "transparen": "0",
        "lweight": "-1",
        "linewidth": 0.0,
        "ltscale": 1.0,
        "visible": "1",
        "thickness": 0.0,
        "ext": "(3:0,0,1)",
        "height": 1.87486,
        "text": "652",
        "angle": 340.0185,
        "widthscale": 1.0,
        "oblique": 0.0,
        "style": "STYLE1",
        "textgen": "2",
        "alignh": "0",
        "alignv": "0",
        "interlin": -1.0,
        "lat": 29.83864,
        "lon": 52.41645,
        "Name": "256"
      },
      "geometry": {
        "type": "Point",
        "coordinates": [52.416452359485611, 29.83863653746122]
      }
    },
    {
      "type": "Feature",
      "properties": {
        "fid": 471.0,
        "handle": "5041",
        "block": "-1",
        "etype": "25",
        "space": "0",
        "layer": "TEXT-2",
        "olinetype": "bylayer",
        "linetype": null,
        "color": "0,0,0,255",
        "ocolor": "256",
        "color24": "-1",
        "transparen": "0",
        "lweight": "-1",
        "linewidth": 0.0,
        "ltscale": 1.0,
        "visible": "1",
        "thickness": 0.0,
        "ext": "(3:0,0,1)",
        "height": 1.87486,
        "text": "552",
        "angle": 340.0185,
        "widthscale": 1.0,
        "oblique": 0.0,
        "style": "STYLE1",
        "textgen": "2",
        "alignh": "0",
        "alignv": "0",
        "interlin": -1.0,
        "lat": 29.83861,
        "lon": 52.41655,
        "Name": "255"
      },
      "geometry": {
        "type": "Point",
        "coordinates": [52.416552593902438, 29.838614077272279]
      }
    },
    {
      "type": "Feature",
      "properties": {
        "fid": 473.0,
        "handle": "5046",
        "block": "-1",
        "etype": "25",
        "space": "0",
        "layer": "TEXT-2",
        "olinetype": "bylayer",
        "linetype": null,
        "color": "0,0,0,255",
        "ocolor": "256",
        "color24": "-1",
        "transparen": "0",
        "lweight": "-1",
        "linewidth": 0.0,
        "ltscale": 1.0,
        "visible": "1",
        "thickness": 0.0,
        "ext": "(3:0,0,1)",
        "height": 1.87486,
        "text": "452",
        "angle": 340.0185,
        "widthscale": 1.0,
        "oblique": 0.0,
        "style": "STYLE1",
        "textgen": "2",
        "alignh": "0",
        "alignv": "0",
        "interlin": -1.0,
        "lat": 29.83859,
        "lon": 52.41665,
        "Name": "254"
      },
      "geometry": {
        "type": "Point",
        "coordinates": [52.416652828271339, 29.83859161700865]
      }
    },
    {
      "type": "Feature",
      "properties": {
        "fid": 475.0,
        "handle": "5051",
        "block": "-1",
        "etype": "25",
        "space": "0",
        "layer": "TEXT-2",
        "olinetype": "bylayer",
        "linetype": null,
        "color": "0,0,0,255",
        "ocolor": "256",
        "color24": "-1",
        "transparen": "0",
        "lweight": "-1",
        "linewidth": 0.0,
        "ltscale": 1.0,
        "visible": "1",
        "thickness": 0.0,
        "ext": "(3:0,0,1)",
        "height": 1.87486,
        "text": "352",
        "angle": 340.0185,
        "widthscale": 1.0,
        "oblique": 0.0,
        "style": "STYLE1",
        "textgen": "2",
        "alignh": "0",
        "alignv": "0",
        "interlin": -1.0,
        "lat": 29.83857,
        "lon": 52.41675,
        "Name": "253"
      },
      "geometry": {
        "type": "Point",
        "coordinates": [52.416753062592306, 29.8385691566703]
      }
    },
    {
      "type": "Feature",
      "properties": {
        "fid": 477.0,
        "handle": "5056",
        "block": "-1",
        "etype": "25",
        "space": "0",
        "layer": "TEXT-2",
        "olinetype": "bylayer",
        "linetype": null,
        "color": "0,0,0,255",
        "ocolor": "256",
        "color24": "-1",
        "transparen": "0",
        "lweight": "-1",
        "linewidth": 0.0,
        "ltscale": 1.0,
        "visible": "1",
        "thickness": 0.0,
        "ext": "(3:0,0,1)",
        "height": 1.87486,
        "text": "252",
        "angle": 340.0185,
        "widthscale": 1.0,
        "oblique": 0.0,
        "style": "STYLE1",
        "textgen": "2",
        "alignh": "0",
        "alignv": "0",
        "interlin": -1.0,
        "lat": 29.83855,
        "lon": 52.41685,
        "Name": "252"
      },
      "geometry": {
        "type": "Point",
        "coordinates": [52.416853296865334, 29.838546696257257]
      }
    },
    {
      "type": "Feature",
      "properties": {
        "fid": 479.0,
        "handle": "5058",
        "block": "-1",
        "etype": "25",
        "space": "0",
        "layer": "TEXT-2",
        "olinetype": "bylayer",
        "linetype": null,
        "color": "0,0,0,255",
        "ocolor": "256",
        "color24": "-1",
        "transparen": "0",
        "lweight": "-1",
        "linewidth": 0.0,
        "ltscale": 1.0,
        "visible": "1",
        "thickness": 0.0,
        "ext": "(3:0,0,1)",
        "height": 1.87486,
        "text": "032",
        "angle": 340.0185,
        "widthscale": 1.0,
        "oblique": 0.0,
        "style": "STYLE1",
        "textgen": "2",
        "alignh": "0",
        "alignv": "0",
        "interlin": -1.0,
        "lat": 29.83897,
        "lon": 52.41707,
        "Name": "230"
      },
      "geometry": {
        "type": "Point",
        "coordinates": [52.417065723551488, 29.838972608855268]
      }
    },
    {
      "type": "Feature",
      "properties": {
        "fid": 481.0,
        "handle": "5063",
        "block": "-1",
        "etype": "25",
        "space": "0",
        "layer": "TEXT-2",
        "olinetype": "bylayer",
        "linetype": null,
        "color": "0,0,0,255",
        "ocolor": "256",
        "color24": "-1",
        "transparen": "0",
        "lweight": "-1",
        "linewidth": 0.0,
        "ltscale": 1.0,
        "visible": "1",
        "thickness": 0.0,
        "ext": "(3:0,0,1)",
        "height": 1.87486,
        "text": "132",
        "angle": 340.0185,
        "widthscale": 1.0,
        "oblique": 0.0,
        "style": "STYLE1",
        "textgen": "2",
        "alignh": "0",
        "alignv": "0",
        "interlin": -1.0,
        "lat": 29.839,
        "lon": 52.41697,
        "Name": "231"
      },
      "geometry": {
        "type": "Point",
        "coordinates": [52.416965488911629, 29.838995069440571]
      }
    },
    {
      "type": "Feature",
      "properties": {
        "fid": 483.0,
        "handle": "5068",
        "block": "-1",
        "etype": "25",
        "space": "0",
        "layer": "TEXT-2",
        "olinetype": "bylayer",
        "linetype": null,
        "color": "0,0,0,255",
        "ocolor": "256",
        "color24": "-1",
        "transparen": "0",
        "lweight": "-1",
        "linewidth": 0.0,
        "ltscale": 1.0,
        "visible": "1",
        "thickness": 0.0,
        "ext": "(3:0,0,1)",
        "height": 1.87486,
        "text": "842",
        "angle": 340.0185,
        "widthscale": 1.0,
        "oblique": 0.0,
        "style": "STYLE1",
        "textgen": "2",
        "alignh": "0",
        "alignv": "0",
        "interlin": -1.0,
        "lat": 29.83875,
        "lon": 52.41679,
        "Name": "248"
      },
      "geometry": {
        "type": "Point",
        "coordinates": [52.41678927247289, 29.838745029253598]
      }
    },
    {
      "type": "Feature",
      "properties": {
        "fid": 485.0,
        "handle": "5072",
        "block": "-1",
        "etype": "25",
        "space": "0",
        "layer": "TEXT-2",
        "olinetype": "bylayer",
        "linetype": null,
        "color": "0,0,0,255",
        "ocolor": "256",
        "color24": "-1",
        "transparen": "0",
        "lweight": "-1",
        "linewidth": 0.0,
        "ltscale": 1.0,
        "visible": "1",
        "thickness": 0.0,
        "ext": "(3:0,0,1)",
        "height": 1.87486,
        "text": "742",
        "angle": 340.0185,
        "widthscale": 1.0,
        "oblique": 0.0,
        "style": "STYLE1",
        "textgen": "2",
        "alignh": "0",
        "alignv": "0",
        "interlin": -1.0,
        "lat": 29.83876,
        "lon": 52.4167,
        "Name": "247"
      },
      "geometry": {
        "type": "Point",
        "coordinates": [52.416695766712756, 29.838764034356515]
      }
    },
    {
      "type": "Feature",
      "properties": {
        "fid": 487.0,
        "handle": "5076",
        "block": "-1",
        "etype": "25",
        "space": "0",
        "layer": "TEXT-2",
        "olinetype": "bylayer",
        "linetype": null,
        "color": "0,0,0,255",
        "ocolor": "256",
        "color24": "-1",
        "transparen": "0",
        "lweight": "-1",
        "linewidth": 0.0,
        "ltscale": 1.0,
        "visible": "1",
        "thickness": 0.0,
        "ext": "(3:0,0,1)",
        "height": 1.87486,
        "text": "152",
        "angle": 340.0185,
        "widthscale": 1.0,
        "oblique": 0.0,
        "style": "STYLE1",
        "textgen": "2",
        "alignh": "0",
        "alignv": "0",
        "interlin": -1.0,
        "lat": 29.83853,
        "lon": 52.41695,
        "Name": "251"
      },
      "geometry": {
        "type": "Point",
        "coordinates": [52.416952238189978, 29.838528588895649]
      }
    },
    {
      "type": "Feature",
      "properties": {
        "fid": 489.0,
        "handle": "5081",
        "block": "-1",
        "etype": "25",
        "space": "0",
        "layer": "TEXT-2",
        "olinetype": "bylayer",
        "linetype": null,
        "color": "0,0,0,255",
        "ocolor": "256",
        "color24": "-1",
        "transparen": "0",
        "lweight": "-1",
        "linewidth": 0.0,
        "ltscale": 1.0,
        "visible": "1",
        "thickness": 0.0,
        "ext": "(3:0,0,1)",
        "height": 1.87486,
        "text": "572",
        "angle": 340.0185,
        "widthscale": 1.0,
        "oblique": 0.0,
        "style": "STYLE1",
        "textgen": "2",
        "alignh": "0",
        "alignv": "0",
        "interlin": -1.0,
        "lat": 29.83829,
        "lon": 52.41675,
        "Name": "275"
      },
      "geometry": {
        "type": "Point",
        "coordinates": [52.416751429377044, 29.838288658631438]
      }
    },
    {
      "type": "Feature",
      "properties": {
        "fid": 491.0,
        "handle": "5085",
        "block": "-1",
        "etype": "25",
        "space": "0",
        "layer": "TEXT-2",
        "olinetype": "bylayer",
        "linetype": null,
        "color": "0,0,0,255",
        "ocolor": "256",
        "color24": "-1",
        "transparen": "0",
        "lweight": "-1",
        "linewidth": 0.0,
        "ltscale": 1.0,
        "visible": "1",
        "thickness": 0.0,
        "ext": "(3:0,0,1)",
        "height": 1.87486,
        "text": "472",
        "angle": 340.0185,
        "widthscale": 1.0,
        "oblique": 0.0,
        "style": "STYLE1",
        "textgen": "2",
        "alignh": "0",
        "alignv": "0",
        "interlin": -1.0,
        "lat": 29.83831,
        "lon": 52.41665,
        "Name": "274"
      },
      "geometry": {
        "type": "Point",
        "coordinates": [52.416651195333131, 29.838311118960284]
      }
    },
    {
      "type": "Feature",
      "properties": {
        "fid": 493.0,
        "handle": "5089",
        "block": "-1",
        "etype": "25",
        "space": "0",
        "layer": "TEXT-2",
        "olinetype": "bylayer",
        "linetype": null,
        "color": "0,0,0,255",
        "ocolor": "256",
        "color24": "-1",
        "transparen": "0",
        "lweight": "-1",
        "linewidth": 0.0,
        "ltscale": 1.0,
        "visible": "1",
        "thickness": 0.0,
        "ext": "(3:0,0,1)",
        "height": 1.87486,
        "text": "872",
        "angle": 340.0185,
        "widthscale": 1.0,
        "oblique": 0.0,
        "style": "STYLE1",
        "textgen": "2",
        "alignh": "0",
        "alignv": "0",
        "interlin": -1.0,
        "lat": 29.83807,
        "lon": 52.41693,
        "Name": "278"
      },
      "geometry": {
        "type": "Point",
        "coordinates": [52.416927338491192, 29.838068591887005]
      }
    },
    {
      "type": "Feature",
      "properties": {
        "fid": 494.0,
        "handle": "5092",
        "block": "-1",
        "etype": "25",
        "space": "0",
        "layer": "TEXT-2",
        "olinetype": "bylayer",
        "linetype": null,
        "color": "0,0,0,255",
        "ocolor": "256",
        "color24": "-1",
        "transparen": "0",
        "lweight": "-1",
        "linewidth": 0.0,
        "ltscale": 1.0,
        "visible": "1",
        "thickness": 0.0,
        "ext": "(3:0,0,1)",
        "height": 1.87486,
        "text": "972",
        "angle": 340.0185,
        "widthscale": 1.0,
        "oblique": 0.0,
        "style": "STYLE1",
        "textgen": "2",
        "alignh": "0",
        "alignv": "0",
        "interlin": -1.0,
        "lat": 29.8381,
        "lon": 52.41681,
        "Name": "279"
      },
      "geometry": {
        "type": "Point",
        "coordinates": [52.416813733494507, 29.838095344001836]
      }
    },
    {
      "type": "Feature",
      "properties": {
        "fid": 495.0,
        "handle": "5097",
        "block": "-1",
        "etype": "25",
        "space": "0",
        "layer": "TEXT-2",
        "olinetype": "bylayer",
        "linetype": null,
        "color": "0,0,0,255",
        "ocolor": "256",
        "color24": "-1",
        "transparen": "0",
        "lweight": "-1",
        "linewidth": 0.0,
        "ltscale": 1.0,
        "visible": "1",
        "thickness": 0.0,
        "ext": "(3:0,0,1)",
        "height": 1.87486,
        "text": "372",
        "angle": 340.0185,
        "widthscale": 1.0,
        "oblique": 0.0,
        "style": "STYLE1",
        "textgen": "2",
        "alignh": "0",
        "alignv": "0",
        "interlin": -1.0,
        "lat": 29.83834,
        "lon": 52.41655,
        "Name": "273"
      },
      "geometry": {
        "type": "Point",
        "coordinates": [52.41655483036795, 29.838337964818187]
      }
    },
    {
      "type": "Feature",
      "properties": {
        "fid": 497.0,
        "handle": "5101",
        "block": "-1",
        "etype": "25",
        "space": "0",
        "layer": "TEXT-2",
        "olinetype": "bylayer",
        "linetype": null,
        "color": "0,0,0,255",
        "ocolor": "256",
        "color24": "-1",
        "transparen": "0",
        "lweight": "-1",
        "linewidth": 0.0,
        "ltscale": 1.0,
        "visible": "1",
        "thickness": 0.0,
        "ext": "(3:0,0,1)",
        "height": 1.87486,
        "text": "272",
        "angle": 340.0185,
        "widthscale": 1.0,
        "oblique": 0.0,
        "style": "STYLE1",
        "textgen": "2",
        "alignh": "0",
        "alignv": "0",
        "interlin": -1.0,
        "lat": 29.83836,
        "lon": 52.41645,
        "Name": "272"
      },
      "geometry": {
        "type": "Point",
        "coordinates": [52.416454596224824, 29.838360425000683]
      }
    },
    {
      "type": "Feature",
      "properties": {
        "fid": 499.0,
        "handle": "5105",
        "block": "-1",
        "etype": "25",
        "space": "0",
        "layer": "TEXT-2",
        "olinetype": "bylayer",
        "linetype": null,
        "color": "0,0,0,255",
        "ocolor": "256",
        "color24": "-1",
        "transparen": "0",
        "lweight": "-1",
        "linewidth": 0.0,
        "ltscale": 1.0,
        "visible": "1",
        "thickness": 0.0,
        "ext": "(3:0,0,1)",
        "height": 1.87486,
        "text": "172",
        "angle": 340.0185,
        "widthscale": 1.0,
        "oblique": 0.0,
        "style": "STYLE1",
        "textgen": "2",
        "alignh": "0",
        "alignv": "0",
        "interlin": -1.0,
        "lat": 29.83838,
        "lon": 52.41635,
        "Name": "271"
      },
      "geometry": {
        "type": "Point",
        "coordinates": [52.416354362033772, 29.838382885108473]
      }
    },
    {
      "type": "Feature",
      "properties": {
        "fid": 501.0,
        "handle": "5109",
        "block": "-1",
        "etype": "25",
        "space": "0",
        "layer": "TEXT-2",
        "olinetype": "bylayer",
        "linetype": null,
        "color": "0,0,0,255",
        "ocolor": "256",
        "color24": "-1",
        "transparen": "0",
        "lweight": "-1",
        "linewidth": 0.0,
        "ltscale": 1.0,
        "visible": "1",
        "thickness": 0.0,
        "ext": "(3:0,0,1)",
        "height": 1.87486,
        "text": "072",
        "angle": 340.0185,
        "widthscale": 1.0,
        "oblique": 0.0,
        "style": "STYLE1",
        "textgen": "2",
        "alignh": "0",
        "alignv": "0",
        "interlin": -1.0,
        "lat": 29.83841,
        "lon": 52.41625,
        "Name": "270"
      },
      "geometry": {
        "type": "Point",
        "coordinates": [52.416254127794794, 29.83840534514156]
      }
    },
    {
      "type": "Feature",
      "properties": {
        "fid": 503.0,
        "handle": "5113",
        "block": "-1",
        "etype": "25",
        "space": "0",
        "layer": "TEXT-2",
        "olinetype": "bylayer",
        "linetype": null,
        "color": "0,0,0,255",
        "ocolor": "256",
        "color24": "-1",
        "transparen": "0",
        "lweight": "-1",
        "linewidth": 0.0,
        "ltscale": 1.0,
        "visible": "1",
        "thickness": 0.0,
        "ext": "(3:0,0,1)",
        "height": 1.87486,
        "text": "962",
        "angle": 340.0185,
        "widthscale": 1.0,
        "oblique": 0.0,
        "style": "STYLE1",
        "textgen": "2",
        "alignh": "0",
        "alignv": "0",
        "interlin": -1.0,
        "lat": 29.83843,
        "lon": 52.41615,
        "Name": "269"
      },
      "geometry": {
        "type": "Point",
        "coordinates": [52.416153893507882, 29.83842780509994]
      }
    },
    {
      "type": "Feature",
      "properties": {
        "fid": 505.0,
        "handle": "5117",
        "block": "-1",
        "etype": "25",
        "space": "0",
        "layer": "TEXT-2",
        "olinetype": "bylayer",
        "linetype": null,
        "color": "0,0,0,255",
        "ocolor": "256",
        "color24": "-1",
        "transparen": "0",
        "lweight": "-1",
        "linewidth": 0.0,
        "ltscale": 1.0,
        "visible": "1",
        "thickness": 0.0,
        "ext": "(3:0,0,1)",
        "height": 1.87486,
        "text": "862",
        "angle": 340.0185,
        "widthscale": 1.0,
        "oblique": 0.0,
        "style": "STYLE1",
        "textgen": "2",
        "alignh": "0",
        "alignv": "0",
        "interlin": -1.0,
        "lat": 29.83845,
        "lon": 52.41605,
        "Name": "268"
      },
      "geometry": {
        "type": "Point",
        "coordinates": [52.416053659173045, 29.838450264983617]
      }
    },
    {
      "type": "Feature",
      "properties": {
        "fid": 507.0,
        "handle": "5121",
        "block": "-1",
        "etype": "25",
        "space": "0",
        "layer": "TEXT-2",
        "olinetype": "bylayer",
        "linetype": null,
        "color": "0,0,0,255",
        "ocolor": "256",
        "color24": "-1",
        "transparen": "0",
        "lweight": "-1",
        "linewidth": 0.0,
        "ltscale": 1.0,
        "visible": "1",
        "thickness": 0.0,
        "ext": "(3:0,0,1)",
        "height": 1.87486,
        "text": "762",
        "angle": 340.0185,
        "widthscale": 1.0,
        "oblique": 0.0,
        "style": "STYLE1",
        "textgen": "2",
        "alignh": "0",
        "alignv": "0",
        "interlin": -1.0,
        "lat": 29.83847,
        "lon": 52.41595,
        "Name": "267"
      },
      "geometry": {
        "type": "Point",
        "coordinates": [52.415953424790267, 29.838472724792585]
      }
    },
    {
      "type": "Feature",
      "properties": {
        "fid": 509.0,
        "handle": "5126",
        "block": "-1",
        "etype": "25",
        "space": "0",
        "layer": "TEXT-2",
        "olinetype": "bylayer",
        "linetype": null,
        "color": "0,0,0,255",
        "ocolor": "256",
        "color24": "-1",
        "transparen": "0",
        "lweight": "-1",
        "linewidth": 0.0,
        "ltscale": 1.0,
        "visible": "1",
        "thickness": 0.0,
        "ext": "(3:0,0,1)",
        "height": 1.87486,
        "text": "682",
        "angle": 340.0185,
        "widthscale": 1.0,
        "oblique": 0.0,
        "style": "STYLE1",
        "textgen": "2",
        "alignh": "0",
        "alignv": "0",
        "interlin": -1.0,
        "lat": 29.83825,
        "lon": 52.41611,
        "Name": "286"
      },
      "geometry": {
        "type": "Point",
        "coordinates": [52.416113388565279, 29.838248211904048]
      }
    },
    {
      "type": "Feature",
      "properties": {
        "fid": 511.0,
        "handle": "5131",
        "block": "-1",
        "etype": "25",
        "space": "0",
        "layer": "TEXT-2",
        "olinetype": "bylayer",
        "linetype": null,
        "color": "0,0,0,255",
        "ocolor": "256",
        "color24": "-1",
        "transparen": "0",
        "lweight": "-1",
        "linewidth": 0.0,
        "ltscale": 1.0,
        "visible": "1",
        "thickness": 0.0,
        "ext": "(3:0,0,1)",
        "height": 1.87486,
        "text": "582",
        "angle": 340.0185,
        "widthscale": 1.0,
        "oblique": 0.0,
        "style": "STYLE1",
        "textgen": "2",
        "alignh": "0",
        "alignv": "0",
        "interlin": -1.0,
        "lat": 29.83823,
        "lon": 52.41621,
        "Name": "285"
      },
      "geometry": {
        "type": "Point",
        "coordinates": [52.416213622684928, 29.838225751981405]
      }
    },
    {
      "type": "Feature",
      "properties": {
        "fid": 513.0,
        "handle": "5136",
        "block": "-1",
        "etype": "25",
        "space": "0",
        "layer": "TEXT-2",
        "olinetype": "bylayer",
        "linetype": null,
        "color": "0,0,0,255",
        "ocolor": "256",
        "color24": "-1",
        "transparen": "0",
        "lweight": "-1",
        "linewidth": 0.0,
        "ltscale": 1.0,
        "visible": "1",
        "thickness": 0.0,
        "ext": "(3:0,0,1)",
        "height": 1.87486,
        "text": "482",
        "angle": 340.0185,
        "widthscale": 1.0,
        "oblique": 0.0,
        "style": "STYLE1",
        "textgen": "2",
        "alignh": "0",
        "alignv": "0",
        "interlin": -1.0,
        "lat": 29.8382,
        "lon": 52.41631,
        "Name": "284"
      },
      "geometry": {
        "type": "Point",
        "coordinates": [52.416313856756645, 29.838203291984055]
      }
    },
    {
      "type": "Feature",
      "properties": {
        "fid": 515.0,
        "handle": "5141",
        "block": "-1",
        "etype": "25",
        "space": "0",
        "layer": "TEXT-2",
        "olinetype": "bylayer",
        "linetype": null,
        "color": "0,0,0,255",
        "ocolor": "256",
        "color24": "-1",
        "transparen": "0",
        "lweight": "-1",
        "linewidth": 0.0,
        "ltscale": 1.0,
        "visible": "1",
        "thickness": 0.0,
        "ext": "(3:0,0,1)",
        "height": 1.87486,
        "text": "382",
        "angle": 340.0185,
        "widthscale": 1.0,
        "oblique": 0.0,
        "style": "STYLE1",
        "textgen": "2",
        "alignh": "0",
        "alignv": "0",
        "interlin": -1.0,
        "lat": 29.83818,
        "lon": 52.41641,
        "Name": "283"
      },
      "geometry": {
        "type": "Point",
        "coordinates": [52.416414090780428, 29.838180831911995]
      }
    },
    {
      "type": "Feature",
      "properties": {
        "fid": 517.0,
        "handle": "5146",
        "block": "-1",
        "etype": "25",
        "space": "0",
        "layer": "TEXT-2",
        "olinetype": "bylayer",
        "linetype": null,
        "color": "0,0,0,255",
        "ocolor": "256",
        "color24": "-1",
        "transparen": "0",
        "lweight": "-1",
        "linewidth": 0.0,
        "ltscale": 1.0,
        "visible": "1",
        "thickness": 0.0,
        "ext": "(3:0,0,1)",
        "height": 1.87486,
        "text": "282",
        "angle": 340.0185,
        "widthscale": 1.0,
        "oblique": 0.0,
        "style": "STYLE1",
        "textgen": "2",
        "alignh": "0",
        "alignv": "0",
        "interlin": -1.0,
        "lat": 29.83816,
        "lon": 52.41651,
        "Name": "282"
      },
      "geometry": {
        "type": "Point",
        "coordinates": [52.416514324756285, 29.83815837176525]
      }
    },
    {
      "type": "Feature",
      "properties": {
        "fid": 519.0,
        "handle": "5151",
        "block": "-1",
        "etype": "25",
        "space": "0",
        "layer": "TEXT-2",
        "olinetype": "bylayer",
        "linetype": null,
        "color": "0,0,0,255",
        "ocolor": "256",
        "color24": "-1",
        "transparen": "0",
        "lweight": "-1",
        "linewidth": 0.0,
        "ltscale": 1.0,
        "visible": "1",
        "thickness": 0.0,
        "ext": "(3:0,0,1)",
        "height": 1.87486,
        "text": "182",
        "angle": 340.0185,
        "widthscale": 1.0,
        "oblique": 0.0,
        "style": "STYLE1",
        "textgen": "2",
        "alignh": "0",
        "alignv": "0",
        "interlin": -1.0,
        "lat": 29.83814,
        "lon": 52.41661,
        "Name": "281"
      },
      "geometry": {
        "type": "Point",
        "coordinates": [52.416614558684202, 29.838135911543784]
      }
    },
    {
      "type": "Feature",
      "properties": {
        "fid": 521.0,
        "handle": "5156",
        "block": "-1",
        "etype": "25",
        "space": "0",
        "layer": "TEXT-2",
        "olinetype": "bylayer",
        "linetype": null,
        "color": "0,0,0,255",
        "ocolor": "256",
        "color24": "-1",
        "transparen": "0",
        "lweight": "-1",
        "linewidth": 0.0,
        "ltscale": 1.0,
        "visible": "1",
        "thickness": 0.0,
        "ext": "(3:0,0,1)",
        "height": 1.87486,
        "text": "082",
        "angle": 340.0185,
        "widthscale": 1.0,
        "oblique": 0.0,
        "style": "STYLE1",
        "textgen": "2",
        "alignh": "0",
        "alignv": "0",
        "interlin": -1.0,
        "lat": 29.83811,
        "lon": 52.41671,
        "Name": "280"
      },
      "geometry": {
        "type": "Point",
        "coordinates": [52.4167147925642, 29.838113451247615]
      }
    },
    {
      "type": "Feature",
      "properties": {
        "fid": 523.0,
        "handle": "5158",
        "block": "-1",
        "etype": "25",
        "space": "0",
        "layer": "TEXT-2",
        "olinetype": "bylayer",
        "linetype": null,
        "color": "0,0,0,255",
        "ocolor": "256",
        "color24": "-1",
        "transparen": "0",
        "lweight": "-1",
        "linewidth": 0.0,
        "ltscale": 1.0,
        "visible": "1",
        "thickness": 0.0,
        "ext": "(3:0,0,1)",
        "height": 1.87486,
        "text": "712",
        "angle": 340.0185,
        "widthscale": 1.0,
        "oblique": 0.0,
        "style": "STYLE1",
        "textgen": "2",
        "alignh": "0",
        "alignv": "0",
        "interlin": -1.0,
        "lat": 29.83958,
        "lon": 52.41637,
        "Name": "217"
      },
      "geometry": {
        "type": "Point",
        "coordinates": [52.416373753437306, 29.839581656574737]
      }
    },
    {
      "type": "Feature",
      "properties": {
        "fid": 524.0,
        "handle": "5159",
        "block": "-1",
        "etype": "25",
        "space": "0",
        "layer": "TEXT-2",
        "olinetype": "bylayer",
        "linetype": null,
        "color": "0,0,0,255",
        "ocolor": "256",
        "color24": "-1",
        "transparen": "0",
        "lweight": "-1",
        "linewidth": 0.0,
        "ltscale": 1.0,
        "visible": "1",
        "thickness": 0.0,
        "ext": "(3:0,0,1)",
        "height": 1.87486,
        "text": "812",
        "angle": 330.13606,
        "widthscale": 1.0,
        "oblique": 0.0,
        "style": "STYLE1",
        "textgen": "2",
        "alignh": "0",
        "alignv": "0",
        "interlin": -1.0,
        "lat": 29.83954,
        "lon": 52.41606,
        "Name": "218"
      },
      "geometry": {
        "type": "Point",
        "coordinates": [52.416057043557323, 29.839540974856245]
      }
    },
    {
      "type": "Feature",
      "properties": {
        "fid": 525.0,
        "handle": "5160",
        "block": "-1",
        "etype": "25",
        "space": "0",
        "layer": "TEXT-2",
        "olinetype": "bylayer",
        "linetype": null,
        "color": "0,0,0,255",
        "ocolor": "256",
        "color24": "-1",
        "transparen": "0",
        "lweight": "-1",
        "linewidth": 0.0,
        "ltscale": 1.0,
        "visible": "1",
        "thickness": 0.0,
        "ext": "(3:0,0,1)",
        "height": 1.87486,
        "text": "262",
        "angle": 330.13606,
        "widthscale": 1.0,
        "oblique": 0.0,
        "style": "STYLE1",
        "textgen": "2",
        "alignh": "0",
        "alignv": "0",
        "interlin": -1.0,
        "lat": 29.8387,
        "lon": 52.41571,
        "Name": "262"
      },
      "geometry": {
        "type": "Point",
        "coordinates": [52.415712010743093, 29.838697506088636]
      }
    },
    {
      "type": "Feature",
      "properties": {
        "fid": 526.0,
        "handle": "5161",
        "block": "-1",
        "etype": "25",
        "space": "0",
        "layer": "TEXT-2",
        "olinetype": "bylayer",
        "linetype": null,
        "color": "0,0,0,255",
        "ocolor": "256",
        "color24": "-1",
        "transparen": "0",
        "lweight": "-1",
        "linewidth": 0.0,
        "ltscale": 1.0,
        "visible": "1",
        "thickness": 0.0,
        "ext": "(3:0,0,1)",
        "height": 1.87486,
        "text": "162",
        "angle": 330.13606,
        "widthscale": 1.0,
        "oblique": 0.0,
        "style": "STYLE1",
        "textgen": "2",
        "alignh": "0",
        "alignv": "0",
        "interlin": -1.0,
        "lat": 29.83866,
        "lon": 52.41578,
        "Name": "261"
      },
      "geometry": {
        "type": "Point",
        "coordinates": [52.415784183030603, 29.838664366679552]
      }
    },
    {
      "type": "Feature",
      "properties": {
        "fid": 527.0,
        "handle": "5162",
        "block": "-1",
        "etype": "25",
        "space": "0",
        "layer": "TEXT-2",
        "olinetype": "bylayer",
        "linetype": null,
        "color": "0,0,0,255",
        "ocolor": "256",
        "color24": "-1",
        "transparen": "0",
        "lweight": "-1",
        "linewidth": 0.0,
        "ltscale": 1.0,
        "visible": "1",
        "thickness": 0.0,
        "ext": "(3:0,0,1)",
        "height": 1.87486,
        "text": "062",
        "angle": 330.13606,
        "widthscale": 1.0,
        "oblique": 0.0,
        "style": "STYLE1",
        "textgen": "2",
        "alignh": "0",
        "alignv": "0",
        "interlin": -1.0,
        "lat": 29.83873,
        "lon": 52.41603,
        "Name": "260"
      },
      "geometry": {
        "type": "Point",
        "coordinates": [52.416033230964665, 29.838734505203142]
      }
    },
    {
      "type": "Feature",
      "properties": {
        "fid": 528.0,
        "handle": "5163",
        "block": "-1",
        "etype": "25",
        "space": "0",
        "layer": "TEXT-2",
        "olinetype": "bylayer",
        "linetype": null,
        "color": "0,0,0,255",
        "ocolor": "256",
        "color24": "-1",
        "transparen": "0",
        "lweight": "-1",
        "linewidth": 0.0,
        "ltscale": 1.0,
        "visible": "1",
        "thickness": 0.0,
        "ext": "(3:0,0,1)",
        "height": 1.87486,
        "text": "362",
        "angle": 330.13606,
        "widthscale": 1.0,
        "oblique": 0.0,
        "style": "STYLE1",
        "textgen": "2",
        "alignh": "0",
        "alignv": "0",
        "interlin": -1.0,
        "lat": 29.83874,
        "lon": 52.41563,
        "Name": "263"
      },
      "geometry": {
        "type": "Point",
        "coordinates": [52.415629808155636, 29.838735985823277]
      }
    },
    {
      "type": "Feature",
      "properties": {
        "fid": 529.0,
        "handle": "5164",
        "block": "-1",
        "etype": "25",
        "space": "0",
        "layer": "TEXT-2",
        "olinetype": "bylayer",
        "linetype": null,
        "color": "0,0,0,255",
        "ocolor": "256",
        "color24": "-1",
        "transparen": "0",
        "lweight": "-1",
        "linewidth": 0.0,
        "ltscale": 1.0,
        "visible": "1",
        "thickness": 0.0,
        "ext": "(3:0,0,1)",
        "height": 1.87486,
        "text": "462",
        "angle": 330.13606,
        "widthscale": 1.0,
        "oblique": 0.0,
        "style": "STYLE1",
        "textgen": "2",
        "alignh": "0",
        "alignv": "0",
        "interlin": -1.0,
        "lat": 29.83849,
        "lon": 52.41549,
        "Name": "264"
      },
      "geometry": {
        "type": "Point",
        "coordinates": [52.415492309993041, 29.838494960583837]
      }
    },
    {
      "type": "Feature",
      "properties": {
        "fid": 530.0,
        "handle": "5165",
        "block": "-1",
        "etype": "25",
        "space": "0",
        "layer": "TEXT-2",
        "olinetype": "bylayer",
        "linetype": null,
        "color": "0,0,0,255",
        "ocolor": "256",
        "color24": "-1",
        "transparen": "0",
        "lweight": "-1",
        "linewidth": 0.0,
        "ltscale": 1.0,
        "visible": "1",
        "thickness": 0.0,
        "ext": "(3:0,0,1)",
        "height": 1.87486,
        "text": "562",
        "angle": 330.13606,
        "widthscale": 1.0,
        "oblique": 0.0,
        "style": "STYLE1",
        "textgen": "2",
        "alignh": "0",
        "alignv": "0",
        "interlin": -1.0,
        "lat": 29.83845,
        "lon": 52.41558,
        "Name": "265"
      },
      "geometry": {
        "type": "Point",
        "coordinates": [52.415581510781344, 29.838446917170373]
      }
    },
    {
      "type": "Feature",
      "properties": {
        "fid": 531.0,
        "handle": "5166",
        "block": "-1",
        "etype": "25",
        "space": "0",
        "layer": "TEXT-2",
        "olinetype": "bylayer",
        "linetype": null,
        "color": "0,0,0,255",
        "ocolor": "256",
        "color24": "-1",
        "transparen": "0",
        "lweight": "-1",
        "linewidth": 0.0,
        "ltscale": 1.0,
        "visible": "1",
        "thickness": 0.0,
        "ext": "(3:0,0,1)",
        "height": 1.87486,
        "text": "832",
        "angle": 340.0185,
        "widthscale": 1.0,
        "oblique": 0.0,
        "style": "STYLE1",
        "textgen": "2",
        "alignh": "0",
        "alignv": "0",
        "interlin": -1.0,
        "lat": 29.83915,
        "lon": 52.41626,
        "Name": "238"
      },
      "geometry": {
        "type": "Point",
        "coordinates": [52.416263683394263, 29.83914512537525]
      }
    },
    {
      "type": "Feature",
      "properties": {
        "fid": 532.0,
        "handle": "5167",
        "block": "-1",
        "etype": "25",
        "space": "0",
        "layer": "TEXT-2",
        "olinetype": "bylayer",
        "linetype": null,
        "color": "0,0,0,255",
        "ocolor": "256",
        "color24": "-1",
        "transparen": "0",
        "lweight": "-1",
        "linewidth": 0.0,
        "ltscale": 1.0,
        "visible": "1",
        "thickness": 0.0,
        "ext": "(3:0,0,1)",
        "height": 1.87486,
        "text": "922",
        "angle": 345.45377,
        "widthscale": 1.0,
        "oblique": 0.0,
        "style": "STYLE1",
        "textgen": "2",
        "alignh": "0",
        "alignv": "0",
        "interlin": -1.0,
        "lat": 29.83917,
        "lon": 52.41714,
        "Name": "229"
      },
      "geometry": {
        "type": "Point",
        "coordinates": [52.417139151996167, 29.839173375922499]
      }
    },
    {
      "type": "Feature",
      "properties": {
        "fid": 536.0,
        "handle": "5181",
        "block": "-1",
        "etype": "25",
        "space": "0",
        "layer": "TEXT-2",
        "olinetype": "bylayer",
        "linetype": null,
        "color": "0,0,0,255",
        "ocolor": "256",
        "color24": "-1",
        "transparen": "0",
        "lweight": "-1",
        "linewidth": 0.0,
        "ltscale": 1.0,
        "visible": "1",
        "thickness": 0.0,
        "ext": "(3:0,0,1)",
        "height": 1.87486,
        "text": "932",
        "angle": 340.0185,
        "widthscale": 1.0,
        "oblique": 0.0,
        "style": "STYLE1",
        "textgen": "2",
        "alignh": "0",
        "alignv": "0",
        "interlin": -1.0,
        "lat": 29.83917,
        "lon": 52.41617,
        "Name": "239"
      },
      "geometry": {
        "type": "Point",
        "coordinates": [52.416171086784061, 29.839172644170642]
      }
    },
    {
      "type": "Feature",
      "properties": {
        "fid": 537.0,
        "handle": "5182",
        "block": "-1",
        "etype": "25",
        "space": "0",
        "layer": "TEXT-2",
        "olinetype": "bylayer",
        "linetype": null,
        "color": "0,0,0,255",
        "ocolor": "256",
        "color24": "-1",
        "transparen": "0",
        "lweight": "-1",
        "linewidth": 0.0,
        "ltscale": 1.0,
        "visible": "1",
        "thickness": 0.0,
        "ext": "(3:0,0,1)",
        "height": 1.87486,
        "text": "942",
        "angle": 340.0185,
        "widthscale": 1.0,
        "oblique": 0.0,
        "style": "STYLE1",
        "textgen": "2",
        "alignh": "0",
        "alignv": "0",
        "interlin": -1.0,
        "lat": 29.83872,
        "lon": 52.41688,
        "Name": "249"
      },
      "geometry": {
        "type": "Point",
        "coordinates": [52.416879064975831, 29.83872328308977]
      }
    },
    {
      "type": "Feature",
      "properties": {
        "fid": 538.0,
        "handle": "5183",
        "block": "-1",
        "etype": "25",
        "space": "0",
        "layer": "TEXT-2",
        "olinetype": "bylayer",
        "linetype": null,
        "color": "0,0,0,255",
        "ocolor": "256",
        "color24": "-1",
        "transparen": "0",
        "lweight": "-1",
        "linewidth": 0.0,
        "ltscale": 1.0,
        "visible": "1",
        "thickness": 0.0,
        "ext": "(3:0,0,1)",
        "height": 1.87486,
        "text": "052",
        "angle": 340.0185,
        "widthscale": 1.0,
        "oblique": 0.0,
        "style": "STYLE1",
        "textgen": "2",
        "alignh": "0",
        "alignv": "0",
        "interlin": -1.0,
        "lat": 29.83873,
        "lon": 52.41702,
        "Name": "250"
      },
      "geometry": {
        "type": "Point",
        "coordinates": [52.417015078641924, 29.838725791540284]
      }
    },
    {
      "type": "Feature",
      "properties": {
        "fid": 539.0,
        "handle": "5184",
        "block": "-1",
        "etype": "25",
        "space": "0",
        "layer": "TEXT-2",
        "olinetype": "bylayer",
        "linetype": null,
        "color": "0,0,0,255",
        "ocolor": "256",
        "color24": "-1",
        "transparen": "0",
        "lweight": "-1",
        "linewidth": 0.0,
        "ltscale": 1.0,
        "visible": "1",
        "thickness": 0.0,
        "ext": "(3:0,0,1)",
        "height": 1.87486,
        "text": "952",
        "angle": 340.0185,
        "widthscale": 1.0,
        "oblique": 0.0,
        "style": "STYLE1",
        "textgen": "2",
        "alignh": "0",
        "alignv": "0",
        "interlin": -1.0,
        "lat": 29.83871,
        "lon": 52.41614,
        "Name": "259"
      },
      "geometry": {
        "type": "Point",
        "coordinates": [52.416137357612193, 29.838707532849124]
      }
    },
    {
      "type": "Feature",
      "properties": {
        "fid": 544.0,
        "handle": "5196",
        "block": "-1",
        "etype": "25",
        "space": "0",
        "layer": "TEXT-2",
        "olinetype": "bylayer",
        "linetype": null,
        "color": "0,0,0,255",
        "ocolor": "256",
        "color24": "-1",
        "transparen": "0",
        "lweight": "-1",
        "linewidth": 0.0,
        "ltscale": 1.0,
        "visible": "1",
        "thickness": 0.0,
        "ext": "(3:0,0,1)",
        "height": 1.87486,
        "text": "662",
        "angle": 340.0185,
        "widthscale": 1.0,
        "oblique": 0.0,
        "style": "STYLE1",
        "textgen": "2",
        "alignh": "0",
        "alignv": "0",
        "interlin": -1.0,
        "lat": 29.8384,
        "lon": 52.41568,
        "Name": "266"
      },
      "geometry": {
        "type": "Point",
        "coordinates": [52.41568107392451, 29.838402633228881]
      }
    },
    {
      "type": "Feature",
      "properties": {
        "fid": 545.0,
        "handle": "5197",
        "block": "-1",
        "etype": "25",
        "space": "0",
        "layer": "TEXT-2",
        "olinetype": "bylayer",
        "linetype": null,
        "color": "0,0,0,255",
        "ocolor": "256",
        "color24": "-1",
        "transparen": "0",
        "lweight": "-1",
        "linewidth": 0.0,
        "ltscale": 1.0,
        "visible": "1",
        "thickness": 0.0,
        "ext": "(3:0,0,1)",
        "height": 1.87486,
        "text": "782",
        "angle": 340.0185,
        "widthscale": 1.0,
        "oblique": 0.0,
        "style": "STYLE1",
        "textgen": "2",
        "alignh": "0",
        "alignv": "0",
        "interlin": -1.0,
        "lat": 29.83827,
        "lon": 52.41602,
        "Name": "287"
      },
      "geometry": {
        "type": "Point",
        "coordinates": [52.41601914302008, 29.838269156358486]
      }
    },
    {
      "type": "Feature",
      "properties": {
        "fid": 546.0,
        "handle": "5198",
        "block": "-1",
        "etype": "25",
        "space": "0",
        "layer": "TEXT-2",
        "olinetype": "bylayer",
        "linetype": null,
        "color": "0,0,0,255",
        "ocolor": "256",
        "color24": "-1",
        "transparen": "0",
        "lweight": "-1",
        "linewidth": 0.0,
        "ltscale": 1.0,
        "visible": "1",
        "thickness": 0.0,
        "ext": "(3:0,0,1)",
        "height": 1.87486,
        "text": "672",
        "angle": 340.0185,
        "widthscale": 1.0,
        "oblique": 0.0,
        "style": "STYLE1",
        "textgen": "2",
        "alignh": "0",
        "alignv": "0",
        "interlin": -1.0,
        "lat": 29.83827,
        "lon": 52.41685,
        "Name": "276"
      },
      "geometry": {
        "type": "Point",
        "coordinates": [52.416853639423572, 29.838266342118427]
      }
    },
    {
      "type": "Feature",
      "properties": {
        "fid": 547.0,
        "handle": "5199",
        "block": "-1",
        "etype": "25",
        "space": "0",
        "layer": "TEXT-2",
        "olinetype": "bylayer",
        "linetype": null,
        "color": "0,0,0,255",
        "ocolor": "256",
        "color24": "-1",
        "transparen": "0",
        "lweight": "-1",
        "linewidth": 0.0,
        "ltscale": 1.0,
        "visible": "1",
        "thickness": 0.0,
        "ext": "(3:0,0,1)",
        "height": 1.87486,
        "text": "772",
        "angle": 340.0185,
        "widthscale": 1.0,
        "oblique": 0.0,
        "style": "STYLE1",
        "textgen": "2",
        "alignh": "0",
        "alignv": "0",
        "interlin": -1.0,
        "lat": 29.83828,
        "lon": 52.41697,
        "Name": "277"
      },
      "geometry": {
        "type": "Point",
        "coordinates": [52.416968181247114, 29.838279020243451]
      }
    },
    {
      "type": "Feature",
      "properties": {
        "fid": 548.0,
        "handle": "5200",
        "block": "-1",
        "etype": "25",
        "space": "0",
        "layer": "TEXT-2",
        "olinetype": "bylayer",
        "linetype": null,
        "color": "0,0,0,255",
        "ocolor": "256",
        "color24": "-1",
        "transparen": "0",
        "lweight": "-1",
        "linewidth": 0.0,
        "ltscale": 1.0,
        "visible": "1",
        "thickness": 0.0,
        "ext": "(3:0,0,1)",
        "height": 1.87486,
        "text": "882",
        "angle": 340.0185,
        "widthscale": 1.0,
        "oblique": 0.0,
        "style": "STYLE1",
        "textgen": "2",
        "alignh": "0",
        "alignv": "0",
        "interlin": -1.0,
        "lat": 29.83829,
        "lon": 52.41592,
        "Name": "288"
      },
      "geometry": {
        "type": "Point",
        "coordinates": [52.415917251053273, 29.838293412161455]
      }
    },
    {
      "type": "Feature",
      "properties": {
        "fid": 559.0,
        "handle": "5245",
        "block": "-1",
        "etype": "25",
        "space": "0",
        "layer": "TEXT-2",
        "olinetype": "bylayer",
        "linetype": null,
        "color": "0,0,0,255",
        "ocolor": "256",
        "color24": "-1",
        "transparen": "0",
        "lweight": "-1",
        "linewidth": 0.0,
        "ltscale": 1.0,
        "visible": "1",
        "thickness": 0.0,
        "ext": "(3:0,0,1)",
        "height": 1.87486,
        "text": "092",
        "angle": 330.13606,
        "widthscale": 1.0,
        "oblique": 0.0,
        "style": "STYLE1",
        "textgen": "2",
        "alignh": "0",
        "alignv": "0",
        "interlin": -1.0,
        "lat": 29.83811,
        "lon": 52.41541,
        "Name": "290"
      },
      "geometry": {
        "type": "Point",
        "coordinates": [52.41541382107274, 29.838109260124284]
      }
    },
    {
      "type": "Feature",
      "properties": {
        "fid": 561.0,
        "handle": "5249",
        "block": "-1",
        "etype": "25",
        "space": "0",
        "layer": "TEXT-2",
        "olinetype": "bylayer",
        "linetype": null,
        "color": "0,0,0,255",
        "ocolor": "256",
        "color24": "-1",
        "transparen": "0",
        "lweight": "-1",
        "linewidth": 0.0,
        "ltscale": 1.0,
        "visible": "1",
        "thickness": 0.0,
        "ext": "(3:0,0,1)",
        "height": 1.87486,
        "text": "192",
        "angle": 330.13606,
        "widthscale": 1.0,
        "oblique": 0.0,
        "style": "STYLE1",
        "textgen": "2",
        "alignh": "0",
        "alignv": "0",
        "interlin": -1.0,
        "lat": 29.83807,
        "lon": 52.41551,
        "Name": "291"
      },
      "geometry": {
        "type": "Point",
        "coordinates": [52.415506558716899, 29.838069210310483]
      }
    },
    {
      "type": "Feature",
      "properties": {
        "fid": 563.0,
        "handle": "5253",
        "block": "-1",
        "etype": "25",
        "space": "0",
        "layer": "TEXT-2",
        "olinetype": "bylayer",
        "linetype": null,
        "color": "0,0,0,255",
        "ocolor": "256",
        "color24": "-1",
        "transparen": "0",
        "lweight": "-1",
        "linewidth": 0.0,
        "ltscale": 1.0,
        "visible": "1",
        "thickness": 0.0,
        "ext": "(3:0,0,1)",
        "height": 1.87486,
        "text": "292",
        "angle": 330.13606,
        "widthscale": 1.0,
        "oblique": 0.0,
        "style": "STYLE1",
        "textgen": "2",
        "alignh": "0",
        "alignv": "0",
        "interlin": -1.0,
        "lat": 29.83803,
        "lon": 52.4156,
        "Name": "292"
      },
      "geometry": {
        "type": "Point",
        "coordinates": [52.415599296284917, 29.838029160433713]
      }
    },
    {
      "type": "Feature",
      "properties": {
        "fid": 565.0,
        "handle": "5257",
        "block": "-1",
        "etype": "25",
        "space": "0",
        "layer": "TEXT-2",
        "olinetype": "bylayer",
        "linetype": null,
        "color": "0,0,0,255",
        "ocolor": "256",
        "color24": "-1",
        "transparen": "0",
        "lweight": "-1",
        "linewidth": 0.0,
        "ltscale": 1.0,
        "visible": "1",
        "thickness": 0.0,
        "ext": "(3:0,0,1)",
        "height": 1.87486,
        "text": "392",
        "angle": 330.13606,
        "widthscale": 1.0,
        "oblique": 0.0,
        "style": "STYLE1",
        "textgen": "2",
        "alignh": "0",
        "alignv": "0",
        "interlin": -1.0,
        "lat": 29.83799,
        "lon": 52.41569,
        "Name": "293"
      },
      "geometry": {
        "type": "Point",
        "coordinates": [52.415692033776793, 29.837989110494011]
      }
    },
    {
      "type": "Feature",
      "properties": {
        "fid": 567.0,
        "handle": "5261",
        "block": "-1",
        "etype": "25",
        "space": "0",
        "layer": "TEXT-2",
        "olinetype": "bylayer",
        "linetype": null,
        "color": "0,0,0,255",
        "ocolor": "256",
        "color24": "-1",
        "transparen": "0",
        "lweight": "-1",
        "linewidth": 0.0,
        "ltscale": 1.0,
        "visible": "1",
        "thickness": 0.0,
        "ext": "(3:0,0,1)",
        "height": 1.87486,
        "text": "492",
        "angle": 330.13606,
        "widthscale": 1.0,
        "oblique": 0.0,
        "style": "STYLE1",
        "textgen": "2",
        "alignh": "0",
        "alignv": "0",
        "interlin": -1.0,
        "lat": 29.83795,
        "lon": 52.41578,
        "Name": "294"
      },
      "geometry": {
        "type": "Point",
        "coordinates": [52.415784771192527, 29.83794906049134]
      }
    },
    {
      "type": "Feature",
      "properties": {
        "fid": 569.0,
        "handle": "5265",
        "block": "-1",
        "etype": "25",
        "space": "0",
        "layer": "TEXT-2",
        "olinetype": "bylayer",
        "linetype": null,
        "color": "0,0,0,255",
        "ocolor": "256",
        "color24": "-1",
        "transparen": "0",
        "lweight": "-1",
        "linewidth": 0.0,
        "ltscale": 1.0,
        "visible": "1",
        "thickness": 0.0,
        "ext": "(3:0,0,1)",
        "height": 1.87486,
        "text": "592",
        "angle": 330.13606,
        "widthscale": 1.0,
        "oblique": 0.0,
        "style": "STYLE1",
        "textgen": "2",
        "alignh": "0",
        "alignv": "0",
        "interlin": -1.0,
        "lat": 29.83791,
        "lon": 52.41588,
        "Name": "295"
      },
      "geometry": {
        "type": "Point",
        "coordinates": [52.415877508532127, 29.837909010425733]
      }
    },
    {
      "type": "Feature",
      "properties": {
        "fid": 571.0,
        "handle": "5269",
        "block": "-1",
        "etype": "25",
        "space": "0",
        "layer": "TEXT-2",
        "olinetype": "bylayer",
        "linetype": null,
        "color": "0,0,0,255",
        "ocolor": "256",
        "color24": "-1",
        "transparen": "0",
        "lweight": "-1",
        "linewidth": 0.0,
        "ltscale": 1.0,
        "visible": "1",
        "thickness": 0.0,
        "ext": "(3:0,0,1)",
        "height": 1.87486,
        "text": "692",
        "angle": 330.13606,
        "widthscale": 1.0,
        "oblique": 0.0,
        "style": "STYLE1",
        "textgen": "2",
        "alignh": "0",
        "alignv": "0",
        "interlin": -1.0,
        "lat": 29.83787,
        "lon": 52.41597,
        "Name": "296"
      },
      "geometry": {
        "type": "Point",
        "coordinates": [52.415970245795585, 29.837868960297165]
      }
    },
    {
      "type": "Feature",
      "properties": {
        "fid": 573.0,
        "handle": "5273",
        "block": "-1",
        "etype": "25",
        "space": "0",
        "layer": "TEXT-2",
        "olinetype": "bylayer",
        "linetype": null,
        "color": "0,0,0,255",
        "ocolor": "256",
        "color24": "-1",
        "transparen": "0",
        "lweight": "-1",
        "linewidth": 0.0,
        "ltscale": 1.0,
        "visible": "1",
        "thickness": 0.0,
        "ext": "(3:0,0,1)",
        "height": 1.87486,
        "text": "792",
        "angle": 330.13606,
        "widthscale": 1.0,
        "oblique": 0.0,
        "style": "STYLE1",
        "textgen": "2",
        "alignh": "0",
        "alignv": "0",
        "interlin": -1.0,
        "lat": 29.83783,
        "lon": 52.41606,
        "Name": "297"
      },
      "geometry": {
        "type": "Point",
        "coordinates": [52.416062982982893, 29.837828910105639]
      }
    },
    {
      "type": "Feature",
      "properties": {
        "fid": 575.0,
        "handle": "5277",
        "block": "-1",
        "etype": "25",
        "space": "0",
        "layer": "TEXT-2",
        "olinetype": "bylayer",
        "linetype": null,
        "color": "0,0,0,255",
        "ocolor": "256",
        "color24": "-1",
        "transparen": "0",
        "lweight": "-1",
        "linewidth": 0.0,
        "ltscale": 1.0,
        "visible": "1",
        "thickness": 0.0,
        "ext": "(3:0,0,1)",
        "height": 1.87486,
        "text": "892",
        "angle": 330.13606,
        "widthscale": 1.0,
        "oblique": 0.0,
        "style": "STYLE1",
        "textgen": "2",
        "alignh": "0",
        "alignv": "0",
        "interlin": -1.0,
        "lat": 29.83779,
        "lon": 52.41616,
        "Name": "298"
      },
      "geometry": {
        "type": "Point",
        "coordinates": [52.416155720094068, 29.837788859851159]
      }
    },
    {
      "type": "Feature",
      "properties": {
        "fid": 577.0,
        "handle": "5281",
        "block": "-1",
        "etype": "25",
        "space": "0",
        "layer": "TEXT-2",
        "olinetype": "bylayer",
        "linetype": null,
        "color": "0,0,0,255",
        "ocolor": "256",
        "color24": "-1",
        "transparen": "0",
        "lweight": "-1",
        "linewidth": 0.0,
        "ltscale": 1.0,
        "visible": "1",
        "thickness": 0.0,
        "ext": "(3:0,0,1)",
        "height": 1.87486,
        "text": "992",
        "angle": 330.13606,
        "widthscale": 1.0,
        "oblique": 0.0,
        "style": "STYLE1",
        "textgen": "2",
        "alignh": "0",
        "alignv": "0",
        "interlin": -1.0,
        "lat": 29.83775,
        "lon": 52.41625,
        "Name": "299"
      },
      "geometry": {
        "type": "Point",
        "coordinates": [52.416248457129107, 29.837748809533725]
      }
    },
    {
      "type": "Feature",
      "properties": {
        "fid": 579.0,
        "handle": "5285",
        "block": "-1",
        "etype": "25",
        "space": "0",
        "layer": "TEXT-2",
        "olinetype": "bylayer",
        "linetype": null,
        "color": "0,0,0,255",
        "ocolor": "256",
        "color24": "-1",
        "transparen": "0",
        "lweight": "-1",
        "linewidth": 0.0,
        "ltscale": 1.0,
        "visible": "1",
        "thickness": 0.0,
        "ext": "(3:0,0,1)",
        "height": 1.87486,
        "text": "003",
        "angle": 330.13606,
        "widthscale": 1.0,
        "oblique": 0.0,
        "style": "STYLE1",
        "textgen": "2",
        "alignh": "0",
        "alignv": "0",
        "interlin": -1.0,
        "lat": 29.83771,
        "lon": 52.41634,
        "Name": "300"
      },
      "geometry": {
        "type": "Point",
        "coordinates": [52.416341194088005, 29.83770875915333]
      }
    },
    {
      "type": "Feature",
      "properties": {
        "fid": 581.0,
        "handle": "5289",
        "block": "-1",
        "etype": "25",
        "space": "0",
        "layer": "TEXT-2",
        "olinetype": "bylayer",
        "linetype": null,
        "color": "0,0,0,255",
        "ocolor": "256",
        "color24": "-1",
        "transparen": "0",
        "lweight": "-1",
        "linewidth": 0.0,
        "ltscale": 1.0,
        "visible": "1",
        "thickness": 0.0,
        "ext": "(3:0,0,1)",
        "height": 1.87486,
        "text": "103",
        "angle": 330.13606,
        "widthscale": 1.0,
        "oblique": 0.0,
        "style": "STYLE1",
        "textgen": "2",
        "alignh": "0",
        "alignv": "0",
        "interlin": -1.0,
        "lat": 29.83767,
        "lon": 52.41643,
        "Name": "301"
      },
      "geometry": {
        "type": "Point",
        "coordinates": [52.416433930970761, 29.837668708710009]
      }
    },
    {
      "type": "Feature",
      "properties": {
        "fid": 583.0,
        "handle": "5293",
        "block": "-1",
        "etype": "25",
        "space": "0",
        "layer": "TEXT-2",
        "olinetype": "bylayer",
        "linetype": null,
        "color": "0,0,0,255",
        "ocolor": "256",
        "color24": "-1",
        "transparen": "0",
        "lweight": "-1",
        "linewidth": 0.0,
        "ltscale": 1.0,
        "visible": "1",
        "thickness": 0.0,
        "ext": "(3:0,0,1)",
        "height": 1.87486,
        "text": "203",
        "angle": 330.13606,
        "widthscale": 1.0,
        "oblique": 0.0,
        "style": "STYLE1",
        "textgen": "2",
        "alignh": "0",
        "alignv": "0",
        "interlin": -1.0,
        "lat": 29.83763,
        "lon": 52.41653,
        "Name": "302"
      },
      "geometry": {
        "type": "Point",
        "coordinates": [52.416526667777369, 29.837628658203716]
      }
    },
    {
      "type": "Feature",
      "properties": {
        "fid": 585.0,
        "handle": "5297",
        "block": "-1",
        "etype": "25",
        "space": "0",
        "layer": "TEXT-2",
        "olinetype": "bylayer",
        "linetype": null,
        "color": "0,0,0,255",
        "ocolor": "256",
        "color24": "-1",
        "transparen": "0",
        "lweight": "-1",
        "linewidth": 0.0,
        "ltscale": 1.0,
        "visible": "1",
        "thickness": 0.0,
        "ext": "(3:0,0,1)",
        "height": 1.87486,
        "text": "303",
        "angle": 330.13606,
        "widthscale": 1.0,
        "oblique": 0.0,
        "style": "STYLE1",
        "textgen": "2",
        "alignh": "0",
        "alignv": "0",
        "interlin": -1.0,
        "lat": 29.83759,
        "lon": 52.41662,
        "Name": "303"
      },
      "geometry": {
        "type": "Point",
        "coordinates": [52.416619404507848, 29.837588607634476]
      }
    },
    {
      "type": "Feature",
      "properties": {
        "fid": 587.0,
        "handle": "5301",
        "block": "-1",
        "etype": "25",
        "space": "0",
        "layer": "TEXT-2",
        "olinetype": "bylayer",
        "linetype": null,
        "color": "0,0,0,255",
        "ocolor": "256",
        "color24": "-1",
        "transparen": "0",
        "lweight": "-1",
        "linewidth": 0.0,
        "ltscale": 1.0,
        "visible": "1",
        "thickness": 0.0,
        "ext": "(3:0,0,1)",
        "height": 1.87486,
        "text": "403",
        "angle": 330.13606,
        "widthscale": 1.0,
        "oblique": 0.0,
        "style": "STYLE1",
        "textgen": "2",
        "alignh": "0",
        "alignv": "0",
        "interlin": -1.0,
        "lat": 29.83755,
        "lon": 52.41671,
        "Name": "304"
      },
      "geometry": {
        "type": "Point",
        "coordinates": [52.416712141162179, 29.837548557002286]
      }
    },
    {
      "type": "Feature",
      "properties": {
        "fid": 589.0,
        "handle": "5305",
        "block": "-1",
        "etype": "25",
        "space": "0",
        "layer": "TEXT-2",
        "olinetype": "bylayer",
        "linetype": null,
        "color": "0,0,0,255",
        "ocolor": "256",
        "color24": "-1",
        "transparen": "0",
        "lweight": "-1",
        "linewidth": 0.0,
        "ltscale": 1.0,
        "visible": "1",
        "thickness": 0.0,
        "ext": "(3:0,0,1)",
        "height": 1.87486,
        "text": "503",
        "angle": 330.13606,
        "widthscale": 1.0,
        "oblique": 0.0,
        "style": "STYLE1",
        "textgen": "2",
        "alignh": "0",
        "alignv": "0",
        "interlin": -1.0,
        "lat": 29.83751,
        "lon": 52.41679,
        "Name": "305"
      },
      "geometry": {
        "type": "Point",
        "coordinates": [52.416794944793644, 29.83751260123304]
      }
    },
    {
      "type": "Feature",
      "properties": {
        "fid": 591.0,
        "handle": "5309",
        "block": "-1",
        "etype": "25",
        "space": "0",
        "layer": "TEXT-2",
        "olinetype": "bylayer",
        "linetype": null,
        "color": "0,0,0,255",
        "ocolor": "256",
        "color24": "-1",
        "transparen": "0",
        "lweight": "-1",
        "linewidth": 0.0,
        "ltscale": 1.0,
        "visible": "1",
        "thickness": 0.0,
        "ext": "(3:0,0,1)",
        "height": 1.87486,
        "text": "603",
        "angle": 330.13606,
        "widthscale": 1.0,
        "oblique": 0.0,
        "style": "STYLE1",
        "textgen": "2",
        "alignh": "0",
        "alignv": "0",
        "interlin": -1.0,
        "lat": 29.83747,
        "lon": 52.41689,
        "Name": "306"
      },
      "geometry": {
        "type": "Point",
        "coordinates": [52.41688848864792, 29.837466950952951]
      }
    },
    {
      "type": "Feature",
      "properties": {
        "fid": 593.0,
        "handle": "5312",
        "block": "-1",
        "etype": "25",
        "space": "0",
        "layer": "TEXT-2",
        "olinetype": "bylayer",
        "linetype": null,
        "color": "0,0,0,255",
        "ocolor": "256",
        "color24": "-1",
        "transparen": "0",
        "lweight": "-1",
        "linewidth": 0.0,
        "ltscale": 1.0,
        "visible": "1",
        "thickness": 0.0,
        "ext": "(3:0,0,1)",
        "height": 1.87486,
        "text": "623",
        "angle": 330.13606,
        "widthscale": 1.0,
        "oblique": 0.0,
        "style": "STYLE1",
        "textgen": "2",
        "alignh": "0",
        "alignv": "0",
        "interlin": -1.0,
        "lat": 29.83799,
        "lon": 52.41522,
        "Name": "326"
      },
      "geometry": {
        "type": "Point",
        "coordinates": [52.415221397977625, 29.83799131782887]
      }
    },
    {
      "type": "Feature",
      "properties": {
        "fid": 595.0,
        "handle": "5317",
        "block": "-1",
        "etype": "25",
        "space": "0",
        "layer": "TEXT-2",
        "olinetype": "bylayer",
        "linetype": null,
        "color": "0,0,0,255",
        "ocolor": "256",
        "color24": "-1",
        "transparen": "0",
        "lweight": "-1",
        "linewidth": 0.0,
        "ltscale": 1.0,
        "visible": "1",
        "thickness": 0.0,
        "ext": "(3:0,0,1)",
        "height": 1.87486,
        "text": "523",
        "angle": 330.13606,
        "widthscale": 1.0,
        "oblique": 0.0,
        "style": "STYLE1",
        "textgen": "2",
        "alignh": "0",
        "alignv": "0",
        "interlin": -1.0,
        "lat": 29.83794,
        "lon": 52.41532,
        "Name": "325"
      },
      "geometry": {
        "type": "Point",
        "coordinates": [52.415319749345493, 29.837943000977088]
      }
    },
    {
      "type": "Feature",
      "properties": {
        "fid": 597.0,
        "handle": "5322",
        "block": "-1",
        "etype": "25",
        "space": "0",
        "layer": "TEXT-2",
        "olinetype": "bylayer",
        "linetype": null,
        "color": "0,0,0,255",
        "ocolor": "256",
        "color24": "-1",
        "transparen": "0",
        "lweight": "-1",
        "linewidth": 0.0,
        "ltscale": 1.0,
        "visible": "1",
        "thickness": 0.0,
        "ext": "(3:0,0,1)",
        "height": 1.87486,
        "text": "423",
        "angle": 330.13606,
        "widthscale": 1.0,
        "oblique": 0.0,
        "style": "STYLE1",
        "textgen": "2",
        "alignh": "0",
        "alignv": "0",
        "interlin": -1.0,
        "lat": 29.83791,
        "lon": 52.41541,
        "Name": "324"
      },
      "geometry": {
        "type": "Point",
        "coordinates": [52.415407344346853, 29.837905593573936]
      }
    },
    {
      "type": "Feature",
      "properties": {
        "fid": 599.0,
        "handle": "5327",
        "block": "-1",
        "etype": "25",
        "space": "0",
        "layer": "TEXT-2",
        "olinetype": "bylayer",
        "linetype": null,
        "color": "0,0,0,255",
        "ocolor": "256",
        "color24": "-1",
        "transparen": "0",
        "lweight": "-1",
        "linewidth": 0.0,
        "ltscale": 1.0,
        "visible": "1",
        "thickness": 0.0,
        "ext": "(3:0,0,1)",
        "height": 1.87486,
        "text": "323",
        "angle": 330.13606,
        "widthscale": 1.0,
        "oblique": 0.0,
        "style": "STYLE1",
        "textgen": "2",
        "alignh": "0",
        "alignv": "0",
        "interlin": -1.0,
        "lat": 29.83787,
        "lon": 52.4155,
        "Name": "323"
      },
      "geometry": {
        "type": "Point",
        "coordinates": [52.415504948862903, 29.837865054491822]
      }
    },
    {
      "type": "Feature",
      "properties": {
        "fid": 601.0,
        "handle": "5332",
        "block": "-1",
        "etype": "25",
        "space": "0",
        "layer": "TEXT-2",
        "olinetype": "bylayer",
        "linetype": null,
        "color": "0,0,0,255",
        "ocolor": "256",
        "color24": "-1",
        "transparen": "0",
        "lweight": "-1",
        "linewidth": 0.0,
        "ltscale": 1.0,
        "visible": "1",
        "thickness": 0.0,
        "ext": "(3:0,0,1)",
        "height": 1.87486,
        "text": "223",
        "angle": 330.13606,
        "widthscale": 1.0,
        "oblique": 0.0,
        "style": "STYLE1",
        "textgen": "2",
        "alignh": "0",
        "alignv": "0",
        "interlin": -1.0,
        "lat": 29.83782,
        "lon": 52.4156,
        "Name": "322"
      },
      "geometry": {
        "type": "Point",
        "coordinates": [52.415596752683584, 29.837824478202812]
      }
    },
    {
      "type": "Feature",
      "properties": {
        "fid": 603.0,
        "handle": "5337",
        "block": "-1",
        "etype": "25",
        "space": "0",
        "layer": "TEXT-2",
        "olinetype": "bylayer",
        "linetype": null,
        "color": "0,0,0,255",
        "ocolor": "256",
        "color24": "-1",
        "transparen": "0",
        "lweight": "-1",
        "linewidth": 0.0,
        "ltscale": 1.0,
        "visible": "1",
        "thickness": 0.0,
        "ext": "(3:0,0,1)",
        "height": 1.87486,
        "text": "123",
        "angle": 330.13606,
        "widthscale": 1.0,
        "oblique": 0.0,
        "style": "STYLE1",
        "textgen": "2",
        "alignh": "0",
        "alignv": "0",
        "interlin": -1.0,
        "lat": 29.83779,
        "lon": 52.41569,
        "Name": "321"
      },
      "geometry": {
        "type": "Point",
        "coordinates": [52.415690070713325, 29.837786143325246]
      }
    },
    {
      "type": "Feature",
      "properties": {
        "fid": 605.0,
        "handle": "5342",
        "block": "-1",
        "etype": "25",
        "space": "0",
        "layer": "TEXT-2",
        "olinetype": "bylayer",
        "linetype": null,
        "color": "0,0,0,255",
        "ocolor": "256",
        "color24": "-1",
        "transparen": "0",
        "lweight": "-1",
        "linewidth": 0.0,
        "ltscale": 1.0,
        "visible": "1",
        "thickness": 0.0,
        "ext": "(3:0,0,1)",
        "height": 1.87486,
        "text": "023",
        "angle": 330.13606,
        "widthscale": 1.0,
        "oblique": 0.0,
        "style": "STYLE1",
        "textgen": "2",
        "alignh": "0",
        "alignv": "0",
        "interlin": -1.0,
        "lat": 29.83774,
        "lon": 52.41578,
        "Name": "320"
      },
      "geometry": {
        "type": "Point",
        "coordinates": [52.41578197539144, 29.83774400551005]
      }
    },
    {
      "type": "Feature",
      "properties": {
        "fid": 607.0,
        "handle": "5347",
        "block": "-1",
        "etype": "25",
        "space": "0",
        "layer": "TEXT-2",
        "olinetype": "bylayer",
        "linetype": null,
        "color": "0,0,0,255",
        "ocolor": "256",
        "color24": "-1",
        "transparen": "0",
        "lweight": "-1",
        "linewidth": 0.0,
        "ltscale": 1.0,
        "visible": "1",
        "thickness": 0.0,
        "ext": "(3:0,0,1)",
        "height": 1.87486,
        "text": "913",
        "angle": 330.13606,
        "widthscale": 1.0,
        "oblique": 0.0,
        "style": "STYLE1",
        "textgen": "2",
        "alignh": "0",
        "alignv": "0",
        "interlin": -1.0,
        "lat": 29.83771,
        "lon": 52.41587,
        "Name": "319"
      },
      "geometry": {
        "type": "Point",
        "coordinates": [52.415873149027981, 29.837706768296812]
      }
    },
    {
      "type": "Feature",
      "properties": {
        "fid": 609.0,
        "handle": "5352",
        "block": "-1",
        "etype": "25",
        "space": "0",
        "layer": "TEXT-2",
        "olinetype": "bylayer",
        "linetype": null,
        "color": "0,0,0,255",
        "ocolor": "256",
        "color24": "-1",
        "transparen": "0",
        "lweight": "-1",
        "linewidth": 0.0,
        "ltscale": 1.0,
        "visible": "1",
        "thickness": 0.0,
        "ext": "(3:0,0,1)",
        "height": 1.87486,
        "text": "813",
        "angle": 330.13606,
        "widthscale": 1.0,
        "oblique": 0.0,
        "style": "STYLE1",
        "textgen": "2",
        "alignh": "0",
        "alignv": "0",
        "interlin": -1.0,
        "lat": 29.83767,
        "lon": 52.41597,
        "Name": "318"
      },
      "geometry": {
        "type": "Point",
        "coordinates": [52.415965280616184, 29.837667532828853]
      }
    },
    {
      "type": "Feature",
      "properties": {
        "fid": 611.0,
        "handle": "5357",
        "block": "-1",
        "etype": "25",
        "space": "0",
        "layer": "TEXT-2",
        "olinetype": "bylayer",
        "linetype": null,
        "color": "0,0,0,255",
        "ocolor": "256",
        "color24": "-1",
        "transparen": "0",
        "lweight": "-1",
        "linewidth": 0.0,
        "ltscale": 1.0,
        "visible": "1",
        "thickness": 0.0,
        "ext": "(3:0,0,1)",
        "height": 1.87486,
        "text": "713",
        "angle": 330.13606,
        "widthscale": 1.0,
        "oblique": 0.0,
        "style": "STYLE1",
        "textgen": "2",
        "alignh": "0",
        "alignv": "0",
        "interlin": -1.0,
        "lat": 29.83762,
        "lon": 52.41606,
        "Name": "317"
      },
      "geometry": {
        "type": "Point",
        "coordinates": [52.416055999669425, 29.837624495650271]
      }
    },
    {
      "type": "Feature",
      "properties": {
        "fid": 613.0,
        "handle": "5362",
        "block": "-1",
        "etype": "25",
        "space": "0",
        "layer": "TEXT-2",
        "olinetype": "bylayer",
        "linetype": null,
        "color": "0,0,0,255",
        "ocolor": "256",
        "color24": "-1",
        "transparen": "0",
        "lweight": "-1",
        "linewidth": 0.0,
        "ltscale": 1.0,
        "visible": "1",
        "thickness": 0.0,
        "ext": "(3:0,0,1)",
        "height": 1.87486,
        "text": "613",
        "angle": 330.13606,
        "widthscale": 1.0,
        "oblique": 0.0,
        "style": "STYLE1",
        "textgen": "2",
        "alignh": "0",
        "alignv": "0",
        "interlin": -1.0,
        "lat": 29.83759,
        "lon": 52.41615,
        "Name": "316"
      },
      "geometry": {
        "type": "Point",
        "coordinates": [52.41615085638211, 29.83758587221973]
      }
    },
    {
      "type": "Feature",
      "properties": {
        "fid": 615.0,
        "handle": "5367",
        "block": "-1",
        "etype": "25",
        "space": "0",
        "layer": "TEXT-2",
        "olinetype": "bylayer",
        "linetype": null,
        "color": "0,0,0,255",
        "ocolor": "256",
        "color24": "-1",
        "transparen": "0",
        "lweight": "-1",
        "linewidth": 0.0,
        "ltscale": 1.0,
        "visible": "1",
        "thickness": 0.0,
        "ext": "(3:0,0,1)",
        "height": 1.87486,
        "text": "513",
        "angle": 330.13606,
        "widthscale": 1.0,
        "oblique": 0.0,
        "style": "STYLE1",
        "textgen": "2",
        "alignh": "0",
        "alignv": "0",
        "interlin": -1.0,
        "lat": 29.83755,
        "lon": 52.41625,
        "Name": "315"
      },
      "geometry": {
        "type": "Point",
        "coordinates": [52.41624699662988, 29.837546587928674]
      }
    },
    {
      "type": "Feature",
      "properties": {
        "fid": 617.0,
        "handle": "5372",
        "block": "-1",
        "etype": "25",
        "space": "0",
        "layer": "TEXT-2",
        "olinetype": "bylayer",
        "linetype": null,
        "color": "0,0,0,255",
        "ocolor": "256",
        "color24": "-1",
        "transparen": "0",
        "lweight": "-1",
        "linewidth": 0.0,
        "ltscale": 1.0,
        "visible": "1",
        "thickness": 0.0,
        "ext": "(3:0,0,1)",
        "height": 1.87486,
        "text": "413",
        "angle": 330.13606,
        "widthscale": 1.0,
        "oblique": 0.0,
        "style": "STYLE1",
        "textgen": "2",
        "alignh": "0",
        "alignv": "0",
        "interlin": -1.0,
        "lat": 29.83751,
        "lon": 52.41633,
        "Name": "314"
      },
      "geometry": {
        "type": "Point",
        "coordinates": [52.41633196943117, 29.837507004941092]
      }
    },
    {
      "type": "Feature",
      "properties": {
        "fid": 619.0,
        "handle": "5377",
        "block": "-1",
        "etype": "25",
        "space": "0",
        "layer": "TEXT-2",
        "olinetype": "bylayer",
        "linetype": null,
        "color": "0,0,0,255",
        "ocolor": "256",
        "color24": "-1",
        "transparen": "0",
        "lweight": "-1",
        "linewidth": 0.0,
        "ltscale": 1.0,
        "visible": "1",
        "thickness": 0.0,
        "ext": "(3:0,0,1)",
        "height": 1.87486,
        "text": "313",
        "angle": 330.13606,
        "widthscale": 1.0,
        "oblique": 0.0,
        "style": "STYLE1",
        "textgen": "2",
        "alignh": "0",
        "alignv": "0",
        "interlin": -1.0,
        "lat": 29.83746,
        "lon": 52.41643,
        "Name": "313"
      },
      "geometry": {
        "type": "Point",
        "coordinates": [52.416430098488597, 29.837464687544628]
      }
    },
    {
      "type": "Feature",
      "properties": {
        "fid": 621.0,
        "handle": "5382",
        "block": "-1",
        "etype": "25",
        "space": "0",
        "layer": "TEXT-2",
        "olinetype": "bylayer",
        "linetype": null,
        "color": "0,0,0,255",
        "ocolor": "256",
        "color24": "-1",
        "transparen": "0",
        "lweight": "-1",
        "linewidth": 0.0,
        "ltscale": 1.0,
        "visible": "1",
        "thickness": 0.0,
        "ext": "(3:0,0,1)",
        "height": 1.87486,
        "text": "213",
        "angle": 330.13606,
        "widthscale": 1.0,
        "oblique": 0.0,
        "style": "STYLE1",
        "textgen": "2",
        "alignh": "0",
        "alignv": "0",
        "interlin": -1.0,
        "lat": 29.83742,
        "lon": 52.41652,
        "Name": "312"
      },
      "geometry": {
        "type": "Point",
        "coordinates": [52.416522406038879, 29.837424857381183]
      }
    },
    {
      "type": "Feature",
      "properties": {
        "fid": 623.0,
        "handle": "5387",
        "block": "-1",
        "etype": "25",
        "space": "0",
        "layer": "TEXT-2",
        "olinetype": "bylayer",
        "linetype": null,
        "color": "0,0,0,255",
        "ocolor": "256",
        "color24": "-1",
        "transparen": "0",
        "lweight": "-1",
        "linewidth": 0.0,
        "ltscale": 1.0,
        "visible": "1",
        "thickness": 0.0,
        "ext": "(3:0,0,1)",
        "height": 1.87486,
        "text": "113",
        "angle": 330.13606,
        "widthscale": 1.0,
        "oblique": 0.0,
        "style": "STYLE1",
        "textgen": "2",
        "alignh": "0",
        "alignv": "0",
        "interlin": -1.0,
        "lat": 29.83739,
        "lon": 52.41661,
        "Name": "311"
      },
      "geometry": {
        "type": "Point",
        "coordinates": [52.416605891374296, 29.837389055380342]
      }
    },
    {
      "type": "Feature",
      "properties": {
        "fid": 625.0,
        "handle": "5392",
        "block": "-1",
        "etype": "25",
        "space": "0",
        "layer": "TEXT-2",
        "olinetype": "bylayer",
        "linetype": null,
        "color": "0,0,0,255",
        "ocolor": "256",
        "color24": "-1",
        "transparen": "0",
        "lweight": "-1",
        "linewidth": 0.0,
        "ltscale": 1.0,
        "visible": "1",
        "thickness": 0.0,
        "ext": "(3:0,0,1)",
        "height": 1.87486,
        "text": "013",
        "angle": 330.13606,
        "widthscale": 1.0,
        "oblique": 0.0,
        "style": "STYLE1",
        "textgen": "2",
        "alignh": "0",
        "alignv": "0",
        "interlin": -1.0,
        "lat": 29.83735,
        "lon": 52.4167,
        "Name": "310"
      },
      "geometry": {
        "type": "Point",
        "coordinates": [52.416704881950487, 29.837346296906919]
      }
    },
    {
      "type": "Feature",
      "properties": {
        "fid": 627.0,
        "handle": "5397",
        "block": "-1",
        "etype": "25",
        "space": "0",
        "layer": "TEXT-2",
        "olinetype": "bylayer",
        "linetype": null,
        "color": "0,0,0,255",
        "ocolor": "256",
        "color24": "-1",
        "transparen": "0",
        "lweight": "-1",
        "linewidth": 0.0,
        "ltscale": 1.0,
        "visible": "1",
        "thickness": 0.0,
        "ext": "(3:0,0,1)",
        "height": 1.87486,
        "text": "903",
        "angle": 330.13606,
        "widthscale": 1.0,
        "oblique": 0.0,
        "style": "STYLE1",
        "textgen": "2",
        "alignh": "0",
        "alignv": "0",
        "interlin": -1.0,
        "lat": 29.83731,
        "lon": 52.41681,
        "Name": "309"
      },
      "geometry": {
        "type": "Point",
        "coordinates": [52.416805129645468, 29.837305404823997]
      }
    },
    {
      "type": "Feature",
      "properties": {
        "fid": 629.0,
        "handle": "5401",
        "block": "-1",
        "etype": "25",
        "space": "0",
        "layer": "TEXT-2",
        "olinetype": "bylayer",
        "linetype": null,
        "color": "0,0,0,255",
        "ocolor": "256",
        "color24": "-1",
        "transparen": "0",
        "lweight": "-1",
        "linewidth": 0.0,
        "ltscale": 1.0,
        "visible": "1",
        "thickness": 0.0,
        "ext": "(3:0,0,1)",
        "height": 1.87486,
        "text": "703",
        "angle": 330.13606,
        "widthscale": 1.0,
        "oblique": 0.0,
        "style": "STYLE1",
        "textgen": "2",
        "alignh": "0",
        "alignv": "0",
        "interlin": -1.0,
        "lat": 29.83741,
        "lon": 52.41695,
        "Name": "307"
      },
      "geometry": {
        "type": "Point",
        "coordinates": [52.416954260161212, 29.837408331298242]
      }
    },
    {
      "type": "Feature",
      "properties": {
        "fid": 630.0,
        "handle": "5402",
        "block": "-1",
        "etype": "25",
        "space": "0",
        "layer": "TEXT-2",
        "olinetype": "bylayer",
        "linetype": null,
        "color": "0,0,0,255",
        "ocolor": "256",
        "color24": "-1",
        "transparen": "0",
        "lweight": "-1",
        "linewidth": 0.0,
        "ltscale": 1.0,
        "visible": "1",
        "thickness": 0.0,
        "ext": "(3:0,0,1)",
        "height": 1.87486,
        "text": "803",
        "angle": 330.13606,
        "widthscale": 1.0,
        "oblique": 0.0,
        "style": "STYLE1",
        "textgen": "2",
        "alignh": "0",
        "alignv": "0",
        "interlin": -1.0,
        "lat": 29.83727,
        "lon": 52.4169,
        "Name": "308"
      },
      "geometry": {
        "type": "Point",
        "coordinates": [52.416895529489032, 29.837265021083422]
      }
    },
    {
      "type": "Feature",
      "properties": {
        "fid": 632.0,
        "handle": "5410",
        "block": "-1",
        "etype": "25",
        "space": "0",
        "layer": "TEXT-2",
        "olinetype": "bylayer",
        "linetype": null,
        "color": "0,0,0,255",
        "ocolor": "256",
        "color24": "-1",
        "transparen": "0",
        "lweight": "-1",
        "linewidth": 0.0,
        "ltscale": 1.0,
        "visible": "1",
        "thickness": 0.0,
        "ext": "(3:0,0,1)",
        "height": 1.87486,
        "text": "081",
        "angle": 2.37892,
        "widthscale": 1.0,
        "oblique": 0.0,
        "style": "STYLE1",
        "textgen": "2",
        "alignh": "0",
        "alignv": "0",
        "interlin": -1.0,
        "lat": 29.837,
        "lon": 52.41733,
        "Name": "180"
      },
      "geometry": {
        "type": "Point",
        "coordinates": [52.417329077218497, 29.836997423224101]
      }
    },
    {
      "type": "Feature",
      "properties": {
        "fid": 633.0,
        "handle": "5411",
        "block": "-1",
        "etype": "25",
        "space": "0",
        "layer": "TEXT-2",
        "olinetype": "bylayer",
        "linetype": null,
        "color": "0,0,0,255",
        "ocolor": "256",
        "color24": "-1",
        "transparen": "0",
        "lweight": "-1",
        "linewidth": 0.0,
        "ltscale": 1.0,
        "visible": "1",
        "thickness": 0.0,
        "ext": "(3:0,0,1)",
        "height": 1.87486,
        "text": "391",
        "angle": 2.37892,
        "widthscale": 1.0,
        "oblique": 0.0,
        "style": "STYLE1",
        "textgen": "2",
        "alignh": "0",
        "alignv": "0",
        "interlin": -1.0,
        "lat": 29.83706,
        "lon": 52.41883,
        "Name": "193"
      },
      "geometry": {
        "type": "Point",
        "coordinates": [52.418834936744602, 29.837055814132462]
      }
    },
    {
      "type": "Feature",
      "properties": {
        "fid": 634.0,
        "handle": "5412",
        "block": "-1",
        "etype": "25",
        "space": "0",
        "layer": "TEXT-2",
        "olinetype": "bylayer",
        "linetype": null,
        "color": "0,0,0,255",
        "ocolor": "256",
        "color24": "-1",
        "transparen": "0",
        "lweight": "-1",
        "linewidth": 0.0,
        "ltscale": 1.0,
        "visible": "1",
        "thickness": 0.0,
        "ext": "(3:0,0,1)",
        "height": 1.87486,
        "text": "912",
        "angle": 330.13606,
        "widthscale": 1.0,
        "oblique": 0.0,
        "style": "STYLE1",
        "textgen": "2",
        "alignh": "0",
        "alignv": "0",
        "interlin": -1.0,
        "lat": 29.83938,
        "lon": 52.41599,
        "Name": "219"
      },
      "geometry": {
        "type": "Point",
        "coordinates": [52.415985514285019, 29.839384020309591]
      }
    },
    {
      "type": "Feature",
      "properties": {
        "fid": 636.0,
        "handle": "5415",
        "block": "-1",
        "etype": "25",
        "space": "0",
        "layer": "TEXT-2",
        "olinetype": "bylayer",
        "linetype": null,
        "color": "0,0,0,255",
        "ocolor": "256",
        "color24": "-1",
        "transparen": "0",
        "lweight": "-1",
        "linewidth": 0.0,
        "ltscale": 1.0,
        "visible": "1",
        "thickness": 0.0,
        "ext": "(3:0,0,1)",
        "height": 1.87486,
        "text": "982",
        "angle": 330.13606,
        "widthscale": 1.0,
        "oblique": 0.0,
        "style": "STYLE1",
        "textgen": "2",
        "alignh": "0",
        "alignv": "0",
        "interlin": -1.0,
        "lat": 29.83815,
        "lon": 52.41531,
        "Name": "289"
      },
      "geometry": {
        "type": "Point",
        "coordinates": [52.41531401130144, 29.83815361260632]
      }
    }
  ]
}
