{
  "type": "FeatureCollection",
  "name": "40hectari",
  "name_fa": "40 هکتاری",
  "center": [52.520415297337081, 29.806900319734069],
  "bounds": [
    [52.520415297337081, 29.806900319734069]
  ],
  "crs": {
    "type": "name",
    "properties": { "name": "urn:ogc:def:crs:OGC:1.3:CRS84" }
  },
  "features": [
    {
      "type": "Feature",
      "properties": { "Name": "235", "masahat": 229.0 },
      "geometry": {
        "type": "MultiPolygon",
        "coordinates": [
          [
            [
              [52.520415297337081, 29.806900319734069],
              [52.520543612173078, 29.806725858391228],
              [52.520456636239338, 29.80667720424038],
              [52.520328322341101, 29.806851665491219],
              [52.520415297337081, 29.806900319734069]
            ]
          ]
        ]
      }
    },
    {
      "type": "Feature",
      "properties": { "Name": "212", "masahat": 269.0 },
      "geometry": {
        "type": "MultiPolygon",
        "coordinates": [
          [
            [
              [52.520264666293869, 29.80710512034868],
              [52.520415297337081, 29.806900319734069],
              [52.520328322341101, 29.806851665491219],
              [52.520177691184337, 29.807056466011758],
              [52.520264666293869, 29.80710512034868]
            ]
          ]
        ]
      }
    },
    {
      "type": "Feature",
      "properties": { "Name": "234", "masahat": 229.0 },
      "geometry": {
        "type": "MultiPolygon",
        "coordinates": [
          [
            [
              [52.520502273436577, 29.806948973002299],
              [52.52063058715504, 29.806774512493401],
              [52.520543612173078, 29.806725858391228],
              [52.520415297337081, 29.806900319734069],
              [52.520502273436577, 29.806948973002299]
            ]
          ]
        ]
      }
    },
    {
      "type": "Feature",
      "properties": { "Name": "213", "masahat": 269.0 },
      "geometry": {
        "type": "MultiPolygon",
        "coordinates": [
          [
            [
              [52.520351642520517, 29.80715377461312],
              [52.520502273436577, 29.806948973002299],
              [52.520415297337081, 29.806900319734069],
              [52.520264666293869, 29.80710512034868],
              [52.520351642520517, 29.80715377461312]
            ]
          ]
        ]
      }
    },
    {
      "type": "Feature",
      "properties": { "Name": "18", "masahat": 6335.0 },
      "geometry": {
        "type": "MultiPolygon",
        "coordinates": [
          [
            [
              [52.519994407668399, 29.805631307139549],
              [52.520160979750287, 29.80555920446167],
              [52.520177462218392, 29.805516500859429],
              [52.519964764347968, 29.80514276432951],
              [52.519915794138143, 29.805128388693859],
              [52.519897351818223, 29.805135433231449],
              [52.51987864024651, 29.805141914202739],
              [52.519859682072017, 29.805147824128451],
              [52.519840498882047, 29.80515315373696],
              [52.519821115435512, 29.805157898231752],
              [52.519801553387929, 29.805162052852051],
              [52.519781837484601, 29.805165611899209],
              [52.519761992470833, 29.805168569674588],
              [52.519742040015842, 29.805170922319629],
              [52.519722007029337, 29.805172670427091],
              [52.519701916187771, 29.805173808322191],
              [52.519681792331951, 29.805174336621558],
              [52.519661659227317, 29.805174253247181],
              [52.519641541728362, 29.805173559717879],
              [52.519621464675893, 29.805172256650319],
              [52.519601449793747, 29.805170343794689],
              [52.51958152509431, 29.805167826242819],
              [52.51956171336311, 29.805164705537379],
              [52.519542036392188, 29.805160985939459],
              [52.519522521118517, 29.805156669846291],
              [52.519223783146813, 29.8050857729359],
              [52.519205735323688, 29.805094551624808],
              [52.519188038305401, 29.805144815233],
              [52.519148865606788, 29.805247181512399],
              [52.519105895704151, 29.80534838231668],
              [52.519059176645612, 29.805448311517878],
              [52.519008755445448, 29.805546862999741],
              [52.519366483645378, 29.8057469935836],
              [52.519680601456592, 29.805922715101872],
              [52.519760503754298, 29.80581407919658],
              [52.519771511443579, 29.80579965433871],
              [52.519783069404447, 29.805785561523361],
              [52.519795167537779, 29.805771817108361],
              [52.51980779054486, 29.805758435706771],
              [52.519820923154342, 29.80574543373595],
              [52.51983455005395, 29.805732824906752],
              [52.519848658027627, 29.80572062471057],
              [52.519863229666989, 29.805708845077739],
              [52.519878248666267, 29.805697502437489],
              [52.519893697603507, 29.805686607817989],
              [52.519909559070364, 29.805676173149571],
              [52.519925814637702, 29.80566621127662],
              [52.519942447918041, 29.80565673321539],
              [52.51995943631723, 29.80564775005352],
              [52.519976763420587, 29.805639271002999],
              [52.519994407668399, 29.805631307139549]
            ]
          ]
        ]
      }
    },
    {
      "type": "Feature",
      "properties": { "Name": "32", "masahat": 5350.0 },
      "geometry": {
        "type": "MultiPolygon",
        "coordinates": [
          [
            [
              [52.522227446859951, 29.810152256629749],
              [52.522100804124662, 29.809667416626979],
              [52.521491361835558, 29.809191433880208],
              [52.521472491007479, 29.809198782252789],
              [52.521472059163777, 29.810134223996531],
              [52.521508578693492, 29.81016609767558],
              [52.522214554978142, 29.810166343366191],
              [52.522227446859951, 29.810152256629749]
            ]
          ]
        ]
      }
    },
    {
      "type": "Feature",
      "properties": { "Name": "252", "masahat": 269.0 },
      "geometry": {
        "type": "MultiPolygon",
        "coordinates": [
          [
            [
              [52.520958461169677, 29.806829451440279],
              [52.521109089326643, 29.806624649200401],
              [52.521022114274302, 29.806575996317971],
              [52.520871484955677, 29.806780797573548],
              [52.520958461169677, 29.806829451440279]
            ]
          ]
        ]
      }
    },
    {
      "type": "Feature",
      "properties": { "Name": "266", "masahat": 229.0 },
      "geometry": {
        "type": "MultiPolygon",
        "coordinates": [
          [
            [
              [52.521196065509763, 29.806673302912522],
              [52.521324378710503, 29.806498842667789],
              [52.521237402624088, 29.80645018903579],
              [52.521109089326643, 29.806624649200401],
              [52.521196065509763, 29.806673302912522]
            ]
          ]
        ]
      }
    },
    {
      "type": "Feature",
      "properties": { "Name": "253", "masahat": 269.0 },
      "geometry": {
        "type": "MultiPolygon",
        "coordinates": [
          [
            [
              [52.521045436418227, 29.806878104356169],
              [52.521196065509763, 29.806673302912522],
              [52.521109089326643, 29.806624649200401],
              [52.520958461169677, 29.806829451440279],
              [52.521045436418227, 29.806878104356169]
            ]
          ]
        ]
      }
    },
    {
      "type": "Feature",
      "properties": { "Name": "265", "masahat": 229.0 },
      "geometry": {
        "type": "MultiPolygon",
        "coordinates": [
          [
            [
              [52.521283040741089, 29.806721956575942],
              [52.521411354879582, 29.806547496239201],
              [52.521324378710503, 29.806498842667789],
              [52.521196065509763, 29.806673302912522],
              [52.521283040741089, 29.806721956575942]
            ]
          ]
        ]
      }
    },
    {
      "type": "Feature",
      "properties": { "Name": "254", "masahat": 269.0 },
      "geometry": {
        "type": "MultiPolygon",
        "coordinates": [
          [
            [
              [52.521132413832042, 29.80692675808984],
              [52.521283040741089, 29.806721956575942],
              [52.521196065509763, 29.806673302912522],
              [52.521045436418227, 29.806878104356169],
              [52.521132413832042, 29.80692675808984]
            ]
          ]
        ]
      }
    },
    {
      "type": "Feature",
      "properties": { "Name": "264", "masahat": 229.0 },
      "geometry": {
        "type": "MultiPolygon",
        "coordinates": [
          [
            [
              [52.521370017089581, 29.8067706101669],
              [52.521498330083219, 29.806596148859779],
              [52.521411354879582, 29.806547496239201],
              [52.521283040741089, 29.806721956575942],
              [52.521370017089581, 29.8067706101669]
            ]
          ]
        ]
      }
    },
    {
      "type": "Feature",
      "properties": { "Name": "255", "masahat": 269.0 },
      "geometry": {
        "type": "MultiPolygon",
        "coordinates": [
          [
            [
              [52.521219389259592, 29.806975411786741],
              [52.521370017089581, 29.8067706101669],
              [52.521283040741089, 29.806721956575942],
              [52.521132413832042, 29.80692675808984],
              [52.521219389259592, 29.806975411786741]
            ]
          ]
        ]
      }
    },
    {
      "type": "Feature",
      "properties": { "Name": "263", "masahat": 229.0 },
      "geometry": {
        "type": "MultiPolygon",
        "coordinates": [
          [
            [
              [52.521456994555187, 29.806819263685359],
              [52.521585306417641, 29.806644802310029],
              [52.521498330083219, 29.806596148859779],
              [52.521370017089581, 29.8067706101669],
              [52.521456994555187, 29.806819263685359]
            ]
          ]
        ]
      }
    },
    {
      "type": "Feature",
      "properties": { "Name": "256", "masahat": 269.0 },
      "geometry": {
        "type": "MultiPolygon",
        "coordinates": [
          [
            [
              [52.5213063658043, 29.807024065411142],
              [52.521456994555187, 29.806819263685359],
              [52.521370017089581, 29.8067706101669],
              [52.521219389259592, 29.806975411786741],
              [52.5213063658043, 29.807024065411142]
            ]
          ]
        ]
      }
    },
    {
      "type": "Feature",
      "properties": { "Name": "262", "masahat": 229.0 },
      "geometry": {
        "type": "MultiPolygon",
        "coordinates": [
          [
            [
              [52.521589311306052, 29.806647042685601],
              [52.521585306417641, 29.806644802310029],
              [52.521456994555187, 29.806819263685359],
              [52.521543970034571, 29.806867917167061],
              [52.521671839788723, 29.8066940563365],
              [52.521672281800313, 29.806693455711621],
              [52.521589311306052, 29.806647042685601]
            ]
          ]
        ]
      }
    },
    {
      "type": "Feature",
      "properties": { "Name": "257", "masahat": 269.0 },
      "geometry": {
        "type": "MultiPolygon",
        "coordinates": [
          [
            [
              [52.521393341397207, 29.80707271898688],
              [52.521543970034571, 29.806867917167061],
              [52.521456994555187, 29.806819263685359],
              [52.5213063658043, 29.807024065411142],
              [52.521393341397207, 29.80707271898688]
            ]
          ]
        ]
      }
    },
    {
      "type": "Feature",
      "properties": { "Name": "261", "masahat": 229.0 },
      "geometry": {
        "type": "MultiPolygon",
        "coordinates": [
          [
            [
              [52.52167396807139, 29.806694399073962],
              [52.521672281800313, 29.806693455711621],
              [52.521671839788723, 29.8066940563365],
              [52.521543970034571, 29.806867917167061],
              [52.521630946617421, 29.80691656967408],
              [52.521759258300079, 29.806742109040691],
              [52.52167396807139, 29.806694399073962]
            ]
          ]
        ]
      }
    },
    {
      "type": "Feature",
      "properties": { "Name": "134", "masahat": 322.0 },
      "geometry": {
        "type": "MultiPolygon",
        "coordinates": [
          [
            [
              [52.516961638789667, 29.808330843125901],
              [52.517045320354413, 29.808377656949691],
              [52.517156979901841, 29.808377699532041],
              [52.51715693889647, 29.808164376566982],
              [52.517144417289288, 29.80816196946332],
              [52.517131984876613, 29.80815923378994],
              [52.517119653065123, 29.808156171220549],
              [52.517107434295951, 29.808152783417],
              [52.517095336940429, 29.808149076599459],
              [52.516961638789667, 29.808330843125901]
            ]
          ]
        ]
      }
    },
    {
      "type": "Feature",
      "properties": { "Name": "125", "masahat": 262.0 },
      "geometry": {
        "type": "MultiPolygon",
        "coordinates": [
          [
            [
              [52.517045320354413, 29.808377656949691],
              [52.516961638789667, 29.808330843125901],
              [52.516811701115493, 29.808534684574369],
              [52.516834954747686, 29.80854589431976],
              [52.516858551722123, 29.8085565442865],
              [52.516882475377798, 29.80856662744705],
              [52.516906704915669, 29.808576136821419],
              [52.517045320354413, 29.808377656949691]
            ]
          ]
        ]
      }
    },
    {
      "type": "Feature",
      "properties": { "Name": "126", "masahat": 332.0 },
      "geometry": {
        "type": "MultiPolygon",
        "coordinates": [
          [
            [
              [52.517140402957047, 29.80841460100693],
              [52.517156979901841, 29.808377699532041],
              [52.517045320354413, 29.808377656949691],
              [52.516906704915669, 29.808576136821419],
              [52.516938859013322, 29.808587705457249],
              [52.517046176611778, 29.808624368350809],
              [52.517140402957047, 29.80841460100693]
            ]
          ]
        ]
      }
    },
    {
      "type": "Feature",
      "properties": { "Name": "133", "masahat": 230.0 },
      "geometry": {
        "type": "MultiPolygon",
        "coordinates": [
          [
            [
              [52.517260066177258, 29.808377739405081],
              [52.517260170588621, 29.808171526910051],
              [52.517245344777209, 29.80817186047171],
              [52.517230515231518, 29.808171741106872],
              [52.51721569952435, 29.808171167711411],
              [52.517200916331049, 29.808170143680179],
              [52.517186182217188, 29.80816866972534],
              [52.517171517872612, 29.80816674560932],
              [52.51715693889647, 29.808164376566982],
              [52.517156979901841, 29.808377699532041],
              [52.517260066177258, 29.808377739405081]
            ]
          ]
        ]
      }
    },
    {
      "type": "Feature",
      "properties": { "Name": "132", "masahat": 233.0 },
      "geometry": {
        "type": "MultiPolygon",
        "coordinates": [
          [
            [
              [52.517363409135498, 29.808162752842041],
              [52.517286207254102, 29.808169841961359],
              [52.517273203460519, 29.808170859320661],
              [52.517260170588621, 29.808171526910051],
              [52.517260066177258, 29.808377739405081],
              [52.517363301442117, 29.80837777929133],
              [52.517363409135498, 29.808162752842041]
            ]
          ]
        ]
      }
    },
    {
      "type": "Feature",
      "properties": { "Name": "131", "masahat": 342.0 },
      "geometry": {
        "type": "MultiPolygon",
        "coordinates": [
          [
            [
              [52.517509965948008, 29.80836509110647],
              [52.517510059339841, 29.808178121755649],
              [52.517473918205731, 29.808152606674749],
              [52.517363409135498, 29.808162752842041],
              [52.517363301442117, 29.80837777929133],
              [52.517495346048541, 29.808377829315361],
              [52.517509965948008, 29.80836509110647]
            ]
          ]
        ]
      }
    },
    {
      "type": "Feature",
      "properties": { "Name": "127", "masahat": 249.0 },
      "geometry": {
        "type": "MultiPolygon",
        "coordinates": [
          [
            [
              [52.517140402957047, 29.80841460100693],
              [52.517046176611778, 29.808624368350809],
              [52.517142390912937, 29.808657238036709],
              [52.517236617081792, 29.808447470631169],
              [52.517140402957047, 29.80841460100693]
            ]
          ]
        ]
      }
    },
    {
      "type": "Feature",
      "properties": { "Name": "128", "masahat": 249.0 },
      "geometry": {
        "type": "MultiPolygon",
        "coordinates": [
          [
            [
              [52.517142390912937, 29.808657238036709],
              [52.517238604239807, 29.808690107662009],
              [52.517332829197777, 29.808480340206721],
              [52.517236617081792, 29.808447470631169],
              [52.517142390912937, 29.808657238036709]
            ]
          ]
        ]
      }
    },
    {
      "type": "Feature",
      "properties": { "Name": "129", "masahat": 249.0 },
      "geometry": {
        "type": "MultiPolygon",
        "coordinates": [
          [
            [
              [52.517238604239807, 29.808690107662009],
              [52.517334816592438, 29.808722977226751],
              [52.517429043442959, 29.808513209686069],
              [52.517332829197777, 29.808480340206721],
              [52.517238604239807, 29.808690107662009]
            ]
          ]
        ]
      }
    },
    {
      "type": "Feature",
      "properties": { "Name": "130", "masahat": 243.0 },
      "geometry": {
        "type": "MultiPolygon",
        "coordinates": [
          [
            [
              [52.517519925273731, 29.808557945467118],
              [52.517511648947561, 29.80854143050141],
              [52.517429043442959, 29.808513209686069],
              [52.517334816592438, 29.808722977226751],
              [52.517400415631613, 29.808745388419901],
              [52.517443023233952, 29.80872914720311],
              [52.517519925273731, 29.808557945467118]
            ]
          ]
        ]
      }
    },
    {
      "type": "Feature",
      "properties": { "Name": "110", "masahat": 224.0 },
      "geometry": {
        "type": "MultiPolygon",
        "coordinates": [
          [
            [
              [52.515381246925529, 29.808741882881591],
              [52.515381239623103, 29.808756013397741],
              [52.515381153648448, 29.808920474207429],
              [52.515484486793873, 29.808920515329412],
              [52.515484595459917, 29.80871324879929],
              [52.515414142418962, 29.808713221284371],
              [52.515381246925529, 29.808741882881591]
            ]
          ]
        ]
      }
    },
    {
      "type": "Feature",
      "properties": { "Name": "75", "masahat": 264.0 },
      "geometry": {
        "type": "MultiPolygon",
        "coordinates": [
          [
            [
              [52.515413907578981, 29.80916379887671],
              [52.515484359901443, 29.80916382639251],
              [52.515484486793873, 29.808920515329412],
              [52.515381153648448, 29.808920474207429],
              [52.515381042129697, 29.809135111873641],
              [52.515413907578981, 29.80916379887671]
            ]
          ]
        ]
      }
    },
    {
      "type": "Feature",
      "properties": { "Name": "109", "masahat": 229.0 },
      "geometry": {
        "type": "MultiPolygon",
        "coordinates": [
          [
            [
              [52.51548978538311, 29.808713250631779],
              [52.515484595459917, 29.80871324879929],
              [52.515484486793873, 29.808920515329412],
              [52.515587818887553, 29.80892055548026],
              [52.515587923563572, 29.808720996673159],
              [52.515587927354012, 29.80871328985971],
              [52.51548978538311, 29.808713250631779]
            ]
          ]
        ]
      }
    },
    {
      "type": "Feature",
      "properties": { "Name": "76", "masahat": 269.0 },
      "geometry": {
        "type": "MultiPolygon",
        "coordinates": [
          [
            [
              [52.515587818887553, 29.80892055548026],
              [52.515484486793873, 29.808920515329412],
              [52.515484359901443, 29.80916382639251],
              [52.51558769329349, 29.809163867424971],
              [52.515587818887553, 29.80892055548026]
            ]
          ]
        ]
      }
    },
    {
      "type": "Feature",
      "properties": { "Name": "108", "masahat": 229.0 },
      "geometry": {
        "type": "MultiPolygon",
        "coordinates": [
          [
            [
              [52.515691260278928, 29.80871333082742],
              [52.515587927354012, 29.80871328985971],
              [52.515587923563572, 29.808720996673159],
              [52.515587818887553, 29.80892055548026],
              [52.51569115202566, 29.808920596440551],
              [52.515691255491909, 29.808723166240089],
              [52.515691260278928, 29.80871333082742]
            ]
          ]
        ]
      }
    },
    {
      "type": "Feature",
      "properties": { "Name": "77", "masahat": 269.0 },
      "geometry": {
        "type": "MultiPolygon",
        "coordinates": [
          [
            [
              [52.51569115202566, 29.808920596440551],
              [52.515587818887553, 29.80892055548026],
              [52.51558769329349, 29.809163867424971],
              [52.515691025647392, 29.809163908388459],
              [52.51569115202566, 29.808920596440551]
            ]
          ]
        ]
      }
    },
    {
      "type": "Feature",
      "properties": { "Name": "107", "masahat": 229.0 },
      "geometry": {
        "type": "MultiPolygon",
        "coordinates": [
          [
            [
              [52.515696872354987, 29.808713333223199],
              [52.515691260278928, 29.80871333082742],
              [52.515691255491909, 29.808723166240089],
              [52.51569115202566, 29.808920596440551],
              [52.515794485160143, 29.808920637320028],
              [52.515794592165719, 29.808713371726149],
              [52.515696872354987, 29.808713333223199]
            ]
          ]
        ]
      }
    },
    {
      "type": "Feature",
      "properties": { "Name": "78", "masahat": 269.0 },
      "geometry": {
        "type": "MultiPolygon",
        "coordinates": [
          [
            [
              [52.515794485160143, 29.808920637320028],
              [52.51569115202566, 29.808920596440551],
              [52.515691025647392, 29.809163908388459],
              [52.515794359032142, 29.80916394925924],
              [52.515794485160143, 29.808920637320028]
            ]
          ]
        ]
      }
    },
    {
      "type": "Feature",
      "properties": { "Name": "106", "masahat": 229.0 },
      "geometry": {
        "type": "MultiPolygon",
        "coordinates": [
          [
            [
              [52.515794485160143, 29.808920637320028],
              [52.515897818290973, 29.80892067811865],
              [52.515897924048879, 29.808713412544051],
              [52.515794592165719, 29.808713371726149],
              [52.515794485160143, 29.808920637320028]
            ]
          ]
        ]
      }
    },
    {
      "type": "Feature",
      "properties": { "Name": "246", "masahat": 269.0 },
      "geometry": {
        "type": "MultiPolygon",
        "coordinates": [
          [
            [
              [52.520436608229282, 29.806537527295461],
              [52.520587237081109, 29.80633272652204],
              [52.52050026251117, 29.80628407237397],
              [52.520349632525019, 29.806488873967421],
              [52.520436608229282, 29.806537527295461]
            ]
          ]
        ]
      }
    },
    {
      "type": "Feature",
      "properties": { "Name": "272", "masahat": 229.0 },
      "geometry": {
        "type": "MultiPolygon",
        "coordinates": [
          [
            [
              [52.520674212768178, 29.806381380597621],
              [52.520802525514739, 29.806206920845451],
              [52.520715550958847, 29.806158266838089],
              [52.520587237081109, 29.80633272652204],
              [52.520674212768178, 29.806381380597621]
            ]
          ]
        ]
      }
    },
    {
      "type": "Feature",
      "properties": { "Name": "247", "masahat": 269.0 },
      "geometry": {
        "type": "MultiPolygon",
        "coordinates": [
          [
            [
              [52.520523582995438, 29.806586181477002],
              [52.520674212768178, 29.806381380597621],
              [52.520587237081109, 29.80633272652204],
              [52.520436608229282, 29.806537527295461],
              [52.520523582995438, 29.806586181477002]
            ]
          ]
        ]
      }
    },
    {
      "type": "Feature",
      "properties": { "Name": "271", "masahat": 229.0 },
      "geometry": {
        "type": "MultiPolygon",
        "coordinates": [
          [
            [
              [52.52076118750346, 29.80643003462453],
              [52.520889501174132, 29.80625557387819],
              [52.520802525514739, 29.806206920845451],
              [52.520674212768178, 29.806381380597621],
              [52.52076118750346, 29.80643003462453]
            ]
          ]
        ]
      }
    },
    {
      "type": "Feature",
      "properties": { "Name": "248", "masahat": 269.0 },
      "geometry": {
        "type": "MultiPolygon",
        "coordinates": [
          [
            [
              [52.520610558878708, 29.806634835586031],
              [52.52076118750346, 29.80643003462453],
              [52.520674212768178, 29.806381380597621],
              [52.520523582995438, 29.806586181477002],
              [52.520610558878708, 29.806634835586031]
            ]
          ]
        ]
      }
    },
    {
      "type": "Feature",
      "properties": { "Name": "270", "masahat": 229.0 },
      "geometry": {
        "type": "MultiPolygon",
        "coordinates": [
          [
            [
              [52.520919465607129, 29.806272336181031],
              [52.520889501174132, 29.80625557387819],
              [52.52076118750346, 29.80643003462453],
              [52.520848163355893, 29.806478688578959],
              [52.520976475895367, 29.806304227764411],
              [52.52093364226684, 29.806280266866992],
              [52.520923713598442, 29.80627471273764],
              [52.520921096723882, 29.806273259434729],
              [52.520919465607129, 29.806272336181031]
            ]
          ]
        ]
      }
    },
    {
      "type": "Feature",
      "properties": { "Name": "201", "masahat": 229.0 },
      "geometry": {
        "type": "MultiPolygon",
        "coordinates": [
          [
            [
              [52.520458648038861, 29.807342104829178],
              [52.520330332300361, 29.807516565204541],
              [52.520417307874119, 29.807565218518899],
              [52.520545623529557, 29.807390758965589],
              [52.520458648038861, 29.807342104829178]
            ]
          ]
        ]
      }
    },
    {
      "type": "Feature",
      "properties": { "Name": "186", "masahat": 269.0 },
      "geometry": {
        "type": "MultiPolygon",
        "coordinates": [
          [
            [
              [52.520417307874119, 29.807565218518899],
              [52.520330332300361, 29.807516565204541],
              [52.520179701248139, 29.807721365730529],
              [52.520236699636982, 29.807753250531221],
              [52.520256183639859, 29.807764150231559],
              [52.520265811902192, 29.80776953642177],
              [52.520266676949078, 29.807770020041101],
              [52.520417307874119, 29.807565218518899]
            ]
          ]
        ]
      }
    },
    {
      "type": "Feature",
      "properties": { "Name": "200", "masahat": 229.0 },
      "geometry": {
        "type": "MultiPolygon",
        "coordinates": [
          [
            [
              [52.520545623529557, 29.807390758965589],
              [52.520417307874119, 29.807565218518899],
              [52.52050428561315, 29.807613872651011],
              [52.520632600137397, 29.807439413029488],
              [52.520545623529557, 29.807390758965589]
            ]
          ]
        ]
      }
    },
    {
      "type": "Feature",
      "properties": { "Name": "187", "masahat": 269.0 },
      "geometry": {
        "type": "MultiPolygon",
        "coordinates": [
          [
            [
              [52.520353653753538, 29.807818673377032],
              [52.52050428561315, 29.807613872651011],
              [52.520417307874119, 29.807565218518899],
              [52.520266676949078, 29.807770020041101],
              [52.520353653753538, 29.807818673377032]
            ]
          ]
        ]
      }
    },
    {
      "type": "Feature",
      "properties": { "Name": "199", "masahat": 229.0 },
      "geometry": {
        "type": "MultiPolygon",
        "coordinates": [
          [
            [
              [52.520632600137397, 29.807439413029488],
              [52.52050428561315, 29.807613872651011],
              [52.520591261365929, 29.807662526746359],
              [52.52071957682795, 29.807488067032828],
              [52.520632600137397, 29.807439413029488]
            ]
          ]
        ]
      }
    },
    {
      "type": "Feature",
      "properties": { "Name": "188", "masahat": 269.0 },
      "geometry": {
        "type": "MultiPolygon",
        "coordinates": [
          [
            [
              [52.520440629619848, 29.80786732756642],
              [52.520591261365929, 29.807662526746359],
              [52.52050428561315, 29.807613872651011],
              [52.520353653753538, 29.807818673377032],
              [52.520440629619848, 29.80786732756642]
            ]
          ]
        ]
      }
    },
    {
      "type": "Feature",
      "properties": { "Name": "198", "masahat": 229.0 },
      "geometry": {
        "type": "MultiPolygon",
        "coordinates": [
          [
            [
              [52.520806551532203, 29.807536720999401],
              [52.52080617272771, 29.807536507898799],
              [52.52071957682795, 29.807488067032828],
              [52.520591261365929, 29.807662526746359],
              [52.520678238235867, 29.807711180769239],
              [52.520806551532203, 29.807536720999401]
            ]
          ]
        ]
      }
    },
    {
      "type": "Feature",
      "properties": { "Name": "189", "masahat": 269.0 },
      "geometry": {
        "type": "MultiPolygon",
        "coordinates": [
          [
            [
              [52.520527606603324, 29.807915981683351],
              [52.520678238235867, 29.807711180769239],
              [52.520591261365929, 29.807662526746359],
              [52.520440629619848, 29.80786732756642],
              [52.520527606603324, 29.807915981683351]
            ]
          ]
        ]
      }
    },
    {
      "type": "Feature",
      "properties": { "Name": "197", "masahat": 229.0 },
      "geometry": {
        "type": "MultiPolygon",
        "coordinates": [
          [
            [
              [52.520810149459741, 29.807538732379498],
              [52.520806551532203, 29.807536720999401],
              [52.520678238235867, 29.807711180769239],
              [52.520765214153997, 29.807759834743418],
              [52.52089352940893, 29.807585373967498],
              [52.520810149459741, 29.807538732379498]
            ]
          ]
        ]
      }
    },
    {
      "type": "Feature",
      "properties": { "Name": "190", "masahat": 269.0 },
      "geometry": {
        "type": "MultiPolygon",
        "coordinates": [
          [
            [
              [52.520614582634991, 29.807964635751588],
              [52.520765214153997, 29.807759834743418],
              [52.520678238235867, 29.807711180769239],
              [52.520527606603324, 29.807915981683351],
              [52.520614582634991, 29.807964635751588]
            ]
          ]
        ]
      }
    },
    {
      "type": "Feature",
      "properties": { "Name": "196", "masahat": 229.0 },
      "geometry": {
        "type": "MultiPolygon",
        "coordinates": [
          [
            [
              [52.520951086208591, 29.807617571452621],
              [52.52089352940893, 29.807585373967498],
              [52.520765214153997, 29.807759834743418],
              [52.520852191189292, 29.80780848864514],
              [52.52098034614999, 29.807634244386541],
              [52.52098050531302, 29.807634027800979],
              [52.520951086208591, 29.807617571452621]
            ]
          ]
        ]
      }
    },
    {
      "type": "Feature",
      "properties": { "Name": "298", "masahat": 299.0 },
      "geometry": {
        "type": "MultiPolygon",
        "coordinates": [
          [
            [
              [52.521395262349976, 29.806388610567058],
              [52.52152572550154, 29.806461590847771],
              [52.521637301472673, 29.806309884781069],
              [52.521506838460922, 29.80623690550701],
              [52.521395262349976, 29.806388610567058]
            ]
          ]
        ]
      }
    },
    {
      "type": "Feature",
      "properties": { "Name": "299", "masahat": 299.0 },
      "geometry": {
        "type": "MultiPolygon",
        "coordinates": [
          [
            [
              [52.52152572550154, 29.806461590847771],
              [52.521656189859932, 29.806534570078099],
              [52.521767764684093, 29.806382864820979],
              [52.521637301472673, 29.806309884781069],
              [52.52152572550154, 29.806461590847771]
            ]
          ]
        ]
      }
    },
    {
      "type": "Feature",
      "properties": { "Name": "27.2", "masahat": 4208.0 },
      "geometry": {
        "type": "MultiPolygon",
        "coordinates": [
          [
            [
              [52.524152225510868, 29.80843724083654],
              [52.524140653282593, 29.80840364001293],
              [52.523969393555561, 29.808451450756898],
              [52.523668274293676, 29.80853551545102],
              [52.523681518318732, 29.80858234948364],
              [52.523692900392703, 29.80862955328292],
              [52.523702406230463, 29.808677071972351],
              [52.523710024636493, 29.808724849737342],
              [52.523715744360501, 29.808772827154591],
              [52.523719560427473, 29.808820949239969],
              [52.523721467793933, 29.808869156498432],
              [52.523721465609, 29.808917392995831],
              [52.523719551959992, 29.808965601005472],
              [52.523715730092938, 29.80901372183882],
              [52.523710004329423, 29.809061699501829],
              [52.523702381032678, 29.809109476172139],
              [52.523692868634967, 29.80915699400347],
              [52.523681481802882, 29.809204196882259],
              [52.523928480753952, 29.809252991091739],
              [52.524116192516402, 29.809290073489159],
              [52.524166188665042, 29.809299949303909],
              [52.52418108295997, 29.80923747559337],
              [52.524193498116091, 29.809174589242499],
              [52.524203419783838, 29.809111367114991],
              [52.524210836703439, 29.80904788513643],
              [52.524215739656761, 29.808984217404092],
              [52.524218122570339, 29.80892044068576],
              [52.52421798346758, 29.808856628994882],
              [52.524215321474792, 29.808792860843671],
              [52.524210139774112, 29.808729209283399],
              [52.524202443698663, 29.808665752754429],
              [52.524192245740828, 29.80860256420037],
              [52.524179555344112, 29.8085397202092],
              [52.524171686373087, 29.808505315109301],
              [52.524162574181439, 29.808471143614209],
              [52.524152225510868, 29.80843724083654]
            ]
          ]
        ]
      }
    },
    {
      "type": "Feature",
      "properties": { "Name": "27.1", "masahat": 4238.0 },
      "geometry": {
        "type": "MultiPolygon",
        "coordinates": [
          [
            [
              [52.523928480753952, 29.809252991091739],
              [52.523681481802882, 29.809204196882259],
              [52.523668035965052, 29.809252082200508],
              [52.52365269006102, 29.8092995319493],
              [52.523635461819978, 29.80934648727251],
              [52.523616371081253, 29.809392891996549],
              [52.523595443891217, 29.80943868987622],
              [52.523572703206703, 29.809483825604168],
              [52.523548176136217, 29.809528244727481],
              [52.523521894960979, 29.80957189273354],
              [52.523493888927312, 29.80961471965626],
              [52.523464193406568, 29.809656670044941],
              [52.523432843866111, 29.809697694764051],
              [52.523399877842493, 29.80973774465415],
              [52.523365334968773, 29.809776772336189],
              [52.523329257940738, 29.80981472768892],
              [52.523522452850798, 29.80995940042872],
              [52.523668459810771, 29.81006873700515],
              [52.523706626947067, 29.81009731832965],
              [52.523753721966621, 29.810047745612639],
              [52.52379881122507, 29.80999677485033],
              [52.523841838729339, 29.809944466243969],
              [52.523882755796627, 29.809890884421979],
              [52.52392150960651, 29.8098360940605],
              [52.523958055642211, 29.809780161544509],
              [52.52399234940107, 29.809723154161091],
              [52.524024347442563, 29.809665140989591],
              [52.524054012560782, 29.809606192842079],
              [52.524081309619191, 29.809546380506578],
              [52.524106203508808, 29.80948577657545],
              [52.524128666348723, 29.809424452655168],
              [52.524148669319537, 29.809362486679198],
              [52.524166188665042, 29.809299949303909],
              [52.524116192516402, 29.809290073489159],
              [52.523928480753952, 29.809252991091739]
            ]
          ]
        ]
      }
    },
    {
      "type": "Feature",
      "properties": { "Name": "27", "masahat": 4381.0 },
      "geometry": {
        "type": "MultiPolygon",
        "coordinates": [
          [
            [
              [52.523522452850798, 29.80995940042872],
              [52.523329257940738, 29.80981472768892],
              [52.523291494710023, 29.809851750519709],
              [52.52325226926849, 29.809887600933479],
              [52.523211633718823, 29.809922235016671],
              [52.523169634991419, 29.809955608915431],
              [52.523126324223327, 29.80998768323904],
              [52.52308175565534, 29.810018418560968],
              [52.523035982507601, 29.810047776368869],
              [52.52298906117241, 29.810075722625449],
              [52.522941049063093, 29.810102222379388],
              [52.522892004641392, 29.810127241569621],
              [52.522841987499447, 29.81015075243846],
              [52.522791060278458, 29.810172723583751],
              [52.522739281591193, 29.81019313086847],
              [52.522686719333713, 29.81021194824406],
              [52.522633433167343, 29.810229152463869],
              [52.52287263162421, 29.810614390828771],
              [52.522940850387329, 29.810589803915811],
              [52.523008047768059, 29.81056316151599],
              [52.523074140460643, 29.810534497074858],
              [52.523139050359553, 29.810503845782851],
              [52.523202699386943, 29.810471244634861],
              [52.523265009492633, 29.81043673243019],
              [52.523325904736872, 29.810400350650909],
              [52.523385312352147, 29.810362145254139],
              [52.523443160564838, 29.810322159478769],
              [52.523499378745612, 29.810280443769098],
              [52.523553899369013, 29.810237048533619],
              [52.523606657006411, 29.810192025961449],
              [52.523657587305053, 29.81014543093621],
              [52.523706626947067, 29.81009731832965],
              [52.523668459810771, 29.81006873700515],
              [52.523522452850798, 29.80995940042872]
            ]
          ]
        ]
      }
    },
    {
      "type": "Feature",
      "properties": { "Name": "25", "masahat": 4082.0 },
      "geometry": {
        "type": "MultiPolygon",
        "coordinates": [
          [
            [
              [52.520799433373178, 29.810292008081731],
              [52.520693053932348, 29.810291971023211],
              [52.520692843080063, 29.81074254678613],
              [52.521412222889381, 29.810742801213689],
              [52.52142954896096, 29.81073297570374],
              [52.52164581594478, 29.810307412145718],
              [52.521634548123217, 29.810292303447401],
              [52.52085110056165, 29.810292026959711],
              [52.520799433373178, 29.810292008081731]
            ]
          ]
        ]
      }
    },
    {
      "type": "Feature",
      "properties": { "Name": "24", "masahat": 5174.0 },
      "geometry": {
        "type": "MultiPolygon",
        "coordinates": [
          [
            [
              [52.519688021946607, 29.810290355015692],
              [52.519665782453409, 29.81028878088895],
              [52.519649616681917, 29.810300009476109],
              [52.519592177300296, 29.810722163407281],
              [52.519605016149228, 29.810736286923849],
              [52.51964738958273, 29.810739561368859],
              [52.519689870588053, 29.81074153340986],
              [52.51973240327284, 29.810742201885031],
              [52.520692843080063, 29.81074254678613],
              [52.520693053932348, 29.810291971023211],
              [52.520448029279102, 29.810291883557881],
              [52.520151083911017, 29.810291776716021],
              [52.520124342370302, 29.810291766760571],
              [52.519732618419518, 29.810291625069809],
              [52.519710307861828, 29.81029130419558],
              [52.519688021946607, 29.810290355015692]
            ]
          ]
        ]
      }
    },
    {
      "type": "Feature",
      "properties": { "Name": "22", "masahat": 2159.0 },
      "geometry": {
        "type": "MultiPolygon",
        "coordinates": [
          [
            [
              [52.519490362902609, 29.80962256411209],
              [52.519551123599008, 29.809329527232659],
              [52.519337557768907, 29.80936409330786],
              [52.519149778983412, 29.809394485267209],
              [52.519114666298243, 29.809400167570729],
              [52.519116383741867, 29.80940823627164],
              [52.519165564571722, 29.80963933930288],
              [52.51919443542301, 29.80977500405514],
              [52.519198214706229, 29.809791197949391],
              [52.519202634655031, 29.809807268077179],
              [52.51920768981077, 29.809823195552401],
              [52.51921337263218, 29.809838960610481],
              [52.519219677660587, 29.80985454436528],
              [52.519226598416459, 29.809869928844691],
              [52.519234124282242, 29.809885096124209],
              [52.519242247716583, 29.809900026439241],
              [52.519250958115506, 29.809914702767419],
              [52.519260245909592, 29.80992910807451],
              [52.519270099433008, 29.809943223545648],
              [52.519280507074527, 29.809957033974712],
              [52.51929145616112, 29.809970522363081],
              [52.519302935054213, 29.809983671700291],
              [52.519314928004484, 29.809996466827759],
              [52.519327420310731, 29.810008893477178],
              [52.519340399299828, 29.810020934649959],
              [52.51935384719426, 29.810032577917841],
              [52.51936774926552, 29.81004380720815],
              [52.519382088784191, 29.81005461098292],
              [52.519396848993587, 29.810064975899831],
              [52.51941201003347, 29.81007488865222],
              [52.519427556236202, 29.810084339494558],
              [52.519446107968683, 29.810076395030819],
              [52.519490362902609, 29.80962256411209]
            ]
          ]
        ]
      }
    },
    {
      "type": "Feature",
      "properties": { "Name": "21", "masahat": 3022.0 },
      "geometry": {
        "type": "MultiPolygon",
        "coordinates": [
          [
            [
              [52.519551123599008, 29.809329527232659],
              [52.519662144196488, 29.80879408182259],
              [52.519008210434812, 29.80889992218238],
              [52.519018075217112, 29.808946278546578],
              [52.519098339231228, 29.809323447366271],
              [52.519114666298243, 29.809400167570729],
              [52.519149778983412, 29.809394485267209],
              [52.519337557768907, 29.80936409330786],
              [52.519551123599008, 29.809329527232659]
            ]
          ]
        ]
      }
    },
    {
      "type": "Feature",
      "properties": { "Name": "258", "masahat": 269.0 },
      "geometry": {
        "type": "MultiPolygon",
        "coordinates": [
          [
            [
              [52.521480318120908, 29.807121373392299],
              [52.521630946617421, 29.80691656967408],
              [52.521543970034571, 29.806867917167061],
              [52.521393341397207, 29.80707271898688],
              [52.521480318120908, 29.807121373392299]
            ]
          ]
        ]
      }
    },
    {
      "type": "Feature",
      "properties": { "Name": "260", "masahat": 224.0 },
      "geometry": {
        "type": "MultiPolygon",
        "coordinates": [
          [
            [
              [52.521818559546134, 29.80677528042893],
              [52.521759258300079, 29.806742109040691],
              [52.521630946617421, 29.80691656967408],
              [52.521717922262127, 29.80696522303462],
              [52.521828482661618, 29.806814898236102],
              [52.521818559546134, 29.80677528042893]
            ]
          ]
        ]
      }
    },
    {
      "type": "Feature",
      "properties": { "Name": "259", "masahat": 264.0 },
      "geometry": {
        "type": "MultiPolygon",
        "coordinates": [
          [
            [
              [52.52159379307885, 29.807133995032199],
              [52.521717922262127, 29.80696522303462],
              [52.521630946617421, 29.80691656967408],
              [52.521480318120908, 29.807121373392299],
              [52.521539618475863, 29.807154544911189],
              [52.521585046195973, 29.807145889147581],
              [52.52159379307885, 29.807133995032199]
            ]
          ]
        ]
      }
    },
    {
      "type": "Feature",
      "properties": { "Name": "238", "masahat": 275.0 },
      "geometry": {
        "type": "MultiPolygon",
        "coordinates": [
          [
            [
              [52.520208140887377, 29.806538196093001],
              [52.520204309240853, 29.806536052035071],
              [52.520158881639482, 29.806544706416929],
              [52.520133803380233, 29.806578804166211],
              [52.520048318969458, 29.80669503080367],
              [52.52015437156269, 29.80675435683564],
              [52.520282685654351, 29.806579895745038],
              [52.520213598258508, 29.806541249038091],
              [52.520208140887377, 29.806538196093001]
            ]
          ]
        ]
      }
    },
    {
      "type": "Feature",
      "properties": { "Name": "209", "masahat": 323.0 },
      "geometry": {
        "type": "MultiPolygon",
        "coordinates": [
          [
            [
              [52.520003740178872, 29.806959157168102],
              [52.52015437156269, 29.80675435683564],
              [52.520048318969458, 29.80669503080367],
              [52.519924187221669, 29.806863801326021],
              [52.519915439123587, 29.806875695349341],
              [52.51992536254145, 29.80691531331307],
              [52.520003740178872, 29.806959157168102]
            ]
          ]
        ]
      }
    },
    {
      "type": "Feature",
      "properties": { "Name": "237", "masahat": 229.0 },
      "geometry": {
        "type": "MultiPolygon",
        "coordinates": [
          [
            [
              [52.520241346393327, 29.806803011199651],
              [52.520369661422727, 29.806628550017049],
              [52.520282685654351, 29.806579895745038],
              [52.52015437156269, 29.80675435683564],
              [52.520241346393327, 29.806803011199651]
            ]
          ]
        ]
      }
    },
    {
      "type": "Feature",
      "properties": { "Name": "210", "masahat": 269.0 },
      "geometry": {
        "type": "MultiPolygon",
        "coordinates": [
          [
            [
              [52.520090715123018, 29.807007811626161],
              [52.520241346393327, 29.806803011199651],
              [52.52015437156269, 29.80675435683564],
              [52.520003740178872, 29.806959157168102],
              [52.520090715123018, 29.807007811626161]
            ]
          ]
        ]
      }
    },
    {
      "type": "Feature",
      "properties": { "Name": "236", "masahat": 229.0 },
      "geometry": {
        "type": "MultiPolygon",
        "coordinates": [
          [
            [
              [52.520328322341101, 29.806851665491219],
              [52.520456636239338, 29.80667720424038],
              [52.520369661422727, 29.806628550017049],
              [52.520241346393327, 29.806803011199651],
              [52.520328322341101, 29.806851665491219]
            ]
          ]
        ]
      }
    },
    {
      "type": "Feature",
      "properties": { "Name": "211", "masahat": 269.0 },
      "geometry": {
        "type": "MultiPolygon",
        "coordinates": [
          [
            [
              [52.520177691184337, 29.807056466011758],
              [52.520328322341101, 29.806851665491219],
              [52.520241346393327, 29.806803011199651],
              [52.520090715123018, 29.807007811626161],
              [52.520177691184337, 29.807056466011758]
            ]
          ]
        ]
      }
    },
    {
      "type": "Feature",
      "properties": { "Name": "11", "masahat": 2673.0 },
      "geometry": {
        "type": "MultiPolygon",
        "coordinates": [
          [
            [
              [52.518601507503327, 29.807927093990418],
              [52.518582653934203, 29.807838492026161],
              [52.518576672502483, 29.807807743632399],
              [52.518571783521473, 29.807776848236429],
              [52.518567990543502, 29.807745835574408],
              [52.518565299203459, 29.807714736260731],
              [52.518563710984679, 29.80768358005519],
              [52.518563227343243, 29.807652394913251],
              [52.518563848755221, 29.80762121241084],
              [52.517876731222927, 29.807601535858751],
              [52.517874902192979, 29.807617992738869],
              [52.517873703935727, 29.807634493805669],
              [52.517873136165342, 29.807651020113571],
              [52.517873200678579, 29.807667553595429],
              [52.517873897203209, 29.807684076207838],
              [52.517875227522353, 29.807700568981449],
              [52.517877185170562, 29.8077170148463],
              [52.517879772965401, 29.80773339482117],
              [52.517882984400572, 29.80774968912954],
              [52.517886818196558, 29.807765881544231],
              [52.517891267860662, 29.807781953190901],
              [52.517965027291623, 29.80803010453177],
              [52.518601507503327, 29.807927093990418]
            ]
          ]
        ]
      }
    },
    {
      "type": "Feature",
      "properties": { "Name": "8", "masahat": 3228.0 },
      "geometry": {
        "type": "MultiPolygon",
        "coordinates": [
          [
            [
              [52.516439477983212, 29.81032888692064],
              [52.516454682435757, 29.810328665496311],
              [52.516469869708402, 29.810327991299761],
              [52.516485021166197, 29.810326863642508],
              [52.516500120284107, 29.810325284518939],
              [52.516515147433552, 29.810323255959009],
              [52.51653008713761, 29.810320780847331],
              [52.516544919754097, 29.810317860311748],
              [52.516559629833353, 29.81031449904123],
              [52.516574198822148, 29.81031070176045],
              [52.516588611230013, 29.810306470451881],
              [52.516602849579087, 29.81030181253481],
              [52.51661689531624, 29.810296732733889],
              [52.516630735060843, 29.810291235714409],
              [52.516644350300602, 29.810285328907511],
              [52.516657725626743, 29.81027901970878],
              [52.516670845630543, 29.81027231551376],
              [52.516683694889643, 29.81026522281584],
              [52.516696258036177, 29.810257751717089],
              [52.516708521744071, 29.81024991049151],
              [52.516720469570153, 29.810241706546542],
              [52.516732088242833, 29.81023315176483],
              [52.516743365470568, 29.810224254408539],
              [52.516754286947339, 29.810215026372202],
              [52.516764839388003, 29.810205478636298],
              [52.516775010514671, 29.81019562036516],
              [52.516784790173013, 29.810185464307981],
              [52.516794165105154, 29.810175023249599],
              [52.516803123060541, 29.810164308158669],
              [52.516811656988352, 29.810153331748769],
              [52.516819755713392, 29.810142107683131],
              [52.516827409067773, 29.810130647808851],
              [52.516834607945341, 29.81011896576538],
              [52.516841344315317, 29.810107077886901],
              [52.516847610051627, 29.810094994192308],
              [52.516853398157977, 29.81008273100386],
              [52.516922395933072, 29.809929129977579],
              [52.516903773639058, 29.80989197213631],
              [52.516807469797577, 29.80985907175485],
              [52.51679269666446, 29.809854274943351],
              [52.516777744961587, 29.809849917808179],
              [52.516762633391508, 29.80984600554855],
              [52.516747378546903, 29.809842540680901],
              [52.516731997088513, 29.809839530232559],
              [52.516716506629862, 29.80983697580595],
              [52.51670092791521, 29.809834880772222],
              [52.516685276489099, 29.80983324675756],
              [52.516669568957767, 29.809832077180619],
              [52.516653827045552, 29.809831371792061],
              [52.516638064241512, 29.809831133143991],
              [52.516215716999369, 29.809830969744681],
              [52.51620109672443, 29.80984370782085],
              [52.516200854662443, 29.810316049447682],
              [52.516215461236293, 29.810328799532929],
              [52.516439477983212, 29.81032888692064]
            ]
          ]
        ]
      }
    },
    {
      "type": "Feature",
      "properties": { "Name": "40", "masahat": 7732.0 },
      "geometry": {
        "type": "MultiPolygon",
        "coordinates": [
          [
            [
              [52.522059326403898, 29.80690996212661],
              [52.521986979307997, 29.80686949242175],
              [52.52194155173914, 29.806878147416139],
              [52.521149620944357, 29.807954896953358],
              [52.521193109625521, 29.807979223778279],
              [52.521886566761907, 29.808012676005781],
              [52.521904967050837, 29.80800447127789],
              [52.522224627266738, 29.80756984310489],
              [52.522234665797733, 29.807555655697591],
              [52.522244129739278, 29.807541171727792],
              [52.522253009006477, 29.80752640845596],
              [52.522261291431782, 29.80751138226427],
              [52.522268968033153, 29.807496114912091],
              [52.522276028725692, 29.80748062365987],
              [52.522282465493532, 29.807464925744249],
              [52.522288269340997, 29.807449042022419],
              [52.522293434334813, 29.8074329906093],
              [52.522297953561953, 29.807416793240421],
              [52.522301823144453, 29.807400467104699],
              [52.522305036155657, 29.80738403303544],
              [52.522307589806758, 29.807367511818349],
              [52.522309480247173, 29.80735092244656],
              [52.522310705736267, 29.80733428659601],
              [52.52231126549956, 29.807317621419799],
              [52.522311157837393, 29.807300951300281],
              [52.522310381988937, 29.807284294292732],
              [52.522308941358617, 29.80726767020904],
              [52.522306836288372, 29.807251101603381],
              [52.5223040691208, 29.807234606495228],
              [52.522300643260252, 29.807218204696479],
              [52.522296563172887, 29.807201917811401],
              [52.522291833297558, 29.807185765639961],
              [52.522286461162793, 29.807169767044179],
              [52.522280451180038, 29.807153940019639],
              [52.522273813015133, 29.807138307915348],
              [52.522266551038463, 29.80712288602043],
              [52.522258677978208, 29.807107694941561],
              [52.522250201362837, 29.807092753540761],
              [52.52224113176954, 29.80707807703558],
              [52.522231480919281, 29.80706368784902],
              [52.522221259375542, 29.80704960029642],
              [52.522210480846176, 29.80703583136394],
              [52.522199158031867, 29.807022399853949],
              [52.522187304626769, 29.807009321850419],
              [52.522174934297652, 29.80699661163295],
              [52.522162063842053, 29.80698428524979],
              [52.522148708002121, 29.806972359675129],
              [52.522134882486178, 29.80696084736039],
              [52.522120604050691, 29.806949761647338],
              [52.522105891561928, 29.80693911856034],
              [52.522090761735292, 29.80692892873461],
              [52.522075233409701, 29.806919206390209],
              [52.522059326403898, 29.80690996212661]
            ]
          ]
        ]
      }
    },
    {
      "type": "Feature",
      "properties": { "Name": "39", "masahat": 2744.0 },
      "geometry": {
        "type": "MultiPolygon",
        "coordinates": [
          [
            [
              [52.522652708298168, 29.80795293224595],
              [52.522302300812797, 29.807756924245538],
              [52.5222518248653, 29.807766540743479],
              [52.522104771063411, 29.807966484648919],
              [52.522105376756031, 29.807968903121651],
              [52.522109181573157, 29.807984093247509],
              [52.522851200669017, 29.808399155299409],
              [52.522871390737052, 29.808395308792779],
              [52.523014902477207, 29.80820017999736],
              [52.523030279345193, 29.808179271842501],
              [52.523025867658127, 29.80816166509743],
              [52.522683723287692, 29.807970281163051],
              [52.522652708298168, 29.80795293224595]
            ]
          ]
        ]
      }
    },
    {
      "type": "Feature",
      "properties": { "Name": "35", "masahat": 17708.0 },
      "geometry": {
        "type": "MultiPolygon",
        "coordinates": [
          [
            [
              [52.52330458248521, 29.80831756727703],
              [52.523085259900327, 29.808194886263909],
              [52.523065070930087, 29.808198733691871],
              [52.523048732999747, 29.808220947764671],
              [52.522367340047587, 29.809147412112999],
              [52.522250645900172, 29.809324807387739],
              [52.52221738760813, 29.809505145717999],
              [52.522384506152648, 29.810144938386848],
              [52.522391838292577, 29.810149130022651],
              [52.522401908107483, 29.810154886326661],
              [52.522451810552219, 29.810144900085181],
              [52.522501285751297, 29.810133417279779],
              [52.522550275948383, 29.810120450306741],
              [52.52259872549724, 29.81010601424504],
              [52.52264657155127, 29.81009012696375],
              [52.522693760588183, 29.81007280712689],
              [52.522740236023303, 29.810054076140752],
              [52.52278594023764, 29.810033955423631],
              [52.522830819805023, 29.81001246995492],
              [52.522874822320283, 29.809989643799891],
              [52.522917892343273, 29.809965505570531],
              [52.522959981689127, 29.809940084697551],
              [52.523001038021611, 29.8099134097572],
              [52.523041013210928, 29.809885513788942],
              [52.523079859127513, 29.809856429832241],
              [52.523117529724637, 29.809826191804881],
              [52.523153979024173, 29.80979483813557],
              [52.523189163062419, 29.809762403620439],
              [52.52322304209595, 29.809728928420942],
              [52.523255575346987, 29.809694452710431],
              [52.523286722024309, 29.80965901576014],
              [52.523316445570572, 29.809622663108708],
              [52.523344712463697, 29.809585435748161],
              [52.523371485112207, 29.80954737922907],
              [52.523396735207903, 29.809508537190219],
              [52.523398518339562, 29.809505559713578],
              [52.523414597700103, 29.809478703412282],
              [52.523420431434943, 29.80946895962138],
              [52.52342084930207, 29.80946819955776],
              [52.523439373805459, 29.80943446461292],
              [52.52344254547176, 29.809428689259182],
              [52.523463049147402, 29.809387778763959],
              [52.523481921423013, 29.809346273495251],
              [52.523499136169512, 29.809304224285199],
              [52.523514675533889, 29.809261681870389],
              [52.523528518559729, 29.809218697023169],
              [52.523540651532187, 29.809175320432381],
              [52.523551058667522, 29.809131602810599],
              [52.523559726319391, 29.809087599357319],
              [52.523566644897457, 29.809043359811302],
              [52.523571806948787, 29.80899893839814],
              [52.523575206027623, 29.808954387527159],
              [52.523576837798188, 29.808909762290259],
              [52.52357670097355, 29.808865114134761],
              [52.5235747942804, 29.808820495410121],
              [52.52357112063811, 29.808775962026711],
              [52.523565684966542, 29.808731565360059],
              [52.523558493274777, 29.808687360382471],
              [52.523549554593238, 29.808643396617299],
              [52.523546164879249, 29.808626939401488],
              [52.523542116765768, 29.808610595349151],
              [52.523537414691951, 29.808594384260189],
              [52.523532065193223, 29.808578327714979],
              [52.523526075771137, 29.80856244277108],
              [52.523519449871337, 29.808546751946832],
              [52.523512200167737, 29.808531272240131],
              [52.523504333182082, 29.80851602432913],
              [52.523495858484743, 29.808501025247612],
              [52.52348678774247, 29.808486293809679],
              [52.523477129504862, 29.80847184796319],
              [52.523466899576512, 29.808457706474549],
              [52.523456106479593, 29.808443885487261],
              [52.523444766004999, 29.808430402865589],
              [52.523432890812792, 29.80841727470527],
              [52.523420496666439, 29.80840451706629],
              [52.523407598281231, 29.80839214511834],
              [52.523394211420609, 29.808380174921378],
              [52.523380351820592, 29.80836862073107],
              [52.523366037286209, 29.808357496779148],
              [52.523351283539689, 29.808346816419078],
              [52.523336111489478, 29.808336593846889],
              [52.523320537851262, 29.808326839697621],
              [52.52330458248521, 29.80831756727703]
            ]
          ]
        ]
      }
    },
    {
      "type": "Feature",
      "properties": { "Name": "34", "masahat": 3182.0 },
      "geometry": {
        "type": "MultiPolygon",
        "coordinates": [
          [
            [
              [52.522167419271142, 29.809014446041811],
              [52.521948283903519, 29.808716746932159],
              [52.521939723007328, 29.808705538504231],
              [52.521930729440328, 29.808694591319622],
              [52.521921315780347, 29.808683916061259],
              [52.521911491542781, 29.80867352615434],
              [52.521901268298294, 29.808663434098062],
              [52.521890658610971, 29.80865364967319],
              [52.521879674051483, 29.80864418537892],
              [52.521868326149423, 29.808635051007919],
              [52.521856629578849, 29.808626259023651],
              [52.521844597910992, 29.808617817390651],
              [52.521832244771709, 29.808609737682112],
              [52.521819582711387, 29.80860202877663],
              [52.521806628418339, 29.8085946995052],
              [52.521720429841523, 29.80854771833128],
              [52.521670019437572, 29.80855759373128],
              [52.521624646071288, 29.808619284877079],
              [52.521608806662712, 29.808641580564121],
              [52.521593775503227, 29.808664298253241],
              [52.521579565686423, 29.808687414333459],
              [52.521566193450298, 29.808710907864558],
              [52.521553669805847, 29.808734754357179],
              [52.521542008881227, 29.808758930188439],
              [52.52153121964588, 29.808783412697139],
              [52.521521316228061, 29.8088081782603],
              [52.52152489696023, 29.808825929074711],
              [52.522076278609703, 29.80944263765825],
              [52.522126320544082, 29.80943142999628],
              [52.522185593627867, 29.809110032000682],
              [52.522138357357044, 29.809045860517571],
              [52.522163015501313, 29.809032055115619],
              [52.522167419271142, 29.809014446041811]
            ]
          ]
        ]
      }
    },
    {
      "type": "Feature",
      "properties": { "Name": "28", "masahat": 12399.0 },
      "geometry": {
        "type": "MultiPolygon",
        "coordinates": [
          [
            [
              [52.520712185867247, 29.809264464416511],
              [52.520640333674073, 29.809264438658619],
              [52.520625395128377, 29.80926464757523],
              [52.520610472363828, 29.809265284010731],
              [52.520595580911241, 29.809266348688698],
              [52.520580739336701, 29.809267837786209],
              [52.520565961102101, 29.809269752050671],
              [52.5205512627318, 29.809272089487312],
              [52.52053665968841, 29.80927484630892],
              [52.520522168496363, 29.809278020520711],
              [52.520507805639113, 29.809281607421429],
              [52.520493585572112, 29.809285605040099],
              [52.520479522682507, 29.809290006894958],
              [52.520465633467481, 29.809294809186891],
              [52.520451934410531, 29.809300007214691],
              [52.52043843680903, 29.80930559543442],
              [52.520425157119227, 29.80931156734054],
              [52.520234266325993, 29.809400902246011],
              [52.520220496058933, 29.809407618780892],
              [52.520207000002067, 29.80941474722913],
              [52.52019379561888, 29.809422279268979],
              [52.520180899338342, 29.80943020659058],
              [52.520168325506837, 29.80943852000571],
              [52.520156091546973, 29.809447208486109],
              [52.520144208687988, 29.80945626197709],
              [52.520132695387012, 29.80946566943852],
              [52.52012156181155, 29.809475419023279],
              [52.520110823328949, 29.809485500629069],
              [52.520100492162094, 29.809495901482851],
              [52.520090580520261, 29.809506607909341],
              [52.520081101674542, 29.80951760802575],
              [52.520072065751577, 29.809528887278429],
              [52.520063485001671, 29.809540434698651],
              [52.520055368503357, 29.809552234842549],
              [52.520047724300753, 29.809564272278081],
              [52.520040565651342, 29.809576534220302],
              [52.520033899564758, 29.809589005249091],
              [52.520027732029789, 29.80960167085842],
              [52.520022073159552, 29.8096145155925],
              [52.520016928915567, 29.809627523140929],
              [52.519912557499367, 29.80990707041061],
              [52.519907905141302, 29.809920312315199],
              [52.519903786616332, 29.809933687036931],
              [52.519900204796187, 29.809947179203292],
              [52.519897166676969, 29.809960772492008],
              [52.519894674068617, 29.809974449738071],
              [52.519892730863738, 29.80998819465491],
              [52.519891339906792, 29.810001990065629],
              [52.519890500952357, 29.810015819731198],
              [52.51989021787945, 29.810029666462821],
              [52.519890168429889, 29.81013366002653],
              [52.519901831162827, 29.810143839446329],
              [52.5199266874777, 29.81016553416061],
              [52.519928859293252, 29.81016553534468],
              [52.520018271821172, 29.810165566994201],
              [52.521168195554452, 29.81016597717942],
              [52.521290843246497, 29.810166020550351],
              [52.521327392353982, 29.810134173551759],
              [52.521327775147583, 29.80930748778508],
              [52.521327780167148, 29.809296542523459],
              [52.521291261035039, 29.80926466967939],
              [52.521275888826572, 29.809264664397581],
              [52.520712185867247, 29.809264464416511]
            ]
          ]
        ]
      }
    },
    {
      "type": "Feature",
      "properties": { "Name": "30", "masahat": 6435.0 },
      "geometry": {
        "type": "MultiPolygon",
        "coordinates": [
          [
            [
              [52.521291311505323, 29.809156530843349],
              [52.5213278592257, 29.809124683864781],
              [52.521327884019939, 29.80907137240456],
              [52.521328563807813, 29.809037952379299],
              [52.521330571706123, 29.809004573908808],
              [52.521333904149252, 29.808971274931739],
              [52.521338558660638, 29.808938096983521],
              [52.521344528598569, 29.80890507984282],
              [52.521351807321238, 29.808872263288269],
              [52.521360386090663, 29.808839685317949],
              [52.521370254154519, 29.80880738756241],
              [52.521381400692242, 29.808775407141301],
              [52.521393810759051, 29.808743782124068],
              [52.521407470472028, 29.80871255237254],
              [52.521422362790162, 29.808681754175591],
              [52.521438470672599, 29.80865142382207],
              [52.521455773988713, 29.808621598538661],
              [52.521443063305057, 29.808578077771742],
              [52.521443021822897, 29.808577934779681],
              [52.520935833994272, 29.80829422306001],
              [52.520933808573417, 29.808293090495109],
              [52.520888380286337, 29.808301746955721],
              [52.520834232185862, 29.808375375544149],
              [52.520826106572507, 29.808386014545171],
              [52.520817564307507, 29.808396401178541],
              [52.52080861455093, 29.808406525413179],
              [52.520799269498113, 29.808416372671459],
              [52.520789539329947, 29.808425932008198],
              [52.52077943526195, 29.80843519246632],
              [52.520768969544058, 29.808444143076851],
              [52.520758155447083, 29.808452771956748],
              [52.520747005234632, 29.8084610690392],
              [52.520735534287503, 29.80846902512382],
              [52.520723751765892, 29.80847663017957],
              [52.520711677215843, 29.808483876762779],
              [52.520699320804773, 29.80849075302611],
              [52.520686700037068, 29.808497253354108],
              [52.520673828211002, 29.808503367668042],
              [52.520660722844589, 29.80850909125461],
              [52.520647397263403, 29.808514415839479],
              [52.520633868971878, 29.808519335807141],
              [52.520620152330103, 29.80852384287137],
              [52.520606265931583, 29.808527935013469],
              [52.520592226232708, 29.808531605727719],
              [52.520578047648172, 29.80853485033656],
              [52.520563749778731, 29.80853766500508],
              [52.520475848544748, 29.808553583850259],
              [52.520619433513509, 29.809156623930871],
              [52.520640384858709, 29.809156300700291],
              [52.521291311505323, 29.809156530843349]
            ]
          ]
        ]
      }
    },
    {
      "type": "Feature",
      "properties": { "Name": "23", "masahat": 4228.0 },
      "geometry": {
        "type": "MultiPolygon",
        "coordinates": [
          [
            [
              [52.519054999161021, 29.80981046425056],
              [52.519037904275137, 29.809800339083068],
              [52.518903495166747, 29.809822091846101],
              [52.518899729864422, 29.80982270088861],
              [52.518884137068511, 29.809834530963769],
              [52.518723534294892, 29.81025385514646],
              [52.518726212106799, 29.810271726505839],
              [52.518749798105617, 29.810301531712891],
              [52.518774544446273, 29.810330613447238],
              [52.518800421631248, 29.81035893685662],
              [52.518827399155661, 29.810386468904959],
              [52.518855445466407, 29.810413175665939],
              [52.518884524940383, 29.810439027771672],
              [52.518914607085946, 29.810463993088248],
              [52.518945654224439, 29.81048804317377],
              [52.518977629711507, 29.810511149574431],
              [52.519010496902702, 29.810533283836421],
              [52.519044216090819, 29.81055442024816],
              [52.519078747609477, 29.810574535804641],
              [52.51911405173766, 29.81059360389213],
              [52.519150085759797, 29.810611605150029],
              [52.519186806878373, 29.810628514804719],
              [52.51922417240484, 29.810644315299989],
              [52.51926213755435, 29.810658987299131],
              [52.519300659651883, 29.810672514148209],
              [52.519339689815212, 29.810684879264659],
              [52.519379185382782, 29.810696066896771],
              [52.519397346532124, 29.810687465524818],
              [52.519522732172582, 29.81031395243204],
              [52.519534306234931, 29.8102794732117],
              [52.519534094122839, 29.81027913096279],
              [52.519527825082307, 29.810269011294402],
              [52.519524482173573, 29.81026361593576],
              [52.519503099222597, 29.81025737683413],
              [52.51950202253883, 29.810257062574461],
              [52.519479833216721, 29.81024984198913],
              [52.519457940233949, 29.810241964708549],
              [52.519456078062547, 29.8102412290723],
              [52.519436368555382, 29.81023343946897],
              [52.519415144180307, 29.810224274994841],
              [52.519394291080012, 29.810214482740879],
              [52.519373834260143, 29.810204074149951],
              [52.519353797705527, 29.810193061578971],
              [52.519334205414587, 29.810181458287051],
              [52.519315080337542, 29.810169276643052],
              [52.519301315409969, 29.8101598648588],
              [52.519296442375598, 29.810156532660169],
              [52.519278316561604, 29.81014323958567],
              [52.519260721748573, 29.81012941254248],
              [52.519243680982051, 29.810115070214671],
              [52.519227211045987, 29.810100227749022],
              [52.519211333924098, 29.810084902037119],
              [52.519203758531162, 29.810077067623361],
              [52.51919931965697, 29.810072476196581],
              [52.519196066454803, 29.810069111834459],
              [52.519181427559111, 29.810052876774829],
              [52.519175856907843, 29.810046242862619],
              [52.519167434048107, 29.810036213809319],
              [52.51915410277374, 29.810019142595571],
              [52.519141447498029, 29.810001683729048],
              [52.519129485100159, 29.809983858671661],
              [52.519118229314799, 29.80996568621455],
              [52.519107691875817, 29.809947189683431],
              [52.519097886531448, 29.80992838877161],
              [52.519088825001909, 29.809909305902629],
              [52.519080515931023, 29.809889965340069],
              [52.519072969963489, 29.80987038681284],
              [52.519066197825794, 29.809850595462901],
              [52.519060205030968, 29.809830613785099],
              [52.519054999161021, 29.80981046425056]
            ]
          ]
        ]
      }
    },
    {
      "type": "Feature",
      "properties": { "Name": "5", "masahat": 3511.0 },
      "geometry": {
        "type": "MultiPolygon",
        "coordinates": [
          [
            [
              [52.517503589150067, 29.80925293402321],
              [52.517222349674007, 29.80987903031529],
              [52.517691478071043, 29.810039299628151],
              [52.51794209720039, 29.809402743420669],
              [52.517503589150067, 29.80925293402321]
            ]
          ]
        ]
      }
    },
    {
      "type": "Feature",
      "properties": { "Name": "19", "masahat": 14379.0 },
      "geometry": {
        "type": "MultiPolygon",
        "coordinates": [
          [
            [
              [52.520784008729443, 29.808243360496981],
              [52.520774083799722, 29.80820374353608],
              [52.518963550263237, 29.807190931562118],
              [52.518912959502678, 29.807200076188519],
              [52.518895533420533, 29.807224552677582],
              [52.518879082401952, 29.807249536793691],
              [52.518863624631663, 29.807274999453721],
              [52.51884918137057, 29.80730090973455],
              [52.518835767686497, 29.80732723768655],
              [52.518823398647257, 29.80735395336005],
              [52.518812089279827, 29.807381024098859],
              [52.518801854597662, 29.8074084163446],
              [52.518792705530792, 29.80743610019514],
              [52.518784652941221, 29.807464041237431],
              [52.518777706697392, 29.807492207776789],
              [52.518771873537013, 29.807520566349911],
              [52.518767162253233, 29.80754908256743],
              [52.518763577514932, 29.807577722989741],
              [52.518761122956469, 29.80760645418906],
              [52.51875980321951, 29.8076352409214],
              [52.518759618862333, 29.80766405159892],
              [52.5187605693405, 29.807692850134838],
              [52.518762655185029, 29.80772160313693],
              [52.51876587277534, 29.807750276358359],
              [52.518770218518128, 29.807778837356601],
              [52.518775687731058, 29.807807250092299],
              [52.518826187803633, 29.808044564223689],
              [52.518829144804627, 29.808058457633098],
              [52.518867471124793, 29.808081418900571],
              [52.518906290784983, 29.80807513552022],
              [52.518920676961322, 29.808073030146758],
              [52.518935136923467, 29.808071357039939],
              [52.518949655208942, 29.808070119986759],
              [52.518964213210843, 29.808069320103431],
              [52.518978794364131, 29.808068956678039],
              [52.518993381096372, 29.808069030814909],
              [52.51900795791785, 29.80806954449676],
              [52.519022503050117, 29.808070494364639],
              [52.519037004079578, 29.808071880561268],
              [52.519051441324009, 29.808073701508299],
              [52.519065798190987, 29.808075954689521],
              [52.519080057039993, 29.808078636698411],
              [52.51909420234032, 29.808081746811261],
              [52.51910821537605, 29.808085278926988],
              [52.519122081610028, 29.808089229603478],
              [52.519135782353587, 29.80809359454398],
              [52.51914930509767, 29.808098367576068],
              [52.519162629084548, 29.808103544426849],
              [52.519175741791528, 29.808109118021729],
              [52.51918862760602, 29.80811508222401],
              [52.51920126778478, 29.80812142912831],
              [52.519213652922033, 29.80812815252655],
              [52.519225764260867, 29.80813524361124],
              [52.519797366810216, 29.808482507339701],
              [52.51980579433895, 29.808487445382109],
              [52.519814408434321, 29.808492131333839],
              [52.519823200738571, 29.808496559877049],
              [52.519832159790433, 29.808500725729601],
              [52.519841276211281, 29.808504624487689],
              [52.519850537519012, 29.80850825178322],
              [52.519859935369453, 29.80851160320055],
              [52.519869457307777, 29.8085146761759],
              [52.519879092893582, 29.808517464513091],
              [52.519888831768277, 29.808519967428911],
              [52.519898663532352, 29.80852218143367],
              [52.519908572613872, 29.808524103097159],
              [52.51991855277857, 29.80852573068643],
              [52.519928591598841, 29.808527063442089],
              [52.519938674550907, 29.80852809882424],
              [52.519948792283401, 29.808528834233449],
              [52.519958933444151, 29.808529271604961],
              [52.519969084557466, 29.80852940928914],
              [52.519979235264792, 29.808529246502822],
              [52.519989374186657, 29.808528783376872],
              [52.519999489984592, 29.808528022748749],
              [52.520009570203747, 29.808526962054749],
              [52.520019602484808, 29.808525605046359],
              [52.520029577517313, 29.808523951830711],
              [52.520538540811913, 29.80843178479077],
              [52.520548653505593, 29.8084297942871],
              [52.520558680881521, 29.808427498876149],
              [52.520568612663048, 29.80842490318787],
              [52.520578434394629, 29.808422009193269],
              [52.520588135785928, 29.808418820620091],
              [52.520597704464038, 29.80841534031774],
              [52.520607130179613, 29.80841157472047],
              [52.520616400559732, 29.80840752667768],
              [52.520625504306942, 29.80840320173337],
              [52.520634431130937, 29.80839860361532],
              [52.520643170782442, 29.808393738757779],
              [52.520651713039392, 29.808388615399341],
              [52.520660045515307, 29.80838323548727],
              [52.520668159022627, 29.80837760724825],
              [52.520676046442858, 29.808371738885189],
              [52.520683695430428, 29.808365635051839],
              [52.52069109681149, 29.808359304877069],
              [52.520698244474737, 29.808352754747521],
              [52.52070512717733, 29.808345993815909],
              [52.52071173672541, 29.80833902759052],
              [52.520718067089511, 29.808331867870969],
              [52.520724110089397, 29.808324521067789],
              [52.520729856537614, 29.808316995407662],
              [52.520784008729443, 29.808243360496981]
            ]
          ]
        ]
      }
    },
    {
      "type": "Feature",
      "properties": { "Name": "38", "masahat": 934.0 },
      "geometry": {
        "type": "MultiPolygon",
        "coordinates": [
          [
            [
              [52.521569311542002, 29.808460843970451],
              [52.521756414859887, 29.80820645147536],
              [52.521752003379042, 29.808188843777831],
              [52.521672900877441, 29.8081445951895],
              [52.521254247021957, 29.808285118323418],
              [52.521234790212702, 29.808311571120189],
              [52.521518836195291, 29.808470460190339],
              [52.521569311542002, 29.808460843970451]
            ]
          ]
        ]
      }
    },
    {
      "type": "Feature",
      "properties": { "Name": "2", "masahat": 1164.0 },
      "geometry": {
        "type": "MultiPolygon",
        "coordinates": [
          [
            [
              [52.51653742547748, 29.810988075859481],
              [52.516527220831158, 29.810735749256349],
              [52.51630918475955, 29.810735664687609],
              [52.516098378505511, 29.810744594051169],
              [52.516106580235238, 29.810870758813959],
              [52.516112714669468, 29.810996922932429],
              [52.51653742547748, 29.810988075859481]
            ]
          ]
        ]
      }
    },
    {
      "type": "Feature",
      "properties": { "Name": "215", "masahat": 269.0 },
      "geometry": {
        "type": "MultiPolygon",
        "coordinates": [
          [
            [
              [52.52052559417379, 29.807251082069989],
              [52.520676224876411, 29.807046281173239],
              [52.520589248597922, 29.806997627124009],
              [52.52043861778175, 29.8072024279267],
              [52.52052559417379, 29.807251082069989]
            ]
          ]
        ]
      }
    },
    {
      "type": "Feature",
      "properties": { "Name": "231", "masahat": 229.0 },
      "geometry": {
        "type": "MultiPolygon",
        "coordinates": [
          [
            [
              [52.520763200203113, 29.80709493517379],
              [52.52089151570037, 29.80692047440073],
              [52.520804538415092, 29.80687182140629],
              [52.520676224876411, 29.807046281173239],
              [52.520763200203113, 29.80709493517379]
            ]
          ]
        ]
      }
    },
    {
      "type": "Feature",
      "properties": { "Name": "216", "masahat": 269.0 },
      "geometry": {
        "type": "MultiPolygon",
        "coordinates": [
          [
            [
              [52.520612570648488, 29.807299736152689],
              [52.520763200203113, 29.80709493517379],
              [52.520676224876411, 29.807046281173239],
              [52.52052559417379, 29.807251082069989],
              [52.520612570648488, 29.807299736152689]
            ]
          ]
        ]
      }
    },
    {
      "type": "Feature",
      "properties": { "Name": "230", "masahat": 229.0 },
      "geometry": {
        "type": "MultiPolygon",
        "coordinates": [
          [
            [
              [52.52085017664696, 29.807143589101859],
              [52.520978491013018, 29.806969128260601],
              [52.52089151570037, 29.80692047440073],
              [52.520763200203113, 29.80709493517379],
              [52.52085017664696, 29.807143589101859]
            ]
          ]
        ]
      }
    },
    {
      "type": "Feature",
      "properties": { "Name": "217", "masahat": 269.0 },
      "geometry": {
        "type": "MultiPolygon",
        "coordinates": [
          [
            [
              [52.520699547205879, 29.807348390174791],
              [52.52085017664696, 29.807143589101859],
              [52.520763200203113, 29.80709493517379],
              [52.520612570648488, 29.807299736152689],
              [52.520699547205879, 29.807348390174791]
            ]
          ]
        ]
      }
    },
    {
      "type": "Feature",
      "properties": { "Name": "229", "masahat": 229.0 },
      "geometry": {
        "type": "MultiPolygon",
        "coordinates": [
          [
            [
              [52.520937152139012, 29.807192242981259],
              [52.521065467442831, 29.807017782047978],
              [52.520978491013018, 29.806969128260601],
              [52.52085017664696, 29.807143589101859],
              [52.520937152139012, 29.807192242981259]
            ]
          ]
        ]
      }
    },
    {
      "type": "Feature",
      "properties": { "Name": "218", "masahat": 269.0 },
      "geometry": {
        "type": "MultiPolygon",
        "coordinates": [
          [
            [
              [52.520786523845928, 29.80739704413633],
              [52.520937152139012, 29.807192242981259],
              [52.52085017664696, 29.807143589101859],
              [52.520699547205879, 29.807348390174791],
              [52.520786523845928, 29.80739704413633]
            ]
          ]
        ]
      }
    },
    {
      "type": "Feature",
      "properties": { "Name": "228", "masahat": 229.0 },
      "geometry": {
        "type": "MultiPolygon",
        "coordinates": [
          [
            [
              [52.521024129769032, 29.80724089587407],
              [52.521152442920851, 29.80706643578668],
              [52.521065467442831, 29.807017782047978],
              [52.520937152139012, 29.807192242981259],
              [52.521024129769032, 29.80724089587407]
            ]
          ]
        ]
      }
    },
    {
      "type": "Feature",
      "properties": { "Name": "219", "masahat": 269.0 },
      "geometry": {
        "type": "MultiPolygon",
        "coordinates": [
          [
            [
              [52.520873499534218, 29.8074456980492],
              [52.521024129769032, 29.80724089587407],
              [52.520937152139012, 29.807192242981259],
              [52.520786523845928, 29.80739704413633],
              [52.520873499534218, 29.8074456980492]
            ]
          ]
        ]
      }
    },
    {
      "type": "Feature",
      "properties": { "Name": "227", "masahat": 229.0 },
      "geometry": {
        "type": "MultiPolygon",
        "coordinates": [
          [
            [
              [52.521111105426463, 29.807289549632308],
              [52.521239419516007, 29.807115089452878],
              [52.521152442920851, 29.80706643578668],
              [52.521024129769032, 29.80724089587407],
              [52.521111105426463, 29.807289549632308]
            ]
          ]
        ]
      }
    },
    {
      "type": "Feature",
      "properties": { "Name": "220", "masahat": 269.0 },
      "geometry": {
        "type": "MultiPolygon",
        "coordinates": [
          [
            [
              [52.520960476325989, 29.807494350987401],
              [52.521111105426463, 29.807289549632308],
              [52.521024129769032, 29.80724089587407],
              [52.520873499534218, 29.8074456980492],
              [52.520960476325989, 29.807494350987401]
            ]
          ]
        ]
      }
    },
    {
      "type": "Feature",
      "properties": { "Name": "226", "masahat": 229.0 },
      "geometry": {
        "type": "MultiPolygon",
        "coordinates": [
          [
            [
              [52.52119808220101, 29.807338203318061],
              [52.521326395159377, 29.807163743070419],
              [52.521239419516007, 29.807115089452878],
              [52.521111105426463, 29.807289549632308],
              [52.52119808220101, 29.807338203318061]
            ]
          ]
        ]
      }
    },
    {
      "type": "Feature",
      "properties": { "Name": "221", "masahat": 269.0 },
      "geometry": {
        "type": "MultiPolygon",
        "coordinates": [
          [
            [
              [52.52104745217963, 29.807543004779099],
              [52.52119808220101, 29.807338203318061],
              [52.521111105426463, 29.807289549632308],
              [52.520960476325989, 29.807494350987401],
              [52.52104745217963, 29.807543004779099]
            ]
          ]
        ]
      }
    },
    {
      "type": "Feature",
      "properties": { "Name": "225", "masahat": 229.0 },
      "geometry": {
        "type": "MultiPolygon",
        "coordinates": [
          [
            [
              [52.5212850580238, 29.80738685695513],
              [52.521413371906249, 29.807212395713311],
              [52.521326395159377, 29.807163743070419],
              [52.52119808220101, 29.807338203318061],
              [52.5212850580238, 29.80738685695513]
            ]
          ]
        ]
      }
    },
    {
      "type": "Feature",
      "properties": { "Name": "222", "masahat": 269.0 },
      "geometry": {
        "type": "MultiPolygon",
        "coordinates": [
          [
            [
              [52.521134429150422, 29.8075916584983],
              [52.5212850580238, 29.80738685695513],
              [52.52119808220101, 29.807338203318061],
              [52.52104745217963, 29.807543004779099],
              [52.521134429150422, 29.8075916584983]
            ]
          ]
        ]
      }
    },
    {
      "type": "Feature",
      "properties": { "Name": "224", "masahat": 224.0 },
      "geometry": {
        "type": "MultiPolygon",
        "coordinates": [
          [
            [
              [52.521472672309251, 29.807245568162848],
              [52.521413371906249, 29.807212395713311],
              [52.5212850580238, 29.80738685695513],
              [52.521372034963697, 29.807435510519689],
              [52.521473849456683, 29.807297079191041],
              [52.521482596365402, 29.80728518508236],
              [52.521472672309251, 29.807245568162848]
            ]
          ]
        ]
      }
    },
    {
      "type": "Feature",
      "properties": { "Name": "223", "masahat": 264.0 },
      "geometry": {
        "type": "MultiPolygon",
        "coordinates": [
          [
            [
              [52.5212479046399, 29.807604282221622],
              [52.521372034963697, 29.807435510519689],
              [52.5212850580238, 29.80738685695513],
              [52.521134429150422, 29.8075916584983],
              [52.521193729683119, 29.807624830164421],
              [52.521239157676611, 29.807616176316159],
              [52.5212479046399, 29.807604282221622]
            ]
          ]
        ]
      }
    },
    {
      "type": "Feature",
      "properties": { "Name": "208", "masahat": 275.0 },
      "geometry": {
        "type": "MultiPolygon",
        "coordinates": [
          [
            [
              [52.519858415010212, 29.80700633489354],
              [52.519812988210859, 29.80701499005465],
              [52.519804240073299, 29.807026883169119],
              [52.519702424497673, 29.807165312373659],
              [52.519808476387958, 29.807224639583051],
              [52.519936792706723, 29.8070501796884],
              [52.519858415010212, 29.80700633489354]
            ]
          ]
        ]
      }
    },
    {
      "type": "Feature",
      "properties": { "Name": "179", "masahat": 323.0 },
      "geometry": {
        "type": "MultiPolygon",
        "coordinates": [
          [
            [
              [52.519569544478969, 29.80734597749305],
              [52.519579466768548, 29.80738559459293],
              [52.519657844654532, 29.807429439544741],
              [52.519808476387958, 29.807224639583051],
              [52.519702424497673, 29.807165312373659],
              [52.519569544478969, 29.80734597749305]
            ]
          ]
        ]
      }
    },
    {
      "type": "Feature",
      "properties": { "Name": "207", "masahat": 229.0 },
      "geometry": {
        "type": "MultiPolygon",
        "coordinates": [
          [
            [
              [52.519936792706723, 29.8070501796884],
              [52.519808476387958, 29.807224639583051],
              [52.519895452500087, 29.807273293248961],
              [52.520023767701339, 29.80709883418826],
              [52.519936792706723, 29.8070501796884]
            ]
          ]
        ]
      }
    },
    {
      "type": "Feature",
      "properties": { "Name": "180", "masahat": 269.0 },
      "geometry": {
        "type": "MultiPolygon",
        "coordinates": [
          [
            [
              [52.519744819859383, 29.80747809421878],
              [52.519895452500087, 29.807273293248961],
              [52.519808476387958, 29.807224639583051],
              [52.519657844654532, 29.807429439544741],
              [52.519744819859383, 29.80747809421878]
            ]
          ]
        ]
      }
    },
    {
      "type": "Feature",
      "properties": { "Name": "206", "masahat": 229.0 },
      "geometry": {
        "type": "MultiPolygon",
        "coordinates": [
          [
            [
              [52.520023767701339, 29.80709883418826],
              [52.519895452500087, 29.807273293248961],
              [52.519982427674123, 29.807321947768379],
              [52.520110743813113, 29.807147488615659],
              [52.520023767701339, 29.80709883418826]
            ]
          ]
        ]
      }
    },
    {
      "type": "Feature",
      "properties": { "Name": "181", "masahat": 269.0 },
      "geometry": {
        "type": "MultiPolygon",
        "coordinates": [
          [
            [
              [52.51983179616775, 29.807526747918171],
              [52.519982427674123, 29.807321947768379],
              [52.519895452500087, 29.807273293248961],
              [52.519744819859383, 29.80747809421878],
              [52.51983179616775, 29.807526747918171]
            ]
          ]
        ]
      }
    },
    {
      "type": "Feature",
      "properties": { "Name": "37", "masahat": 1269.0 },
      "geometry": {
        "type": "MultiPolygon",
        "coordinates": [
          [
            [
              [52.522072932176677, 29.80866502906143],
              [52.522083909157402, 29.808660944113509],
              [52.522094715549962, 29.80865652636718],
              [52.522105338001637, 29.8086517822926],
              [52.52211576416687, 29.808646716543649],
              [52.522125979644741, 29.808641334700209],
              [52.522135973178891, 29.808635645012941],
              [52.522145732451051, 29.808629653940081],
              [52.522155246191232, 29.808623368830069],
              [52.522164501074009, 29.808616797957448],
              [52.522173485815721, 29.808609947768499],
              [52.52218219020817, 29.808602827404162],
              [52.522190605077597, 29.808595445993369],
              [52.522198717112403, 29.80858781271283],
              [52.522206519180472, 29.80857993486336],
              [52.522213999059403, 29.80857182521834],
              [52.522221150678938, 29.80856349287102],
              [52.522227962782793, 29.808554946072078],
              [52.522234427272771, 29.80854619664505],
              [52.522240537085217, 29.8085372564016],
              [52.522246283046492, 29.80852813447072],
              [52.522251662230872, 29.80851884261638],
              [52.522256663436757, 29.808509392697911],
              [52.52226128165583, 29.80849979560092],
              [52.522265512927902, 29.80849006310131],
              [52.522269352271962, 29.80848020788909],
              [52.522298031629177, 29.808402105180811],
              [52.522288571071677, 29.808386080603611],
              [52.521892484300523, 29.80827546148268],
              [52.52187303811791, 29.808281561401259],
              [52.521776420954183, 29.808412925714439],
              [52.521787744755478, 29.808456888317711],
              [52.52187234390567, 29.808502995471699],
              [52.521888914334703, 29.808512373773969],
              [52.521905109330852, 29.808522240044571],
              [52.521920908013307, 29.808532581891608],
              [52.521936291597491, 29.808543388703679],
              [52.521951244361318, 29.808554647127121],
              [52.521965747465487, 29.808566342941909],
              [52.521979785215159, 29.808578464598732],
              [52.52199333979182, 29.808590996963432],
              [52.522006395459613, 29.80860392578025],
              [52.522018938524234, 29.808617234965212],
              [52.522030952215232, 29.80863091027442],
              [52.522042423872783, 29.80864493561203],
              [52.522053340809677, 29.80865929307781],
              [52.522072932176677, 29.80866502906143]
            ]
          ]
        ]
      }
    },
    {
      "type": "Feature",
      "properties": { "Name": "123", "masahat": 269.0 },
      "geometry": {
        "type": "MultiPolygon",
        "coordinates": [
          [
            [
              [52.516637047950852, 29.808438327703801],
              [52.516724023701549, 29.808486983466331],
              [52.516874662021699, 29.808282186627729],
              [52.516787687405369, 29.8082335300452],
              [52.516637047950852, 29.808438327703801]
            ]
          ]
        ]
      }
    },
    {
      "type": "Feature",
      "properties": { "Name": "135", "masahat": 232.0 },
      "geometry": {
        "type": "MultiPolygon",
        "coordinates": [
          [
            [
              [52.517013100263057, 29.80811338813724],
              [52.51700298586708, 29.80810772937145],
              [52.516874662021699, 29.808282186627729],
              [52.516961638789667, 29.808330843125901],
              [52.517095336940429, 29.808149076599459],
              [52.517083072799032, 29.808144944895439],
              [52.517070961977062, 29.808140482983219],
              [52.517059014887543, 29.808135695254901],
              [52.517047244039667, 29.80813058788323],
              [52.517035660853743, 29.808125163444039],
              [52.517024275783577, 29.808119429036019],
              [52.517013100263057, 29.80811338813724]
            ]
          ]
        ]
      }
    },
    {
      "type": "Feature",
      "properties": { "Name": "124", "masahat": 269.0 },
      "geometry": {
        "type": "MultiPolygon",
        "coordinates": [
          [
            [
              [52.516768701196348, 29.808511978474559],
              [52.516790032036781, 29.80852357483991],
              [52.516811701115493, 29.808534684574369],
              [52.516961638789667, 29.808330843125901],
              [52.516874662021699, 29.808282186627729],
              [52.516724023701549, 29.808486983466331],
              [52.516768701196348, 29.808511978474559]
            ]
          ]
        ]
      }
    },
    {
      "type": "Feature",
      "properties": { "Name": "121", "masahat": 269.0 },
      "geometry": {
        "type": "MultiPolygon",
        "coordinates": [
          [
            [
              [52.516463096670307, 29.808341014192671],
              [52.516550072269233, 29.808389670978521],
              [52.516700711850874, 29.808184874316151],
              [52.516613737399929, 29.80813621761251],
              [52.516463096670307, 29.808341014192671]
            ]
          ]
        ]
      }
    },
    {
      "type": "Feature",
      "properties": { "Name": "112", "masahat": 269.0 },
      "geometry": {
        "type": "MultiPolygon",
        "coordinates": [
          [
            [
              [52.515680324152576, 29.807903101248961],
              [52.51576729900728, 29.807951758579939],
              [52.515917940631283, 29.807746961850139],
              [52.51583096485561, 29.807698304625092],
              [52.515680324152576, 29.807903101248961]
            ]
          ]
        ]
      }
    },
    {
      "type": "Feature",
      "properties": { "Name": "146", "masahat": 229.0 },
      "geometry": {
        "type": "MultiPolygon",
        "coordinates": [
          [
            [
              [52.516046911475172, 29.807572868920371],
              [52.516046263484853, 29.807572506401211],
              [52.516045626775913, 29.807573371818929],
              [52.515917940631283, 29.807746961850139],
              [52.516004914420712, 29.807795619038359],
              [52.516133238198449, 29.807621162595272],
              [52.516046911475172, 29.807572868920371]
            ]
          ]
        ]
      }
    },
    {
      "type": "Feature",
      "properties": { "Name": "113", "masahat": 269.0 },
      "geometry": {
        "type": "MultiPolygon",
        "coordinates": [
          [
            [
              [52.51576729900728, 29.807951758579939],
              [52.51585427291019, 29.808000415862239],
              [52.516004914420712, 29.807795619038359],
              [52.515917940631283, 29.807746961850139],
              [52.51576729900728, 29.807951758579939]
            ]
          ]
        ]
      }
    },
    {
      "type": "Feature",
      "properties": { "Name": "145", "masahat": 229.0 },
      "geometry": {
        "type": "MultiPolygon",
        "coordinates": [
          [
            [
              [52.516091889340913, 29.807844277056319],
              [52.516220211973902, 29.80766981964279],
              [52.516133238198449, 29.807621162595272],
              [52.516004914420712, 29.807795619038359],
              [52.516091889340913, 29.807844277056319]
            ]
          ]
        ]
      }
    },
    {
      "type": "Feature",
      "properties": { "Name": "114", "masahat": 269.0 },
      "geometry": {
        "type": "MultiPolygon",
        "coordinates": [
          [
            [
              [52.51585427291019, 29.808000415862239],
              [52.5159412479303, 29.808049073072102],
              [52.516091889340913, 29.807844277056319],
              [52.516004914420712, 29.807795619038359],
              [52.51585427291019, 29.808000415862239]
            ]
          ]
        ]
      }
    },
    {
      "type": "Feature",
      "properties": { "Name": "144", "masahat": 229.0 },
      "geometry": {
        "type": "MultiPolygon",
        "coordinates": [
          [
            [
              [52.516178863295721, 29.807892934123409],
              [52.516307186866491, 29.807718476617879],
              [52.516220211973902, 29.80766981964279],
              [52.516091889340913, 29.807844277056319],
              [52.516178863295721, 29.807892934123409]
            ]
          ]
        ]
      }
    },
    {
      "type": "Feature",
      "properties": { "Name": "50", "masahat": 269.0 },
      "geometry": {
        "type": "MultiPolygon",
        "coordinates": [
          [
            [
              [52.516207404364209, 29.809722826599899],
              [52.516310736236441, 29.809722867070281],
              [52.516310862100077, 29.809479556084611],
              [52.516207528409133, 29.809479515629292],
              [52.516207404364209, 29.809722826599899]
            ]
          ]
        ]
      }
    },
    {
      "type": "Feature",
      "properties": { "Name": "65", "masahat": 229.0 },
      "geometry": {
        "type": "MultiPolygon",
        "coordinates": [
          [
            [
              [52.516414194739284, 29.809479595568799],
              [52.516414300413643, 29.809272330036229],
              [52.516310966953156, 29.80927229055651],
              [52.516310862100077, 29.809479556084611],
              [52.516414194739284, 29.809479595568799]
            ]
          ]
        ]
      }
    },
    {
      "type": "Feature",
      "properties": { "Name": "51", "masahat": 269.0 },
      "geometry": {
        "type": "MultiPolygon",
        "coordinates": [
          [
            [
              [52.516310736236441, 29.809722867070281],
              [52.516414070174037, 29.809722907436068],
              [52.516414194739284, 29.809479595568799],
              [52.516310862100077, 29.809479556084611],
              [52.516310736236441, 29.809722867070281]
            ]
          ]
        ]
      }
    },
    {
      "type": "Feature",
      "properties": { "Name": "64", "masahat": 229.0 },
      "geometry": {
        "type": "MultiPolygon",
        "coordinates": [
          [
            [
              [52.516517528422938, 29.809479635862441],
              [52.516517633884092, 29.809272370337261],
              [52.516414300413643, 29.809272330036229],
              [52.516414194739284, 29.809479595568799],
              [52.516517528422938, 29.809479635862441]
            ]
          ]
        ]
      }
    },
    {
      "type": "Feature",
      "properties": { "Name": "52", "masahat": 269.0 },
      "geometry": {
        "type": "MultiPolygon",
        "coordinates": [
          [
            [
              [52.516414070174037, 29.809722907436068],
              [52.516517404107979, 29.80972294772101],
              [52.516517528422938, 29.809479635862441],
              [52.516414194739284, 29.809479595568799],
              [52.516414070174037, 29.809722907436068]
            ]
          ]
        ]
      }
    },
    {
      "type": "Feature",
      "properties": { "Name": "63", "masahat": 229.0 },
      "geometry": {
        "type": "MultiPolygon",
        "coordinates": [
          [
            [
              [52.516620861068432, 29.809479676087111],
              [52.516620967350867, 29.809272410557469],
              [52.516517633884092, 29.809272370337261],
              [52.516517528422938, 29.809479635862441],
              [52.516620861068432, 29.809479676087111]
            ]
          ]
        ]
      }
    },
    {
      "type": "Feature",
      "properties": { "Name": "53", "masahat": 269.0 },
      "geometry": {
        "type": "MultiPolygon",
        "coordinates": [
          [
            [
              [52.516517404107979, 29.80972294772101],
              [52.51662073700377, 29.809722987937],
              [52.516620861068432, 29.809479676087111],
              [52.516517528422938, 29.809479635862441],
              [52.516517404107979, 29.80972294772101]
            ]
          ]
        ]
      }
    },
    {
      "type": "Feature",
      "properties": { "Name": "62", "masahat": 229.0 },
      "geometry": {
        "type": "MultiPolygon",
        "coordinates": [
          [
            [
              [52.516724194744789, 29.80947971621908],
              [52.51672429977954, 29.809272450708711],
              [52.516620967350867, 29.809272410557469],
              [52.516620861068432, 29.809479676087111],
              [52.516724194744789, 29.80947971621908]
            ]
          ]
        ]
      }
    },
    {
      "type": "Feature",
      "properties": { "Name": "54", "masahat": 269.0 },
      "geometry": {
        "type": "MultiPolygon",
        "coordinates": [
          [
            [
              [52.51662073700377, 29.809722987937],
              [52.516724070916773, 29.8097230271581],
              [52.516724194744789, 29.80947971621908],
              [52.516620861068432, 29.809479676087111],
              [52.51662073700377, 29.809722987937]
            ]
          ]
        ]
      }
    },
    {
      "type": "Feature",
      "properties": { "Name": "61", "masahat": 230.0 },
      "geometry": {
        "type": "MultiPolygon",
        "coordinates": [
          [
            [
              [52.516827523329411, 29.809488467384408],
              [52.516827631219918, 29.809275990010981],
              [52.516813513722767, 29.80927445480031],
              [52.516799341754378, 29.809273355134611],
              [52.516785133976313, 29.809272693506589],
              [52.516770908995667, 29.809272468800359],
              [52.51672429977954, 29.809272450708711],
              [52.516724194744789, 29.80947971621908],
              [52.516801994537467, 29.80947974621013],
              [52.516827523329411, 29.809488467384408]
            ]
          ]
        ]
      }
    },
    {
      "type": "Feature",
      "properties": { "Name": "55", "masahat": 309.0 },
      "geometry": {
        "type": "MultiPolygon",
        "coordinates": [
          [
            [
              [52.516787189708417, 29.809736003516029],
              [52.516888955334771, 29.809509454963049],
              [52.516827523329411, 29.809488467384408],
              [52.516801994537467, 29.80947974621013],
              [52.516724194744789, 29.80947971621908],
              [52.516724070916773, 29.8097230271581],
              [52.516749236523211, 29.80972303784996],
              [52.516787189708417, 29.809736003516029]
            ]
          ]
        ]
      }
    },
    {
      "type": "Feature",
      "properties": { "Name": "60", "masahat": 246.0 },
      "geometry": {
        "type": "MultiPolygon",
        "coordinates": [
          [
            [
              [52.516827631219918, 29.809275990010981],
              [52.516827523329411, 29.809488467384408],
              [52.516888955334771, 29.809509454963049],
              [52.516975644992051, 29.809316469094838],
              [52.516917726338257, 29.809296681917161],
              [52.516905227190492, 29.809292618768222],
              [52.516892581433943, 29.80928891913392],
              [52.516879801523181, 29.80928558557823],
              [52.516866903043649, 29.80928262243383],
              [52.516853899511688, 29.809280034057149],
              [52.516840803368368, 29.80927782210998],
              [52.516827631219918, 29.809275990010981]
            ]
          ]
        ]
      }
    },
    {
      "type": "Feature",
      "properties": { "Name": "59", "masahat": 229.0 },
      "geometry": {
        "type": "MultiPolygon",
        "coordinates": [
          [
            [
              [52.516985169416337, 29.80954232474312],
              [52.517071858911329, 29.80934933881818],
              [52.516975644992051, 29.809316469094838],
              [52.516888955334771, 29.809509454963049],
              [52.516985169416337, 29.80954232474312]
            ]
          ]
        ]
      }
    },
    {
      "type": "Feature",
      "properties": { "Name": "56", "masahat": 269.0 },
      "geometry": {
        "type": "MultiPolygon",
        "coordinates": [
          [
            [
              [52.516787189708417, 29.809736003516029],
              [52.516883403980508, 29.80976887336266],
              [52.516985169416337, 29.80954232474312],
              [52.516888955334771, 29.809509454963049],
              [52.516787189708417, 29.809736003516029]
            ]
          ]
        ]
      }
    },
    {
      "type": "Feature",
      "properties": { "Name": "58", "masahat": 224.0 },
      "geometry": {
        "type": "MultiPolygon",
        "coordinates": [
          [
            [
              [52.517137457265207, 29.809371749237261],
              [52.517071858911329, 29.80934933881818],
              [52.516985169416337, 29.80954232474312],
              [52.517081384578979, 29.809575193536681],
              [52.517156079538822, 29.809408907048759],
              [52.517137457265207, 29.809371749237261]
            ]
          ]
        ]
      }
    },
    {
      "type": "Feature",
      "properties": { "Name": "57", "masahat": 264.0 },
      "geometry": {
        "type": "MultiPolygon",
        "coordinates": [
          [
            [
              [52.516991610706398, 29.809775043681139],
              [52.517081384578979, 29.809575193536681],
              [52.516985169416337, 29.80954232474312],
              [52.516883403980508, 29.80976887336266],
              [52.516949003609447, 29.809791283853951],
              [52.516991610706398, 29.809775043681139]
            ]
          ]
        ]
      }
    },
    {
      "type": "Feature",
      "properties": { "Name": "280", "masahat": 308.0 },
      "geometry": {
        "type": "MultiPolygon",
        "coordinates": [
          [
            [
              [52.52000440756435, 29.80577217601666],
              [52.519992414025033, 29.805779630938101],
              [52.519980709178093, 29.805787429933162],
              [52.519969307328452, 29.805795561107161],
              [52.519958221842202, 29.805804018892431],
              [52.51994746392095, 29.805812791430029],
              [52.519937043800113, 29.805821871383628],
              [52.519926975771106, 29.805831245956419],
              [52.519917268000484, 29.805840907835901],
              [52.519907933745174, 29.805850844237131],
              [52.519898983199717, 29.8058610451173],
              [52.519890424476152, 29.80587149955532],
              [52.519882267741743, 29.805882195704061],
              [52.519852998494869, 29.805921990166539],
              [52.519978412703551, 29.80599214716322],
              [52.52010672622378, 29.80581768805197],
              [52.520025072951299, 29.80577200958502],
              [52.52000440756435, 29.80577217601666]
            ]
          ]
        ]
      }
    },
    {
      "type": "Feature",
      "properties": { "Name": "239", "masahat": 383.0 },
      "geometry": {
        "type": "MultiPolygon",
        "coordinates": [
          [
            [
              [52.519720120281193, 29.806102654500631],
              [52.519730043532263, 29.806142272488891],
              [52.519827782036238, 29.806196948192412],
              [52.519978412703551, 29.80599214716322],
              [52.519852998494869, 29.805921990166539],
              [52.519728868339932, 29.806090760490449],
              [52.519720120281193, 29.806102654500631]
            ]
          ]
        ]
      }
    },
    {
      "type": "Feature",
      "properties": { "Name": "279", "masahat": 229.0 },
      "geometry": {
        "type": "MultiPolygon",
        "coordinates": [
          [
            [
              [52.520065386777439, 29.806040801674751],
              [52.520193701235449, 29.805866342471479],
              [52.52010672622378, 29.80581768805197],
              [52.519978412703551, 29.80599214716322],
              [52.520065386777439, 29.806040801674751]
            ]
          ]
        ]
      }
    },
    {
      "type": "Feature",
      "properties": { "Name": "240", "masahat": 269.0 },
      "geometry": {
        "type": "MultiPolygon",
        "coordinates": [
          [
            [
              [52.520065386777439, 29.806040801674751],
              [52.519978412703551, 29.80599214716322],
              [52.519827782036238, 29.806196948192412],
              [52.5198534930934, 29.806211330602029],
              [52.519856310464817, 29.806212907043669],
              [52.519914756209999, 29.80624560189581],
              [52.520065386777439, 29.806040801674751]
            ]
          ]
        ]
      }
    },
    {
      "type": "Feature",
      "properties": { "Name": "278", "masahat": 229.0 },
      "geometry": {
        "type": "MultiPolygon",
        "coordinates": [
          [
            [
              [52.520152361968449, 29.80608945611381],
              [52.52028067632974, 29.80591499683042],
              [52.520193701235449, 29.805866342471479],
              [52.520065386777439, 29.806040801674751],
              [52.520152361968449, 29.80608945611381]
            ]
          ]
        ]
      }
    },
    {
      "type": "Feature",
      "properties": { "Name": "241", "masahat": 269.0 },
      "geometry": {
        "type": "MultiPolygon",
        "coordinates": [
          [
            [
              [52.520001731514533, 29.806294256428899],
              [52.520152361968449, 29.80608945611381],
              [52.520065386777439, 29.806040801674751],
              [52.519914756209999, 29.80624560189581],
              [52.520001731514533, 29.806294256428899]
            ]
          ]
        ]
      }
    },
    {
      "type": "Feature",
      "properties": { "Name": "277", "masahat": 229.0 },
      "geometry": {
        "type": "MultiPolygon",
        "coordinates": [
          [
            [
              [52.52023933620768, 29.80613811050419],
              [52.520367651493082, 29.805963650226609],
              [52.52028067632974, 29.80591499683042],
              [52.520152361968449, 29.80608945611381],
              [52.52023933620768, 29.80613811050419]
            ]
          ]
        ]
      }
    },
    {
      "type": "Feature",
      "properties": { "Name": "242", "masahat": 269.0 },
      "geometry": {
        "type": "MultiPolygon",
        "coordinates": [
          [
            [
              [52.520088706901753, 29.806342910901421],
              [52.52023933620768, 29.80613811050419],
              [52.520152361968449, 29.80608945611381],
              [52.520001731514533, 29.806294256428899],
              [52.520088706901753, 29.806342910901421]
            ]
          ]
        ]
      }
    },
    {
      "type": "Feature",
      "properties": { "Name": "276", "masahat": 229.0 },
      "geometry": {
        "type": "MultiPolygon",
        "coordinates": [
          [
            [
              [52.520326311564062, 29.806186764822069],
              [52.520454625718273, 29.806012304476312],
              [52.520367651493082, 29.805963650226609],
              [52.52023933620768, 29.80613811050419],
              [52.520326311564062, 29.806186764822069]
            ]
          ]
        ]
      }
    },
    {
      "type": "Feature",
      "properties": { "Name": "243", "masahat": 269.0 },
      "geometry": {
        "type": "MultiPolygon",
        "coordinates": [
          [
            [
              [52.520175682371658, 29.806391565313369],
              [52.520326311564062, 29.806186764822069],
              [52.52023933620768, 29.80613811050419],
              [52.520088706901753, 29.806342910901421],
              [52.520175682371658, 29.806391565313369]
            ]
          ]
        ]
      }
    },
    {
      "type": "Feature",
      "properties": { "Name": "275", "masahat": 229.0 },
      "geometry": {
        "type": "MultiPolygon",
        "coordinates": [
          [
            [
              [52.520413287003102, 29.806235419079389],
              [52.520541601060607, 29.8060609586535],
              [52.520454625718273, 29.806012304476312],
              [52.520326311564062, 29.806186764822069],
              [52.520413287003102, 29.806235419079389]
            ]
          ]
        ]
      }
    },
    {
      "type": "Feature",
      "properties": { "Name": "244", "masahat": 269.0 },
      "geometry": {
        "type": "MultiPolygon",
        "coordinates": [
          [
            [
              [52.520262657924228, 29.80644021966474],
              [52.520413287003102, 29.806235419079389],
              [52.520326311564062, 29.806186764822069],
              [52.520175682371658, 29.806391565313369],
              [52.520262657924228, 29.80644021966474]
            ]
          ]
        ]
      }
    },
    {
      "type": "Feature",
      "properties": { "Name": "274", "masahat": 229.0 },
      "geometry": {
        "type": "MultiPolygon",
        "coordinates": [
          [
            [
              [52.52050026251117, 29.80628407237397],
              [52.520628575451177, 29.806109612782041],
              [52.520541601060607, 29.8060609586535],
              [52.520413287003102, 29.806235419079389],
              [52.52050026251117, 29.80628407237397]
            ]
          ]
        ]
      }
    },
    {
      "type": "Feature",
      "properties": { "Name": "245", "masahat": 269.0 },
      "geometry": {
        "type": "MultiPolygon",
        "coordinates": [
          [
            [
              [52.520349632525019, 29.806488873967421],
              [52.52050026251117, 29.80628407237397],
              [52.520413287003102, 29.806235419079389],
              [52.520262657924228, 29.80644021966474],
              [52.520349632525019, 29.806488873967421]
            ]
          ]
        ]
      }
    },
    {
      "type": "Feature",
      "properties": { "Name": "273", "masahat": 229.0 },
      "geometry": {
        "type": "MultiPolygon",
        "coordinates": [
          [
            [
              [52.520587237081109, 29.80633272652204],
              [52.520715550958847, 29.806158266838089],
              [52.520628575451177, 29.806109612782041],
              [52.52050026251117, 29.80628407237397],
              [52.520587237081109, 29.80633272652204]
            ]
          ]
        ]
      }
    },
    {
      "type": "Feature",
      "properties": { "Name": "79", "masahat": 269.0 },
      "geometry": {
        "type": "MultiPolygon",
        "coordinates": [
          [
            [
              [52.515897818290973, 29.80892067811865],
              [52.515794485160143, 29.808920637320028],
              [52.515794359032142, 29.80916394925924],
              [52.515897691365147, 29.809163989158879],
              [52.515897818290973, 29.80892067811865]
            ]
          ]
        ]
      }
    },
    {
      "type": "Feature",
      "properties": { "Name": "105", "masahat": 229.0 },
      "geometry": {
        "type": "MultiPolygon",
        "coordinates": [
          [
            [
              [52.515897818290973, 29.80892067811865],
              [52.51600115038368, 29.80892071884832],
              [52.516001256962859, 29.808713453269249],
              [52.515897924048879, 29.808713412544051],
              [52.515897818290973, 29.80892067811865]
            ]
          ]
        ]
      }
    },
    {
      "type": "Feature",
      "properties": { "Name": "80", "masahat": 269.0 },
      "geometry": {
        "type": "MultiPolygon",
        "coordinates": [
          [
            [
              [52.51600115038368, 29.80892071884832],
              [52.515897818290973, 29.80892067811865],
              [52.515897691365147, 29.809163989158879],
              [52.516001024742607, 29.80916402986799],
              [52.51600115038368, 29.80892071884832]
            ]
          ]
        ]
      }
    },
    {
      "type": "Feature",
      "properties": { "Name": "104", "masahat": 229.0 },
      "geometry": {
        "type": "MultiPolygon",
        "coordinates": [
          [
            [
              [52.51600115038368, 29.80892071884832],
              [52.516104482472713, 29.808920759497131],
              [52.51610458985958, 29.808713493011421],
              [52.516001256962859, 29.808713453269249],
              [52.51600115038368, 29.80892071884832]
            ]
          ]
        ]
      }
    },
    {
      "type": "Feature",
      "properties": { "Name": "29", "masahat": 4404.0 },
      "geometry": {
        "type": "MultiPolygon",
        "coordinates": [
          [
            [
              [52.519920642989398, 29.808648948066701],
              [52.519978281794799, 29.809429088899851],
              [52.519998063972508, 29.809434303255561],
              [52.52001044289586, 29.80942131173672],
              [52.520023312643453, 29.80940868813304],
              [52.520036661046881, 29.809396448826231],
              [52.520050471717987, 29.809384604832591],
              [52.520064727288712, 29.809373170788991],
              [52.520079414488052, 29.809362158578189],
              [52.520094516968847, 29.809351581922989],
              [52.52011001523951, 29.80934145187539],
              [52.520125894981042, 29.809331779427911],
              [52.520142136715513, 29.809322576534729],
              [52.520158722979517, 29.80931385151753],
              [52.520175633274377, 29.809305617244611],
              [52.520366523946528, 29.809216282427158],
              [52.520384603229722, 29.80920817453757],
              [52.520402997236879, 29.8092006260751],
              [52.520421684366767, 29.80919364540911],
              [52.520440640962818, 29.809187241834952],
              [52.5204598423067, 29.809181422855531],
              [52.520479267804397, 29.809176195024008],
              [52.520498891716812, 29.809171566757421],
              [52.520518689271022, 29.809167541950011],
              [52.520538637776824, 29.809164125374451],
              [52.520558711454193, 29.809161322741289],
              [52.520578884482127, 29.8091591370546],
              [52.520599133081348, 29.80915756949031],
              [52.520619433513509, 29.809156623930871],
              [52.520475848544748, 29.808553583850259],
              [52.520054787000682, 29.80862983124473],
              [52.520041698391402, 29.808632014755311],
              [52.520028539150488, 29.80863383814696],
              [52.520015319609257, 29.808635300398471],
              [52.520002054196098, 29.808636397734521],
              [52.519988755352259, 29.808637131816649],
              [52.519975437533432, 29.8086375006739],
              [52.519962111070932, 29.80863750328507],
              [52.519948792544021, 29.808637141264111],
              [52.519935494366663, 29.808636414468221],
              [52.519920642989398, 29.808648948066701]
            ]
          ]
        ]
      }
    },
    {
      "type": "Feature",
      "properties": { "Name": "26", "masahat": 5386.0 },
      "geometry": {
        "type": "MultiPolygon",
        "coordinates": [
          [
            [
              [52.522408628097217, 29.810282441835589],
              [52.52238388300907, 29.810285745228821],
              [52.522359036130567, 29.810288408237351],
              [52.522334109132068, 29.810290427002119],
              [52.522309124773066, 29.810291801260881],
              [52.522284104737622, 29.810292528056738],
              [52.521778827138583, 29.81029235350497],
              [52.521761502211781, 29.810302179045578],
              [52.521545235737058, 29.810727742775669],
              [52.52155650256293, 29.810742851491309],
              [52.522293272245463, 29.81074310748885],
              [52.52233354086723, 29.81074253615164],
              [52.52237376384231, 29.810740795915269],
              [52.522413899802707, 29.81073788815878],
              [52.52245390120072, 29.810733816137152],
              [52.522493725688577, 29.810728584850128],
              [52.522533328849512, 29.810722199321329],
              [52.522572664225088, 29.810714666402671],
              [52.522611691605043, 29.810705995580999],
              [52.522650365620223, 29.810696197305059],
              [52.522688643964102, 29.810685279281309],
              [52.522726483405052, 29.810673256445561],
              [52.522763844808523, 29.810660140979479],
              [52.522800682860343, 29.810645946940589],
              [52.522836958508179, 29.81063069192362],
              [52.52287263162421, 29.810614390828771],
              [52.522633433167343, 29.810229152463869],
              [52.522589210729073, 29.810242050089681],
              [52.522544581403572, 29.810253838920861],
              [52.522499584298167, 29.810264504971471],
              [52.522454253470777, 29.81027404243472],
              [52.522408628097217, 29.810282441835589]
            ]
          ]
        ]
      }
    },
    {
      "type": "Feature",
      "properties": { "Name": "20", "masahat": 4222.0 },
      "geometry": {
        "type": "MultiPolygon",
        "coordinates": [
          [
            [
              [52.51899051751839, 29.808177140706281],
              [52.518980200107002, 29.808177087871691],
              [52.518969886351961, 29.80817734539432],
              [52.518959588639703, 29.808177911327132],
              [52.518949320431993, 29.808178786417731],
              [52.518939092059973, 29.808179969645],
              [52.518928916930903, 29.808181458147899],
              [52.518890097231669, 29.808187741536191],
              [52.518863769494217, 29.808221166749249],
              [52.518866725472257, 29.80823506016899],
              [52.519008210434812, 29.80889992218238],
              [52.519662144196488, 29.80879408182259],
              [52.519701230641189, 29.808605574099708],
              [52.519708194070382, 29.808571988857789],
              [52.519700304255153, 29.808555330634331],
              [52.519154885182537, 29.808223973935871],
              [52.519146318920299, 29.808218958040818],
              [52.519137558973163, 29.808214202437139],
              [52.519128617850328, 29.808209713297259],
              [52.519125958786049, 29.80820848241693],
              [52.519119503895837, 29.808205495036852],
              [52.519110229605211, 29.808201552926171],
              [52.51910080435691, 29.808197891368991],
              [52.519091240632847, 29.80819451473339],
              [52.519081549880447, 29.808191427399411],
              [52.519071741464543, 29.808188632868621],
              [52.519061829922343, 29.80818613458321],
              [52.519051824604972, 29.808183935142601],
              [52.51904173900158, 29.8081820370987],
              [52.5190315845459, 29.808180443929341],
              [52.51902137263076, 29.808179156405838],
              [52.519011115697189, 29.808178176189848],
              [52.519000827206952, 29.808177504028919],
              [52.51899051751839, 29.808177140706281]
            ]
          ]
        ]
      }
    },
    {
      "type": "Feature",
      "properties": { "Name": "6", "masahat": 3410.0 },
      "geometry": {
        "type": "MultiPolygon",
        "coordinates": [
          [
            [
              [52.517827206404093, 29.808479906470289],
              [52.517787872169762, 29.808490977776849],
              [52.517784183551527, 29.808526118823458],
              [52.517779160373308, 29.808561133534511],
              [52.517772808268383, 29.80859598394747],
              [52.517765133877234, 29.808630630283581],
              [52.517756143908549, 29.808665037274839],
              [52.517745851182603, 29.808699163266802],
              [52.517734265525213, 29.808732973857879],
              [52.517721400832123, 29.808766430088198],
              [52.517707268984637, 29.808799496630211],
              [52.517503589150067, 29.80925293402321],
              [52.51794209720039, 29.809402743420669],
              [52.5181266368444, 29.808934021550449],
              [52.518062461206128, 29.808735993634141],
              [52.517827206404093, 29.808479906470289]
            ]
          ]
        ]
      }
    },
    {
      "type": "Feature",
      "properties": { "Name": "4", "masahat": 3691.0 },
      "geometry": {
        "type": "MultiPolygon",
        "coordinates": [
          [
            [
              [52.516889863743607, 29.810411891434299],
              [52.517583461570403, 29.81064884775758],
              [52.517610881576857, 29.810244008439479],
              [52.517691478071043, 29.810039299628151],
              [52.517222349674007, 29.80987903031529],
              [52.517093934829383, 29.810164904426649],
              [52.517084991834423, 29.810183872939991],
              [52.517075325620169, 29.81020256913331],
              [52.517064948300622, 29.810220973016161],
              [52.517053870941822, 29.81023906370784],
              [52.517042103588842, 29.810256821241719],
              [52.517029663514727, 29.81027422466574],
              [52.517016560791923, 29.810291255817599],
              [52.517002813741641, 29.810307894635589],
              [52.516988434519043, 29.810324123835748],
              [52.51697344144538, 29.810339923356349],
              [52.516957848758508, 29.810355276791881],
              [52.516941677924173, 29.810370166751468],
              [52.516924943166657, 29.81038457592744],
              [52.516907665992647, 29.810398489635428],
              [52.516889863743607, 29.810411891434299]
            ]
          ]
        ]
      }
    },
    {
      "type": "Feature",
      "properties": { "Name": "36", "masahat": 1679.0 },
      "geometry": {
        "type": "MultiPolygon",
        "coordinates": [
          [
            [
              [52.522503383129717, 29.80844607356001],
              [52.522485009373462, 29.808454324084408],
              [52.522456329115982, 29.808532426839989],
              [52.52245030282846, 29.808547903475109],
              [52.52244366109025, 29.808563186885099],
              [52.522436411917262, 29.80857825983334],
              [52.522428566401587, 29.80859310324314],
              [52.522420129414733, 29.808607697207091],
              [52.522411116268763, 29.808622028013811],
              [52.522401533890552, 29.80863607482987],
              [52.522391396516703, 29.808649821249318],
              [52.522380715294062, 29.808663251804042],
              [52.522369503411163, 29.8086763491978],
              [52.522357775104659, 29.808689097024569],
              [52.522345543604118, 29.808701480694602],
              [52.522332824194471, 29.808713484692131],
              [52.522319632187902, 29.80872509530575],
              [52.5223059859592, 29.808736296081751],
              [52.522291897758173, 29.808747076050949],
              [52.522277388083253, 29.80875742234452],
              [52.522262473253953, 29.808767319434789],
              [52.522247172775252, 29.808776757171309],
              [52.522231501986887, 29.80878572364702],
              [52.522215483483691, 29.80879420777358],
              [52.522199135749908, 29.808802200314641],
              [52.522182477242467, 29.808809690229609],
              [52.522176806980632, 29.808827021541038],
              [52.522355084433592, 29.809069214369192],
              [52.522375750882347, 29.809069210862258],
              [52.522768552243207, 29.808535134419142],
              [52.522761557531133, 29.808518175526171],
              [52.522503383129717, 29.80844607356001]
            ]
          ]
        ]
      }
    },
    {
      "type": "Feature",
      "properties": { "Name": "16", "masahat": 1423.0 },
      "geometry": {
        "type": "MultiPolygon",
        "coordinates": [
          [
            [
              [52.519008755445448, 29.805546862999741],
              [52.518953395592973, 29.805646151587119],
              [52.518894278592889, 29.805743778845361],
              [52.518831470081352, 29.805839638443121],
              [52.51883620998413, 29.805857180223221],
              [52.519072604997511, 29.805989425558138],
              [52.519092794743329, 29.805985578737459],
              [52.519129536042293, 29.80593562496701],
              [52.519199116174157, 29.805974548125029],
              [52.519366483645378, 29.8057469935836],
              [52.519008755445448, 29.805546862999741]
            ]
          ]
        ]
      }
    },
    {
      "type": "Feature",
      "properties": { "Name": "17", "masahat": 1303.0 },
      "geometry": {
        "type": "MultiPolygon",
        "coordinates": [
          [
            [
              [52.519476492243278, 29.8062002248064],
              [52.519680601456592, 29.805922715101872],
              [52.519366483645378, 29.8057469935836],
              [52.519199116174157, 29.805974548125029],
              [52.519268695338127, 29.806013472158352],
              [52.519231954083473, 29.80606342596549],
              [52.519236363995176, 29.806081034685558],
              [52.519456302472122, 29.80620407168659],
              [52.519476492243278, 29.8062002248064]
            ]
          ]
        ]
      }
    },
    {
      "type": "Feature",
      "properties": { "Name": "15", "masahat": 1236.0 },
      "geometry": {
        "type": "MultiPolygon",
        "coordinates": [
          [
            [
              [52.519411670807827, 29.806264752891071],
              [52.519191732245837, 29.80614171581956],
              [52.519171542459787, 29.806145561754072],
              [52.51913480112394, 29.806195516438802],
              [52.51909491678758, 29.806173204766718],
              [52.519074726990873, 29.80617705068677],
              [52.518923137124553, 29.806383151179642],
              [52.518927545951129, 29.80640075902031],
              [52.519184295222949, 29.806544388486639],
              [52.519229721889189, 29.806535734448879],
              [52.519242655064303, 29.8065181519124],
              [52.519416081782069, 29.806282360689131],
              [52.519411670807827, 29.806264752891071]
            ]
          ]
        ]
      }
    },
    {
      "type": "Feature",
      "properties": { "Name": "14", "masahat": 1296.0 },
      "geometry": {
        "type": "MultiPolygon",
        "coordinates": [
          [
            [
              [52.518792661200877, 29.805918467775481],
              [52.518772470406738, 29.80592231365997],
              [52.518595973935902, 29.806162278319619],
              [52.518611408735062, 29.806223905761829],
              [52.518868157119726, 29.80636753587811],
              [52.518888346963763, 29.806363689988132],
              [52.519039936862129, 29.806157588630949],
              [52.519035525946101, 29.806139979915319],
              [52.518995641653007, 29.806117668211542],
              [52.519032384081257, 29.8060677144538],
              [52.519027973184848, 29.80605010663966],
              [52.518792661200877, 29.805918467775481]
            ]
          ]
        ]
      }
    },
    {
      "type": "Feature",
      "properties": { "Name": "13", "masahat": 2670.0 },
      "geometry": {
        "type": "MultiPolygon",
        "coordinates": [
          [
            [
              [52.519058549082743, 29.806768463201809],
              [52.519071480234089, 29.806750879802198],
              [52.519061557182837, 29.806711262663121],
              [52.51845027897545, 29.80636930129965],
              [52.518431353941757, 29.806372906105011],
              [52.518399804316587, 29.806378916304201],
              [52.518232504567237, 29.806606372349741],
              [52.518236915354393, 29.806623980193041],
              [52.518882020670929, 29.80698486435951],
              [52.518902210637293, 29.806981018463421],
              [52.519058549082743, 29.806768463201809]
            ]
          ]
        ]
      }
    },
    {
      "type": "Feature",
      "properties": { "Name": "12", "masahat": 2533.0 },
      "geometry": {
        "type": "MultiPolygon",
        "coordinates": [
          [
            [
              [52.518604144126719, 29.80738832007389],
              [52.518596785696481, 29.80737147790985],
              [52.518169733382578, 29.80713257760824],
              [52.518149542331983, 29.80713642430841],
              [52.51796304389341, 29.807389981126889],
              [52.517952555046122, 29.807404808634359],
              [52.517942668973248, 29.807419950444601],
              [52.517933399816989, 29.80743538383712],
              [52.517924758725158, 29.807451093344451],
              [52.517916755715703, 29.80746705719578],
              [52.5179094008747, 29.80748325813116],
              [52.517902704192927, 29.80749967257546],
              [52.51789667160498, 29.807516282414049],
              [52.51789131315617, 29.807533067680481],
              [52.517886634726622, 29.807550006651411],
              [52.517882642196497, 29.807567077603562],
              [52.517879339417902, 29.80758426154387],
              [52.517876731222927, 29.807601535858751],
              [52.518563848755221, 29.80762121241084],
              [52.518565761939527, 29.807587530959299],
              [52.518568965443187, 29.807553924911151],
              [52.518573454637817, 29.80752043041257],
              [52.518579223901497, 29.807487086328059],
              [52.518586267557751, 29.807453927913471],
              [52.518594577915742, 29.807420994057019],
              [52.518604144126719, 29.80738832007389]
            ]
          ]
        ]
      }
    },
    {
      "type": "Feature",
      "properties": { "Name": "10", "masahat": 2442.0 },
      "geometry": {
        "type": "MultiPolygon",
        "coordinates": [
          [
            [
              [52.51866255793685, 29.808283830669279],
              [52.518674259993112, 29.8082689747263],
              [52.518601507503327, 29.807927093990418],
              [52.517965027291623, 29.80803010453177],
              [52.518065452238233, 29.808367968202852],
              [52.518082886628683, 29.80837764566143],
              [52.51866255793685, 29.808283830669279]
            ]
          ]
        ]
      }
    },
    {
      "type": "Feature",
      "properties": { "Name": "7", "masahat": 2562.0 },
      "geometry": {
        "type": "MultiPolygon",
        "coordinates": [
          [
            [
              [52.515936418775183, 29.81031594626441],
              [52.515936662066963, 29.809843603692229],
              [52.515922054579583, 29.809830854485561],
              [52.515413560306669, 29.809830653621528],
              [52.515380664461873, 29.80985931522676],
              [52.515380622212319, 29.809940974438302],
              [52.515380885131307, 29.80995449819661],
              [52.515381689979961, 29.809968005813939],
              [52.515383034430997, 29.809981480172731],
              [52.515384918253353, 29.809994905936101],
              [52.515387337037083, 29.81000826510806],
              [52.515390289543838, 29.810021544167899],
              [52.515393771336512, 29.810034723315251],
              [52.515397779121287, 29.810047789955309],
              [52.515402307453762, 29.810060726103931],
              [52.515407349895789, 29.81007351649534],
              [52.515412900009217, 29.810086145863799],
              [52.515418954459413, 29.81009859890791],
              [52.515425502656612, 29.810110859507201],
              [52.515432537155291, 29.81012291421208],
              [52.515440050469202, 29.810134746866488],
              [52.515448032035692, 29.810146343154241],
              [52.515456473374734, 29.810157689637649],
              [52.515465363937309, 29.810168772902681],
              [52.515474692126212, 29.81017957864508],
              [52.515484446357881, 29.810190093462719],
              [52.515494616110438, 29.810200305745909],
              [52.515505188752122, 29.81021020120227],
              [52.515516150684753, 29.810219770062059],
              [52.51552748825565, 29.81022899894689],
              [52.515539189921931, 29.81023787716115],
              [52.515551237933742, 29.810246394080419],
              [52.515563620734547, 29.81025453810695],
              [52.51557632061526, 29.81026230132283],
              [52.515589323963951, 29.81026967305618],
              [52.515602615113252, 29.81027664356105],
              [52.515616176381222, 29.810283206723931],
              [52.515629992100472, 29.810289352798829],
              [52.515644045609932, 29.810295074758191],
              [52.515658320248519, 29.810300365574491],
              [52.515672797272472, 29.810305217341678],
              [52.51568745801972, 29.81030962756682],
              [52.515702288905437, 29.810313587382471],
              [52.515717268150397, 29.810317093429081],
              [52.51573237811337, 29.81032014229967],
              [52.515747601139509, 29.810322729685119],
              [52.515762918539451, 29.810324851288161],
              [52.515778311664711, 29.810326505518042],
              [52.515793761853097, 29.810327689881859],
              [52.515809249448843, 29.810328404605109],
              [52.515824756810638, 29.81032864628088],
              [52.515921798395659, 29.810328684312481],
              [52.515936418775183, 29.81031594626441]
            ]
          ]
        ]
      }
    },
    {
      "type": "Feature",
      "properties": { "Name": "9", "masahat": 593.0 },
      "geometry": {
        "type": "MultiPolygon",
        "coordinates": [
          [
            [
              [52.516104885376343, 29.80831459550901],
              [52.516084755902398, 29.808318430365819],
              [52.515883609697681, 29.808591887227241],
              [52.515891992708717, 29.80860527180932],
              [52.516092259881283, 29.808605349914181],
              [52.516247460108261, 29.808394356574361],
              [52.516104885376343, 29.80831459550901]
            ]
          ]
        ]
      }
    },
    {
      "type": "Feature",
      "properties": { "Name": "9.1", "masahat": 306.0 },
      "geometry": {
        "type": "MultiPolygon",
        "coordinates": [
          [
            [
              [52.51635266111699, 29.808468304993738],
              [52.516348263764648, 29.8084507492669],
              [52.516247460108261, 29.808394356574361],
              [52.516092259881283, 29.808605349914181],
              [52.51622112737482, 29.808605400664479],
              [52.516231733406308, 29.808605241062018],
              [52.516242325186177, 29.80860475407783],
              [52.516252891348593, 29.808603940744621],
              [52.51635266111699, 29.808468304993738]
            ]
          ]
        ]
      }
    },
    {
      "type": "Feature",
      "properties": { "Name": "178", "masahat": 224.0 },
      "geometry": {
        "type": "MultiPolygon",
        "coordinates": [
          [
            [
              [52.51619351461791, 29.80702516017114],
              [52.516188951258847, 29.807031364595161],
              [52.516082945365973, 29.807175481455499],
              [52.516169918722802, 29.807224138553721],
              [52.516298242543357, 29.807049681057411],
              [52.516238942839223, 29.80701650713393],
              [52.51619351461791, 29.80702516017114]
            ]
          ]
        ]
      }
    },
    {
      "type": "Feature",
      "properties": { "Name": "149", "masahat": 264.0 },
      "geometry": {
        "type": "MultiPolygon",
        "coordinates": [
          [
            [
              [52.515950058630537, 29.807356141358529],
              [52.515959980568311, 29.80739576057282],
              [52.516019279381297, 29.80742893462693],
              [52.516169918722802, 29.807224138553721],
              [52.516082945365973, 29.807175481455499],
              [52.515950058630537, 29.807356141358529]
            ]
          ]
        ]
      }
    },
    {
      "type": "Feature",
      "properties": { "Name": "177", "masahat": 229.0 },
      "geometry": {
        "type": "MultiPolygon",
        "coordinates": [
          [
            [
              [52.51638521588621, 29.807098338014931],
              [52.516298242543357, 29.807049681057411],
              [52.516169918722802, 29.807224138553721],
              [52.516256893183161, 29.807272794677331],
              [52.51638521588621, 29.807098338014931]
            ]
          ]
        ]
      }
    },
    {
      "type": "Feature",
      "properties": { "Name": "150", "masahat": 269.0 },
      "geometry": {
        "type": "MultiPolygon",
        "coordinates": [
          [
            [
              [52.516256893183161, 29.807272794677331],
              [52.516169918722802, 29.807224138553721],
              [52.516019279381297, 29.80742893462693],
              [52.516106253968772, 29.807477591746771],
              [52.516256893183161, 29.807272794677331]
            ]
          ]
        ]
      }
    },
    {
      "type": "Feature",
      "properties": { "Name": "176", "masahat": 229.0 },
      "geometry": {
        "type": "MultiPolygon",
        "coordinates": [
          [
            [
              [52.516472190346192, 29.807146994900009],
              [52.51638521588621, 29.807098338014931],
              [52.516256893183161, 29.807272794677331],
              [52.516343867739842, 29.807321451642519],
              [52.516472190346192, 29.807146994900009]
            ]
          ]
        ]
      }
    },
    {
      "type": "Feature",
      "properties": { "Name": "151", "masahat": 269.0 },
      "geometry": {
        "type": "MultiPolygon",
        "coordinates": [
          [
            [
              [52.516343867739842, 29.807321451642519],
              [52.516256893183161, 29.807272794677331],
              [52.516106253968772, 29.807477591746771],
              [52.516193227590868, 29.807526247915739],
              [52.516343867739842, 29.807321451642519]
            ]
          ]
        ]
      }
    },
    {
      "type": "Feature",
      "properties": { "Name": "175", "masahat": 229.0 },
      "geometry": {
        "type": "MultiPolygon",
        "coordinates": [
          [
            [
              [52.516559163854389, 29.807195651736379],
              [52.516472190346192, 29.807146994900009],
              [52.516343867739842, 29.807321451642519],
              [52.516430842379187, 29.807370108547161],
              [52.516559163854389, 29.807195651736379]
            ]
          ]
        ]
      }
    },
    {
      "type": "Feature",
      "properties": { "Name": "152", "masahat": 269.0 },
      "geometry": {
        "type": "MultiPolygon",
        "coordinates": [
          [
            [
              [52.516430842379187, 29.807370108547161],
              [52.516343867739842, 29.807321451642519],
              [52.516193227590868, 29.807526247915739],
              [52.516280202343708, 29.807574904914439],
              [52.516430842379187, 29.807370108547161]
            ]
          ]
        ]
      }
    },
    {
      "type": "Feature",
      "properties": { "Name": "174", "masahat": 229.0 },
      "geometry": {
        "type": "MultiPolygon",
        "coordinates": [
          [
            [
              [52.516564757845018, 29.80719878086585],
              [52.516559163854389, 29.807195651736379],
              [52.516430842379187, 29.807370108547161],
              [52.516517816066766, 29.807418765403099],
              [52.516646138466143, 29.80724430759814],
              [52.516643886671027, 29.80724304762893],
              [52.516564757845018, 29.80719878086585]
            ]
          ]
        ]
      }
    },
    {
      "type": "Feature",
      "properties": { "Name": "153", "masahat": 269.0 },
      "geometry": {
        "type": "MultiPolygon",
        "coordinates": [
          [
            [
              [52.516517816066766, 29.807418765403099],
              [52.516430842379187, 29.807370108547161],
              [52.516280202343708, 29.807574904914439],
              [52.516367177179248, 29.807623561852559],
              [52.516517816066766, 29.807418765403099]
            ]
          ]
        ]
      }
    },
    {
      "type": "Feature",
      "properties": { "Name": "173", "masahat": 229.0 },
      "geometry": {
        "type": "MultiPolygon",
        "coordinates": [
          [
            [
              [52.516733112153332, 29.807292965215559],
              [52.516646138466143, 29.80724430759814],
              [52.516517816066766, 29.807418765403099],
              [52.516604790871497, 29.807467422186591],
              [52.516733112153332, 29.807292965215559]
            ]
          ]
        ]
      }
    },
    {
      "type": "Feature",
      "properties": { "Name": "154", "masahat": 269.0 },
      "geometry": {
        "type": "MultiPolygon",
        "coordinates": [
          [
            [
              [52.516604790871497, 29.807467422186591],
              [52.516517816066766, 29.807418765403099],
              [52.516367177179248, 29.807623561852559],
              [52.516454151063002, 29.807672218741988],
              [52.516604790871497, 29.807467422186591]
            ]
          ]
        ]
      }
    },
    {
      "type": "Feature",
      "properties": { "Name": "172", "masahat": 229.0 },
      "geometry": {
        "type": "MultiPolygon",
        "coordinates": [
          [
            [
              [52.516820086944051, 29.80734162185836],
              [52.516733112153332, 29.807292965215559],
              [52.516604790871497, 29.807467422186591],
              [52.516691764724442, 29.807516078921392],
              [52.516820086944051, 29.80734162185836]
            ]
          ]
        ]
      }
    },
    {
      "type": "Feature",
      "properties": { "Name": "155", "masahat": 269.0 },
      "geometry": {
        "type": "MultiPolygon",
        "coordinates": [
          [
            [
              [52.516691764724442, 29.807516078921392],
              [52.516604790871497, 29.807467422186591],
              [52.516454151063002, 29.807672218741988],
              [52.516541126063913, 29.807720875558971],
              [52.516691764724442, 29.807516078921392]
            ]
          ]
        ]
      }
    },
    {
      "type": "Feature",
      "properties": { "Name": "171", "masahat": 229.0 },
      "geometry": {
        "type": "MultiPolygon",
        "coordinates": [
          [
            [
              [52.516907060783012, 29.807390278452448],
              [52.516820086944051, 29.80734162185836],
              [52.516691764724442, 29.807516078921392],
              [52.516778739680923, 29.807564734681559],
              [52.516907060783012, 29.807390278452448]
            ]
          ]
        ]
      }
    },
    {
      "type": "Feature",
      "properties": { "Name": "156", "masahat": 269.0 },
      "geometry": {
        "type": "MultiPolygon",
        "coordinates": [
          [
            [
              [52.516778739680923, 29.807564734681559],
              [52.516691764724442, 29.807516078921392],
              [52.516541126063913, 29.807720875558971],
              [52.516628100113053, 29.807769532327271],
              [52.516778739680923, 29.807564734681559]
            ]
          ]
        ]
      }
    },
    {
      "type": "Feature",
      "properties": { "Name": "170", "masahat": 229.0 },
      "geometry": {
        "type": "MultiPolygon",
        "coordinates": [
          [
            [
              [52.516994035739117, 29.807438934974108],
              [52.516907060783012, 29.807390278452448],
              [52.516778739680923, 29.807564734681559],
              [52.516865713699246, 29.80761339129522],
              [52.516994035739117, 29.807438934974108]
            ]
          ]
        ]
      }
    },
    {
      "type": "Feature",
      "properties": { "Name": "157", "masahat": 269.0 },
      "geometry": {
        "type": "MultiPolygon",
        "coordinates": [
          [
            [
              [52.516865713699246, 29.80761339129522],
              [52.516778739680923, 29.807564734681559],
              [52.516628100113053, 29.807769532327271],
              [52.516715075265743, 29.80781818812093],
              [52.516865713699246, 29.80761339129522]
            ]
          ]
        ]
      }
    },
    {
      "type": "Feature",
      "properties": { "Name": "169", "masahat": 229.0 },
      "geometry": {
        "type": "MultiPolygon",
        "coordinates": [
          [
            [
              [52.517081009743428, 29.807487591447071],
              [52.516994035739117, 29.807438934974108],
              [52.516865713699246, 29.80761339129522],
              [52.516952688834728, 29.807662047836441],
              [52.517081009743428, 29.807487591447071]
            ]
          ]
        ]
      }
    },
    {
      "type": "Feature",
      "properties": { "Name": "158", "masahat": 269.0 },
      "geometry": {
        "type": "MultiPolygon",
        "coordinates": [
          [
            [
              [52.516952688834728, 29.807662047836441],
              [52.516865713699246, 29.80761339129522],
              [52.516715075265743, 29.80781818812093],
              [52.516802049480241, 29.807866844768078],
              [52.516952688834728, 29.807662047836441]
            ]
          ]
        ]
      }
    },
    {
      "type": "Feature",
      "properties": { "Name": "168", "masahat": 229.0 },
      "geometry": {
        "type": "MultiPolygon",
        "coordinates": [
          [
            [
              [52.517167984851312, 29.8075362469454],
              [52.517081009743428, 29.807487591447071],
              [52.516952688834728, 29.807662047836441],
              [52.517039663018423, 29.80771070432894],
              [52.517167984851312, 29.8075362469454]
            ]
          ]
        ]
      }
    },
    {
      "type": "Feature",
      "properties": { "Name": "159", "masahat": 269.0 },
      "geometry": {
        "type": "MultiPolygon",
        "coordinates": [
          [
            [
              [52.517039663018423, 29.80771070432894],
              [52.516952688834728, 29.807662047836441],
              [52.516802049480241, 29.807866844768078],
              [52.516889024811903, 29.80791550134278],
              [52.517039663018423, 29.80771070432894]
            ]
          ]
        ]
      }
    },
    {
      "type": "Feature",
      "properties": { "Name": "167", "masahat": 229.0 },
      "geometry": {
        "type": "MultiPolygon",
        "coordinates": [
          [
            [
              [52.517254959020988, 29.807584903297219],
              [52.517167984851312, 29.8075362469454],
              [52.517039663018423, 29.80771070432894],
              [52.517126638319283, 29.807759360748999],
              [52.517254959020988, 29.807584903297219]
            ]
          ]
        ]
      }
    },
    {
      "type": "Feature",
      "properties": { "Name": "160", "masahat": 269.0 },
      "geometry": {
        "type": "MultiPolygon",
        "coordinates": [
          [
            [
              [52.517126638319283, 29.807759360748999],
              [52.517039663018423, 29.80771070432894],
              [52.516889024811903, 29.80791550134278],
              [52.516975999191807, 29.807964157868781],
              [52.517126638319283, 29.807759360748999]
            ]
          ]
        ]
      }
    },
    {
      "type": "Feature",
      "properties": { "Name": "166", "masahat": 229.0 },
      "geometry": {
        "type": "MultiPolygon",
        "coordinates": [
          [
            [
              [52.517297910301792, 29.807608930812471],
              [52.517254959020988, 29.807584903297219],
              [52.517126638319283, 29.807759360748999],
              [52.51721361266835, 29.807808017120379],
              [52.517341935342323, 29.80763355956471],
              [52.517340756221543, 29.807632899969519],
              [52.517297910301792, 29.807608930812471]
            ]
          ]
        ]
      }
    },
    {
      "type": "Feature",
      "properties": { "Name": "161", "masahat": 269.0 },
      "geometry": {
        "type": "MultiPolygon",
        "coordinates": [
          [
            [
              [52.51721361266835, 29.807808017120379],
              [52.517126638319283, 29.807759360748999],
              [52.516975999191807, 29.807964157868781],
              [52.517062974688848, 29.808012814322339],
              [52.51721361266835, 29.807808017120379]
            ]
          ]
        ]
      }
    },
    {
      "type": "Feature",
      "properties": { "Name": "165", "masahat": 227.0 },
      "geometry": {
        "type": "MultiPolygon",
        "coordinates": [
          [
            [
              [52.517341935342323, 29.80763355956471],
              [52.51721361266835, 29.807808017120379],
              [52.517300588134567, 29.807856673419291],
              [52.517421888787503, 29.807691760019459],
              [52.51741778082198, 29.80768714397319],
              [52.517413503938897, 29.807682647168999],
              [52.517409061296142, 29.807678273179921],
              [52.517404460216802, 29.8076740273358],
              [52.51739970180347, 29.807669914135548],
              [52.517394794386469, 29.80766593709285],
              [52.517389740116457, 29.8076621015969],
              [52.517384547296508, 29.807658409357028],
              [52.517379219139002, 29.807654867554909],
              [52.517373762898913, 29.80765147700955],
              [52.517368182795863, 29.80764824308643],
              [52.517341935342323, 29.80763355956471]
            ]
          ]
        ]
      }
    },
    {
      "type": "Feature",
      "properties": { "Name": "162", "masahat": 266.0 },
      "geometry": {
        "type": "MultiPolygon",
        "coordinates": [
          [
            [
              [52.517080051116487, 29.808022366994798],
              [52.517089001218842, 29.8080271837174],
              [52.517098141650642, 29.8080317230446],
              [52.517107457847388, 29.808035979729659],
              [52.517116940416962, 29.808039948466391],
              [52.517126575856551, 29.808043625800511],
              [52.517136353712353, 29.808047004633401],
              [52.517146261529589, 29.808050082401071],
              [52.517156286839977, 29.80805285563731],
              [52.517300588134567, 29.807856673419291],
              [52.51721361266835, 29.807808017120379],
              [52.517062974688848, 29.808012814322339],
              [52.517080051116487, 29.808022366994798]
            ]
          ]
        ]
      }
    },
    {
      "type": "Feature",
      "properties": { "Name": "164", "masahat": 251.0 },
      "geometry": {
        "type": "MultiPolygon",
        "coordinates": [
          [
            [
              [52.517300588134567, 29.807856673419291],
              [52.51744844722402, 29.807939388079131],
              [52.517470702149133, 29.80790913015483],
              [52.517475467851852, 29.80789159285526],
              [52.517462126021513, 29.80778107397138],
              [52.517461280765843, 29.8077750480189],
              [52.517460203161271, 29.80776905180452],
              [52.517458894296837, 29.80776308892505],
              [52.517457356377747, 29.807757168378409],
              [52.517455591568343, 29.807751296456029],
              [52.517453598943163, 29.807745480387119],
              [52.517451384790853, 29.8077397255134],
              [52.517448949220402, 29.80773403905226],
              [52.517446294396201, 29.80772842729505],
              [52.517443425585988, 29.807722896497602],
              [52.517440343919652, 29.807717452963178],
              [52.517437054664917, 29.807712102947569],
              [52.517433559999809, 29.80770685364433],
              [52.517429865151151, 29.80770170860276],
              [52.517425972310562, 29.807696675918571],
              [52.517421888787503, 29.807691760019459],
              [52.517300588134567, 29.807856673419291]
            ]
          ]
        ]
      }
    },
    {
      "type": "Feature",
      "properties": { "Name": "163", "masahat": 361.0 },
      "geometry": {
        "type": "MultiPolygon",
        "coordinates": [
          [
            [
              [52.517352783617433, 29.808054991846479],
              [52.517370372789223, 29.808045531092532],
              [52.51744844722402, 29.807939388079131],
              [52.517300588134567, 29.807856673419291],
              [52.517156286839977, 29.80805285563731],
              [52.517165771371317, 29.808055172188709],
              [52.517175338699857, 29.80805721618853],
              [52.5171849773918, 29.80805898415878],
              [52.517194677102232, 29.808060476218191],
              [52.517204428466243, 29.80806168886501],
              [52.517214219042728, 29.808062620437418],
              [52.517224040583017, 29.808063272834762],
              [52.517233881639633, 29.80806364167686],
              [52.517243731894887, 29.80806372888685],
              [52.517253577886827, 29.808063533716972],
              [52.517263413408479, 29.808063056238481],
              [52.517273223990628, 29.8080622975199],
              [52.517352783617433, 29.808054991846479]
            ]
          ]
        ]
      }
    },
    {
      "type": "Feature",
      "properties": { "Name": "148", "masahat": 224.0 },
      "geometry": {
        "type": "MultiPolygon",
        "coordinates": [
          [
            [
              [52.5159592898748, 29.807523849232538],
              [52.51589998997482, 29.807490674262919],
              [52.515854561520037, 29.807499328093691],
              [52.515743991231531, 29.80764964731571],
              [52.515744039239358, 29.807649674737132],
              [52.51583096485561, 29.807698304625092],
              [52.5159588995352, 29.807524379767159],
              [52.5159592898748, 29.807523849232538]
            ]
          ]
        ]
      }
    },
    {
      "type": "Feature",
      "properties": { "Name": "111", "masahat": 264.0 },
      "geometry": {
        "type": "MultiPolygon",
        "coordinates": [
          [
            [
              [52.515744039239358, 29.807649674737132],
              [52.515743991231531, 29.80764964731571],
              [52.515611103310263, 29.80783030871299],
              [52.515612099680041, 29.80783428737233],
              [52.515621025143787, 29.807869926148712],
              [52.515680324152576, 29.807903101248961],
              [52.51583096485561, 29.807698304625092],
              [52.515744039239358, 29.807649674737132]
            ]
          ]
        ]
      }
    },
    {
      "type": "Feature",
      "properties": { "Name": "147", "masahat": 229.0 },
      "geometry": {
        "type": "MultiPolygon",
        "coordinates": [
          [
            [
              [52.516046263484853, 29.807572506401211],
              [52.5159592898748, 29.807523849232538],
              [52.5159588995352, 29.807524379767159],
              [52.51583096485561, 29.807698304625092],
              [52.515917940631283, 29.807746961850139],
              [52.516045626775913, 29.807573371818929],
              [52.516046263484853, 29.807572506401211]
            ]
          ]
        ]
      }
    },
    {
      "type": "Feature",
      "properties": { "Name": "43", "masahat": 269.0 },
      "geometry": {
        "type": "MultiPolygon",
        "coordinates": [
          [
            [
              [52.515587529303907, 29.809479272066309],
              [52.515484195587433, 29.80947923104511],
              [52.515484194067923, 29.809482492069939],
              [52.515484186474133, 29.809496258950119],
              [52.515484069790531, 29.809722542076539],
              [52.515587402722787, 29.809722583100921],
              [52.515587529303907, 29.809479272066309]
            ]
          ]
        ]
      }
    },
    {
      "type": "Feature",
      "properties": { "Name": "72", "masahat": 229.0 },
      "geometry": {
        "type": "MultiPolygon",
        "coordinates": [
          [
            [
              [52.515690861982243, 29.809479313018532],
              [52.51569096914902, 29.809272047434131],
              [52.515587637718369, 29.809272006462631],
              [52.515587529303907, 29.809479272066309],
              [52.515690861982243, 29.809479313018532]
            ]
          ]
        ]
      }
    },
    {
      "type": "Feature",
      "properties": { "Name": "44", "masahat": 269.0 },
      "geometry": {
        "type": "MultiPolygon",
        "coordinates": [
          [
            [
              [52.515587402722787, 29.809722583100921],
              [52.515690735651418, 29.809722624044461],
              [52.515690861982243, 29.809479313018532],
              [52.515587529303907, 29.809479272066309],
              [52.515587402722787, 29.809722583100921]
            ]
          ]
        ]
      }
    },
    {
      "type": "Feature",
      "properties": { "Name": "71", "masahat": 229.0 },
      "geometry": {
        "type": "MultiPolygon",
        "coordinates": [
          [
            [
              [52.515794195691441, 29.80947935387805],
              [52.515794302631413, 29.809272087398881],
              [52.51569096914902, 29.809272047434131],
              [52.515690861982243, 29.809479313018532],
              [52.515794195691441, 29.80947935387805]
            ]
          ]
        ]
      }
    },
    {
      "type": "Feature",
      "properties": { "Name": "45", "masahat": 269.0 },
      "geometry": {
        "type": "MultiPolygon",
        "coordinates": [
          [
            [
              [52.515690735651418, 29.809722624044461],
              [52.515794069610877, 29.80972266489529],
              [52.515794195691441, 29.80947935387805],
              [52.515690861982243, 29.809479313018532],
              [52.515690735651418, 29.809722624044461]
            ]
          ]
        ]
      }
    },
    {
      "type": "Feature",
      "properties": { "Name": "70", "masahat": 229.0 },
      "geometry": {
        "type": "MultiPolygon",
        "coordinates": [
          [
            [
              [52.515897529383373, 29.809479393754572],
              [52.515897636123754, 29.809272128184961],
              [52.515794302631413, 29.809272087398881],
              [52.515794195691441, 29.80947935387805],
              [52.515897529383373, 29.809479393754572]
            ]
          ]
        ]
      }
    },
    {
      "type": "Feature",
      "properties": { "Name": "46", "masahat": 269.0 },
      "geometry": {
        "type": "MultiPolygon",
        "coordinates": [
          [
            [
              [52.515794069610877, 29.80972266489529],
              [52.515897402532239, 29.809722705677139],
              [52.515897529383373, 29.809479393754572],
              [52.515794195691441, 29.80947935387805],
              [52.515794069610877, 29.80972266489529]
            ]
          ]
        ]
      }
    },
    {
      "type": "Feature",
      "properties": { "Name": "69", "masahat": 229.0 },
      "geometry": {
        "type": "MultiPolygon",
        "coordinates": [
          [
            [
              [52.516000862050781, 29.809479434464262],
              [52.516000968577949, 29.809272168902069],
              [52.515897636123754, 29.809272128184961],
              [52.515897529383373, 29.809479393754572],
              [52.516000862050781, 29.809479434464262]
            ]
          ]
        ]
      }
    },
    {
      "type": "Feature",
      "properties": { "Name": "47", "masahat": 269.0 },
      "geometry": {
        "type": "MultiPolygon",
        "coordinates": [
          [
            [
              [52.515897402532239, 29.809722705677139],
              [52.516000736484408, 29.80972274636629],
              [52.516000862050781, 29.809479434464262],
              [52.515897529383373, 29.809479393754572],
              [52.515897402532239, 29.809722705677139]
            ]
          ]
        ]
      }
    },
    {
      "type": "Feature",
      "properties": { "Name": "68", "masahat": 229.0 },
      "geometry": {
        "type": "MultiPolygon",
        "coordinates": [
          [
            [
              [52.516104194714522, 29.809479475093131],
              [52.516104302062992, 29.80927220952648],
              [52.516000968577949, 29.809272168902069],
              [52.516000862050781, 29.809479434464262],
              [52.516104194714522, 29.809479475093131]
            ]
          ]
        ]
      }
    },
    {
      "type": "Feature",
      "properties": { "Name": "48", "masahat": 269.0 },
      "geometry": {
        "type": "MultiPolygon",
        "coordinates": [
          [
            [
              [52.516000736484408, 29.80972274636629],
              [52.516104070419317, 29.809722786072442],
              [52.516104194714522, 29.809479475093131],
              [52.516000862050781, 29.809479434464262],
              [52.516000736484408, 29.80972274636629]
            ]
          ]
        ]
      }
    },
    {
      "type": "Feature",
      "properties": { "Name": "67", "masahat": 229.0 },
      "geometry": {
        "type": "MultiPolygon",
        "coordinates": [
          [
            [
              [52.516207528409133, 29.809479515629292],
              [52.516207635544397, 29.809272250070041],
              [52.516104302062992, 29.80927220952648],
              [52.516104194714522, 29.809479475093131],
              [52.516207528409133, 29.809479515629292]
            ]
          ]
        ]
      }
    },
    {
      "type": "Feature",
      "properties": { "Name": "49", "masahat": 269.0 },
      "geometry": {
        "type": "MultiPolygon",
        "coordinates": [
          [
            [
              [52.516104070419317, 29.809722786072442],
              [52.516207404364209, 29.809722826599899],
              [52.516207528409133, 29.809479515629292],
              [52.516104194714522, 29.809479475093131],
              [52.516104070419317, 29.809722786072442]
            ]
          ]
        ]
      }
    },
    {
      "type": "Feature",
      "properties": { "Name": "66", "masahat": 229.0 },
      "geometry": {
        "type": "MultiPolygon",
        "coordinates": [
          [
            [
              [52.516310862100077, 29.809479556084611],
              [52.516310966953156, 29.80927229055651],
              [52.516207635544397, 29.809272250070041],
              [52.516207528409133, 29.809479515629292],
              [52.516310862100077, 29.809479556084611]
            ]
          ]
        ]
      }
    },
    {
      "type": "Feature",
      "properties": { "Name": "205", "masahat": 229.0 },
      "geometry": {
        "type": "MultiPolygon",
        "coordinates": [
          [
            [
              [52.520110743813113, 29.807147488615659],
              [52.519982427674123, 29.807321947768379],
              [52.520069403965273, 29.807370602215329],
              [52.520197718973087, 29.807196142994378],
              [52.520110743813113, 29.807147488615659]
            ]
          ]
        ]
      }
    },
    {
      "type": "Feature",
      "properties": { "Name": "182", "masahat": 269.0 },
      "geometry": {
        "type": "MultiPolygon",
        "coordinates": [
          [
            [
              [52.519918771537967, 29.807575402471059],
              [52.520069403965273, 29.807370602215329],
              [52.519982427674123, 29.807321947768379],
              [52.51983179616775, 29.807526747918171],
              [52.519918771537967, 29.807575402471059]
            ]
          ]
        ]
      }
    },
    {
      "type": "Feature",
      "properties": { "Name": "204", "masahat": 229.0 },
      "geometry": {
        "type": "MultiPolygon",
        "coordinates": [
          [
            [
              [52.520197718973087, 29.807196142994378],
              [52.520069403965273, 29.807370602215329],
              [52.52015638033911, 29.807419256601658],
              [52.520284695236583, 29.807244796398461],
              [52.520197718973087, 29.807196142994378]
            ]
          ]
        ]
      }
    },
    {
      "type": "Feature",
      "properties": { "Name": "183", "masahat": 269.0 },
      "geometry": {
        "type": "MultiPolygon",
        "coordinates": [
          [
            [
              [52.520005748025341, 29.807624056951472],
              [52.52015638033911, 29.807419256601658],
              [52.520069403965273, 29.807370602215329],
              [52.519918771537967, 29.807575402471059],
              [52.520005748025341, 29.807624056951472]
            ]
          ]
        ]
      }
    },
    {
      "type": "Feature",
      "properties": { "Name": "203", "masahat": 229.0 },
      "geometry": {
        "type": "MultiPolygon",
        "coordinates": [
          [
            [
              [52.520284695236583, 29.807244796398461],
              [52.52015638033911, 29.807419256601658],
              [52.52024335576116, 29.807467910939341],
              [52.520371671596394, 29.807293450644099],
              [52.520284695236583, 29.807244796398461]
            ]
          ]
        ]
      }
    },
    {
      "type": "Feature",
      "properties": { "Name": "184", "masahat": 269.0 },
      "geometry": {
        "type": "MultiPolygon",
        "coordinates": [
          [
            [
              [52.520092723560921, 29.807672711383201],
              [52.52024335576116, 29.807467910939341],
              [52.52015638033911, 29.807419256601658],
              [52.520005748025341, 29.807624056951472],
              [52.520092723560921, 29.807672711383201]
            ]
          ]
        ]
      }
    },
    {
      "type": "Feature",
      "properties": { "Name": "202", "masahat": 229.0 },
      "geometry": {
        "type": "MultiPolygon",
        "coordinates": [
          [
            [
              [52.520371671596394, 29.807293450644099],
              [52.52024335576116, 29.807467910939341],
              [52.520330332300361, 29.807516565204541],
              [52.520458648038861, 29.807342104829178],
              [52.520371671596394, 29.807293450644099]
            ]
          ]
        ]
      }
    },
    {
      "type": "Feature",
      "properties": { "Name": "185", "masahat": 269.0 },
      "geometry": {
        "type": "MultiPolygon",
        "coordinates": [
          [
            [
              [52.520179701248139, 29.807721365730529],
              [52.520330332300361, 29.807516565204541],
              [52.52024335576116, 29.807467910939341],
              [52.520092723560921, 29.807672711383201],
              [52.520179701248139, 29.807721365730529]
            ]
          ]
        ]
      }
    },
    {
      "type": "Feature",
      "properties": { "Name": "249", "masahat": 269.0 },
      "geometry": {
        "type": "MultiPolygon",
        "coordinates": [
          [
            [
              [52.520697533810207, 29.806683489646421],
              [52.520848163355893, 29.806478688578959],
              [52.52076118750346, 29.80643003462453],
              [52.520610558878708, 29.806634835586031],
              [52.520697533810207, 29.806683489646421]
            ]
          ]
        ]
      }
    },
    {
      "type": "Feature",
      "properties": { "Name": "269", "masahat": 229.0 },
      "geometry": {
        "type": "MultiPolygon",
        "coordinates": [
          [
            [
              [52.521019782237673, 29.806328453001392],
              [52.520976475895367, 29.806304227764411],
              [52.520848163355893, 29.806478688578959],
              [52.520935138256512, 29.806527342484699],
              [52.521063451733752, 29.80635288157815],
              [52.521059813132347, 29.80635084630914],
              [52.521034230221531, 29.806336535752951],
              [52.521030830561152, 29.806334633081491],
              [52.521019782237673, 29.806328453001392]
            ]
          ]
        ]
      }
    },
    {
      "type": "Feature",
      "properties": { "Name": "250", "masahat": 269.0 },
      "geometry": {
        "type": "MultiPolygon",
        "coordinates": [
          [
            [
              [52.520784509858842, 29.806732143634321],
              [52.520935138256512, 29.806527342484699],
              [52.520848163355893, 29.806478688578959],
              [52.520697533810207, 29.806683489646421],
              [52.520784509858842, 29.806732143634321]
            ]
          ]
        ]
      }
    },
    {
      "type": "Feature",
      "properties": { "Name": "268", "masahat": 229.0 },
      "geometry": {
        "type": "MultiPolygon",
        "coordinates": [
          [
            [
              [52.521022114274302, 29.806575996317971],
              [52.521150426620352, 29.806401535343198],
              [52.521063451733752, 29.80635288157815],
              [52.520935138256512, 29.806527342484699],
              [52.521022114274302, 29.806575996317971]
            ]
          ]
        ]
      }
    },
    {
      "type": "Feature",
      "properties": { "Name": "251", "masahat": 269.0 },
      "geometry": {
        "type": "MultiPolygon",
        "coordinates": [
          [
            [
              [52.520871484955677, 29.806780797573548],
              [52.521022114274302, 29.806575996317971],
              [52.520935138256512, 29.806527342484699],
              [52.520784509858842, 29.806732143634321],
              [52.520871484955677, 29.806780797573548]
            ]
          ]
        ]
      }
    },
    {
      "type": "Feature",
      "properties": { "Name": "267", "masahat": 229.0 },
      "geometry": {
        "type": "MultiPolygon",
        "coordinates": [
          [
            [
              [52.521109089326643, 29.806624649200401],
              [52.521237402624088, 29.80645018903579],
              [52.521150426620352, 29.806401535343198],
              [52.521022114274302, 29.806575996317971],
              [52.521109089326643, 29.806624649200401]
            ]
          ]
        ]
      }
    },
    {
      "type": "Feature",
      "properties": { "Name": "233", "masahat": 229.0 },
      "geometry": {
        "type": "MultiPolygon",
        "coordinates": [
          [
            [
              [52.520589248597922, 29.806997627124009],
              [52.52071756326778, 29.806823167425271],
              [52.52063058715504, 29.806774512493401],
              [52.520502273436577, 29.806948973002299],
              [52.520589248597922, 29.806997627124009]
            ]
          ]
        ]
      }
    },
    {
      "type": "Feature",
      "properties": { "Name": "214", "masahat": 269.0 },
      "geometry": {
        "type": "MultiPolygon",
        "coordinates": [
          [
            [
              [52.52043861778175, 29.8072024279267],
              [52.520589248597922, 29.806997627124009],
              [52.520502273436577, 29.806948973002299],
              [52.520351642520517, 29.80715377461312],
              [52.52043861778175, 29.8072024279267]
            ]
          ]
        ]
      }
    },
    {
      "type": "Feature",
      "properties": { "Name": "232", "masahat": 229.0 },
      "geometry": {
        "type": "MultiPolygon",
        "coordinates": [
          [
            [
              [52.520676224876411, 29.807046281173239],
              [52.520804538415092, 29.80687182140629],
              [52.52071756326778, 29.806823167425271],
              [52.520589248597922, 29.806997627124009],
              [52.520676224876411, 29.807046281173239]
            ]
          ]
        ]
      }
    },
    {
      "type": "Feature",
      "properties": { "Name": "115", "masahat": 269.0 },
      "geometry": {
        "type": "MultiPolygon",
        "coordinates": [
          [
            [
              [52.5159412479303, 29.808049073072102],
              [52.516028221998603, 29.808097730233239],
              [52.516178863295721, 29.807892934123409],
              [52.516091889340913, 29.807844277056319],
              [52.5159412479303, 29.808049073072102]
            ]
          ]
        ]
      }
    },
    {
      "type": "Feature",
      "properties": { "Name": "143", "masahat": 229.0 },
      "geometry": {
        "type": "MultiPolygon",
        "coordinates": [
          [
            [
              [52.516265838354087, 29.80794159021589],
              [52.516394160807309, 29.807767133544271],
              [52.516307186866491, 29.807718476617879],
              [52.516178863295721, 29.807892934123409],
              [52.516265838354087, 29.80794159021589]
            ]
          ]
        ]
      }
    },
    {
      "type": "Feature",
      "properties": { "Name": "116", "masahat": 269.0 },
      "geometry": {
        "type": "MultiPolygon",
        "coordinates": [
          [
            [
              [52.516028221998603, 29.808097730233239],
              [52.516115197184071, 29.808146387321951],
              [52.516265838354087, 29.80794159021589],
              [52.516178863295721, 29.807892934123409],
              [52.516028221998603, 29.808097730233239]
            ]
          ]
        ]
      }
    },
    {
      "type": "Feature",
      "properties": { "Name": "142", "masahat": 229.0 },
      "geometry": {
        "type": "MultiPolygon",
        "coordinates": [
          [
            [
              [52.516352812474267, 29.807990247161818],
              [52.516481135865277, 29.807815790398219],
              [52.516394160807309, 29.807767133544271],
              [52.516265838354087, 29.80794159021589],
              [52.516352812474267, 29.807990247161818]
            ]
          ]
        ]
      }
    },
    {
      "type": "Feature",
      "properties": { "Name": "117", "masahat": 269.0 },
      "geometry": {
        "type": "MultiPolygon",
        "coordinates": [
          [
            [
              [52.516115197184071, 29.808146387321951],
              [52.516202172438618, 29.80819504344792],
              [52.516352812474267, 29.807990247161818],
              [52.516265838354087, 29.80794159021589],
              [52.516115197184071, 29.808146387321951]
            ]
          ]
        ]
      }
    },
    {
      "type": "Feature",
      "properties": { "Name": "141", "masahat": 229.0 },
      "geometry": {
        "type": "MultiPolygon",
        "coordinates": [
          [
            [
              [52.516439787711633, 29.808038904035332],
              [52.516568109971473, 29.80786444720345],
              [52.516481135865277, 29.807815790398219],
              [52.516352812474267, 29.807990247161818],
              [52.516439787711633, 29.808038904035332]
            ]
          ]
        ]
      }
    },
    {
      "type": "Feature",
      "properties": { "Name": "118", "masahat": 269.0 },
      "geometry": {
        "type": "MultiPolygon",
        "coordinates": [
          [
            [
              [52.516202172438618, 29.80819504344792],
              [52.516289146755, 29.808243700427379],
              [52.516439787711633, 29.808038904035332],
              [52.516352812474267, 29.807990247161818],
              [52.516202172438618, 29.80819504344792]
            ]
          ]
        ]
      }
    },
    {
      "type": "Feature",
      "properties": { "Name": "140", "masahat": 229.0 },
      "geometry": {
        "type": "MultiPolygon",
        "coordinates": [
          [
            [
              [52.516526761997191, 29.808087560860141],
              [52.516655085181227, 29.807913103034089],
              [52.516568109971473, 29.80786444720345],
              [52.516439787711633, 29.808038904035332],
              [52.516526761997191, 29.808087560860141]
            ]
          ]
        ]
      }
    },
    {
      "type": "Feature",
      "properties": { "Name": "119", "masahat": 269.0 },
      "geometry": {
        "type": "MultiPolygon",
        "coordinates": [
          [
            [
              [52.516289146755, 29.808243700427379],
              [52.516376122188539, 29.808292357334359],
              [52.516526761997191, 29.808087560860141],
              [52.516439787711633, 29.808038904035332],
              [52.516289146755, 29.808243700427379]
            ]
          ]
        ]
      }
    },
    {
      "type": "Feature",
      "properties": { "Name": "139", "masahat": 229.0 },
      "geometry": {
        "type": "MultiPolygon",
        "coordinates": [
          [
            [
              [52.516613737399929, 29.80813621761251],
              [52.516742059452802, 29.8079617597182],
              [52.516655085181227, 29.807913103034089],
              [52.516526761997191, 29.808087560860141],
              [52.516613737399929, 29.80813621761251]
            ]
          ]
        ]
      }
    },
    {
      "type": "Feature",
      "properties": { "Name": "120", "masahat": 269.0 },
      "geometry": {
        "type": "MultiPolygon",
        "coordinates": [
          [
            [
              [52.516376122188539, 29.808292357334359],
              [52.516463096670307, 29.808341014192671],
              [52.516613737399929, 29.80813621761251],
              [52.516526761997191, 29.808087560860141],
              [52.516376122188539, 29.808292357334359]
            ]
          ]
        ]
      }
    },
    {
      "type": "Feature",
      "properties": { "Name": "138", "masahat": 229.0 },
      "geometry": {
        "type": "MultiPolygon",
        "coordinates": [
          [
            [
              [52.516700711850874, 29.808184874316151],
              [52.516829035876007, 29.808010416317959],
              [52.516742059452802, 29.8079617597182],
              [52.516613737399929, 29.80813621761251],
              [52.516700711850874, 29.808184874316151]
            ]
          ]
        ]
      }
    },
    {
      "type": "Feature",
      "properties": { "Name": "300", "masahat": 299.0 },
      "geometry": {
        "type": "MultiPolygon",
        "coordinates": [
          [
            [
              [52.521656189859932, 29.806534570078099],
              [52.521786653383543, 29.806607550086191],
              [52.521898229115997, 29.806455844712669],
              [52.521767764684093, 29.806382864820979],
              [52.521656189859932, 29.806534570078099]
            ]
          ]
        ]
      }
    },
    {
      "type": "Feature",
      "properties": { "Name": "301", "masahat": 299.0 },
      "geometry": {
        "type": "MultiPolygon",
        "coordinates": [
          [
            [
              [52.521786653383543, 29.806607550086191],
              [52.521917117093153, 29.80668052995798],
              [52.52202869269945, 29.80652882447998],
              [52.521898229115997, 29.806455844712669],
              [52.521786653383543, 29.806607550086191]
            ]
          ]
        ]
      }
    },
    {
      "type": "Feature",
      "properties": { "Name": "302", "masahat": 299.0 },
      "geometry": {
        "type": "MultiPolygon",
        "coordinates": [
          [
            [
              [52.521917117093153, 29.80668052995798],
              [52.522047580988783, 29.806753509693468],
              [52.522159156468923, 29.806601804110961],
              [52.52202869269945, 29.80652882447998],
              [52.521917117093153, 29.80668052995798]
            ]
          ]
        ]
      }
    },
    {
      "type": "Feature",
      "properties": { "Name": "303", "masahat": 297.0 },
      "geometry": {
        "type": "MultiPolygon",
        "coordinates": [
          [
            [
              [52.52228173230943, 29.80668550928597],
              [52.522277320830128, 29.806667902505119],
              [52.522159156468923, 29.806601804110961],
              [52.522047580988783, 29.806753509693468],
              [52.522137429377317, 29.80680376830971],
              [52.522151305693548, 29.806811736608388],
              [52.52216495876084, 29.80681999351442],
              [52.522185270234743, 29.806816667264211],
              [52.52228173230943, 29.80668550928597]
            ]
          ]
        ]
      }
    },
    {
      "type": "Feature",
      "properties": { "Name": "304", "masahat": 347.0 },
      "geometry": {
        "type": "MultiPolygon",
        "coordinates": [
          [
            [
              [52.522285568851601, 29.806747058711281],
              [52.522217086768869, 29.806840172658791],
              [52.522220077990397, 29.806858005142161],
              [52.522238003133253, 29.80687220516775],
              [52.522255349759597, 29.806886941520329],
              [52.522272094878929, 29.80690219912551],
              [52.52228821750122, 29.80691795837415],
              [52.522303698691751, 29.80693419873111],
              [52.522318518522248, 29.806950902379739],
              [52.522332659078657, 29.806968047870811],
              [52.522346103467733, 29.806985612841061],
              [52.522476503524622, 29.806912546124341],
              [52.522460568712987, 29.806891701937641],
              [52.522443832143622, 29.806871341609479],
              [52.522426314847728, 29.806851487455368],
              [52.522408034753063, 29.806832161826598],
              [52.522389014973321, 29.806813387916971],
              [52.522369276539557, 29.80679518804201],
              [52.522348841462573, 29.80677758089665],
              [52.522327734924808, 29.806760589650899],
              [52.522305977875163, 29.806744231207279],
              [52.522285568851601, 29.806747058711281]
            ]
          ]
        ]
      }
    },
    {
      "type": "Feature",
      "properties": { "Name": "305", "masahat": 334.0 },
      "geometry": {
        "type": "MultiPolygon",
        "coordinates": [
          [
            [
              [52.522579932636653, 29.807113840651809],
              [52.522571917867722, 29.807090255090131],
              [52.522563006654828, 29.807066913559449],
              [52.522553210828697, 29.80704384569998],
              [52.52254253900729, 29.807021073970319],
              [52.522531004028387, 29.806998626194439],
              [52.522518619668553, 29.806976523869139],
              [52.522505396696552, 29.806954794842209],
              [52.522491353013052, 29.806933459660581],
              [52.522476503524622, 29.806912546124341],
              [52.522346103467733, 29.806985612841061],
              [52.522358238031607, 29.807002702035518],
              [52.522369712506617, 29.807020133596399],
              [52.522380515226338, 29.80703788870942],
              [52.522390635545207, 29.80705594764628],
              [52.522400059700523, 29.80707428981221],
              [52.52240878015008, 29.807092895443109],
              [52.522416783131092, 29.80711174394424],
              [52.522424064191057, 29.807130814613529],
              [52.52243061369137, 29.807150085906351],
              [52.522579932636653, 29.807113840651809]
            ]
          ]
        ]
      }
    },
    {
      "type": "Feature",
      "properties": { "Name": "306", "masahat": 295.0 },
      "geometry": {
        "type": "MultiPolygon",
        "coordinates": [
          [
            [
              [52.5226653464807, 29.80709310632469],
              [52.522579932636653, 29.807113840651809],
              [52.52243061369137, 29.807150085906351],
              [52.52243586090173, 29.807167535069372],
              [52.522440508918237, 29.807185112047421],
              [52.52244455236324, 29.80720280336768],
              [52.522447988907807, 29.807220591912859],
              [52.522450814181433, 29.80723846239383],
              [52.522707218603067, 29.807211027809711],
              [52.522702813413233, 29.807183531491091],
              [52.522697355048997, 29.807156178145771],
              [52.522690850223817, 29.807129001082259],
              [52.522683304520861, 29.807102027305842],
              [52.5226653464807, 29.80709310632469]
            ]
          ]
        ]
      }
    },
    {
      "type": "Feature",
      "properties": { "Name": "307", "masahat": 366.0 },
      "geometry": {
        "type": "MultiPolygon",
        "coordinates": [
          [
            [
              [52.522743941950523, 29.80720709907936],
              [52.522707218603067, 29.807211027809711],
              [52.522450814181433, 29.80723846239383],
              [52.522453026889643, 29.807256397681389],
              [52.522454622675582, 29.807274383388581],
              [52.522455602313691, 29.807292402362311],
              [52.52245596348871, 29.807310438387461],
              [52.522455709071409, 29.807328476091399],
              [52.522765584439689, 29.80733586049859],
              [52.522765938067067, 29.807306415360799],
              [52.522765154688017, 29.807276975205131],
              [52.522763233802209, 29.807247575227951],
              [52.522760179019798, 29.80721824877363],
              [52.522743941950523, 29.80720709907936]
            ]
          ]
        ]
      }
    },
    {
      "type": "Feature",
      "properties": { "Name": "308", "masahat": 367.0 },
      "geometry": {
        "type": "MultiPolygon",
        "coordinates": [
          [
            [
              [52.522445185194769, 29.807418123339101],
              [52.522750349909522, 29.80746564874396],
              [52.522755173995243, 29.807439872374459],
              [52.522759111745813, 29.80741398350284],
              [52.522762161407357, 29.807388002902911],
              [52.522764320218911, 29.807361953164641],
              [52.522765584439689, 29.80733586049859],
              [52.522455709071409, 29.807328476091399],
              [52.52245483467749, 29.80734649928279],
              [52.522453343164067, 29.807364491686901],
              [52.52245123738826, 29.80738243702892],
              [52.522448517117347, 29.807400319971979],
              [52.522445185194769, 29.807418123339101]
            ]
          ]
        ]
      }
    },
    {
      "type": "Feature",
      "properties": { "Name": "137", "masahat": 229.0 },
      "geometry": {
        "type": "MultiPolygon",
        "coordinates": [
          [
            [
              [52.516787687405369, 29.8082335300452],
              [52.516916010312961, 29.80805907288093],
              [52.516829035876007, 29.808010416317959],
              [52.516700711850874, 29.808184874316151],
              [52.516787687405369, 29.8082335300452]
            ]
          ]
        ]
      }
    },
    {
      "type": "Feature",
      "properties": { "Name": "122", "masahat": 269.0 },
      "geometry": {
        "type": "MultiPolygon",
        "coordinates": [
          [
            [
              [52.516550072269233, 29.808389670978521],
              [52.516637047950852, 29.808438327703801],
              [52.516787687405369, 29.8082335300452],
              [52.516700711850874, 29.808184874316151],
              [52.516550072269233, 29.808389670978521]
            ]
          ]
        ]
      }
    },
    {
      "type": "Feature",
      "properties": { "Name": "136", "masahat": 229.0 },
      "geometry": {
        "type": "MultiPolygon",
        "coordinates": [
          [
            [
              [52.516874662021699, 29.808282186627729],
              [52.51700298586708, 29.80810772937145],
              [52.516916010312961, 29.80805907288093],
              [52.516787687405369, 29.8082335300452],
              [52.516874662021699, 29.808282186627729]
            ]
          ]
        ]
      }
    },
    {
      "type": "Feature",
      "properties": { "Name": "191", "masahat": 269.0 },
      "geometry": {
        "type": "MultiPolygon",
        "coordinates": [
          [
            [
              [52.520701559783816, 29.808013289747372],
              [52.520852191189292, 29.80780848864514],
              [52.520765214153997, 29.807759834743418],
              [52.520614582634991, 29.807964635751588],
              [52.520701559783816, 29.808013289747372]
            ]
          ]
        ]
      }
    },
    {
      "type": "Feature",
      "properties": { "Name": "195", "masahat": 229.0 },
      "geometry": {
        "type": "MultiPolygon",
        "coordinates": [
          [
            [
              [52.520981895236233, 29.807634804945881],
              [52.52098050531302, 29.807634027800979],
              [52.52098034614999, 29.807634244386541],
              [52.520852191189292, 29.80780848864514],
              [52.520939167259137, 29.807857141595999],
              [52.52106748233426, 29.807682681562],
              [52.520981895236233, 29.807634804945881]
            ]
          ]
        ]
      }
    },
    {
      "type": "Feature",
      "properties": { "Name": "192", "masahat": 269.0 },
      "geometry": {
        "type": "MultiPolygon",
        "coordinates": [
          [
            [
              [52.520788535994512, 29.808061944596599],
              [52.520939167259137, 29.807857141595999],
              [52.520852191189292, 29.80780848864514],
              [52.520701559783816, 29.808013289747372],
              [52.520788535994512, 29.808061944596599]
            ]
          ]
        ]
      }
    },
    {
      "type": "Feature",
      "properties": { "Name": "194", "masahat": 224.0 },
      "geometry": {
        "type": "MultiPolygon",
        "coordinates": [
          [
            [
              [52.52102614445981, 29.807905795376548],
              [52.52112795886746, 29.807767365204501],
              [52.521136706904677, 29.807755472006921],
              [52.521126782901391, 29.807715853256621],
              [52.52106748233426, 29.807682681562],
              [52.520939167259137, 29.807857141595999],
              [52.52102614445981, 29.807905795376548]
            ]
          ]
        ]
      }
    },
    {
      "type": "Feature",
      "properties": { "Name": "193", "masahat": 264.0 },
      "geometry": {
        "type": "MultiPolygon",
        "coordinates": [
          [
            [
              [52.520847837739467, 29.808095116398061],
              [52.520893265951742, 29.80808646085648],
              [52.52102614445981, 29.807905795376548],
              [52.520939167259137, 29.807857141595999],
              [52.520788535994512, 29.808061944596599],
              [52.520847837739467, 29.808095116398061]
            ]
          ]
        ]
      }
    },
    {
      "type": "Feature",
      "properties": { "Name": "281", "masahat": 291.0 },
      "geometry": {
        "type": "MultiPolygon",
        "coordinates": [
          [
            [
              [52.520110940900857, 29.805044178456349],
              [52.520094459506758, 29.8050868820396],
              [52.520123835259596, 29.805138497331281],
              [52.520401500697062, 29.805018305470568],
              [52.52035588298844, 29.804938151569939],
              [52.520110940900857, 29.805044178456349]
            ]
          ]
        ]
      }
    },
    {
      "type": "Feature",
      "properties": { "Name": "282", "masahat": 299.0 },
      "geometry": {
        "type": "MultiPolygon",
        "coordinates": [
          [
            [
              [52.520169772865152, 29.805219216999571],
              [52.520447438475443, 29.805099025939938],
              [52.520401500697062, 29.805018305470568],
              [52.520123835259596, 29.805138497331281],
              [52.520169772865152, 29.805219216999571]
            ]
          ]
        ]
      }
    },
    {
      "type": "Feature",
      "properties": { "Name": "283", "masahat": 299.0 },
      "geometry": {
        "type": "MultiPolygon",
        "coordinates": [
          [
            [
              [52.52021571158123, 29.80529993663642],
              [52.520493377350682, 29.805179745475741],
              [52.520447438475443, 29.805099025939938],
              [52.520169772865152, 29.805219216999571],
              [52.52021571158123, 29.80529993663642]
            ]
          ]
        ]
      }
    },
    {
      "type": "Feature",
      "properties": { "Name": "284", "masahat": 299.0 },
      "geometry": {
        "type": "MultiPolygon",
        "coordinates": [
          [
            [
              [52.520261650373392, 29.805380656253739],
              [52.520539316302013, 29.80526046499201],
              [52.520493377350682, 29.805179745475741],
              [52.52021571158123, 29.80529993663642],
              [52.520261650373392, 29.805380656253739]
            ]
          ]
        ]
      }
    },
    {
      "type": "Feature",
      "properties": { "Name": "285", "masahat": 299.0 },
      "geometry": {
        "type": "MultiPolygon",
        "coordinates": [
          [
            [
              [52.520307588207153, 29.805461375863459],
              [52.52058525429495, 29.805341184500652],
              [52.520539316302013, 29.80526046499201],
              [52.520261650373392, 29.805380656253739],
              [52.520307588207153, 29.805461375863459]
            ]
          ]
        ]
      }
    },
    {
      "type": "Feature",
      "properties": { "Name": "286", "masahat": 299.0 },
      "geometry": {
        "type": "MultiPolygon",
        "coordinates": [
          [
            [
              [52.520353527165099, 29.805542096343899],
              [52.520631193398422, 29.805421903977859],
              [52.52058525429495, 29.805341184500652],
              [52.520307588207153, 29.805461375863459],
              [52.520353527165099, 29.805542096343899]
            ]
          ]
        ]
      }
    },
    {
      "type": "Feature",
      "properties": { "Name": "287", "masahat": 324.0 },
      "geometry": {
        "type": "MultiPolygon",
        "coordinates": [
          [
            [
              [52.520644294562899, 29.80544492313452],
              [52.520631193398422, 29.805421903977859],
              [52.520353527165099, 29.805542096343899],
              [52.520366617666681, 29.805565097605019],
              [52.520387326392623, 29.805600286450911],
              [52.520409113968967, 29.805634977428468],
              [52.520678893878909, 29.80550182626396],
              [52.520661156010817, 29.80547357735276],
              [52.520644294562899, 29.80544492313452]
            ]
          ]
        ]
      }
    },
    {
      "type": "Feature",
      "properties": { "Name": "288", "masahat": 333.0 },
      "geometry": {
        "type": "MultiPolygon",
        "coordinates": [
          [
            [
              [52.520409113968967, 29.805634977428468],
              [52.520430346961788, 29.80566679365684],
              [52.520452487412172, 29.805698135644349],
              [52.520475522620501, 29.80572898458783],
              [52.520733071278727, 29.805578536604369],
              [52.520714279065182, 29.805553363231031],
              [52.520696216406492, 29.805527788044859],
              [52.520678893878909, 29.80550182626396],
              [52.520409113968967, 29.805634977428468]
            ]
          ]
        ]
      }
    },
    {
      "type": "Feature",
      "properties": { "Name": "289", "masahat": 333.0 },
      "geometry": {
        "type": "MultiPolygon",
        "coordinates": [
          [
            [
              [52.520475522620501, 29.80572898458783],
              [52.520499435722023, 29.805759319927368],
              [52.520524214017009, 29.805789122859771],
              [52.520549840681483, 29.805818375531629],
              [52.520793702728973, 29.805651480323821],
              [52.520772794728288, 29.80562761080807],
              [52.520752580360927, 29.805603290263988],
              [52.520733071278727, 29.805578536604369],
              [52.520475522620501, 29.80572898458783]
            ]
          ]
        ]
      }
    },
    {
      "type": "Feature",
      "properties": { "Name": "290", "masahat": 333.0 },
      "geometry": {
        "type": "MultiPolygon",
        "coordinates": [
          [
            [
              [52.520549840681483, 29.805818375531629],
              [52.520576299898579, 29.805847058273319],
              [52.520603574857859, 29.80587515413357],
              [52.520631648721512, 29.80590264435682],
              [52.52086044577171, 29.80572024718742],
              [52.52083754090976, 29.805697814609999],
              [52.520815288655228, 29.805674886359149],
              [52.520793702728973, 29.805651480323821],
              [52.520549840681483, 29.805818375531629]
            ]
          ]
        ]
      }
    },
    {
      "type": "Feature",
      "properties": { "Name": "291", "masahat": 333.0 },
      "geometry": {
        "type": "MultiPolygon",
        "coordinates": [
          [
            [
              [52.520631648721512, 29.80590264435682],
              [52.520660503671778, 29.80592951380806],
              [52.52069012183626, 29.805955743743642],
              [52.520720483287242, 29.805981316345861],
              [52.520932923074326, 29.805784447212709],
              [52.520908150513542, 29.805763577317951],
              [52.52088398652603, 29.80574217345557],
              [52.52086044577171, 29.80572024718742],
              [52.520631648721512, 29.80590264435682]
            ]
          ]
        ]
      }
    },
    {
      "type": "Feature",
      "properties": { "Name": "292", "masahat": 332.0 },
      "geometry": {
        "type": "MultiPolygon",
        "coordinates": [
          [
            [
              [52.521001564481388, 29.805853599097919],
              [52.52099944736657, 29.80583567079622],
              [52.520965710165903, 29.80581052782113],
              [52.520932923074326, 29.805784447212709],
              [52.520720483287242, 29.805981316345861],
              [52.52075157129579, 29.806006220076519],
              [52.520783364872322, 29.806030435325489],
              [52.5208158441298, 29.806053946981681],
              [52.520978249837711, 29.80587874999231],
              [52.521001564481388, 29.805853599097919]
            ]
          ]
        ]
      }
    },
    {
      "type": "Feature",
      "properties": { "Name": "293", "masahat": 282.0 },
      "geometry": {
        "type": "MultiPolygon",
        "coordinates": [
          [
            [
              [52.520978249837711, 29.80587874999231],
              [52.5208158441298, 29.806053946981681],
              [52.520848989222152, 29.806076742640389],
              [52.520882778193297, 29.806098807214351],
              [52.520917191142431, 29.806120124690249],
              [52.521064046785888, 29.80593478307074],
              [52.521034913424501, 29.805916733538702],
              [52.521006309550494, 29.805898051691209],
              [52.520978249837711, 29.80587874999231]
            ]
          ]
        ]
      }
    },
    {
      "type": "Feature",
      "properties": { "Name": "294", "masahat": 264.0 },
      "geometry": {
        "type": "MultiPolygon",
        "coordinates": [
          [
            [
              [52.520917191142431, 29.806120124690249],
              [52.520965927027817, 29.80614844176073],
              [52.521012569305, 29.806174534316021],
              [52.521152039851152, 29.80598490313518],
              [52.521105396609549, 29.805958811540648],
              [52.521064046785888, 29.80593478307074],
              [52.520917191142431, 29.806120124690249]
            ]
          ]
        ]
      }
    },
    {
      "type": "Feature",
      "properties": { "Name": "295", "masahat": 247.0 },
      "geometry": {
        "type": "MultiPolygon",
        "coordinates": [
          [
            [
              [52.521231126295582, 29.806044284279359],
              [52.521226715018457, 29.806026676552111],
              [52.521152039851152, 29.80598490313518],
              [52.521012569305, 29.806174534316021],
              [52.52108724559703, 29.806216307795829],
              [52.521107434262177, 29.806212460680399],
              [52.521231126295582, 29.806044284279359]
            ]
          ]
        ]
      }
    },
    {
      "type": "Feature",
      "properties": { "Name": "296", "masahat": 297.0 },
      "geometry": {
        "type": "MultiPolygon",
        "coordinates": [
          [
            [
              [52.521238022726543, 29.806101671292851],
              [52.521142224785663, 29.806231922176789],
              [52.521146635037979, 29.806249530820601],
              [52.52126479938444, 29.806315630150038],
              [52.521376374587078, 29.80616392520637],
              [52.52125821137566, 29.806097825057499],
              [52.521238022726543, 29.806101671292851]
            ]
          ]
        ]
      }
    },
    {
      "type": "Feature",
      "properties": { "Name": "297", "masahat": 299.0 },
      "geometry": {
        "type": "MultiPolygon",
        "coordinates": [
          [
            [
              [52.52126479938444, 29.806315630150038],
              [52.521395262349976, 29.806388610567058],
              [52.521506838460922, 29.80623690550701],
              [52.521376374587078, 29.80616392520637],
              [52.52126479938444, 29.806315630150038]
            ]
          ]
        ]
      }
    },
    {
      "type": "Feature",
      "properties": { "Name": "81", "masahat": 269.0 },
      "geometry": {
        "type": "MultiPolygon",
        "coordinates": [
          [
            [
              [52.516104482472713, 29.808920759497131],
              [52.51600115038368, 29.80892071884832],
              [52.516001024742607, 29.80916402986799],
              [52.516104358116429, 29.809164070496259],
              [52.516104482472713, 29.808920759497131]
            ]
          ]
        ]
      }
    },
    {
      "type": "Feature",
      "properties": { "Name": "103", "masahat": 229.0 },
      "geometry": {
        "type": "MultiPolygon",
        "coordinates": [
          [
            [
              [52.516104482472713, 29.808920759497131],
              [52.51620781557898, 29.808920799151089],
              [52.516207922766263, 29.808713533574949],
              [52.51610458985958, 29.808713493011421],
              [52.516104482472713, 29.808920759497131]
            ]
          ]
        ]
      }
    },
    {
      "type": "Feature",
      "properties": { "Name": "82", "masahat": 269.0 },
      "geometry": {
        "type": "MultiPolygon",
        "coordinates": [
          [
            [
              [52.51620781557898, 29.808920799151089],
              [52.516104482472713, 29.808920759497131],
              [52.516104358116429, 29.809164070496259],
              [52.516207690452092, 29.809164111055551],
              [52.51620781557898, 29.808920799151089]
            ]
          ]
        ]
      }
    },
    {
      "type": "Feature",
      "properties": { "Name": "102", "masahat": 229.0 },
      "geometry": {
        "type": "MultiPolygon",
        "coordinates": [
          [
            [
              [52.51620781557898, 29.808920799151089],
              [52.516311147660723, 29.80892083963824],
              [52.516311254634822, 29.80871357406949],
              [52.516207922766263, 29.808713533574949],
              [52.51620781557898, 29.808920799151089]
            ]
          ]
        ]
      }
    },
    {
      "type": "Feature",
      "properties": { "Name": "83", "masahat": 269.0 },
      "geometry": {
        "type": "MultiPolygon",
        "coordinates": [
          [
            [
              [52.516311147660723, 29.80892083963824],
              [52.51620781557898, 29.808920799151089],
              [52.516207690452092, 29.809164111055551],
              [52.516311023818602, 29.80916415152215],
              [52.516311147660723, 29.80892083963824]
            ]
          ]
        ]
      }
    },
    {
      "type": "Feature",
      "properties": { "Name": "101", "masahat": 229.0 },
      "geometry": {
        "type": "MultiPolygon",
        "coordinates": [
          [
            [
              [52.516317602353773, 29.8087135761178],
              [52.516311254634822, 29.80871357406949],
              [52.516311147660723, 29.80892083963824],
              [52.516414480773307, 29.80892088003268],
              [52.516414585400049, 29.808714981520101],
              [52.516414586499721, 29.80871361448321],
              [52.516317602353773, 29.8087135761178]
            ]
          ]
        ]
      }
    },
    {
      "type": "Feature",
      "properties": { "Name": "84", "masahat": 269.0 },
      "geometry": {
        "type": "MultiPolygon",
        "coordinates": [
          [
            [
              [52.516414480773307, 29.80892088003268],
              [52.516311147660723, 29.80892083963824],
              [52.516311023818602, 29.80916415152215],
              [52.51641435613336, 29.80916419101759],
              [52.516414480773307, 29.80892088003268]
            ]
          ]
        ]
      }
    },
    {
      "type": "Feature",
      "properties": { "Name": "100", "masahat": 229.0 },
      "geometry": {
        "type": "MultiPolygon",
        "coordinates": [
          [
            [
              [52.516420626920812, 29.808713616443971],
              [52.516414586499721, 29.80871361448321],
              [52.516414585400049, 29.808714981520101],
              [52.516414480773307, 29.80892088003268],
              [52.516517813882253, 29.808920920346289],
              [52.516517919395461, 29.808713654804219],
              [52.516420626920812, 29.808713616443971]
            ]
          ]
        ]
      }
    },
    {
      "type": "Feature",
      "properties": { "Name": "85", "masahat": 269.0 },
      "geometry": {
        "type": "MultiPolygon",
        "coordinates": [
          [
            [
              [52.516517813882253, 29.808920920346289],
              [52.516414480773307, 29.80892088003268],
              [52.51641435613336, 29.80916419101759],
              [52.516517689492581, 29.809164231322509],
              [52.516517813882253, 29.808920920346289]
            ]
          ]
        ]
      }
    },
    {
      "type": "Feature",
      "properties": { "Name": "99", "masahat": 229.0 },
      "geometry": {
        "type": "MultiPolygon",
        "coordinates": [
          [
            [
              [52.516517813882253, 29.808920920346289],
              [52.516621146987553, 29.808920960579051],
              [52.516621251253071, 29.808713695056269],
              [52.516517919395461, 29.808713654804219],
              [52.516517813882253, 29.808920920346289]
            ]
          ]
        ]
      }
    },
    {
      "type": "Feature",
      "properties": { "Name": "86", "masahat": 269.0 },
      "geometry": {
        "type": "MultiPolygon",
        "coordinates": [
          [
            [
              [52.516621146987553, 29.808920960579051],
              [52.516517813882253, 29.808920920346289],
              [52.516517689492581, 29.809164231322509],
              [52.516621021813648, 29.809164271558458],
              [52.516621146987553, 29.808920960579051]
            ]
          ]
        ]
      }
    },
    {
      "type": "Feature",
      "properties": { "Name": "98", "masahat": 228.0 },
      "geometry": {
        "type": "MultiPolygon",
        "coordinates": [
          [
            [
              [52.516709971443873, 29.808713729705101],
              [52.516621251253071, 29.808713695056269],
              [52.516621146987553, 29.808920960579051],
              [52.516724478020187, 29.808921000754729],
              [52.516724577837351, 29.808726479742951],
              [52.516709971443873, 29.808713729705101]
            ]
          ]
        ]
      }
    },
    {
      "type": "Feature",
      "properties": { "Name": "87", "masahat": 268.0 },
      "geometry": {
        "type": "MultiPolygon",
        "coordinates": [
          [
            [
              [52.516724478020187, 29.808921000754729],
              [52.516621146987553, 29.808920960579051],
              [52.516621021813648, 29.809164271558458],
              [52.516701978189367, 29.809164304182431],
              [52.516709742415983, 29.8091643070956],
              [52.516710827989293, 29.809163360726931],
              [52.516724361480819, 29.809151568077318],
              [52.516724478020187, 29.808921000754729]
            ]
          ]
        ]
      }
    },
    {
      "type": "Feature",
      "properties": { "Name": "97", "masahat": 282.0 },
      "geometry": {
        "type": "MultiPolygon",
        "coordinates": [
          [
            [
              [52.516927018666337, 29.808699800212871],
              [52.516884410971507, 29.80871604036362],
              [52.516809716017107, 29.808882326712439],
              [52.516930211133129, 29.808923492618021],
              [52.517016900256273, 29.80873050672675],
              [52.516927018666337, 29.808699800212871]
            ]
          ]
        ]
      }
    },
    {
      "type": "Feature",
      "properties": { "Name": "88", "masahat": 291.0 },
      "geometry": {
        "type": "MultiPolygon",
        "coordinates": [
          [
            [
              [52.516930211133129, 29.808923492618021],
              [52.516809716017107, 29.808882326712439],
              [52.51676578161586, 29.80898013158669],
              [52.516765705999077, 29.809128606610081],
              [52.516828445099328, 29.809150041209922],
              [52.516930211133129, 29.808923492618021]
            ]
          ]
        ]
      }
    },
    {
      "type": "Feature",
      "properties": { "Name": "96", "masahat": 229.0 },
      "geometry": {
        "type": "MultiPolygon",
        "coordinates": [
          [
            [
              [52.516930211133129, 29.808923492618021],
              [52.517026424656748, 29.808956362390091],
              [52.517113112569483, 29.808763375551809],
              [52.517016900256273, 29.80873050672675],
              [52.516930211133129, 29.808923492618021]
            ]
          ]
        ]
      }
    },
    {
      "type": "Feature",
      "properties": { "Name": "89", "masahat": 269.0 },
      "geometry": {
        "type": "MultiPolygon",
        "coordinates": [
          [
            [
              [52.516828445099328, 29.809150041209922],
              [52.516924659834338, 29.809182910134531],
              [52.517026424656748, 29.808956362390091],
              [52.516930211133129, 29.808923492618021],
              [52.516828445099328, 29.809150041209922]
            ]
          ]
        ]
      }
    },
    {
      "type": "Feature",
      "properties": { "Name": "95", "masahat": 229.0 },
      "geometry": {
        "type": "MultiPolygon",
        "coordinates": [
          [
            [
              [52.517026424656748, 29.808956362390091],
              [52.517122638226958, 29.808989231187539],
              [52.517209327025498, 29.80879624518283],
              [52.517113112569483, 29.808763375551809],
              [52.517026424656748, 29.808956362390091]
            ]
          ]
        ]
      }
    },
    {
      "type": "Feature",
      "properties": { "Name": "90", "masahat": 269.0 },
      "geometry": {
        "type": "MultiPolygon",
        "coordinates": [
          [
            [
              [52.516924659834338, 29.809182910134531],
              [52.517020873622329, 29.809215780802901],
              [52.517122638226958, 29.808989231187539],
              [52.517026424656748, 29.808956362390091],
              [52.516924659834338, 29.809182910134531]
            ]
          ]
        ]
      }
    },
    {
      "type": "Feature",
      "properties": { "Name": "94", "masahat": 229.0 },
      "geometry": {
        "type": "MultiPolygon",
        "coordinates": [
          [
            [
              [52.517122638226958, 29.808989231187539],
              [52.517218851884643, 29.80902210171686],
              [52.517305540520901, 29.808829115655449],
              [52.517209327025498, 29.80879624518283],
              [52.517122638226958, 29.808989231187539]
            ]
          ]
        ]
      }
    },
    {
      "type": "Feature",
      "properties": { "Name": "91", "masahat": 269.0 },
      "geometry": {
        "type": "MultiPolygon",
        "coordinates": [
          [
            [
              [52.517020873622329, 29.809215780802901],
              [52.517117087456903, 29.809248650496659],
              [52.517218851884643, 29.80902210171686],
              [52.517122638226958, 29.808989231187539],
              [52.517020873622329, 29.809215780802901]
            ]
          ]
        ]
      }
    },
    {
      "type": "Feature",
      "properties": { "Name": "93", "masahat": 224.0 },
      "geometry": {
        "type": "MultiPolygon",
        "coordinates": [
          [
            [
              [52.51738976081608, 29.808888682849851],
              [52.517371138576493, 29.80885152597029],
              [52.517305540520901, 29.808829115655449],
              [52.517218851884643, 29.80902210171686],
              [52.51731506558891, 29.809054971271578],
              [52.51738976081608, 29.808888682849851]
            ]
          ]
        ]
      }
    },
    {
      "type": "Feature",
      "properties": { "Name": "92", "masahat": 264.0 },
      "geometry": {
        "type": "MultiPolygon",
        "coordinates": [
          [
            [
              [52.517117087456903, 29.809248650496659],
              [52.517182686787542, 29.80927106088367],
              [52.517225294660982, 29.809254820631459],
              [52.51731506558891, 29.809054971271578],
              [52.517218851884643, 29.80902210171686],
              [52.517117087456903, 29.809248650496659]
            ]
          ]
        ]
      }
    },
    {
      "type": "Feature",
      "properties": { "Name": "74", "masahat": 224.0 },
      "geometry": {
        "type": "MultiPolygon",
        "coordinates": [
          [
            [
              [52.515484304215093, 29.809271965434039],
              [52.515413851816788, 29.809271937920869],
              [52.51538095511318, 29.809300599533952],
              [52.515380947800693, 29.809314729146781],
              [52.515380930014487, 29.809348610804321],
              [52.515380861867293, 29.809479189943058],
              [52.515484195587433, 29.80947923104511],
              [52.515484302436313, 29.80927527789456],
              [52.515484304215093, 29.809271965434039]
            ]
          ]
        ]
      }
    },
    {
      "type": "Feature",
      "properties": { "Name": "42", "masahat": 264.0 },
      "geometry": {
        "type": "MultiPolygon",
        "coordinates": [
          [
            [
              [52.515484195587433, 29.80947923104511],
              [52.515380861867293, 29.809479189943058],
              [52.515380860768332, 29.809482204628079],
              [52.515380838513437, 29.809523886045159],
              [52.515380751436879, 29.809693827579949],
              [52.515413617076227, 29.809722514574311],
              [52.515484069790531, 29.809722542076539],
              [52.515484186474133, 29.809496258950119],
              [52.515484194067923, 29.809482492069939],
              [52.515484195587433, 29.80947923104511]
            ]
          ]
        ]
      }
    },
    {
      "type": "Feature",
      "properties": { "Name": "73", "masahat": 229.0 },
      "geometry": {
        "type": "MultiPolygon",
        "coordinates": [
          [
            [
              [52.51548525819635, 29.8092719662225],
              [52.515484304215093, 29.809271965434039],
              [52.515484302436313, 29.80927527789456],
              [52.515484195587433, 29.80947923104511],
              [52.515587529303907, 29.809479272066309],
              [52.515587637718369, 29.809272006462631],
              [52.51548525819635, 29.8092719662225]
            ]
          ]
        ]
      }
    },
    {
      "type": "Feature",
      "properties": { "Name": "309", "masahat": 367.0 },
      "geometry": {
        "type": "MultiPolygon",
        "coordinates": [
          [
            [
              [52.522713134983263, 29.80759201241159],
              [52.522722303990257, 29.807567149655899],
              [52.522730617005202, 29.80754206035494],
              [52.52273806605362, 29.807516764451901],
              [52.52274464633286, 29.807491286365028],
              [52.522750349909522, 29.80746564874396],
              [52.522445185194769, 29.807418123339101],
              [52.522441245539397, 29.807435832647929],
              [52.52243669996021, 29.80745343073335],
              [52.522431555479542, 29.807470903077231],
              [52.522425812871909, 29.807488232526399],
              [52.52241948020778, 29.807505405452911],
              [52.522606192174841, 29.807560472322749],
              [52.522713134983263, 29.80759201241159]
            ]
          ]
        ]
      }
    },
    {
      "type": "Feature",
      "properties": { "Name": "310", "masahat": 305.0 },
      "geometry": {
        "type": "MultiPolygon",
        "coordinates": [
          [
            [
              [52.522606192174841, 29.807560472322749],
              [52.52241948020778, 29.807505405452911],
              [52.52241238652325, 29.8075228154356],
              [52.522407625897372, 29.807533458168699],
              [52.522404686635817, 29.807540027574522],
              [52.522396384437052, 29.80755702558292],
              [52.522387492121737, 29.807573794882948],
              [52.522378014616017, 29.807590319175919],
              [52.522367960997599, 29.807606583017591],
              [52.522379863621303, 29.807650428818629],
              [52.52249334614654, 29.807713906426802],
              [52.522496133007976, 29.807710117034102],
              [52.522606192174841, 29.807560472322749]
            ]
          ]
        ]
      }
    },
    {
      "type": "Feature",
      "properties": { "Name": "310.1", "masahat": 293.0 },
      "geometry": {
        "type": "MultiPolygon",
        "coordinates": [
          [
            [
              [52.522713134983263, 29.80759201241159],
              [52.522606192174841, 29.807560472322749],
              [52.522496133007976, 29.807710117034102],
              [52.52249334614654, 29.807713906426802],
              [52.522496030025387, 29.807715407650321],
              [52.522598477715832, 29.80777271498404],
              [52.522618667656857, 29.807768867617611],
              [52.522733333287754, 29.80761296082434],
              [52.522726496203013, 29.807595952285912],
              [52.522713134983263, 29.80759201241159]
            ]
          ]
        ]
      }
    },
    {
      "type": "Feature",
      "properties": { "Name": "311", "masahat": 297.0 },
      "geometry": {
        "type": "MultiPolygon",
        "coordinates": [
          [
            [
              [52.522805043009861, 29.807582224145829],
              [52.522653459021242, 29.80778832958439],
              [52.522657869589708, 29.807805936357671],
              [52.522732546718608, 29.807847707940279],
              [52.522899908903341, 29.807620149156339],
              [52.522825232903578, 29.807578376749358],
              [52.522805043009861, 29.807582224145829]
            ]
          ]
        ]
      }
    },
    {
      "type": "Feature",
      "properties": { "Name": "312", "masahat": 299.0 },
      "geometry": {
        "type": "MultiPolygon",
        "coordinates": [
          [
            [
              [52.522986886783222, 29.80766880162129],
              [52.522899908903341, 29.807620149156339],
              [52.522732546718608, 29.807847707940279],
              [52.522819523690167, 29.807896360521639],
              [52.522986886783222, 29.80766880162129]
            ]
          ]
        ]
      }
    },
    {
      "type": "Feature",
      "properties": { "Name": "313", "masahat": 299.0 },
      "geometry": {
        "type": "MultiPolygon",
        "coordinates": [
          [
            [
              [52.523073863697611, 29.807717453135389],
              [52.522986886783222, 29.80766880162129],
              [52.522819523690167, 29.807896360521639],
              [52.522906501778891, 29.80794501303048],
              [52.523073863697611, 29.807717453135389]
            ]
          ]
        ]
      }
    },
    {
      "type": "Feature",
      "properties": { "Name": "314", "masahat": 299.0 },
      "geometry": {
        "type": "MultiPolygon",
        "coordinates": [
          [
            [
              [52.523160841742829, 29.807766105479161],
              [52.523073863697611, 29.807717453135389],
              [52.522906501778891, 29.80794501303048],
              [52.522993478915822, 29.80799366549066],
              [52.523160841742829, 29.807766105479161]
            ]
          ]
        ]
      }
    },
    {
      "type": "Feature",
      "properties": { "Name": "315", "masahat": 299.0 },
      "geometry": {
        "type": "MultiPolygon",
        "coordinates": [
          [
            [
              [52.523247820905198, 29.80781475775041],
              [52.523160841742829, 29.807766105479161],
              [52.522993478915822, 29.80799366549066],
              [52.523080457169897, 29.808042317878321],
              [52.523247820905198, 29.80781475775041]
            ]
          ]
        ]
      }
    },
    {
      "type": "Feature",
      "properties": { "Name": "316", "masahat": 299.0 },
      "geometry": {
        "type": "MultiPolygon",
        "coordinates": [
          [
            [
              [52.523334798081301, 29.807863409984929],
              [52.523247820905198, 29.80781475775041],
              [52.523080457169897, 29.808042317878321],
              [52.523167436541137, 29.80809097019349],
              [52.523334798081301, 29.807863409984929]
            ]
          ]
        ]
      }
    },
    {
      "type": "Feature",
      "properties": { "Name": "317", "masahat": 299.0 },
      "geometry": {
        "type": "MultiPolygon",
        "coordinates": [
          [
            [
              [52.523421776374548, 29.807912062146919],
              [52.523334798081301, 29.807863409984929],
              [52.523167436541137, 29.80809097019349],
              [52.523254413912433, 29.80813962156973],
              [52.523421776374548, 29.807912062146919]
            ]
          ]
        ]
      }
    },
    {
      "type": "Feature",
      "properties": { "Name": "318", "masahat": 299.0 },
      "geometry": {
        "type": "MultiPolygon",
        "coordinates": [
          [
            [
              [52.52334139241453, 29.808188273775649],
              [52.523508753716008, 29.807960714260261],
              [52.523421776374548, 29.807912062146919],
              [52.523254413912433, 29.80813962156973],
              [52.52334139241453, 29.808188273775649]
            ]
          ]
        ]
      }
    },
    {
      "type": "Feature",
      "properties": { "Name": "319", "masahat": 332.0 },
      "geometry": {
        "type": "MultiPolygon",
        "coordinates": [
          [
            [
              [52.52334139241453, 29.808188273775649],
              [52.523382685133519, 29.808211372753519],
              [52.523397584873493, 29.808219945401341],
              [52.52341222580155, 29.808228849477569],
              [52.52342659853911, 29.8082380805788],
              [52.523613880742417, 29.80802264859447],
              [52.523592990236821, 29.808009223768838],
              [52.523571707581539, 29.807996275377342],
              [52.523550047382173, 29.807983811372281],
              [52.523508753716008, 29.807960714260261],
              [52.52334139241453, 29.808188273775649]
            ]
          ]
        ]
      }
    },
    {
      "type": "Feature",
      "properties": { "Name": "320", "masahat": 366.0 },
      "geometry": {
        "type": "MultiPolygon",
        "coordinates": [
          [
            [
              [52.523504056487212, 29.80829759995585],
              [52.523725990429988, 29.808108850651081],
              [52.52370476900596, 29.808090457850639],
              [52.523682928046043, 29.808072625315749],
              [52.523660485396157, 29.808055369984508],
              [52.523637464047283, 29.808038706931018],
              [52.523613880742417, 29.80802264859447],
              [52.52342659853911, 29.8082380805788],
              [52.523442891804947, 29.80824916727342],
              [52.523458798235509, 29.808260671690778],
              [52.523474303238757, 29.80827258678071],
              [52.523489394209477, 29.808284900056069],
              [52.523504056487212, 29.80829759995585]
            ]
          ]
        ]
      }
    },
    {
      "type": "Feature",
      "properties": { "Name": "321", "masahat": 364.0 },
      "geometry": {
        "type": "MultiPolygon",
        "coordinates": [
          [
            [
              [52.523810243629342, 29.808216103869832],
              [52.523813490555703, 29.808198305064881],
              [52.523792922871763, 29.80817499067993],
              [52.523771467496253, 29.808152292890622],
              [52.523749147598252, 29.808130238499089],
              [52.523725990429988, 29.808108850651081],
              [52.523504056487212, 29.80829759995585],
              [52.52351931570923, 29.808311660895381],
              [52.523534049489953, 29.808326142058618],
              [52.523548245183079, 29.808341028251998],
              [52.523561883908023, 29.80835630254925],
              [52.523582299912363, 29.808359103463101],
              [52.523810243629342, 29.808216103869832]
            ]
          ]
        ]
      }
    }
  ]
}
