{
  "type": "FeatureCollection",
  "name": "ناحیه 58 هکتاری",
  "centroid": [
    52.521155,
    29.801406
  ],
  "crs": {
    "type": "name",
    "properties": {
      "name": "urn:ogc:def:crs:OGC:1.3:CRS84"
    }
  },
  "features": [
    {
      "type": "Feature",
      "geometry": {
        "type": "Polygon",
        "coordinates": [
          [
            [
              52.51869323477731,
              29.79793423374418
            ],
            [
              52.51860535315262,
              29.7981364733627
            ],
            [
              52.5185087375193,
              29.79810453576824
            ],
            [
              52.51859662035081,
              29.7979022961953
            ],
            [
              52.51869323477731,
              29.79793423374418
            ]
          ]
        ]
      },
      "properties": {
        "name": "317",
        "area_m2": 276.92,
        "centroid": [
          52.518601,
          29.798019
        ]
      }
    },
    {
      "type": "Feature",
      "geometry": {
        "type": "Polygon",
        "coordinates": [
          [
            [
              52.5185087375193,
              29.79810453576824
            ],
            [
              52.51860535315262,
              29.7981364733627
            ],
            [
              52.51851747117672,
              29.79833871202705
            ],
            [
              52.51842085537098,
              29.79830677437513
            ],
            [
              52.5185087375193,
              29.79810453576824
            ]
          ]
        ]
      },
      "properties": {
        "name": "272",
        "area_m2": 276.92,
        "centroid": [
          52.518513,
          29.798222
        ]
      }
    },
    {
      "type": "Feature",
      "geometry": {
        "type": "Polygon",
        "coordinates": [
          [
            [
              52.5187898502968,
              29.79796617120822
            ],
            [
              52.51870196779652,
              29.79816840999392
            ],
            [
              52.51860535315262,
              29.7981364733627
            ],
            [
              52.51869323477731,
              29.79793423374418
            ],
            [
              52.5187898502968,
              29.79796617120822
            ]
          ]
        ]
      },
      "properties": {
        "name": "316",
        "area_m2": 276.91,
        "centroid": [
          52.518698,
          29.798051
        ]
      }
    },
    {
      "type": "Feature",
      "geometry": {
        "type": "Polygon",
        "coordinates": [
          [
            [
              52.51860535315262,
              29.7981364733627
            ],
            [
              52.51870196779652,
              29.79816840999392
            ],
            [
              52.51861408600671,
              29.79837064961792
            ],
            [
              52.51851747117672,
              29.79833871202705
            ],
            [
              52.51860535315262,
              29.7981364733627
            ]
          ]
        ]
      },
      "properties": {
        "name": "273",
        "area_m2": 276.91,
        "centroid": [
          52.51861,
          29.798254
        ]
      }
    },
    {
      "type": "Feature",
      "geometry": {
        "type": "Polygon",
        "coordinates": [
          [
            [
              52.5188864648269,
              29.79799810770902
            ],
            [
              52.51879858354705,
              29.79820034744246
            ],
            [
              52.51870196779652,
              29.79816840999392
            ],
            [
              52.5187898502968,
              29.79796617120822
            ],
            [
              52.5188864648269,
              29.79799810770902
            ]
          ]
        ]
      },
      "properties": {
        "name": "315",
        "area_m2": 276.92,
        "centroid": [
          52.518794,
          29.798083
        ]
      }
    },
    {
      "type": "Feature",
      "geometry": {
        "type": "Polygon",
        "coordinates": [
          [
            [
              52.51871070192967,
              29.79840258712392
            ],
            [
              52.51861408600671,
              29.79837064961792
            ],
            [
              52.51870196779652,
              29.79816840999392
            ],
            [
              52.51879858354705,
              29.79820034744246
            ],
            [
              52.51871070192967,
              29.79840258712392
            ]
          ]
        ]
      },
      "properties": {
        "name": "274",
        "area_m2": 276.92,
        "centroid": [
          52.518706,
          29.798285
        ]
      }
    },
    {
      "type": "Feature",
      "geometry": {
        "type": "Polygon",
        "coordinates": [
          [
            [
              52.5188889560753,
              29.79799893177692
            ],
            [
              52.51894892155382,
              29.79801875339311
            ],
            [
              52.51894893645764,
              29.79801878119395
            ],
            [
              52.51896544484204,
              29.79805075580947
            ],
            [
              52.518970134115,
              29.79805983797556
            ],
            [
              52.51896975719905,
              29.79806070583458
            ],
            [
              52.5189565328953,
              29.79809113811695
            ],
            [
              52.51889519832181,
              29.79823228482992
            ],
            [
              52.51879858354705,
              29.79820034744246
            ],
            [
              52.5188864648269,
              29.79799810770902
            ],
            [
              52.5188889560753,
              29.79799893177692
            ]
          ]
        ]
      },
      "properties": {
        "name": "314",
        "area_m2": 269.7,
        "centroid": [
          52.518889,
          29.798117
        ]
      }
    },
    {
      "type": "Feature",
      "geometry": {
        "type": "Polygon",
        "coordinates": [
          [
            [
              52.51889519832181,
              29.79823228482992
            ],
            [
              52.51888711895497,
              29.79825087809601
            ],
            [
              52.51888243391087,
              29.79826166060872
            ],
            [
              52.51885001237651,
              29.79833626946826
            ],
            [
              52.51883468043281,
              29.7983715525084
            ],
            [
              52.51882026331756,
              29.79840473163462
            ],
            [
              52.51881975628415,
              29.79840493055957
            ],
            [
              52.51879082060285,
              29.79841629584672
            ],
            [
              52.51877818289991,
              29.79842125950608
            ],
            [
              52.51877315784514,
              29.79842323289418
            ],
            [
              52.51871070192967,
              29.79840258712392
            ],
            [
              52.51879858354705,
              29.79820034744246
            ],
            [
              52.51889519832181,
              29.79823228482992
            ]
          ]
        ]
      },
      "properties": {
        "name": "275",
        "area_m2": 269.7,
        "centroid": [
          52.518803,
          29.798315
        ]
      }
    },
    {
      "type": "Feature",
      "geometry": {
        "type": "Polygon",
        "coordinates": [
          [
            [
              52.51745428911997,
              29.79810743427613
            ],
            [
              52.5175051820455,
              29.79812380825978
            ],
            [
              52.51741936262566,
              29.79832671915964
            ],
            [
              52.51736088358851,
              29.79830790482465
            ],
            [
              52.51734917172092,
              29.79829305614477
            ],
            [
              52.51735317088352,
              29.79824997913957
            ],
            [
              52.51736252002614,
              29.79820753730664
            ],
            [
              52.51737710986877,
              29.79816623630066
            ],
            [
              52.51739126047003,
              29.79813277975656
            ],
            [
              52.51739813094995,
              29.79811653297145
            ],
            [
              52.51743566247743,
              29.79810144103386
            ],
            [
              52.51745428911997,
              29.79810743427613
            ]
          ]
        ]
      },
      "properties": {
        "name": "248",
        "area_m2": 254.83,
        "centroid": [
          52.517419,
          29.798208
        ]
      }
    },
    {
      "type": "Feature",
      "geometry": {
        "type": "Polygon",
        "coordinates": [
          [
            [
              52.51760211817245,
              29.79815499578827
            ],
            [
              52.51751629789312,
              29.7983579067561
            ],
            [
              52.51741936262566,
              29.79832671915964
            ],
            [
              52.5175051820455,
              29.79812380825978
            ],
            [
              52.51760211817245,
              29.79815499578827
            ]
          ]
        ]
      },
      "properties": {
        "name": "249",
        "area_m2": 276.91,
        "centroid": [
          52.517511,
          29.798241
        ]
      }
    },
    {
      "type": "Feature",
      "geometry": {
        "type": "Polygon",
        "coordinates": [
          [
            [
              52.51760211817245,
              29.79815499578827
            ],
            [
              52.51769905435672,
              29.79818618324338
            ],
            [
              52.5176132353003,
              29.79838909515759
            ],
            [
              52.51751629789312,
              29.7983579067561
            ],
            [
              52.51760211817245,
              29.79815499578827
            ]
          ]
        ]
      },
      "properties": {
        "name": "250",
        "area_m2": 276.92,
        "centroid": [
          52.517608,
          29.798272
        ]
      }
    },
    {
      "type": "Feature",
      "geometry": {
        "type": "Polygon",
        "coordinates": [
          [
            [
              52.51779599059831,
              29.79821737062511
            ],
            [
              52.51771170203475,
              29.79841666383321
            ],
            [
              52.51771017171678,
              29.79842028259542
            ],
            [
              52.51770771511856,
              29.79841949239587
            ],
            [
              52.5176132353003,
              29.79838909515759
            ],
            [
              52.51769905435672,
              29.79818618324338
            ],
            [
              52.51779599059831,
              29.79821737062511
            ]
          ]
        ]
      },
      "properties": {
        "name": "251",
        "area_m2": 276.91,
        "centroid": [
          52.517705,
          29.798303
        ]
      }
    },
    {
      "type": "Feature",
      "geometry": {
        "type": "Polygon",
        "coordinates": [
          [
            [
              52.52356014061008,
              29.80097069580709
            ],
            [
              52.52361828191877,
              29.80098677987917
            ],
            [
              52.52367436824752,
              29.80100768979566
            ],
            [
              52.5235243744156,
              29.80139463997113
            ],
            [
              52.52344606808651,
              29.80137155167615
            ],
            [
              52.523348186761,
              29.80134269032023
            ],
            [
              52.52349776998644,
              29.80095679988015
            ],
            [
              52.52356014061008,
              29.80097069580709
            ]
          ]
        ]
      },
      "properties": {
        "name": "516",
        "area_m2": 946.52,
        "centroid": [
          52.523512,
          29.801174
        ]
      }
    },
    {
      "type": "Feature",
      "geometry": {
        "type": "Polygon",
        "coordinates": [
          [
            [
              52.52457330109713,
              29.80201414384787
            ],
            [
              52.52469944163342,
              29.80210734337129
            ],
            [
              52.52441107496103,
              29.80240421101688
            ],
            [
              52.52441004641447,
              29.80240345049125
            ],
            [
              52.5242849353147,
              29.80231101031177
            ],
            [
              52.52457330109713,
              29.80201414384787
            ]
          ]
        ]
      },
      "properties": {
        "name": "509",
        "area_m2": 797.09,
        "centroid": [
          52.524492,
          29.802209
        ]
      }
    },
    {
      "type": "Feature",
      "geometry": {
        "type": "Polygon",
        "coordinates": [
          [
            [
              52.52398822928569,
              29.80272486049251
            ],
            [
              52.52400288978654,
              29.80273756309209
            ],
            [
              52.52400306114905,
              29.80278339383161
            ],
            [
              52.5240960536504,
              29.80278312984039
            ],
            [
              52.52409751966993,
              29.80317512907884
            ],
            [
              52.52393219834286,
              29.80317559918577
            ],
            [
              52.52393051430789,
              29.80272502528373
            ],
            [
              52.52398822928569,
              29.80272486049251
            ]
          ]
        ]
      },
      "properties": {
        "name": "493",
        "area_m2": 854.44,
        "centroid": [
          52.524011,
          29.802966
        ]
      }
    },
    {
      "type": "Feature",
      "geometry": {
        "type": "Polygon",
        "coordinates": [
          [
            [
              52.51968248077152,
              29.80189058766775
            ],
            [
              52.51986846544383,
              29.80189006484574
            ],
            [
              52.51987003902692,
              29.80231580312122
            ],
            [
              52.51970907530135,
              29.80233541207617
            ],
            [
              52.51969258202343,
              29.80232455366306
            ],
            [
              52.51968360251554,
              29.80227027281298
            ],
            [
              52.51968248077152,
              29.80189058766775
            ]
          ]
        ]
      },
      "properties": {
        "name": "477",
        "area_m2": 1001.9,
        "centroid": [
          52.519776,
          29.802108
        ]
      }
    },
    {
      "type": "Feature",
      "geometry": {
        "type": "Polygon",
        "coordinates": [
          [
            [
              52.52021468470493,
              29.80231398096765
            ],
            [
              52.52022713480953,
              29.80229959632866
            ],
            [
              52.52030959368418,
              29.80228955045413
            ],
            [
              52.52041193600113,
              29.80237304099389
            ],
            [
              52.52047119299968,
              29.80274301314586
            ],
            [
              52.52028699396668,
              29.80276545366554
            ],
            [
              52.520222669497,
              29.80236383377232
            ],
            [
              52.52021468470493,
              29.80231398096765
            ]
          ]
        ]
      },
      "properties": {
        "name": "475",
        "area_m2": 1026.98,
        "centroid": [
          52.520341,
          29.802533
        ]
      }
    },
    {
      "type": "Feature",
      "geometry": {
        "type": "Polygon",
        "coordinates": [
          [
            [
              52.52010847541558,
              29.80335260807773
            ],
            [
              52.52012913784549,
              29.80341056501357
            ],
            [
              52.5201325919951,
              29.80342025145247
            ],
            [
              52.52027366739647,
              29.80381595247626
            ],
            [
              52.52009606512143,
              29.8038641143835
            ],
            [
              52.51992144700336,
              29.8033743263162
            ],
            [
              52.51991826944972,
              29.803365414495
            ],
            [
              52.52010493372988,
              29.80334267450524
            ],
            [
              52.52010847541558,
              29.80335260807773
            ]
          ]
        ]
      },
      "properties": {
        "name": "460",
        "area_m2": 1173.0,
        "centroid": [
          52.520097,
          29.803597
        ]
      }
    },
    {
      "type": "Feature",
      "geometry": {
        "type": "Polygon",
        "coordinates": [
          [
            [
              52.52047672727452,
              29.8047497135035
            ],
            [
              52.52033013816924,
              29.80433855442338
            ],
            [
              52.52050774114557,
              29.80429039217919
            ],
            [
              52.52064525385402,
              29.80467609441021
            ],
            [
              52.52047672727452,
              29.8047497135035
            ]
          ]
        ]
      },
      "properties": {
        "name": "444",
        "area_m2": 961.68,
        "centroid": [
          52.520489,
          29.804514
        ]
      }
    },
    {
      "type": "Feature",
      "geometry": {
        "type": "Polygon",
        "coordinates": [
          [
            [
              52.52047672727452,
              29.8047497135035
            ],
            [
              52.52041753945785,
              29.80477556941725
            ],
            [
              52.52030819940617,
              29.80482333240161
            ],
            [
              52.52030184840244,
              29.80480551776123
            ],
            [
              52.52018628309992,
              29.80448137290273
            ],
            [
              52.52015253499904,
              29.80438671553229
            ],
            [
              52.52033013816924,
              29.80433855442338
            ],
            [
              52.52047672727452,
              29.8047497135035
            ]
          ]
        ]
      },
      "properties": {
        "name": "443",
        "area_m2": 1023.12,
        "centroid": [
          52.520316,
          29.804575
        ]
      }
    },
    {
      "type": "Feature",
      "geometry": {
        "type": "Polygon",
        "coordinates": [
          [
            [
              52.52019445319417,
              29.80395797674543
            ],
            [
              52.52033013816924,
              29.80433855442338
            ],
            [
              52.52015253499904,
              29.80438671553229
            ],
            [
              52.52003288660887,
              29.80405111461543
            ],
            [
              52.52001881703586,
              29.80401165351156
            ],
            [
              52.52002619900723,
              29.80399940524329
            ],
            [
              52.52002843258187,
              29.80399569986529
            ],
            [
              52.52019208052796,
              29.80395132231617
            ],
            [
              52.52019445319417,
              29.80395797674543
            ]
          ]
        ]
      },
      "properties": {
        "name": "452",
        "area_m2": 933.49,
        "centroid": [
          52.520172,
          29.804169
        ]
      }
    },
    {
      "type": "Feature",
      "geometry": {
        "type": "Polygon",
        "coordinates": [
          [
            [
              52.51985528379301,
              29.80409927621602
            ],
            [
              52.52003288660887,
              29.80405111461543
            ],
            [
              52.52015253499904,
              29.80438671553229
            ],
            [
              52.52018628309992,
              29.80448137290273
            ],
            [
              52.52000867960253,
              29.80452953382854
            ],
            [
              52.51985528379301,
              29.80409927621602
            ]
          ]
        ]
      },
      "properties": {
        "name": "453",
        "area_m2": 1038.49,
        "centroid": [
          52.520021,
          29.80429
        ]
      }
    },
    {
      "type": "Feature",
      "geometry": {
        "type": "Polygon",
        "coordinates": [
          [
            [
              52.52030184840244,
              29.80480551776123
            ],
            [
              52.52030819940617,
              29.80482333240161
            ],
            [
              52.52029508731466,
              29.80482906053297
            ],
            [
              52.52013967231784,
              29.80489695108074
            ],
            [
              52.52000867960253,
              29.80452953382854
            ],
            [
              52.52018628309992,
              29.80448137290273
            ],
            [
              52.52030184840244,
              29.80480551776123
            ]
          ]
        ]
      },
      "properties": {
        "name": "442",
        "area_m2": 856.1,
        "centroid": [
          52.52016,
          29.804683
        ]
      }
    },
    {
      "type": "Feature",
      "geometry": {
        "type": "Polygon",
        "coordinates": [
          [
            [
              52.51997114392702,
              29.8049705686625
            ],
            [
              52.51983107593854,
              29.8045776954234
            ],
            [
              52.52000867960253,
              29.80452953382854
            ],
            [
              52.52013967231784,
              29.80489695108074
            ],
            [
              52.51997114392702,
              29.8049705686625
            ]
          ]
        ]
      },
      "properties": {
        "name": "441",
        "area_m2": 917.54,
        "centroid": [
          52.519987,
          29.804744
        ]
      }
    },
    {
      "type": "Feature",
      "geometry": {
        "type": "Polygon",
        "coordinates": [
          [
            [
              52.51985528379301,
              29.80409927621602
            ],
            [
              52.52000867960253,
              29.80452953382854
            ],
            [
              52.51983107593854,
              29.8045776954234
            ],
            [
              52.51972553621815,
              29.80460631468304
            ],
            [
              52.51969074263168,
              29.80460247028397
            ],
            [
              52.5197368821468,
              29.80413138291408
            ],
            [
              52.51985528379301,
              29.80409927621602
            ]
          ]
        ]
      },
      "properties": {
        "name": "454",
        "area_m2": 1276.63,
        "centroid": [
          52.519827,
          29.804379
        ]
      }
    },
    {
      "type": "Feature",
      "geometry": {
        "type": "Polygon",
        "coordinates": [
          [
            [
              52.51955814644374,
              29.8040678112734
            ],
            [
              52.51972129676824,
              29.80408766669486
            ],
            [
              52.5197368821468,
              29.80413138291408
            ],
            [
              52.51969074263168,
              29.80460247028397
            ],
            [
              52.51950607333377,
              29.8045820664414
            ],
            [
              52.51955627922276,
              29.80406947136929
            ],
            [
              52.51955646208342,
              29.80406760596301
            ],
            [
              52.51955814644374,
              29.8040678112734
            ]
          ]
        ]
      },
      "properties": {
        "name": "455",
        "area_m2": 1182.6,
        "centroid": [
          52.519623,
          29.804337
        ]
      }
    },
    {
      "type": "Feature",
      "geometry": {
        "type": "Polygon",
        "coordinates": [
          [
            [
              52.52384943700934,
              29.80255854097635
            ],
            [
              52.52373858508448,
              29.80223043069546
            ],
            [
              52.52380556024368,
              29.80205765082116
            ],
            [
              52.52403265569853,
              29.80212460942575
            ],
            [
              52.52400221849283,
              29.80255810733446
            ],
            [
              52.52384943700934,
              29.80255854097635
            ]
          ]
        ]
      },
      "properties": {
        "name": "497",
        "area_m2": 1351.72,
        "centroid": [
          52.523897,
          29.802304
        ]
      }
    },
    {
      "type": "Feature",
      "geometry": {
        "type": "Polygon",
        "coordinates": [
          [
            [
              52.51933927999672,
              29.79779889263059
            ],
            [
              52.51945361288205,
              29.79783668505181
            ],
            [
              52.51936573288701,
              29.79803892512211
            ],
            [
              52.51926345777417,
              29.79800511765464
            ],
            [
              52.51925497228901,
              29.79798868366673
            ],
            [
              52.51932752179873,
              29.79782172583938
            ],
            [
              52.51933767461858,
              29.797798361569
            ],
            [
              52.51933927999672,
              29.79779889263059
            ]
          ]
        ]
      },
      "properties": {
        "name": "342",
        "area_m2": 331.14,
        "centroid": [
          52.519352,
          29.797918
        ]
      }
    },
    {
      "type": "Feature",
      "geometry": {
        "type": "Polygon",
        "coordinates": [
          [
            [
              52.51954394323852,
              29.79763525591649
            ],
            [
              52.51963810800729,
              29.79766638177533
            ],
            [
              52.51955022748784,
              29.79786862196694
            ],
            [
              52.51945361288205,
              29.79783668505181
            ],
            [
              52.51951105827567,
              29.79770448426702
            ],
            [
              52.51954149255319,
              29.79763444583169
            ],
            [
              52.51954394323852,
              29.79763525591649
            ]
          ]
        ]
      },
      "properties": {
        "name": "381",
        "area_m2": 276.91,
        "centroid": [
          52.519546,
          29.797752
        ]
      }
    },
    {
      "type": "Feature",
      "geometry": {
        "type": "Polygon",
        "coordinates": [
          [
            [
              52.51945361288205,
              29.79783668505181
            ],
            [
              52.51955022748784,
              29.79786862196694
            ],
            [
              52.51946234766525,
              29.79807086209471
            ],
            [
              52.51936573288701,
              29.79803892512211
            ],
            [
              52.51945361288205,
              29.79783668505181
            ]
          ]
        ]
      },
      "properties": {
        "name": "343",
        "area_m2": 276.91,
        "centroid": [
          52.519458,
          29.797954
        ]
      }
    },
    {
      "type": "Feature",
      "geometry": {
        "type": "Polygon",
        "coordinates": [
          [
            [
              52.52022427992701,
              29.79786255213151
            ],
            [
              52.52022348412068,
              29.79786438398568
            ],
            [
              52.52013640148625,
              29.79806479265983
            ],
            [
              52.52003978548819,
              29.79803285619935
            ],
            [
              52.52012670132297,
              29.79783283118688
            ],
            [
              52.5201276641014,
              29.79783061572848
            ],
            [
              52.52022427992701,
              29.79786255213151
            ]
          ]
        ]
      },
      "properties": {
        "name": "377",
        "area_m2": 276.92,
        "centroid": [
          52.520132,
          29.797948
        ]
      }
    },
    {
      "type": "Feature",
      "geometry": {
        "type": "Polygon",
        "coordinates": [
          [
            [
              52.52003978548819,
              29.79803285619935
            ],
            [
              52.52013640148625,
              29.79806479265983
            ],
            [
              52.52004852165994,
              29.79826703224592
            ],
            [
              52.51995190653747,
              29.79823509661823
            ],
            [
              52.52003978548819,
              29.79803285619935
            ]
          ]
        ]
      },
      "properties": {
        "name": "347",
        "area_m2": 276.91,
        "centroid": [
          52.520044,
          29.79815
        ]
      }
    },
    {
      "type": "Feature",
      "geometry": {
        "type": "Polygon",
        "coordinates": [
          [
            [
              52.52032089477685,
              29.79789448847347
            ],
            [
              52.52032085977426,
              29.79789456828089
            ],
            [
              52.52023301649488,
              29.79809672815708
            ],
            [
              52.52013640148625,
              29.79806479265983
            ],
            [
              52.52022348412068,
              29.79786438398568
            ],
            [
              52.52022427992701,
              29.79786255213151
            ],
            [
              52.52032089477685,
              29.79789448847347
            ]
          ]
        ]
      },
      "properties": {
        "name": "376",
        "area_m2": 276.91,
        "centroid": [
          52.520229,
          29.79798
        ]
      }
    },
    {
      "type": "Feature",
      "geometry": {
        "type": "Polygon",
        "coordinates": [
          [
            [
              52.52014513788902,
              29.79829896869089
            ],
            [
              52.52004852165994,
              29.79826703224592
            ],
            [
              52.52013640148625,
              29.79806479265983
            ],
            [
              52.52023301649488,
              29.79809672815708
            ],
            [
              52.52014513788902,
              29.79829896869089
            ]
          ]
        ]
      },
      "properties": {
        "name": "348",
        "area_m2": 276.92,
        "centroid": [
          52.520141,
          29.798182
        ]
      }
    },
    {
      "type": "Feature",
      "geometry": {
        "type": "Polygon",
        "coordinates": [
          [
            [
              52.52036239859373,
              29.79790820733334
            ],
            [
              52.52036820769306,
              29.79791012742973
            ],
            [
              52.52040317979191,
              29.79792168725547
            ],
            [
              52.5204150631376,
              29.79792561552899
            ],
            [
              52.52041751071966,
              29.79792642473059
            ],
            [
              52.520414817351,
              29.79793262221696
            ],
            [
              52.52032963261013,
              29.79812866447164
            ],
            [
              52.52023301649488,
              29.79809672815708
            ],
            [
              52.52032085977426,
              29.79789456828089
            ],
            [
              52.52032089477685,
              29.79789448847347
            ],
            [
              52.52036239859373,
              29.79790820733334
            ]
          ]
        ]
      },
      "properties": {
        "name": "375",
        "area_m2": 276.92,
        "centroid": [
          52.520325,
          29.798012
        ]
      }
    },
    {
      "type": "Feature",
      "geometry": {
        "type": "Polygon",
        "coordinates": [
          [
            [
              52.52014513788902,
              29.79829896869089
            ],
            [
              52.52023301649488,
              29.79809672815708
            ],
            [
              52.52032963261013,
              29.79812866447164
            ],
            [
              52.52024175314234,
              29.79833090507481
            ],
            [
              52.52014513788902,
              29.79829896869089
            ]
          ]
        ]
      },
      "properties": {
        "name": "349",
        "area_m2": 276.92,
        "centroid": [
          52.520237,
          29.798214
        ]
      }
    },
    {
      "type": "Feature",
      "geometry": {
        "type": "Polygon",
        "coordinates": [
          [
            [
              52.52051246622632,
              29.79795781155289
            ],
            [
              52.52051412567304,
              29.79795836002447
            ],
            [
              52.5204262477496,
              29.79816060072513
            ],
            [
              52.52032963261013,
              29.79812866447164
            ],
            [
              52.520414817351,
              29.79793262221696
            ],
            [
              52.52041751071966,
              29.79792642473059
            ],
            [
              52.52051246622632,
              29.79795781155289
            ]
          ]
        ]
      },
      "properties": {
        "name": "374",
        "area_m2": 276.91,
        "centroid": [
          52.520422,
          29.798044
        ]
      }
    },
    {
      "type": "Feature",
      "geometry": {
        "type": "Polygon",
        "coordinates": [
          [
            [
              52.52033836948863,
              29.79836284137386
            ],
            [
              52.52024175314234,
              29.79833090507481
            ],
            [
              52.52032963261013,
              29.79812866447164
            ],
            [
              52.5204262477496,
              29.79816060072513
            ],
            [
              52.52033836948863,
              29.79836284137386
            ]
          ]
        ]
      },
      "properties": {
        "name": "350",
        "area_m2": 276.92,
        "centroid": [
          52.520334,
          29.798246
        ]
      }
    },
    {
      "type": "Feature",
      "geometry": {
        "type": "Polygon",
        "coordinates": [
          [
            [
              52.5205154544826,
              29.79795879950916
            ],
            [
              52.52054025886147,
              29.79796699871002
            ],
            [
              52.52054460087591,
              29.79796843398393
            ],
            [
              52.52055390355191,
              29.79797150855803
            ],
            [
              52.52058417184352,
              29.79798151360492
            ],
            [
              52.52060273770335,
              29.79798765056856
            ],
            [
              52.52061914746793,
              29.79801943209959
            ],
            [
              52.52061970806108,
              29.79802051746481
            ],
            [
              52.52060282918778,
              29.7980593637363
            ],
            [
              52.52054218682182,
              29.79819892412351
            ],
            [
              52.5204262477496,
              29.79816060072513
            ],
            [
              52.52051412567304,
              29.79795836002447
            ],
            [
              52.5205154544826,
              29.79795879950916
            ]
          ]
        ]
      },
      "properties": {
        "name": "373",
        "area_m2": 327.68,
        "centroid": [
          52.520527,
          29.79808
        ]
      }
    },
    {
      "type": "Feature",
      "geometry": {
        "type": "Polygon",
        "coordinates": [
          [
            [
              52.52047170060925,
              29.79836113695452
            ],
            [
              52.52046466530624,
              29.79837732983959
            ],
            [
              52.52042698078724,
              29.79839213113308
            ],
            [
              52.52040841589552,
              29.79838599413547
            ],
            [
              52.52033836948863,
              29.79836284137386
            ],
            [
              52.5204262477496,
              29.79816060072513
            ],
            [
              52.52054218682182,
              29.79819892412351
            ],
            [
              52.52047170060925,
              29.79836113695452
            ]
          ]
        ]
      },
      "properties": {
        "name": "351",
        "area_m2": 327.68,
        "centroid": [
          52.52044,
          29.798279
        ]
      }
    },
    {
      "type": "Feature",
      "geometry": {
        "type": "Polygon",
        "coordinates": [
          [
            [
              52.5193045074146,
              29.79813303155008
            ],
            [
              52.51930171699047,
              29.79813945210351
            ],
            [
              52.51921662584903,
              29.79833527154403
            ],
            [
              52.519118742395,
              29.7983029158629
            ],
            [
              52.51911034949933,
              29.79830014113058
            ],
            [
              52.51917168276867,
              29.79815899434017
            ],
            [
              52.51919305232232,
              29.79810981821118
            ],
            [
              52.51921189360274,
              29.79810241820306
            ],
            [
              52.5193045074146,
              29.79813303155008
            ]
          ]
        ]
      },
      "properties": {
        "name": "313",
        "area_m2": 303.45,
        "centroid": [
          52.519207,
          29.798217
        ]
      }
    },
    {
      "type": "Feature",
      "geometry": {
        "type": "Polygon",
        "coordinates": [
          [
            [
              52.519118742395,
              29.7983029158629
            ],
            [
              52.51921662584903,
              29.79833527154403
            ],
            [
              52.51912874496667,
              29.79853751057193
            ],
            [
              52.51904083779257,
              29.79850845276431
            ],
            [
              52.51903194305267,
              29.79849218498389
            ],
            [
              52.51905093777238,
              29.79844193894339
            ],
            [
              52.51906569464742,
              29.79840290429804
            ],
            [
              52.51910911476238,
              29.79830298321602
            ],
            [
              52.51911034949933,
              29.79830014113058
            ],
            [
              52.519118742395,
              29.7983029158629
            ]
          ]
        ]
      },
      "properties": {
        "name": "276",
        "area_m2": 299.98,
        "centroid": [
          52.519121,
          29.798418
        ]
      }
    },
    {
      "type": "Feature",
      "geometry": {
        "type": "Polygon",
        "coordinates": [
          [
            [
              52.51931425509032,
              29.79813625358956
            ],
            [
              52.51940112226729,
              29.79816496856452
            ],
            [
              52.51931324190854,
              29.79836720860403
            ],
            [
              52.51921662584903,
              29.79833527154403
            ],
            [
              52.51930171699047,
              29.79813945210351
            ],
            [
              52.5193045074146,
              29.79813303155008
            ],
            [
              52.51931425509032,
              29.79813625358956
            ]
          ]
        ]
      },
      "properties": {
        "name": "312",
        "area_m2": 276.92,
        "centroid": [
          52.519309,
          29.79825
        ]
      }
    },
    {
      "type": "Feature",
      "geometry": {
        "type": "Polygon",
        "coordinates": [
          [
            [
              52.51921662584903,
              29.79833527154403
            ],
            [
              52.51931324190854,
              29.79836720860403
            ],
            [
              52.51922536119862,
              29.79856944768941
            ],
            [
              52.51912874496667,
              29.79853751057193
            ],
            [
              52.51921662584903,
              29.79833527154403
            ]
          ]
        ]
      },
      "properties": {
        "name": "277",
        "area_m2": 276.92,
        "centroid": [
          52.519221,
          29.798452
        ]
      }
    },
    {
      "type": "Feature",
      "geometry": {
        "type": "Polygon",
        "coordinates": [
          [
            [
              52.51940985697864,
              29.7983991447008
            ],
            [
              52.51931324190854,
              29.79836720860403
            ],
            [
              52.51940112226729,
              29.79816496856452
            ],
            [
              52.51949773821297,
              29.79819690549411
            ],
            [
              52.51940985697864,
              29.7983991447008
            ]
          ]
        ]
      },
      "properties": {
        "name": "311",
        "area_m2": 276.92,
        "centroid": [
          52.519405,
          29.798282
        ]
      }
    },
    {
      "type": "Feature",
      "geometry": {
        "type": "Polygon",
        "coordinates": [
          [
            [
              52.51931324190854,
              29.79836720860403
            ],
            [
              52.51940985697864,
              29.7983991447008
            ],
            [
              52.51932197645478,
              29.7986013847458
            ],
            [
              52.51922536119862,
              29.79856944768941
            ],
            [
              52.51931324190854,
              29.79836720860403
            ]
          ]
        ]
      },
      "properties": {
        "name": "278",
        "area_m2": 276.91,
        "centroid": [
          52.519318,
          29.798484
        ]
      }
    },
    {
      "type": "Feature",
      "geometry": {
        "type": "Polygon",
        "coordinates": [
          [
            [
              52.51950647315535,
              29.79843108161487
            ],
            [
              52.51940985697864,
              29.7983991447008
            ],
            [
              52.51949773821297,
              29.79819690549411
            ],
            [
              52.51959435316923,
              29.79822884146045
            ],
            [
              52.51950647315535,
              29.79843108161487
            ]
          ]
        ]
      },
      "properties": {
        "name": "310",
        "area_m2": 276.92,
        "centroid": [
          52.519502,
          29.798314
        ]
      }
    },
    {
      "type": "Feature",
      "geometry": {
        "type": "Polygon",
        "coordinates": [
          [
            [
              52.51940985697864,
              29.7983991447008
            ],
            [
              52.51950647315535,
              29.79843108161487
            ],
            [
              52.51941859280394,
              29.79863332171734
            ],
            [
              52.51932197645478,
              29.7986013847458
            ],
            [
              52.51940985697864,
              29.7983991447008
            ]
          ]
        ]
      },
      "properties": {
        "name": "279",
        "area_m2": 276.92,
        "centroid": [
          52.519414,
          29.798516
        ]
      }
    },
    {
      "type": "Feature",
      "geometry": {
        "type": "Polygon",
        "coordinates": [
          [
            [
              52.51960342502513,
              29.79823184025306
            ],
            [
              52.5196909692321,
              29.7982607782441
            ],
            [
              52.51969024739338,
              29.79826243960727
            ],
            [
              52.51960308835629,
              29.79846301846789
            ],
            [
              52.51950647315535,
              29.79843108161487
            ],
            [
              52.51959435316923,
              29.79822884146045
            ],
            [
              52.51960342502513,
              29.79823184025306
            ]
          ]
        ]
      },
      "properties": {
        "name": "309",
        "area_m2": 276.92,
        "centroid": [
          52.519599,
          29.798346
        ]
      }
    },
    {
      "type": "Feature",
      "geometry": {
        "type": "Polygon",
        "coordinates": [
          [
            [
              52.52472458163982,
              29.80082675192465
            ],
            [
              52.52480341806255,
              29.80088500238704
            ],
            [
              52.52463644735054,
              29.80105689806533
            ],
            [
              52.52455761088049,
              29.80099864750612
            ],
            [
              52.52472458163982,
              29.80082675192465
            ]
          ]
        ]
      },
      "properties": {
        "name": "567",
        "area_m2": 288.46,
        "centroid": [
          52.524681,
          29.800942
        ]
      }
    },
    {
      "type": "Feature",
      "geometry": {
        "type": "Polygon",
        "coordinates": [
          [
            [
              52.52480341806255,
              29.80088500238704
            ],
            [
              52.52488225456238,
              29.80094325189646
            ],
            [
              52.52471528389769,
              29.80111514767158
            ],
            [
              52.52463644735054,
              29.80105689806533
            ],
            [
              52.52480341806255,
              29.80088500238704
            ]
          ]
        ]
      },
      "properties": {
        "name": "568",
        "area_m2": 288.46,
        "centroid": [
          52.524759,
          29.801
        ]
      }
    },
    {
      "type": "Feature",
      "geometry": {
        "type": "Polygon",
        "coordinates": [
          [
            [
              52.52488225456238,
              29.80094325189646
            ],
            [
              52.52496109116666,
              29.80100150225729
            ],
            [
              52.52482751491956,
              29.80113901860722
            ],
            [
              52.52479412054929,
              29.80117339812926
            ],
            [
              52.52471528389769,
              29.80111514767158
            ],
            [
              52.52488225456238,
              29.80094325189646
            ]
          ]
        ]
      },
      "properties": {
        "name": "569",
        "area_m2": 288.46,
        "centroid": [
          52.524838,
          29.801058
        ]
      }
    },
    {
      "type": "Feature",
      "geometry": {
        "type": "Polygon",
        "coordinates": [
          [
            [
              52.52630996686078,
              29.80175978850213
            ],
            [
              52.526632446092,
              29.8014277886924
            ],
            [
              52.52668393191461,
              29.8014240727682
            ],
            [
              52.52705025039533,
              29.80169472280086
            ],
            [
              52.52668292082679,
              29.80207289849294
            ],
            [
              52.52631379875212,
              29.80180017742864
            ],
            [
              52.52630996686078,
              29.80175978850213
            ]
          ]
        ]
      },
      "properties": {
        "name": "584.1",
        "area_m2": 3160.04,
        "centroid": [
          52.52667,
          29.801739
        ]
      }
    },
    {
      "type": "Feature",
      "geometry": {
        "type": "Polygon",
        "coordinates": [
          [
            [
              52.52251680875638,
              29.79893709632657
            ],
            [
              52.52252843073674,
              29.79893967031698
            ],
            [
              52.52253995410222,
              29.7989425639636
            ],
            [
              52.52255136638564,
              29.79894577380075
            ],
            [
              52.52256265615422,
              29.79894929635091
            ],
            [
              52.52257381303687,
              29.79895312992894
            ],
            [
              52.52258482555978,
              29.79895726835073
            ],
            [
              52.52259568126945,
              29.79896170905285
            ],
            [
              52.52260637180887,
              29.79896644671766
            ],
            [
              52.52261688471083,
              29.79897147787952
            ],
            [
              52.52275195997889,
              29.7990538667893
            ],
            [
              52.52304752142818,
              29.79923354559849
            ],
            [
              52.52305142042225,
              29.79923591619129
            ],
            [
              52.52306051156315,
              29.79928032857709
            ],
            [
              52.52273720661043,
              29.79968487821396
            ],
            [
              52.52271868534113,
              29.79970725906352
            ],
            [
              52.52269932919308,
              29.79972909550189
            ],
            [
              52.52267915849861,
              29.79975036383393
            ],
            [
              52.52265819568621,
              29.79977104214505
            ],
            [
              52.52263646419152,
              29.79979110670442
            ],
            [
              52.52261398749122,
              29.79981053648764
            ],
            [
              52.52259078801402,
              29.79982930958013
            ],
            [
              52.52256689340165,
              29.7998474067142
            ],
            [
              52.52254232714463,
              29.79986480776766
            ],
            [
              52.5225222056104,
              29.79986070390594
            ],
            [
              52.5222696406975,
              29.79940962331559
            ],
            [
              52.52227146593485,
              29.79939167126538
            ],
            [
              52.52229277108822,
              29.79936504183928
            ],
            [
              52.5223130553488,
              29.79933781329473
            ],
            [
              52.52233229741844,
              29.79931001384961
            ],
            [
              52.52235047503297,
              29.79928167624456
            ],
            [
              52.52236756794245,
              29.79925282958772
            ],
            [
              52.52238355904117,
              29.79922350565793
            ],
            [
              52.52239843018909,
              29.79919373624596
            ],
            [
              52.52241216432161,
              29.79916355583716
            ],
            [
              52.52242474740904,
              29.79913299437021
            ],
            [
              52.52243616655179,
              29.79910208808707
            ],
            [
              52.52244640671324,
              29.79907086874267
            ],
            [
              52.52245545911777,
              29.79903937162905
            ],
            [
              52.52246331187298,
              29.79900763117183
            ],
            [
              52.52246995824481,
              29.79897568083484
            ],
            [
              52.52247263819669,
              29.79896074804447
            ],
            [
              52.52251680875638,
              29.79893709632657
            ]
          ]
        ]
      },
      "properties": {
        "name": "620.1",
        "area_m2": 4957.44,
        "centroid": [
          52.522632,
          29.799375
        ]
      }
    },
    {
      "type": "Feature",
      "geometry": {
        "type": "Polygon",
        "coordinates": [
          [
            [
              52.51961068910835,
              29.79905579860163
            ],
            [
              52.51951228064555,
              29.79928226547371
            ],
            [
              52.51943584229732,
              29.79945817135516
            ],
            [
              52.51932082772143,
              29.79943118765961
            ],
            [
              52.51928492792309,
              29.79942481036139
            ],
            [
              52.51924880871462,
              29.79941945430258
            ],
            [
              52.51921250951087,
              29.79941512624853
            ],
            [
              52.51917606865143,
              29.79941183027005
            ],
            [
              52.51913952342781,
              29.79940956954769
            ],
            [
              52.51910291320029,
              29.79940834723825
            ],
            [
              52.51908685694003,
              29.7993970009638
            ],
            [
              52.5190103515164,
              29.79910559951068
            ],
            [
              52.51900102805211,
              29.7990672603279
            ],
            [
              52.51899312555353,
              29.79902868013245
            ],
            [
              52.51898665183233,
              29.79898989673258
            ],
            [
              52.51898161476828,
              29.79895095244732
            ],
            [
              52.51897801804906,
              29.79891188603456
            ],
            [
              52.51897586540322,
              29.79887273895862
            ],
            [
              52.51897516054562,
              29.79883355178163
            ],
            [
              52.51897590306724,
              29.79879436601541
            ],
            [
              52.51897809148375,
              29.79875522047708
            ],
            [
              52.51898172538608,
              29.79871615667836
            ],
            [
              52.51898680022768,
              29.79867721617847
            ],
            [
              52.51899110673588,
              29.79865062383064
            ],
            [
              52.51899608499496,
              29.79862412121307
            ],
            [
              52.51901407235869,
              29.79861524942481
            ],
            [
              52.51970314641392,
              29.79884302522723
            ],
            [
              52.51961068910835,
              29.79905579860163
            ]
          ]
        ]
      },
      "properties": {
        "name": "222.1",
        "area_m2": 5059.49,
        "centroid": [
          52.519288,
          29.799031
        ]
      }
    },
    {
      "type": "Feature",
      "geometry": {
        "type": "Polygon",
        "coordinates": [
          [
            [
              52.51778862939376,
              29.7967580317592
            ],
            [
              52.51767511341166,
              29.79715145166935
            ],
            [
              52.51767018359339,
              29.79716754444346
            ],
            [
              52.5176647231408,
              29.79718350615701
            ],
            [
              52.51765873702122,
              29.79719932321803
            ],
            [
              52.51765222814685,
              29.79721498296041
            ],
            [
              52.51757296022588,
              29.79739745139318
            ],
            [
              52.51747634264003,
              29.79736552206114
            ],
            [
              52.51694952747859,
              29.79719142104121
            ],
            [
              52.51695720836503,
              29.7971456444252
            ],
            [
              52.51696640289533,
              29.79710008052863
            ],
            [
              52.51697710543296,
              29.79705476731369
            ],
            [
              52.51698930621755,
              29.79700974369214
            ],
            [
              52.51708186635707,
              29.79668895769595
            ],
            [
              52.51711056786528,
              29.79658948588924
            ],
            [
              52.51712830417611,
              29.79658023736187
            ],
            [
              52.51772490198425,
              29.79671119018381
            ],
            [
              52.51776211887855,
              29.79671935926814
            ],
            [
              52.51778862939376,
              29.7967580317592
            ]
          ]
        ]
      },
      "properties": {
        "name": "396.1",
        "area_m2": 5747.98,
        "centroid": [
          52.517367,
          29.796974
        ]
      }
    },
    {
      "type": "Feature",
      "geometry": {
        "type": "Polygon",
        "coordinates": [
          [
            [
              52.52103457864702,
              29.79915630218964
            ],
            [
              52.52101573628447,
              29.79916370247069
            ],
            [
              52.52093278359293,
              29.79913628349856
            ],
            [
              52.5210206612573,
              29.79893404339779
            ],
            [
              52.52111727839974,
              29.79896597819311
            ],
            [
              52.52104770845333,
              29.79912608555664
            ],
            [
              52.52103457864702,
              29.79915630218964
            ]
          ]
        ]
      },
      "properties": {
        "name": "294",
        "area_m2": 275.76,
        "centroid": [
          52.521025,
          29.799051
        ]
      }
    },
    {
      "type": "Feature",
      "geometry": {
        "type": "Polygon",
        "coordinates": [
          [
            [
              52.52176229129599,
              29.79842939325415
            ],
            [
              52.52176595667996,
              29.79845843663837
            ],
            [
              52.52175657244644,
              29.79850233369226
            ],
            [
              52.52171995712655,
              29.79858660036861
            ],
            [
              52.52162334120406,
              29.79855466509207
            ],
            [
              52.5217090795527,
              29.79835734250897
            ],
            [
              52.52173898534488,
              29.79838425654463
            ],
            [
              52.52176229129599,
              29.79842939325415
            ]
          ]
        ]
      },
      "properties": {
        "name": "363.1",
        "area_m2": 226.55,
        "centroid": [
          52.521704,
          29.798484
        ]
      }
    },
    {
      "type": "Feature",
      "geometry": {
        "type": "Polygon",
        "coordinates": [
          [
            [
              52.52162334120406,
              29.79855466509207
            ],
            [
              52.52171995712655,
              29.79858660036861
            ],
            [
              52.5216494726148,
              29.79874881466351
            ],
            [
              52.52164243748021,
              29.79876500760467
            ],
            [
              52.5216047540419,
              29.79877980922034
            ],
            [
              52.52153546404666,
              29.79875690646453
            ],
            [
              52.52162334120406,
              29.79855466509207
            ]
          ]
        ]
      },
      "properties": {
        "name": "362",
        "area_m2": 272.3,
        "centroid": [
          52.521628,
          29.79867
        ]
      }
    },
    {
      "type": "Feature",
      "geometry": {
        "type": "Polygon",
        "coordinates": [
          [
            [
              52.52161583239359,
              29.79832089650216
            ],
            [
              52.52167257009896,
              29.79833965048082
            ],
            [
              52.52169002910127,
              29.79834811089037
            ],
            [
              52.5217090795527,
              29.79835734250897
            ],
            [
              52.52162334120406,
              29.79855466509207
            ],
            [
              52.52152672431942,
              29.79852273065665
            ],
            [
              52.52161460027737,
              29.79832048930159
            ],
            [
              52.52161583239359,
              29.79832089650216
            ]
          ]
        ]
      },
      "properties": {
        "name": "363",
        "area_m2": 275.57,
        "centroid": [
          52.521619,
          29.798438
        ]
      }
    },
    {
      "type": "Feature",
      "geometry": {
        "type": "Polygon",
        "coordinates": [
          [
            [
              52.52153546404666,
              29.79875690646453
            ],
            [
              52.52143884801029,
              29.79872497105756
            ],
            [
              52.52152672431942,
              29.79852273065665
            ],
            [
              52.52162334120406,
              29.79855466509207
            ],
            [
              52.52153546404666,
              29.79875690646453
            ]
          ]
        ]
      },
      "properties": {
        "name": "361",
        "area_m2": 276.92,
        "centroid": [
          52.521531,
          29.79864
        ]
      }
    },
    {
      "type": "Feature",
      "geometry": {
        "type": "Polygon",
        "coordinates": [
          [
            [
              52.51771626842877,
              29.79864019726147
            ],
            [
              52.51775059148001,
              29.79872519573168
            ],
            [
              52.51751670044785,
              29.79879704137093
            ],
            [
              52.51748237757788,
              29.79871204373692
            ],
            [
              52.51771626842877,
              29.79864019726147
            ]
          ]
        ]
      },
      "properties": {
        "name": "244",
        "area_m2": 276.92,
        "centroid": [
          52.517616,
          29.798719
        ]
      }
    },
    {
      "type": "Feature",
      "geometry": {
        "type": "Polygon",
        "coordinates": [
          [
            [
              52.51775059148001,
              29.79872519573168
            ],
            [
              52.51778491457861,
              29.79881019328769
            ],
            [
              52.51755102339241,
              29.79888203989508
            ],
            [
              52.51751670044785,
              29.79879704137093
            ],
            [
              52.51775059148001,
              29.79872519573168
            ]
          ]
        ]
      },
      "properties": {
        "name": "243",
        "area_m2": 276.92,
        "centroid": [
          52.517651,
          29.798804
        ]
      }
    },
    {
      "type": "Feature",
      "geometry": {
        "type": "Polygon",
        "coordinates": [
          [
            [
              52.51778491457861,
              29.79881019328769
            ],
            [
              52.51781923773816,
              29.79889519083172
            ],
            [
              52.51778025604945,
              29.79890716575435
            ],
            [
              52.51768280176456,
              29.79893710165876
            ],
            [
              52.51758534638432,
              29.79896703750505
            ],
            [
              52.51755102339241,
              29.79888203989508
            ],
            [
              52.51778491457861,
              29.79881019328769
            ]
          ]
        ]
      },
      "properties": {
        "name": "242",
        "area_m2": 276.92,
        "centroid": [
          52.517685,
          29.798889
        ]
      }
    },
    {
      "type": "Feature",
      "geometry": {
        "type": "Polygon",
        "coordinates": [
          [
            [
              52.51775543203543,
              29.79914409066275
            ],
            [
              52.51770743839548,
              29.79914731272129
            ],
            [
              52.51766402820282,
              29.7991291736707
            ],
            [
              52.51763683099329,
              29.79909453434856
            ],
            [
              52.51758534638432,
              29.79896703750505
            ],
            [
              52.51768280176456,
              29.79893710165876
            ],
            [
              52.5177651769614,
              29.79914109671464
            ],
            [
              52.51775543203543,
              29.79914409066275
            ]
          ]
        ]
      },
      "properties": {
        "name": "241",
        "area_m2": 253.55,
        "centroid": [
          52.517675,
          29.799046
        ]
      }
    },
    {
      "type": "Feature",
      "geometry": {
        "type": "Polygon",
        "coordinates": [
          [
            [
              52.5177651769614,
              29.79914109671464
            ],
            [
              52.51768280176456,
              29.79893710165876
            ],
            [
              52.51778025604945,
              29.79890716575435
            ],
            [
              52.51786263244834,
              29.7991111607324
            ],
            [
              52.5177651769614,
              29.79914109671464
            ]
          ]
        ]
      },
      "properties": {
        "name": "240",
        "area_m2": 276.92,
        "centroid": [
          52.517773,
          29.799024
        ]
      }
    },
    {
      "type": "Feature",
      "geometry": {
        "type": "Polygon",
        "coordinates": [
          [
            [
              52.51778025604945,
              29.79890716575435
            ],
            [
              52.51781923773816,
              29.79889519083172
            ],
            [
              52.51787771027338,
              29.79887722978
            ],
            [
              52.51796008683991,
              29.79908122469206
            ],
            [
              52.51786263244834,
              29.7991111607324
            ],
            [
              52.51778025604945,
              29.79890716575435
            ]
          ]
        ]
      },
      "properties": {
        "name": "239",
        "area_m2": 276.92,
        "centroid": [
          52.51787,
          29.798994
        ]
      }
    },
    {
      "type": "Feature",
      "geometry": {
        "type": "Polygon",
        "coordinates": [
          [
            [
              52.5180575422049,
              29.79905128856987
            ],
            [
              52.51802708922008,
              29.79906064359478
            ],
            [
              52.51796032163168,
              29.79908115251606
            ],
            [
              52.51796008683991,
              29.79908122469206
            ],
            [
              52.51787771027338,
              29.79887722978
            ],
            [
              52.51797516547072,
              29.79884729372377
            ],
            [
              52.5180575422049,
              29.79905128856987
            ]
          ]
        ]
      },
      "properties": {
        "name": "238",
        "area_m2": 276.92,
        "centroid": [
          52.517968,
          29.798964
        ]
      }
    },
    {
      "type": "Feature",
      "geometry": {
        "type": "Polygon",
        "coordinates": [
          [
            [
              52.51807261957271,
              29.79881735760947
            ],
            [
              52.51815499647455,
              29.79902135238959
            ],
            [
              52.5180575422049,
              29.79905128856987
            ],
            [
              52.51797516547072,
              29.79884729372377
            ],
            [
              52.51807261957271,
              29.79881735760947
            ]
          ]
        ]
      },
      "properties": {
        "name": "237",
        "area_m2": 276.92,
        "centroid": [
          52.518065,
          29.798934
        ]
      }
    },
    {
      "type": "Feature",
      "geometry": {
        "type": "Polygon",
        "coordinates": [
          [
            [
              52.51817007463449,
              29.79878742051112
            ],
            [
              52.51825245066959,
              29.79899141523717
            ],
            [
              52.51815499647455,
              29.79902135238959
            ],
            [
              52.51807261957271,
              29.79881735760947
            ],
            [
              52.51817007463449,
              29.79878742051112
            ]
          ]
        ]
      },
      "properties": {
        "name": "236",
        "area_m2": 276.92,
        "centroid": [
          52.518163,
          29.798904
        ]
      }
    },
    {
      "type": "Feature",
      "geometry": {
        "type": "Polygon",
        "coordinates": [
          [
            [
              52.51826752861454,
              29.79875748425685
            ],
            [
              52.51834990585169,
              29.79896147890505
            ],
            [
              52.51825245066959,
              29.79899141523717
            ],
            [
              52.51817007463449,
              29.79878742051112
            ],
            [
              52.51826752861454,
              29.79875748425685
            ]
          ]
        ]
      },
      "properties": {
        "name": "235",
        "area_m2": 276.92,
        "centroid": [
          52.51826,
          29.798874
        ]
      }
    },
    {
      "type": "Feature",
      "geometry": {
        "type": "Polygon",
        "coordinates": [
          [
            [
              52.51836498253363,
              29.79872754793263
            ],
            [
              52.51844735993841,
              29.79893154251487
            ],
            [
              52.51834990585169,
              29.79896147890505
            ],
            [
              52.51826752861454,
              29.79875748425685
            ],
            [
              52.51836498253363,
              29.79872754793263
            ]
          ]
        ]
      },
      "properties": {
        "name": "234",
        "area_m2": 276.92,
        "centroid": [
          52.518357,
          29.798845
        ]
      }
    },
    {
      "type": "Feature",
      "geometry": {
        "type": "Polygon",
        "coordinates": [
          [
            [
              52.51847740246002,
              29.79873467140247
            ],
            [
              52.51854481499856,
              29.79890160604279
            ],
            [
              52.51844735993841,
              29.79893154251487
            ],
            [
              52.51836498253363,
              29.79872754793263
            ],
            [
              52.51841208395633,
              29.79871307936061
            ],
            [
              52.51847740246002,
              29.79873467140247
            ]
          ]
        ]
      },
      "properties": {
        "name": "234.1",
        "area_m2": 263.92,
        "centroid": [
          52.518455,
          29.798819
        ]
      }
    },
    {
      "type": "Feature",
      "geometry": {
        "type": "Polygon",
        "coordinates": [
          [
            [
              52.5187406616207,
              29.79882169407428
            ],
            [
              52.51874125937699,
              29.7989033108035
            ],
            [
              52.51874252193268,
              29.79891730672576
            ],
            [
              52.51857227322849,
              29.79896960391067
            ],
            [
              52.51854994597464,
              29.79891431411136
            ],
            [
              52.51854697312987,
              29.79890695009103
            ],
            [
              52.51854481499856,
              29.79890160604279
            ],
            [
              52.51847740246002,
              29.79873467140247
            ],
            [
              52.5187406616207,
              29.79882169407428
            ]
          ]
        ]
      },
      "properties": {
        "name": "233",
        "area_m2": 432.93,
        "centroid": [
          52.518617,
          29.798856
        ]
      }
    },
    {
      "type": "Feature",
      "geometry": {
        "type": "Polygon",
        "coordinates": [
          [
            [
              52.51954149255319,
              29.79763444583169
            ],
            [
              52.51951105827567,
              29.79770448426702
            ],
            [
              52.51945361288205,
              29.79783668505181
            ],
            [
              52.51933927999672,
              29.79779889263059
            ],
            [
              52.51933767461858,
              29.797798361569
            ],
            [
              52.51939900832458,
              29.79765721467286
            ],
            [
              52.51942037663559,
              29.79760803852307
            ],
            [
              52.51943921882617,
              29.79760063757183
            ],
            [
              52.51954149255319,
              29.79763444583169
            ]
          ]
        ]
      },
      "properties": {
        "name": "382",
        "area_m2": 331.14,
        "centroid": [
          52.51944,
          29.797717
        ]
      }
    },
    {
      "type": "Feature",
      "geometry": {
        "type": "Polygon",
        "coordinates": [
          [
            [
              52.52033182973641,
              29.79905083513139
            ],
            [
              52.52039878436896,
              29.79907296592514
            ],
            [
              52.52031914346814,
              29.79925624684615
            ],
            [
              52.52022252728968,
              29.79922431055535
            ],
            [
              52.52027508945024,
              29.79910334546848
            ],
            [
              52.5202911828253,
              29.79906631021978
            ],
            [
              52.5203311528438,
              29.79905061102035
            ],
            [
              52.52033182973641,
              29.79905083513139
            ]
          ]
        ]
      },
      "properties": {
        "name": "714",
        "area_m2": 245.76,
        "centroid": [
          52.520311,
          29.799151
        ]
      }
    },
    {
      "type": "Feature",
      "geometry": {
        "type": "Polygon",
        "coordinates": [
          [
            [
              52.52033611970418,
              29.7994714630803
            ],
            [
              52.52041576072593,
              29.7992881821499
            ],
            [
              52.5205123770216,
              29.79932011829478
            ],
            [
              52.52043273614248,
              29.79950339837506
            ],
            [
              52.52033611970418,
              29.7994714630803
            ]
          ]
        ]
      },
      "properties": {
        "name": "701",
        "area_m2": 250.96,
        "centroid": [
          52.520424,
          29.799396
        ]
      }
    },
    {
      "type": "Feature",
      "geometry": {
        "type": "Polygon",
        "coordinates": [
          [
            [
              52.52023950227645,
              29.79943952682229
            ],
            [
              52.52031914346814,
              29.79925624684615
            ],
            [
              52.52041576072593,
              29.7992881821499
            ],
            [
              52.52033611970418,
              29.7994714630803
            ],
            [
              52.52023950227645,
              29.79943952682229
            ]
          ]
        ]
      },
      "properties": {
        "name": "702",
        "area_m2": 250.96,
        "centroid": [
          52.520328,
          29.799364
        ]
      }
    },
    {
      "type": "Feature",
      "geometry": {
        "type": "Polygon",
        "coordinates": [
          [
            [
              52.52031914346814,
              29.79925624684615
            ],
            [
              52.52023950227645,
              29.79943952682229
            ],
            [
              52.52015997765213,
              29.79941324005435
            ],
            [
              52.52015650898343,
              29.79941209339376
            ],
            [
              52.52014804880115,
              29.79939570880969
            ],
            [
              52.52015533518908,
              29.79937894007533
            ],
            [
              52.52022222736849,
              29.79922500157826
            ],
            [
              52.52022252728968,
              29.79922431055535
            ],
            [
              52.52031914346814,
              29.79925624684615
            ]
          ]
        ]
      },
      "properties": {
        "name": "703",
        "area_m2": 249.81,
        "centroid": [
          52.520231,
          29.799332
        ]
      }
    },
    {
      "type": "Feature",
      "geometry": {
        "type": "Polygon",
        "coordinates": [
          [
            [
              52.52060400029166,
              29.79961783073827
            ],
            [
              52.52050738367939,
              29.79958589467292
            ],
            [
              52.52052935368741,
              29.79953533448713
            ],
            [
              52.52060899441025,
              29.79935205435478
            ],
            [
              52.5207056108231,
              29.79938399035371
            ],
            [
              52.52060400029166,
              29.79961783073827
            ]
          ]
        ]
      },
      "properties": {
        "name": "699",
        "area_m2": 320.19,
        "centroid": [
          52.520606,
          29.799485
        ]
      }
    },
    {
      "type": "Feature",
      "geometry": {
        "type": "Polygon",
        "coordinates": [
          [
            [
              52.52041492645758,
              29.79979866856303
            ],
            [
              52.52048541365029,
              29.79963645485545
            ],
            [
              52.52050738367939,
              29.79958589467292
            ],
            [
              52.52060400029166,
              29.79961783073827
            ],
            [
              52.52051154428568,
              29.79983060467694
            ],
            [
              52.52041492645758,
              29.79979866856303
            ]
          ]
        ]
      },
      "properties": {
        "name": "698",
        "area_m2": 291.34,
        "centroid": [
          52.520509,
          29.799708
        ]
      }
    },
    {
      "type": "Feature",
      "geometry": {
        "type": "Polygon",
        "coordinates": [
          [
            [
              52.52048541365029,
              29.79963645485545
            ],
            [
              52.52041492645758,
              29.79979866856303
            ],
            [
              52.52031830972249,
              29.79976673236425
            ],
            [
              52.52038879705351,
              29.79960451870275
            ],
            [
              52.52048541365029,
              29.79963645485545
            ]
          ]
        ]
      },
      "properties": {
        "name": "697",
        "area_m2": 222.11,
        "centroid": [
          52.520402,
          29.799702
        ]
      }
    },
    {
      "type": "Feature",
      "geometry": {
        "type": "Polygon",
        "coordinates": [
          [
            [
              52.52038879705351,
              29.79960451870275
            ],
            [
              52.52031830972249,
              29.79976673236425
            ],
            [
              52.52022440685435,
              29.79973569336899
            ],
            [
              52.520221693046,
              29.79973479609251
            ],
            [
              52.52022298276207,
              29.79973182794171
            ],
            [
              52.52029217948095,
              29.79957258248897
            ],
            [
              52.52038879705351,
              29.79960451870275
            ]
          ]
        ]
      },
      "properties": {
        "name": "696",
        "area_m2": 222.11,
        "centroid": [
          52.520305,
          29.79967
        ]
      }
    },
    {
      "type": "Feature",
      "geometry": {
        "type": "Polygon",
        "coordinates": [
          [
            [
              52.52029217948095,
              29.79957258248897
            ],
            [
              52.52022298276207,
              29.79973182794171
            ],
            [
              52.520221693046,
              29.79973479609251
            ],
            [
              52.52012689709276,
              29.79970346321562
            ],
            [
              52.52012507540736,
              29.79970286066186
            ],
            [
              52.52019556301502,
              29.79954064709252
            ],
            [
              52.52029217948095,
              29.79957258248897
            ]
          ]
        ]
      },
      "properties": {
        "name": "695",
        "area_m2": 222.11,
        "centroid": [
          52.520209,
          29.799638
        ]
      }
    },
    {
      "type": "Feature",
      "geometry": {
        "type": "Polygon",
        "coordinates": [
          [
            [
              52.5201572428923,
              29.79899312656261
            ],
            [
              52.52017524282267,
              29.7990279866379
            ],
            [
              52.52012819032617,
              29.7991362701779
            ],
            [
              52.52011555814797,
              29.79916534226588
            ],
            [
              52.52009677227401,
              29.79917272011186
            ],
            [
              52.52001455180059,
              29.7991455429819
            ],
            [
              52.5200903840023,
              29.7989710261238
            ],
            [
              52.5201572428923,
              29.79899312656261
            ]
          ]
        ]
      },
      "properties": {
        "name": "713",
        "area_m2": 230.71,
        "centroid": [
          52.520099,
          29.799075
        ]
      }
    },
    {
      "type": "Feature",
      "geometry": {
        "type": "Polygon",
        "coordinates": [
          [
            [
              52.51999500861489,
              29.79893950038128
            ],
            [
              52.5200903840023,
              29.7989710261238
            ],
            [
              52.52001455180059,
              29.7991455429819
            ],
            [
              52.51991793478229,
              29.79911360647258
            ],
            [
              52.51999209355473,
              29.79894294470332
            ],
            [
              52.51999376818083,
              29.79893909055434
            ],
            [
              52.51999500861489,
              29.79893950038128
            ]
          ]
        ]
      },
      "properties": {
        "name": "712",
        "area_m2": 238.96,
        "centroid": [
          52.520004,
          29.799042
        ]
      }
    },
    {
      "type": "Feature",
      "geometry": {
        "type": "Polygon",
        "coordinates": [
          [
            [
              52.51989674897561,
              29.7989070205934
            ],
            [
              52.51999376818083,
              29.79893909055434
            ],
            [
              52.51999209355473,
              29.79894294470332
            ],
            [
              52.51991793478229,
              29.79911360647258
            ],
            [
              52.51982054527606,
              29.79908141439286
            ],
            [
              52.51989637882459,
              29.7989068985246
            ],
            [
              52.51989674897561,
              29.7989070205934
            ]
          ]
        ]
      },
      "properties": {
        "name": "711",
        "area_m2": 240.87,
        "centroid": [
          52.519907,
          29.79901
        ]
      }
    },
    {
      "type": "Feature",
      "geometry": {
        "type": "Polygon",
        "coordinates": [
          [
            [
              52.51972392942344,
              29.79904947862729
            ],
            [
              52.51979976310714,
              29.79887496190645
            ],
            [
              52.51989637882459,
              29.7989068985246
            ],
            [
              52.51982054527606,
              29.79908141439286
            ],
            [
              52.51972392942344,
              29.79904947862729
            ]
          ]
        ]
      },
      "properties": {
        "name": "710",
        "area_m2": 238.96,
        "centroid": [
          52.51981,
          29.798978
        ]
      }
    },
    {
      "type": "Feature",
      "geometry": {
        "type": "Polygon",
        "coordinates": [
          [
            [
              52.51961068910835,
              29.79905579860163
            ],
            [
              52.51970314641392,
              29.79884302522723
            ],
            [
              52.51979976310714,
              29.79887496190645
            ],
            [
              52.51972392942344,
              29.79904947862729
            ],
            [
              52.51970730494862,
              29.79908773535319
            ],
            [
              52.51961068910835,
              29.79905579860163
            ]
          ]
        ]
      },
      "properties": {
        "name": "709",
        "area_m2": 291.34,
        "centroid": [
          52.519705,
          29.798965
        ]
      }
    },
    {
      "type": "Feature",
      "geometry": {
        "type": "Polygon",
        "coordinates": [
          [
            [
              52.51970730494862,
              29.79908773535319
            ],
            [
              52.51968533460814,
              29.7991382954167
            ],
            [
              52.51960889667892,
              29.79931420228962
            ],
            [
              52.51951228064555,
              29.79928226547371
            ],
            [
              52.51961068910835,
              29.79905579860163
            ],
            [
              52.51970730494862,
              29.79908773535319
            ]
          ]
        ]
      },
      "properties": {
        "name": "708",
        "area_m2": 310.09,
        "centroid": [
          52.51961,
          29.799185
        ]
      }
    },
    {
      "type": "Feature",
      "geometry": {
        "type": "Polygon",
        "coordinates": [
          [
            [
              52.51968533460814,
              29.7991382954167
            ],
            [
              52.51978195158451,
              29.79917023209778
            ],
            [
              52.51970551379164,
              29.79934613811849
            ],
            [
              52.51960889667892,
              29.79931420228962
            ],
            [
              52.51968533460814,
              29.7991382954167
            ]
          ]
        ]
      },
      "properties": {
        "name": "707",
        "area_m2": 240.86,
        "centroid": [
          52.519695,
          29.799242
        ]
      }
    },
    {
      "type": "Feature",
      "geometry": {
        "type": "Polygon",
        "coordinates": [
          [
            [
              52.51987856757145,
              29.79920216781561
            ],
            [
              52.51980212994223,
              29.79937807478847
            ],
            [
              52.51970551379164,
              29.79934613811849
            ],
            [
              52.51978195158451,
              29.79917023209778
            ],
            [
              52.51987856757145,
              29.79920216781561
            ]
          ]
        ]
      },
      "properties": {
        "name": "706",
        "area_m2": 240.86,
        "centroid": [
          52.519792,
          29.799274
        ]
      }
    },
    {
      "type": "Feature",
      "geometry": {
        "type": "Polygon",
        "coordinates": [
          [
            [
              52.51987856757145,
              29.79920216781561
            ],
            [
              52.51997518466504,
              29.79923410435075
            ],
            [
              52.51989874718581,
              29.79941001137361
            ],
            [
              52.51980212994223,
              29.79937807478847
            ],
            [
              52.51987856757145,
              29.79920216781561
            ]
          ]
        ]
      },
      "properties": {
        "name": "705",
        "area_m2": 240.86,
        "centroid": [
          52.519889,
          29.799306
        ]
      }
    },
    {
      "type": "Feature",
      "geometry": {
        "type": "Polygon",
        "coordinates": [
          [
            [
              52.52006663792019,
              29.79927792249189
            ],
            [
              52.52005935152376,
              29.79929469122185
            ],
            [
              52.51999536343994,
              29.79944194699548
            ],
            [
              52.51989874718581,
              29.79941001137361
            ],
            [
              52.51997518466504,
              29.79923410435075
            ],
            [
              52.5200581777646,
              29.79926153790081
            ],
            [
              52.52006663792019,
              29.79927792249189
            ]
          ]
        ]
      },
      "properties": {
        "name": "704",
        "area_m2": 239.71,
        "centroid": [
          52.519985,
          29.799338
        ]
      }
    },
    {
      "type": "Feature",
      "geometry": {
        "type": "Polygon",
        "coordinates": [
          [
            [
              52.51989874718581,
              29.79941001137361
            ],
            [
              52.51999536343994,
              29.79944194699548
            ],
            [
              52.51992991050501,
              29.79959257443725
            ],
            [
              52.51988994124098,
              29.79960827351195
            ],
            [
              52.51982230943754,
              29.79958591745496
            ],
            [
              52.51989874718581,
              29.79941001137361
            ]
          ]
        ]
      },
      "properties": {
        "name": "693",
        "area_m2": 235.67,
        "centroid": [
          52.519909,
          29.799512
        ]
      }
    },
    {
      "type": "Feature",
      "geometry": {
        "type": "Polygon",
        "coordinates": [
          [
            [
              52.51982230943754,
              29.79958591745496
            ],
            [
              52.51972569205761,
              29.79955398172204
            ],
            [
              52.51980212994223,
              29.79937807478847
            ],
            [
              52.51989874718581,
              29.79941001137361
            ],
            [
              52.51982230943754,
              29.79958591745496
            ]
          ]
        ]
      },
      "properties": {
        "name": "692",
        "area_m2": 240.86,
        "centroid": [
          52.519812,
          29.799482
        ]
      }
    },
    {
      "type": "Feature",
      "geometry": {
        "type": "Polygon",
        "coordinates": [
          [
            [
              52.51962907575705,
              29.79952204500208
            ],
            [
              52.51970551379164,
              29.79934613811849
            ],
            [
              52.51980212994223,
              29.79937807478847
            ],
            [
              52.51972569205761,
              29.79955398172204
            ],
            [
              52.51962907575705,
              29.79952204500208
            ]
          ]
        ]
      },
      "properties": {
        "name": "691",
        "area_m2": 240.86,
        "centroid": [
          52.519716,
          29.79945
        ]
      }
    },
    {
      "type": "Feature",
      "geometry": {
        "type": "Polygon",
        "coordinates": [
          [
            [
              52.51970551379164,
              29.79934613811849
            ],
            [
              52.51962907575705,
              29.79952204500208
            ],
            [
              52.51953245848069,
              29.79949010822104
            ],
            [
              52.51960889667892,
              29.79931420228962
            ],
            [
              52.51970551379164,
              29.79934613811849
            ]
          ]
        ]
      },
      "properties": {
        "name": "690",
        "area_m2": 240.86,
        "centroid": [
          52.519619,
          29.799418
        ]
      }
    },
    {
      "type": "Feature",
      "geometry": {
        "type": "Polygon",
        "coordinates": [
          [
            [
              52.51951228064555,
              29.79928226547371
            ],
            [
              52.51960889667892,
              29.79931420228962
            ],
            [
              52.51953245848069,
              29.79949010822104
            ],
            [
              52.51943584229732,
              29.79945817135516
            ],
            [
              52.51951228064555,
              29.79928226547371
            ]
          ]
        ]
      },
      "properties": {
        "name": "719",
        "area_m2": 240.86,
        "centroid": [
          52.519522,
          29.799386
        ]
      }
    },
    {
      "type": "Feature",
      "geometry": {
        "type": "Polygon",
        "coordinates": [
          [
            [
              52.51924191942695,
              29.79975277451998
            ],
            [
              52.51917663906536,
              29.79973896410682
            ],
            [
              52.51913659064303,
              29.79958642593442
            ],
            [
              52.51915000465868,
              29.79957271608406
            ],
            [
              52.51917761865825,
              29.79957492065978
            ],
            [
              52.51920514508012,
              29.79957783366065
            ],
            [
              52.51923256217535,
              29.79958145353209
            ],
            [
              52.51925984403015,
              29.79958577696277
            ],
            [
              52.51928696783386,
              29.79959080060564
            ],
            [
              52.51924191942695,
              29.79975277451998
            ]
          ]
        ]
      },
      "properties": {
        "name": "489.23",
        "area_m2": 226.0,
        "centroid": [
          52.519211,
          29.799652
        ]
      }
    },
    {
      "type": "Feature",
      "geometry": {
        "type": "Polygon",
        "coordinates": [
          [
            [
              52.520373222459,
              29.80391308664606
            ],
            [
              52.52050774114557,
              29.80429039217919
            ],
            [
              52.52033013816924,
              29.80433855442338
            ],
            [
              52.52019445319417,
              29.80395797674543
            ],
            [
              52.52019208052796,
              29.80395132231617
            ],
            [
              52.52036968290319,
              29.80390316027665
            ],
            [
              52.520373222459,
              29.80391308664606
            ]
          ]
        ]
      },
      "properties": {
        "name": "451",
        "area_m2": 934.65,
        "centroid": [
          52.52035,
          29.804121
        ]
      }
    },
    {
      "type": "Feature",
      "geometry": {
        "type": "Polygon",
        "coordinates": [
          [
            [
              52.52507332210905,
              29.80102537298692
            ],
            [
              52.52490635165248,
              29.80119726899474
            ],
            [
              52.52482751491956,
              29.80113901860722
            ],
            [
              52.52496109116666,
              29.80100150225729
            ],
            [
              52.52498504026104,
              29.80097684686921
            ],
            [
              52.52500563494315,
              29.80097536039539
            ],
            [
              52.52507332210905,
              29.80102537298692
            ]
          ]
        ]
      },
      "properties": {
        "name": "570",
        "area_m2": 287.31,
        "centroid": [
          52.52495,
          29.801083
        ]
      }
    },
    {
      "type": "Feature",
      "geometry": {
        "type": "Polygon",
        "coordinates": [
          [
            [
              52.52479412054929,
              29.80117339812926
            ],
            [
              52.52482751491956,
              29.80113901860722
            ],
            [
              52.52490635165248,
              29.80119726899474
            ],
            [
              52.52473938166295,
              29.80136916479546
            ],
            [
              52.52470498611304,
              29.80134375152399
            ],
            [
              52.52468048289074,
              29.80130596331426
            ],
            [
              52.52468275420144,
              29.80128804941004
            ],
            [
              52.52479412054929,
              29.80117339812926
            ]
          ]
        ]
      },
      "properties": {
        "name": "556",
        "area_m2": 280.9,
        "centroid": [
          52.524786,
          29.801252
        ]
      }
    },
    {
      "type": "Feature",
      "geometry": {
        "type": "Polygon",
        "coordinates": [
          [
            [
              52.52490635165248,
              29.80119726899474
            ],
            [
              52.52507332210905,
              29.80102537298692
            ],
            [
              52.52515215887173,
              29.80108362232467
            ],
            [
              52.5249851894969,
              29.80125551841739
            ],
            [
              52.52490635165248,
              29.80119726899474
            ]
          ]
        ]
      },
      "properties": {
        "name": "571",
        "area_m2": 288.46,
        "centroid": [
          52.525029,
          29.80114
        ]
      }
    },
    {
      "type": "Feature",
      "geometry": {
        "type": "Polygon",
        "coordinates": [
          [
            [
              52.5249851894969,
              29.80125551841739
            ],
            [
              52.52481821852029,
              29.80142741432688
            ],
            [
              52.52473938166295,
              29.80136916479546
            ],
            [
              52.52490635165248,
              29.80119726899474
            ],
            [
              52.5249851894969,
              29.80125551841739
            ]
          ]
        ]
      },
      "properties": {
        "name": "555",
        "area_m2": 288.46,
        "centroid": [
          52.524862,
          29.801312
        ]
      }
    },
    {
      "type": "Feature",
      "geometry": {
        "type": "Polygon",
        "coordinates": [
          [
            [
              52.5249851894969,
              29.80125551841739
            ],
            [
              52.52515215887173,
              29.80108362232467
            ],
            [
              52.52523099573887,
              29.80114187251384
            ],
            [
              52.52506402641137,
              29.80131376870337
            ],
            [
              52.5249851894969,
              29.80125551841739
            ]
          ]
        ]
      },
      "properties": {
        "name": "572",
        "area_m2": 288.46,
        "centroid": [
          52.525108,
          29.801199
        ]
      }
    },
    {
      "type": "Feature",
      "geometry": {
        "type": "Polygon",
        "coordinates": [
          [
            [
              52.5249851894969,
              29.80125551841739
            ],
            [
              52.52506402641137,
              29.80131376870337
            ],
            [
              52.52489705548209,
              29.80148566470971
            ],
            [
              52.52481821852029,
              29.80142741432688
            ],
            [
              52.5249851894969,
              29.80125551841739
            ]
          ]
        ]
      },
      "properties": {
        "name": "554",
        "area_m2": 288.46,
        "centroid": [
          52.524941,
          29.801371
        ]
      }
    },
    {
      "type": "Feature",
      "geometry": {
        "type": "Polygon",
        "coordinates": [
          [
            [
              52.52514286340294,
              29.80137201803642
            ],
            [
              52.52506402641137,
              29.80131376870337
            ],
            [
              52.52523099573887,
              29.80114187251384
            ],
            [
              52.52530983371752,
              29.80120012173811
            ],
            [
              52.52514286340294,
              29.80137201803642
            ]
          ]
        ]
      },
      "properties": {
        "name": "573",
        "area_m2": 288.46,
        "centroid": [
          52.525187,
          29.801257
        ]
      }
    },
    {
      "type": "Feature",
      "geometry": {
        "type": "Polygon",
        "coordinates": [
          [
            [
              52.52514286340294,
              29.80137201803642
            ],
            [
              52.52497589252099,
              29.80154391413957
            ],
            [
              52.52489705548209,
              29.80148566470971
            ],
            [
              52.52506402641137,
              29.80131376870337
            ],
            [
              52.52514286340294,
              29.80137201803642
            ]
          ]
        ]
      },
      "properties": {
        "name": "553",
        "area_m2": 288.46,
        "centroid": [
          52.52502,
          29.801429
        ]
      }
    },
    {
      "type": "Feature",
      "geometry": {
        "type": "Polygon",
        "coordinates": [
          [
            [
              52.52522170049898,
              29.80143026822087
            ],
            [
              52.52514286340294,
              29.80137201803642
            ],
            [
              52.52530983371752,
              29.80120012173811
            ],
            [
              52.52538867076623,
              29.80125837182571
            ],
            [
              52.52522170049898,
              29.80143026822087
            ]
          ]
        ]
      },
      "properties": {
        "name": "574",
        "area_m2": 288.46,
        "centroid": [
          52.525266,
          29.801315
        ]
      }
    },
    {
      "type": "Feature",
      "geometry": {
        "type": "Polygon",
        "coordinates": [
          [
            [
              52.52522170049898,
              29.80143026822087
            ],
            [
              52.52505472966435,
              29.80160216442086
            ],
            [
              52.52497589252099,
              29.80154391413957
            ],
            [
              52.52514286340294,
              29.80137201803642
            ],
            [
              52.52522170049898,
              29.80143026822087
            ]
          ]
        ]
      },
      "properties": {
        "name": "552",
        "area_m2": 288.46,
        "centroid": [
          52.525099,
          29.801487
        ]
      }
    },
    {
      "type": "Feature",
      "geometry": {
        "type": "Polygon",
        "coordinates": [
          [
            [
              52.52786853117005,
              29.80078590861609
            ],
            [
              52.52796837147064,
              29.80080911164418
            ],
            [
              52.52788855829034,
              29.80107034249872
            ],
            [
              52.52778871772932,
              29.80104713851756
            ],
            [
              52.52786853117005,
              29.80078590861609
            ]
          ]
        ]
      },
      "properties": {
        "name": "674",
        "area_m2": 346.15,
        "centroid": [
          52.527879,
          29.800928
        ]
      }
    },
    {
      "type": "Feature",
      "geometry": {
        "type": "Polygon",
        "coordinates": [
          [
            [
              52.52788855829034,
              29.80107034249872
            ],
            [
              52.52796837147064,
              29.80080911164418
            ],
            [
              52.52806821079338,
              29.80083231550924
            ],
            [
              52.52800170089046,
              29.80105000702131
            ],
            [
              52.52799216071684,
              29.80108123129059
            ],
            [
              52.5279742786182,
              29.80109026368713
            ],
            [
              52.52788855829034,
              29.80107034249872
            ]
          ]
        ]
      },
      "properties": {
        "name": "675",
        "area_m2": 345.0,
        "centroid": [
          52.527978,
          29.800951
        ]
      }
    },
    {
      "type": "Feature",
      "geometry": {
        "type": "Polygon",
        "coordinates": [
          [
            [
              52.52810530330402,
              29.8010608957248
            ],
            [
              52.52808742123352,
              29.80106992903836
            ],
            [
              52.52800170089046,
              29.80105000702131
            ],
            [
              52.52806821079338,
              29.80083231550924
            ],
            [
              52.52816805117964,
              29.800855518383
            ],
            [
              52.52810530330402,
              29.8010608957248
            ]
          ]
        ]
      },
      "properties": {
        "name": "676",
        "area_m2": 287.31,
        "centroid": [
          52.528085,
          29.800952
        ]
      }
    },
    {
      "type": "Feature",
      "geometry": {
        "type": "Polygon",
        "coordinates": [
          [
            [
              52.52455632793435,
              29.80015076503598
            ],
            [
              52.52439090109689,
              29.80035776742129
            ],
            [
              52.52430613566141,
              29.80030623882902
            ],
            [
              52.52447156259851,
              29.80009923654514
            ],
            [
              52.52455632793435,
              29.80015076503598
            ]
          ]
        ]
      },
      "properties": {
        "name": "605",
        "area_m2": 323.07,
        "centroid": [
          52.524431,
          29.800229
        ]
      }
    },
    {
      "type": "Feature",
      "geometry": {
        "type": "Polygon",
        "coordinates": [
          [
            [
              52.52455632793435,
              29.80015076503598
            ],
            [
              52.52464109335582,
              29.80020229346901
            ],
            [
              52.524475666618,
              29.80040929595572
            ],
            [
              52.52439090109689,
              29.80035776742129
            ],
            [
              52.52455632793435,
              29.80015076503598
            ]
          ]
        ]
      },
      "properties": {
        "name": "604",
        "area_m2": 323.07,
        "centroid": [
          52.524516,
          29.80028
        ]
      }
    },
    {
      "type": "Feature",
      "geometry": {
        "type": "Polygon",
        "coordinates": [
          [
            [
              52.524475666618,
              29.80040929595572
            ],
            [
              52.52464109335582,
              29.80020229346901
            ],
            [
              52.52475805801854,
              29.8002733953482
            ],
            [
              52.52477421400583,
              29.80028321753931
            ],
            [
              52.52478021406861,
              29.80032335954666
            ],
            [
              52.52462369479739,
              29.80048449619479
            ],
            [
              52.52460320300681,
              29.80048682599659
            ],
            [
              52.524475666618,
              29.80040929595572
            ]
          ]
        ]
      },
      "properties": {
        "name": "603",
        "area_m2": 565.04,
        "centroid": [
          52.524634,
          29.800349
        ]
      }
    },
    {
      "type": "Feature",
      "geometry": {
        "type": "Polygon",
        "coordinates": [
          [
            [
              52.52436169676859,
              29.80073545594856
            ],
            [
              52.52426297308493,
              29.80067544225933
            ],
            [
              52.5244402169086,
              29.80045365355431
            ],
            [
              52.52456181907551,
              29.80052757511051
            ],
            [
              52.52456449035384,
              29.80054544733515
            ],
            [
              52.52438218758255,
              29.80073312619424
            ],
            [
              52.52436169676859,
              29.80073545594856
            ]
          ]
        ]
      },
      "properties": {
        "name": "564",
        "area_m2": 496.66,
        "centroid": [
          52.524415,
          29.800598
        ]
      }
    },
    {
      "type": "Feature",
      "geometry": {
        "type": "Polygon",
        "coordinates": [
          [
            [
              52.5244402169086,
              29.80045365355431
            ],
            [
              52.52426297308493,
              29.80067544225933
            ],
            [
              52.52417820742205,
              29.80062391269235
            ],
            [
              52.52435545240055,
              29.80040212498622
            ],
            [
              52.5244402169086,
              29.80045365355431
            ]
          ]
        ]
      },
      "properties": {
        "name": "563",
        "area_m2": 346.15,
        "centroid": [
          52.524309,
          29.800539
        ]
      }
    },
    {
      "type": "Feature",
      "geometry": {
        "type": "Polygon",
        "coordinates": [
          [
            [
              52.52435545240055,
              29.80040212498622
            ],
            [
              52.52417820742205,
              29.80062391269235
            ],
            [
              52.52409344185846,
              29.80057238396969
            ],
            [
              52.52427068694372,
              29.80035059637222
            ],
            [
              52.52435545240055,
              29.80040212498622
            ]
          ]
        ]
      },
      "properties": {
        "name": "562",
        "area_m2": 346.15,
        "centroid": [
          52.524224,
          29.800487
        ]
      }
    },
    {
      "type": "Feature",
      "geometry": {
        "type": "Polygon",
        "coordinates": [
          [
            [
              52.52418592157251,
              29.80029906770036
            ],
            [
              52.52427068694372,
              29.80035059637222
            ],
            [
              52.52409344185846,
              29.80057238396969
            ],
            [
              52.52400867638052,
              29.80052085518918
            ],
            [
              52.52418592157251,
              29.80029906770036
            ]
          ]
        ]
      },
      "properties": {
        "name": "561",
        "area_m2": 346.15,
        "centroid": [
          52.52414,
          29.800436
        ]
      }
    },
    {
      "type": "Feature",
      "geometry": {
        "type": "Polygon",
        "coordinates": [
          [
            [
              52.52418592157251,
              29.80029906770036
            ],
            [
              52.52400867638052,
              29.80052085518918
            ],
            [
              52.52400341776323,
              29.80051765843618
            ],
            [
              52.52392391202258,
              29.80046932633891
            ],
            [
              52.52410115627326,
              29.8002475380685
            ],
            [
              52.52418592157251,
              29.80029906770036
            ]
          ]
        ]
      },
      "properties": {
        "name": "560",
        "area_m2": 346.15,
        "centroid": [
          52.524055,
          29.800384
        ]
      }
    },
    {
      "type": "Feature",
      "geometry": {
        "type": "Polygon",
        "coordinates": [
          [
            [
              52.52410115627326,
              29.8002475380685
            ],
            [
              52.52392391202258,
              29.80046932633891
            ],
            [
              52.52383914671589,
              29.80041779744271
            ],
            [
              52.52401639107332,
              29.80019600928097
            ],
            [
              52.52410115627326,
              29.8002475380685
            ]
          ]
        ]
      },
      "properties": {
        "name": "559",
        "area_m2": 346.15,
        "centroid": [
          52.52397,
          29.800333
        ]
      }
    },
    {
      "type": "Feature",
      "geometry": {
        "type": "Polygon",
        "coordinates": [
          [
            [
              52.52375438148115,
              29.80036626758651
            ],
            [
              52.52393162699339,
              29.80014448042366
            ],
            [
              52.52401639107332,
              29.80019600928097
            ],
            [
              52.52383914671589,
              29.80041779744271
            ],
            [
              52.52375438148115,
              29.80036626758651
            ]
          ]
        ]
      },
      "properties": {
        "name": "558",
        "area_m2": 346.15,
        "centroid": [
          52.523885,
          29.800281
        ]
      }
    },
    {
      "type": "Feature",
      "geometry": {
        "type": "Polygon",
        "coordinates": [
          [
            [
              52.52393162699339,
              29.80014448042366
            ],
            [
              52.52375438148115,
              29.80036626758651
            ],
            [
              52.52366961634571,
              29.80031473857464
            ],
            [
              52.5237109734935,
              29.80026298888566
            ],
            [
              52.5238468619647,
              29.80009295152044
            ],
            [
              52.52393162699339,
              29.80014448042366
            ]
          ]
        ]
      },
      "properties": {
        "name": "557",
        "area_m2": 346.15,
        "centroid": [
          52.523801,
          29.80023
        ]
      }
    },
    {
      "type": "Feature",
      "geometry": {
        "type": "Polygon",
        "coordinates": [
          [
            [
              52.52376209702163,
              29.80004142255937
            ],
            [
              52.52378485845735,
              29.80005525895617
            ],
            [
              52.5238468619647,
              29.80009295152044
            ],
            [
              52.5237109734935,
              29.80026298888566
            ],
            [
              52.52362620845491,
              29.80021145893913
            ],
            [
              52.52376209702163,
              29.80004142255937
            ]
          ]
        ]
      },
      "properties": {
        "name": "490.15",
        "area_m2": 265.38,
        "centroid": [
          52.523737,
          29.800152
        ]
      }
    },
    {
      "type": "Feature",
      "geometry": {
        "type": "Polygon",
        "coordinates": [
          [
            [
              52.52376209702163,
              29.80004142255937
            ],
            [
              52.52362620845491,
              29.80021145893913
            ],
            [
              52.52354144455005,
              29.800159929825
            ],
            [
              52.52367733215051,
              29.7999898926383
            ],
            [
              52.52376209702163,
              29.80004142255937
            ]
          ]
        ]
      },
      "properties": {
        "name": "490.16",
        "area_m2": 265.38,
        "centroid": [
          52.523652,
          29.800101
        ]
      }
    },
    {
      "type": "Feature",
      "geometry": {
        "type": "Polygon",
        "coordinates": [
          [
            [
              52.52359256737871,
              29.79993836356155
            ],
            [
              52.52367733215051,
              29.7999898926383
            ],
            [
              52.52354144455005,
              29.800159929825
            ],
            [
              52.5234566796964,
              29.80010840066495
            ],
            [
              52.52359256737871,
              29.79993836356155
            ]
          ]
        ]
      },
      "properties": {
        "name": "490.17",
        "area_m2": 265.38,
        "centroid": [
          52.523567,
          29.800049
        ]
      }
    },
    {
      "type": "Feature",
      "geometry": {
        "type": "Polygon",
        "coordinates": [
          [
            [
              52.52338025377983,
              29.80004643647387
            ],
            [
              52.52349947301264,
              29.79989725847417
            ],
            [
              52.52351975455544,
              29.79989410022741
            ],
            [
              52.52359256737871,
              29.79993836356155
            ],
            [
              52.5234566796964,
              29.80010840066495
            ],
            [
              52.52338387829057,
              29.80006414434541
            ],
            [
              52.52338025377983,
              29.80004643647387
            ]
          ]
        ]
      },
      "properties": {
        "name": "490.18",
        "area_m2": 263.08,
        "centroid": [
          52.523483,
          29.799998
        ]
      }
    },
    {
      "type": "Feature",
      "geometry": {
        "type": "Polygon",
        "coordinates": [
          [
            [
              52.52302298655844,
              29.79957013698757
            ],
            [
              52.52309579791356,
              29.79961440152772
            ],
            [
              52.52305148712269,
              29.79966984761076
            ],
            [
              52.52294513878254,
              29.79980292016564
            ],
            [
              52.52286035258558,
              29.79975137641452
            ],
            [
              52.52300270402701,
              29.79957329516842
            ],
            [
              52.52302298655844,
              29.79957013698757
            ]
          ]
        ]
      },
      "properties": {
        "name": "490.23",
        "area_m2": 293.12,
        "centroid": [
          52.522978,
          29.799683
        ]
      }
    },
    {
      "type": "Feature",
      "geometry": {
        "type": "Polygon",
        "coordinates": [
          [
            [
              52.5210679491079,
              29.79802206992106
            ],
            [
              52.52097133288709,
              29.79799013415057
            ],
            [
              52.52105921061177,
              29.79778789401647
            ],
            [
              52.52115582561211,
              29.79781982883924
            ],
            [
              52.5210679491079,
              29.79802206992106
            ]
          ]
        ]
      },
      "properties": {
        "name": "428",
        "area_m2": 276.91,
        "centroid": [
          52.521064,
          29.797905
        ]
      }
    },
    {
      "type": "Feature",
      "geometry": {
        "type": "Polygon",
        "coordinates": [
          [
            [
              52.5210679491079,
              29.79802206992106
            ],
            [
              52.52115582561211,
              29.79781982883924
            ],
            [
              52.52125244171906,
              29.79785176447934
            ],
            [
              52.52116456435292,
              29.79805400563049
            ],
            [
              52.5210679491079,
              29.79802206992106
            ]
          ]
        ]
      },
      "properties": {
        "name": "429",
        "area_m2": 276.92,
        "centroid": [
          52.52116,
          29.797937
        ]
      }
    },
    {
      "type": "Feature",
      "geometry": {
        "type": "Polygon",
        "coordinates": [
          [
            [
              52.52064284005019,
              29.79788155286586
            ],
            [
              52.52073071732679,
              29.797679312939
            ],
            [
              52.52081366978251,
              29.79770673207627
            ],
            [
              52.52082733316229,
              29.79771124799796
            ],
            [
              52.52074463377443,
              29.79790157183082
            ],
            [
              52.52072579265396,
              29.79790897205245
            ],
            [
              52.52064284005019,
              29.79788155286586
            ]
          ]
        ]
      },
      "properties": {
        "name": "425",
        "area_m2": 275.76,
        "centroid": [
          52.520735,
          29.797796
        ]
      }
    },
    {
      "type": "Feature",
      "geometry": {
        "type": "Polygon",
        "coordinates": [
          [
            [
              52.52073071732679,
              29.797679312939
            ],
            [
              52.52064284005019,
              29.79788155286586
            ],
            [
              52.52054622512159,
              29.79784961676242
            ],
            [
              52.52063410257063,
              29.79764737689302
            ],
            [
              52.52073071732679,
              29.797679312939
            ]
          ]
        ]
      },
      "properties": {
        "name": "424",
        "area_m2": 276.91,
        "centroid": [
          52.520638,
          29.797764
        ]
      }
    },
    {
      "type": "Feature",
      "geometry": {
        "type": "Polygon",
        "coordinates": [
          [
            [
              52.52063410257063,
              29.79764737689302
            ],
            [
              52.52054622512159,
              29.79784961676242
            ],
            [
              52.52044960923085,
              29.79781768150009
            ],
            [
              52.52051917933552,
              29.79765757441925
            ],
            [
              52.52053748683869,
              29.79761544078595
            ],
            [
              52.52063410257063,
              29.79764737689302
            ]
          ]
        ]
      },
      "properties": {
        "name": "423",
        "area_m2": 276.91,
        "centroid": [
          52.520542,
          29.797733
        ]
      }
    },
    {
      "type": "Feature",
      "geometry": {
        "type": "Polygon",
        "coordinates": [
          [
            [
              52.52740346362097,
              29.80197238992407
            ],
            [
              52.52737951594883,
              29.80199704572241
            ],
            [
              52.52748989053193,
              29.80207859255603
            ],
            [
              52.52715595428411,
              29.80242239116566
            ],
            [
              52.52668292082679,
              29.80207289849294
            ],
            [
              52.52705025039533,
              29.80169472280086
            ],
            [
              52.52740175984394,
              29.80195442808864
            ],
            [
              52.52740346362097,
              29.80197238992407
            ]
          ]
        ]
      },
      "properties": {
        "name": "584.2",
        "area_m2": 3725.79,
        "centroid": [
          52.527095,
          29.802059
        ]
      }
    },
    {
      "type": "Feature",
      "geometry": {
        "type": "Polygon",
        "coordinates": [
          [
            [
              52.52158052727769,
              29.80136705750025
            ],
            [
              52.52158472487329,
              29.8013702187434
            ],
            [
              52.52159299761895,
              29.80137644879719
            ],
            [
              52.5218034408604,
              29.8024326317054
            ],
            [
              52.52178614682056,
              29.80244249657454
            ],
            [
              52.52177639111379,
              29.80243624842268
            ],
            [
              52.52176686010915,
              29.80242973961728
            ],
            [
              52.52175756427381,
              29.80242297815881
            ],
            [
              52.52174851197879,
              29.80241597026717
            ],
            [
              52.52173971159506,
              29.80240872216232
            ],
            [
              52.52137160422879,
              29.8020960428819
            ],
            [
              52.52135182317917,
              29.80207980496382
            ],
            [
              52.52133141696743,
              29.8020641643608
            ],
            [
              52.52131041073353,
              29.80204914153662
            ],
            [
              52.52128882954916,
              29.80203475244426
            ],
            [
              52.52126669643069,
              29.80202101396271
            ],
            [
              52.5212440395666,
              29.80200794291138
            ],
            [
              52.5212208829803,
              29.80199555435303
            ],
            [
              52.52119725585362,
              29.80198386238869
            ],
            [
              52.52117318425144,
              29.80197288025298
            ],
            [
              52.5211486973418,
              29.80196262114484
            ],
            [
              52.52112382324471,
              29.80195309737289
            ],
            [
              52.52109859110082,
              29.8019443203318
            ],
            [
              52.52107302897545,
              29.80193629872156
            ],
            [
              52.52104716807803,
              29.80192904391304
            ],
            [
              52.52102103851534,
              29.80192256277814
            ],
            [
              52.52099467144213,
              29.80191686307911
            ],
            [
              52.52096809490995,
              29.80191195261388
            ],
            [
              52.52094134312218,
              29.80190783550028
            ],
            [
              52.52091444513742,
              29.80190451772015
            ],
            [
              52.52088743309021,
              29.80190200341514
            ],
            [
              52.52086033803967,
              29.80190029403245
            ],
            [
              52.52084460503286,
              29.80188860770201
            ],
            [
              52.52074664882534,
              29.80148146305396
            ],
            [
              52.52074372205761,
              29.80146929638084
            ],
            [
              52.52075142396308,
              29.80146788674471
            ],
            [
              52.52077405921453,
              29.80146374445698
            ],
            [
              52.52075284009607,
              29.80137554984026
            ],
            [
              52.52072250398491,
              29.80138110084436
            ],
            [
              52.52062682198334,
              29.80098340340904
            ],
            [
              52.52062542762591,
              29.8009776075694
            ],
            [
              52.52063844933862,
              29.80096361334058
            ],
            [
              52.52064835003625,
              29.80096400381661
            ],
            [
              52.5206582303572,
              29.80096468868477
            ],
            [
              52.52066807686793,
              29.80096566900194
            ],
            [
              52.52067788023155,
              29.80096694307091
            ],
            [
              52.52068762697358,
              29.8009685092421
            ],
            [
              52.52069730670907,
              29.80097036492803
            ],
            [
              52.52070690804597,
              29.8009725093575
            ],
            [
              52.52070974237983,
              29.80097323289173
            ],
            [
              52.52071641955132,
              29.80097493905276
            ],
            [
              52.52072582980573,
              29.80097765143826
            ],
            [
              52.52073512738991,
              29.80098064393844
            ],
            [
              52.52074430292596,
              29.80098391214962
            ],
            [
              52.52075334496726,
              29.80098745169191
            ],
            [
              52.52076224209446,
              29.80099125998977
            ],
            [
              52.52077098491603,
              29.80099533173732
            ],
            [
              52.52077956198531,
              29.80099966255472
            ],
            [
              52.52078796391079,
              29.80100424713609
            ],
            [
              52.52127834945978,
              29.80128210572755
            ],
            [
              52.52129516702733,
              29.80129128639604
            ],
            [
              52.52131232881524,
              29.80129996862495
            ],
            [
              52.52132981707455,
              29.80130814179061
            ],
            [
              52.52134761096663,
              29.80131579620715
            ],
            [
              52.5213656907146,
              29.80132292398123
            ],
            [
              52.52137673815576,
              29.80132689426276
            ],
            [
              52.52138403445904,
              29.80132951634109
            ],
            [
              52.52140262347113,
              29.80133556628368
            ],
            [
              52.52142143487062,
              29.80134106595138
            ],
            [
              52.52144044892154,
              29.80134601015734
            ],
            [
              52.5214596417502,
              29.80135039376237
            ],
            [
              52.52147899360693,
              29.80135421067755
            ],
            [
              52.52149848270051,
              29.80135745664203
            ],
            [
              52.52151808518453,
              29.801360128321
            ],
            [
              52.52153624457444,
              29.8013620586583
            ],
            [
              52.52153778031585,
              29.80136222234399
            ],
            [
              52.52155754427535,
              29.80136373718051
            ],
            [
              52.52157735631988,
              29.80136466946009
            ],
            [
              52.52158052727769,
              29.80136705750025
            ]
          ]
        ]
      },
      "properties": {
        "name": "483",
        "area_m2": 9777.24,
        "centroid": [
          52.521223,
          29.801643
        ]
      }
    },
    {
      "type": "Feature",
      "geometry": {
        "type": "Polygon",
        "coordinates": [
          [
            [
              52.52080163407764,
              29.80188552901212
            ],
            [
              52.52079104557396,
              29.80189719342197
            ],
            [
              52.52078880677832,
              29.80189965997843
            ],
            [
              52.5207620403614,
              29.80190086672112
            ],
            [
              52.52073533549718,
              29.80190285957854
            ],
            [
              52.52070872214216,
              29.801905635499
            ],
            [
              52.52068223232173,
              29.8019091914071
            ],
            [
              52.5206558939236,
              29.80191352427501
            ],
            [
              52.52062973788414,
              29.80191862743061
            ],
            [
              52.5206037941463,
              29.80192449692013
            ],
            [
              52.52057809156404,
              29.80193112519313
            ],
            [
              52.52055265897769,
              29.80193850379694
            ],
            [
              52.52052752628932,
              29.80194662607143
            ],
            [
              52.52050272129127,
              29.80195548267372
            ],
            [
              52.52047827276939,
              29.80196506154256
            ],
            [
              52.52045420852971,
              29.8019753542373
            ],
            [
              52.5204305552757,
              29.80198634781836
            ],
            [
              52.52040733972447,
              29.80199803024833
            ],
            [
              52.52038458753149,
              29.80201038769741
            ],
            [
              52.52036232642109,
              29.80202340631195
            ],
            [
              52.52034058100077,
              29.80203707137191
            ],
            [
              52.52031937587807,
              29.80205136815722
            ],
            [
              52.52029873458522,
              29.8020662792532
            ],
            [
              52.52024707493413,
              29.80206579527399
            ],
            [
              52.52021830367726,
              29.80204232378917
            ],
            [
              52.52020352611126,
              29.8020298467803
            ],
            [
              52.52018924788492,
              29.80201693451817
            ],
            [
              52.52017548682896,
              29.80200360303974
            ],
            [
              52.52016225765715,
              29.80198986751543
            ],
            [
              52.52014957716569,
              29.80197574399409
            ],
            [
              52.52013745904753,
              29.80196124856021
            ],
            [
              52.52012591910535,
              29.80194639998104
            ],
            [
              52.52011496999759,
              29.80193121435297
            ],
            [
              52.5201046254444,
              29.8019157095649
            ],
            [
              52.52009489607629,
              29.80189990444351
            ],
            [
              52.52008579562698,
              29.80188381777984
            ],
            [
              52.52007733265809,
              29.80186746842437
            ],
            [
              52.52006951780003,
              29.80185087520382
            ],
            [
              52.52006236066243,
              29.80183405785895
            ],
            [
              52.52005586878609,
              29.80181703615433
            ],
            [
              52.52005005178057,
              29.80179982983068
            ],
            [
              52.52004491411067,
              29.8017824604926
            ],
            [
              52.52004046330344,
              29.80176494700244
            ],
            [
              52.52003670380999,
              29.80174731006258
            ],
            [
              52.52003364114311,
              29.80172957216782
            ],
            [
              52.52003127765777,
              29.80171175224002
            ],
            [
              52.52002961678424,
              29.80169387189559
            ],
            [
              52.52002866091841,
              29.80167595276283
            ],
            [
              52.52002841037368,
              29.80165801559167
            ],
            [
              52.52002886547706,
              29.8016400820342
            ],
            [
              52.52003002652833,
              29.80162217193814
            ],
            [
              52.52003189075124,
              29.80160430699125
            ],
            [
              52.52003445743846,
              29.80158650885749
            ],
            [
              52.52003772275205,
              29.80156879743216
            ],
            [
              52.52004168289508,
              29.80155119531704
            ],
            [
              52.52004633296795,
              29.80153372061495
            ],
            [
              52.52005166815295,
              29.80151639684173
            ],
            [
              52.52005768251611,
              29.80149924211209
            ],
            [
              52.52006436706117,
              29.80148227728296
            ],
            [
              52.52007171589513,
              29.80146552317552
            ],
            [
              52.52008832049418,
              29.80143120619614
            ],
            [
              52.52010623734736,
              29.80139739476262
            ],
            [
              52.52012544740005,
              29.80136412879597
            ],
            [
              52.52014592739185,
              29.80133144375394
            ],
            [
              52.52016765512416,
              29.80129937688674
            ],
            [
              52.52018292517531,
              29.80127847750153
            ],
            [
              52.52019060632966,
              29.8012679654683
            ],
            [
              52.52021475463138,
              29.80123724408983
            ],
            [
              52.52024007158365,
              29.80120724736637
            ],
            [
              52.52026653080976,
              29.80117800988904
            ],
            [
              52.52029410176813,
              29.80114956449232
            ],
            [
              52.52032275286933,
              29.80112194312037
            ],
            [
              52.52035245146229,
              29.80109517592489
            ],
            [
              52.52038316492337,
              29.80106929486194
            ],
            [
              52.52041485747129,
              29.8010443283146
            ],
            [
              52.52044749435924,
              29.80102030465407
            ],
            [
              52.52045498138283,
              29.80101515556068
            ],
            [
              52.52045722840153,
              29.80101371215334
            ],
            [
              52.52046265998373,
              29.80101022352801
            ],
            [
              52.52047052096146,
              29.80100551588051
            ],
            [
              52.52047855504729,
              29.80100103543177
            ],
            [
              52.52048675407517,
              29.8009967894943
            ],
            [
              52.52049510981082,
              29.80099278086983
            ],
            [
              52.52050361095768,
              29.80098901510222
            ],
            [
              52.52051225135025,
              29.80098549496938
            ],
            [
              52.52052101865761,
              29.80098222602711
            ],
            [
              52.52052990566622,
              29.80097921016306
            ],
            [
              52.52053890210032,
              29.80097645200702
            ],
            [
              52.52054799764316,
              29.80097395348235
            ],
            [
              52.5205571819917,
              29.80097171741457
            ],
            [
              52.52056644589091,
              29.80096974751944
            ],
            [
              52.5205696572694,
              29.80097159552862
            ],
            [
              52.52058369465379,
              29.80097967315354
            ],
            [
              52.52068205481479,
              29.80138850338728
            ],
            [
              52.52066573172748,
              29.80139149023368
            ],
            [
              52.52065171767431,
              29.80139405528946
            ],
            [
              52.52065484087746,
              29.80140703450532
            ],
            [
              52.52067293670943,
              29.80148224992517
            ],
            [
              52.5207032728405,
              29.80147669802919
            ],
            [
              52.52080163407764,
              29.80188552901212
            ]
          ]
        ]
      },
      "properties": {
        "name": "482",
        "area_m2": 6759.48,
        "centroid": [
          52.520402,
          29.801569
        ]
      }
    },
    {
      "type": "Feature",
      "geometry": {
        "type": "Polygon",
        "coordinates": [
          [
            [
              52.52238523004184,
              29.7999241101714
            ],
            [
              52.52237179396526,
              29.79995819782467
            ],
            [
              52.52215665903435,
              29.80004982663159
            ],
            [
              52.52208411642238,
              29.79992026519682
            ],
            [
              52.52217696056255,
              29.79988072156005
            ],
            [
              52.52213162121544,
              29.79979974567489
            ],
            [
              52.52228017160201,
              29.79973647613956
            ],
            [
              52.52238523004184,
              29.7999241101714
            ]
          ]
        ]
      },
      "properties": {
        "name": "486.5",
        "area_m2": 659.99,
        "centroid": [
          52.522237,
          29.799899
        ]
      }
    },
    {
      "type": "Feature",
      "geometry": {
        "type": "Polygon",
        "coordinates": [
          [
            [
              52.51697408638086,
              29.79773334598065
            ],
            [
              52.51696184638304,
              29.79767855006582
            ],
            [
              52.51695180696273,
              29.7976234157833
            ],
            [
              52.51694397945389,
              29.7975680088735
            ],
            [
              52.51693837316247,
              29.79751239780696
            ],
            [
              52.51744962613215,
              29.79768135467685
            ],
            [
              52.51725891019982,
              29.7981203583007
            ],
            [
              52.51714403886859,
              29.79815565506322
            ],
            [
              52.51712540278021,
              29.79814786986314
            ],
            [
              52.51703805600604,
              29.79793162725935
            ],
            [
              52.51701932455296,
              29.79788275745981
            ],
            [
              52.51700240740056,
              29.79783338589101
            ],
            [
              52.51698732292042,
              29.7977835646778
            ],
            [
              52.51697408638086,
              29.79773334598065
            ]
          ]
        ]
      },
      "properties": {
        "name": "327.1",
        "area_m2": 2308.3,
        "centroid": [
          52.517176,
          29.797813
        ]
      }
    },
    {
      "type": "Feature",
      "geometry": {
        "type": "Polygon",
        "coordinates": [
          [
            [
              52.52251420004492,
              29.79882632342977
            ],
            [
              52.52248472737872,
              29.79880036466482
            ],
            [
              52.52248349917326,
              29.79876776693976
            ],
            [
              52.52248103031038,
              29.79873522320936
            ],
            [
              52.52247732340654,
              29.79870276953643
            ],
            [
              52.522472384154,
              29.79867044014368
            ],
            [
              52.52246621725162,
              29.79863827197216
            ],
            [
              52.52245882839159,
              29.79860629924454
            ],
            [
              52.5224502274446,
              29.79857455884222
            ],
            [
              52.52244042217156,
              29.79854308496393
            ],
            [
              52.52242942448448,
              29.79851191266293
            ],
            [
              52.52244775611136,
              29.79848897369391
            ],
            [
              52.52246803741255,
              29.79848581561679
            ],
            [
              52.52268070777175,
              29.79861510422073
            ],
            [
              52.52265721835381,
              29.79864449743184
            ],
            [
              52.52277148728937,
              29.79871426339254
            ],
            [
              52.52265106004599,
              29.79886495343391
            ],
            [
              52.52263655407224,
              29.79885898835368
            ],
            [
              52.52262183701451,
              29.7988534308482
            ],
            [
              52.52260692444308,
              29.79884828434732
            ],
            [
              52.52259183093479,
              29.79884355499934
            ],
            [
              52.5225765731353,
              29.79883924892871
            ],
            [
              52.52256116451871,
              29.79883536778478
            ],
            [
              52.52254562277871,
              29.79883191858228
            ],
            [
              52.52252996241015,
              29.7988289020565
            ],
            [
              52.52251420004492,
              29.79882632342977
            ]
          ]
        ]
      },
      "properties": {
        "name": "621.1",
        "area_m2": 858.42,
        "centroid": [
          52.522582,
          29.798688
        ]
      }
    },
    {
      "type": "Feature",
      "geometry": {
        "type": "Polygon",
        "coordinates": [
          [
            [
              52.51919540392806,
              29.80170116995131
            ],
            [
              52.51911700296073,
              29.80172626891018
            ],
            [
              52.51909816000428,
              29.80173230191179
            ],
            [
              52.51909505665147,
              29.8017250052797
            ],
            [
              52.51906223144935,
              29.80164780868831
            ],
            [
              52.51915979139768,
              29.80161657567144
            ],
            [
              52.51919540392806,
              29.80170116995131
            ]
          ]
        ]
      },
      "properties": {
        "name": "169.1",
        "area_m2": 115.87,
        "centroid": [
          52.519129,
          29.801674
        ]
      }
    },
    {
      "type": "Feature",
      "geometry": {
        "type": "Polygon",
        "coordinates": [
          [
            [
              52.524386798369,
              29.80004770708232
            ],
            [
              52.52447156259851,
              29.80009923654514
            ],
            [
              52.52430613566141,
              29.80030623882902
            ],
            [
              52.52422137031157,
              29.8002547101789
            ],
            [
              52.524386798369,
              29.80004770708232
            ]
          ]
        ]
      },
      "properties": {
        "name": "606",
        "area_m2": 323.07,
        "centroid": [
          52.524346,
          29.800177
        ]
      }
    },
    {
      "type": "Feature",
      "geometry": {
        "type": "Polygon",
        "coordinates": [
          [
            [
              52.52042256466063,
              29.79762563821536
            ],
            [
              52.52051917933552,
              29.79765757441925
            ],
            [
              52.52044960923085,
              29.79781768150009
            ],
            [
              52.52035299441943,
              29.79778574525073
            ],
            [
              52.52042256466063,
              29.79762563821536
            ]
          ]
        ]
      },
      "properties": {
        "name": "422",
        "area_m2": 219.22,
        "centroid": [
          52.520436,
          29.797722
        ]
      }
    },
    {
      "type": "Feature",
      "geometry": {
        "type": "Polygon",
        "coordinates": [
          [
            [
              52.52042256466063,
              29.79762563821536
            ],
            [
              52.52035299441943,
              29.79778574525073
            ],
            [
              52.52025637863225,
              29.7977538089403
            ],
            [
              52.52032594900995,
              29.79759370195041
            ],
            [
              52.52042256466063,
              29.79762563821536
            ]
          ]
        ]
      },
      "properties": {
        "name": "421",
        "area_m2": 219.22,
        "centroid": [
          52.520339,
          29.79769
        ]
      }
    },
    {
      "type": "Feature",
      "geometry": {
        "type": "Polygon",
        "coordinates": [
          [
            [
              52.52116456435292,
              29.79805400563049
            ],
            [
              52.52125244171906,
              29.79785176447934
            ],
            [
              52.52134905685023,
              29.79788370005835
            ],
            [
              52.52126118067727,
              29.79808594035287
            ],
            [
              52.52116456435292,
              29.79805400563049
            ]
          ]
        ]
      },
      "properties": {
        "name": "430",
        "area_m2": 276.91,
        "centroid": [
          52.521257,
          29.797969
        ]
      }
    },
    {
      "type": "Feature",
      "geometry": {
        "type": "Polygon",
        "coordinates": [
          [
            [
              52.52142736486088,
              29.79795776840802
            ],
            [
              52.52135779603948,
              29.79811787591639
            ],
            [
              52.52126118067727,
              29.79808594035287
            ],
            [
              52.52134905685023,
              29.79788370005835
            ],
            [
              52.52144567306072,
              29.79791563465033
            ],
            [
              52.52142736486088,
              29.79795776840802
            ]
          ]
        ]
      },
      "properties": {
        "name": "431",
        "area_m2": 276.91,
        "centroid": [
          52.521353,
          29.798001
        ]
      }
    },
    {
      "type": "Feature",
      "geometry": {
        "type": "Polygon",
        "coordinates": [
          [
            [
              52.52142736486088,
              29.79795776840802
            ],
            [
              52.52152398117954,
              29.79798970384117
            ],
            [
              52.52145441249467,
              29.79814981139502
            ],
            [
              52.52135779603948,
              29.79811787591639
            ],
            [
              52.52142736486088,
              29.79795776840802
            ]
          ]
        ]
      },
      "properties": {
        "name": "432",
        "area_m2": 219.23,
        "centroid": [
          52.521441,
          29.798054
        ]
      }
    },
    {
      "type": "Feature",
      "geometry": {
        "type": "Polygon",
        "coordinates": [
          [
            [
              52.52163158160238,
              29.7979963585813
            ],
            [
              52.52155102796041,
              29.79818174591042
            ],
            [
              52.52145441249467,
              29.79814981139502
            ],
            [
              52.52152398117954,
              29.79798970384117
            ],
            [
              52.52154228830908,
              29.79794757008341
            ],
            [
              52.52162524015301,
              29.79797498870636
            ],
            [
              52.52163372601742,
              29.79799142252846
            ],
            [
              52.52163158160238,
              29.7979963585813
            ]
          ]
        ]
      },
      "properties": {
        "name": "433",
        "area_m2": 275.76,
        "centroid": [
          52.521546,
          29.798065
        ]
      }
    },
    {
      "type": "Feature",
      "geometry": {
        "type": "Polygon",
        "coordinates": [
          [
            [
              52.51808348126376,
              29.79680424535558
            ],
            [
              52.51818009447294,
              29.79683618332769
            ],
            [
              52.51809221265782,
              29.79703842263988
            ],
            [
              52.51799559824188,
              29.79700648462219
            ],
            [
              52.51808348126376,
              29.79680424535558
            ]
          ]
        ]
      },
      "properties": {
        "name": "398",
        "area_m2": 276.91,
        "centroid": [
          52.518088,
          29.796921
        ]
      }
    },
    {
      "type": "Feature",
      "geometry": {
        "type": "Polygon",
        "coordinates": [
          [
            [
              52.51809221265782,
              29.79703842263988
            ],
            [
              52.51818009447294,
              29.79683618332769
            ],
            [
              52.51827670877508,
              29.79686812121496
            ],
            [
              52.51818882608439,
              29.79707035969432
            ],
            [
              52.51809221265782,
              29.79703842263988
            ]
          ]
        ]
      },
      "properties": {
        "name": "399",
        "area_m2": 276.91,
        "centroid": [
          52.518184,
          29.796953
        ]
      }
    },
    {
      "type": "Feature",
      "geometry": {
        "type": "Polygon",
        "coordinates": [
          [
            [
              52.51827748649989,
              29.79686837846716
            ],
            [
              52.51837332208783,
              29.79690005813899
            ],
            [
              52.51837099154246,
              29.79690542037513
            ],
            [
              52.51828544061755,
              29.79710229756611
            ],
            [
              52.51818882608439,
              29.79707035969432
            ],
            [
              52.51827670877508,
              29.79686812121496
            ],
            [
              52.51827748649989,
              29.79686837846716
            ]
          ]
        ]
      },
      "properties": {
        "name": "400",
        "area_m2": 276.91,
        "centroid": [
          52.518281,
          29.796985
        ]
      }
    },
    {
      "type": "Feature",
      "geometry": {
        "type": "Polygon",
        "coordinates": [
          [
            [
              52.51837555231643,
              29.79690079498344
            ],
            [
              52.51846993650716,
              29.79693199588038
            ],
            [
              52.51838205417494,
              29.79713423537681
            ],
            [
              52.51828544061755,
              29.79710229756611
            ],
            [
              52.51837099154246,
              29.79690542037513
            ],
            [
              52.51837332208783,
              29.79690005813899
            ],
            [
              52.51837555231643,
              29.79690079498344
            ]
          ]
        ]
      },
      "properties": {
        "name": "401",
        "area_m2": 276.91,
        "centroid": [
          52.518378,
          29.797017
        ]
      }
    },
    {
      "type": "Feature",
      "geometry": {
        "type": "Polygon",
        "coordinates": [
          [
            [
              52.51838205417494,
              29.79713423537681
            ],
            [
              52.51846993650716,
              29.79693199588038
            ],
            [
              52.51856654995074,
              29.79696393356067
            ],
            [
              52.51847866881167,
              29.7971661722005
            ],
            [
              52.51838205417494,
              29.79713423537681
            ]
          ]
        ]
      },
      "properties": {
        "name": "402",
        "area_m2": 276.91,
        "centroid": [
          52.518474,
          29.797049
        ]
      }
    },
    {
      "type": "Feature",
      "geometry": {
        "type": "Polygon",
        "coordinates": [
          [
            [
              52.51847866881167,
              29.7971661722005
            ],
            [
              52.51856654995074,
              29.79696393356067
            ],
            [
              52.51866316447365,
              29.79699587025394
            ],
            [
              52.51857528248628,
              29.79719810986531
            ],
            [
              52.51847866881167,
              29.7971661722005
            ]
          ]
        ]
      },
      "properties": {
        "name": "403",
        "area_m2": 276.91,
        "centroid": [
          52.518571,
          29.797081
        ]
      }
    },
    {
      "type": "Feature",
      "geometry": {
        "type": "Polygon",
        "coordinates": [
          [
            [
              52.51857528248628,
              29.79719810986531
            ],
            [
              52.51866316447365,
              29.79699587025394
            ],
            [
              52.51875977803443,
              29.79702780778831
            ],
            [
              52.51867189725384,
              29.79723004744526
            ],
            [
              52.51857528248628,
              29.79719810986531
            ]
          ]
        ]
      },
      "properties": {
        "name": "404",
        "area_m2": 276.91,
        "centroid": [
          52.518668,
          29.797113
        ]
      }
    },
    {
      "type": "Feature",
      "geometry": {
        "type": "Polygon",
        "coordinates": [
          [
            [
              52.51867189725384,
              29.79723004744526
            ],
            [
              52.51875977803443,
              29.79702780778831
            ],
            [
              52.51885639268816,
              29.79705974523784
            ],
            [
              52.51876851104564,
              29.79726198496414
            ],
            [
              52.51867189725384,
              29.79723004744526
            ]
          ]
        ]
      },
      "properties": {
        "name": "405",
        "area_m2": 276.91,
        "centroid": [
          52.518764,
          29.797145
        ]
      }
    },
    {
      "type": "Feature",
      "geometry": {
        "type": "Polygon",
        "coordinates": [
          [
            [
              52.51895300636613,
              29.79709168262632
            ],
            [
              52.51886512591677,
              29.797293921496
            ],
            [
              52.51876851104564,
              29.79726198496414
            ],
            [
              52.51885639268816,
              29.79705974523784
            ],
            [
              52.51895300636613,
              29.79709168262632
            ]
          ]
        ]
      },
      "properties": {
        "name": "406",
        "area_m2": 276.91,
        "centroid": [
          52.518861,
          29.797177
        ]
      }
    },
    {
      "type": "Feature",
      "geometry": {
        "type": "Polygon",
        "coordinates": [
          [
            [
              52.51895300636613,
              29.79709168262632
            ],
            [
              52.51904962112344,
              29.79712361902776
            ],
            [
              52.51896173982576,
              29.79732585886896
            ],
            [
              52.51886512591677,
              29.797293921496
            ],
            [
              52.51895300636613,
              29.79709168262632
            ]
          ]
        ]
      },
      "properties": {
        "name": "407",
        "area_m2": 276.91,
        "centroid": [
          52.518957,
          29.797209
        ]
      }
    },
    {
      "type": "Feature",
      "geometry": {
        "type": "Polygon",
        "coordinates": [
          [
            [
              52.51904962112344,
              29.79712361902776
            ],
            [
              52.51914623491862,
              29.7971555562703
            ],
            [
              52.51905835482773,
              29.79735779615708
            ],
            [
              52.51896173982576,
              29.79732585886896
            ],
            [
              52.51904962112344,
              29.79712361902776
            ]
          ]
        ]
      },
      "properties": {
        "name": "408",
        "area_m2": 276.91,
        "centroid": [
          52.519054,
          29.797241
        ]
      }
    },
    {
      "type": "Feature",
      "geometry": {
        "type": "Polygon",
        "coordinates": [
          [
            [
              52.51905835482773,
              29.79735779615708
            ],
            [
              52.51914623491862,
              29.7971555562703
            ],
            [
              52.51924284877239,
              29.79718749343988
            ],
            [
              52.51915496884029,
              29.79738973248196
            ],
            [
              52.51905835482773,
              29.79735779615708
            ]
          ]
        ]
      },
      "properties": {
        "name": "409",
        "area_m2": 276.91,
        "centroid": [
          52.519151,
          29.797273
        ]
      }
    },
    {
      "type": "Feature",
      "geometry": {
        "type": "Polygon",
        "coordinates": [
          [
            [
              52.51933946371912,
              29.79721943052462
            ],
            [
              52.51925158395946,
              29.79742166962415
            ],
            [
              52.51915496884029,
              29.79738973248196
            ],
            [
              52.51924284877239,
              29.79718749343988
            ],
            [
              52.5192911562316,
              29.79720346154028
            ],
            [
              52.51933946371912,
              29.79721943052462
            ]
          ]
        ]
      },
      "properties": {
        "name": "410",
        "area_m2": 276.91,
        "centroid": [
          52.519247,
          29.797305
        ]
      }
    },
    {
      "type": "Feature",
      "geometry": {
        "type": "Polygon",
        "coordinates": [
          [
            [
              52.51933946371912,
              29.79721943052462
            ],
            [
              52.51943607767645,
              29.79725136664611
            ],
            [
              52.51934819810285,
              29.79745360670527
            ],
            [
              52.51925158395946,
              29.79742166962415
            ],
            [
              52.51933946371912,
              29.79721943052462
            ]
          ]
        ]
      },
      "properties": {
        "name": "411",
        "area_m2": 276.91,
        "centroid": [
          52.519344,
          29.797337
        ]
      }
    },
    {
      "type": "Feature",
      "geometry": {
        "type": "Polygon",
        "coordinates": [
          [
            [
              52.51934819810285,
              29.79745360670527
            ],
            [
              52.51943607767645,
              29.79725136664611
            ],
            [
              52.51953269274039,
              29.79728330358494
            ],
            [
              52.51944481333922,
              29.79748554370154
            ],
            [
              52.51934819810285,
              29.79745360670527
            ]
          ]
        ]
      },
      "properties": {
        "name": "412",
        "area_m2": 276.92,
        "centroid": [
          52.51944,
          29.797368
        ]
      }
    },
    {
      "type": "Feature",
      "geometry": {
        "type": "Polygon",
        "coordinates": [
          [
            [
              52.5196241290186,
              29.79732715747719
            ],
            [
              52.51954660644922,
              29.79750556271106
            ],
            [
              52.51952776428477,
              29.79751296367681
            ],
            [
              52.51944481333922,
              29.79748554370154
            ],
            [
              52.51953269274039,
              29.79728330358494
            ],
            [
              52.51961564353789,
              29.79731072351087
            ],
            [
              52.5196241290186,
              29.79732715747719
            ]
          ]
        ]
      },
      "properties": {
        "name": "413",
        "area_m2": 274.61,
        "centroid": [
          52.519537,
          29.7974
        ]
      }
    },
    {
      "type": "Feature",
      "geometry": {
        "type": "Polygon",
        "coordinates": [
          [
            [
              52.51794832329896,
              29.79710554912079
            ],
            [
              52.51795148355354,
              29.79710662629599
            ],
            [
              52.51795022753696,
              29.79710943071817
            ],
            [
              52.5178612458567,
              29.7973080741107
            ],
            [
              52.51776500937849,
              29.79727527979232
            ],
            [
              52.5178307932839,
              29.79712842487022
            ],
            [
              52.51784461255073,
              29.79709757259253
            ],
            [
              52.51788246760051,
              29.79708310754772
            ],
            [
              52.51794832329896,
              29.79710554912079
            ]
          ]
        ]
      },
      "properties": {
        "name": "396",
        "area_m2": 272.3,
        "centroid": [
          52.517858,
          29.797193
        ]
      }
    },
    {
      "type": "Feature",
      "geometry": {
        "type": "Polygon",
        "coordinates": [
          [
            [
              52.51772059859077,
              29.79749234476948
            ],
            [
              52.51770199059705,
              29.79748600395173
            ],
            [
              52.51768540491631,
              29.79745298786346
            ],
            [
              52.51768880471681,
              29.79744539814609
            ],
            [
              52.51776500937849,
              29.79727527979232
            ],
            [
              52.5178612458567,
              29.7973080741107
            ],
            [
              52.5177710067796,
              29.79750952188247
            ],
            [
              52.51772059859077,
              29.79749234476948
            ]
          ]
        ]
      },
      "properties": {
        "name": "328",
        "area_m2": 272.3,
        "centroid": [
          52.517769,
          29.797391
        ]
      }
    },
    {
      "type": "Feature",
      "geometry": {
        "type": "Polygon",
        "coordinates": [
          [
            [
              52.51804422896559,
              29.79713822980601
            ],
            [
              52.51804771990867,
              29.79713941958074
            ],
            [
              52.51795748239498,
              29.79734086835664
            ],
            [
              52.5178612458567,
              29.7973080741107
            ],
            [
              52.51795022753696,
              29.79710943071817
            ],
            [
              52.51795148355354,
              29.79710662629599
            ],
            [
              52.51804422896559,
              29.79713822980601
            ]
          ]
        ]
      },
      "properties": {
        "name": "395",
        "area_m2": 276.91,
        "centroid": [
          52.517954,
          29.797224
        ]
      }
    },
    {
      "type": "Feature",
      "geometry": {
        "type": "Polygon",
        "coordinates": [
          [
            [
              52.5178612458567,
              29.7973080741107
            ],
            [
              52.51795748239498,
              29.79734086835664
            ],
            [
              52.5178672434874,
              29.79754231618742
            ],
            [
              52.5177710067796,
              29.79750952188247
            ],
            [
              52.5178612458567,
              29.7973080741107
            ]
          ]
        ]
      },
      "properties": {
        "name": "329",
        "area_m2": 276.91,
        "centroid": [
          52.517864,
          29.797425
        ]
      }
    },
    {
      "type": "Feature",
      "geometry": {
        "type": "Polygon",
        "coordinates": [
          [
            [
              52.51795748239498,
              29.79734086835664
            ],
            [
              52.51804771990867,
              29.79713941958074
            ],
            [
              52.51814395633748,
              29.7971722136952
            ],
            [
              52.51805371897969,
              29.79737366162794
            ],
            [
              52.51795748239498,
              29.79734086835664
            ]
          ]
        ]
      },
      "properties": {
        "name": "394",
        "area_m2": 276.91,
        "centroid": [
          52.518051,
          29.797257
        ]
      }
    },
    {
      "type": "Feature",
      "geometry": {
        "type": "Polygon",
        "coordinates": [
          [
            [
              52.51795748239498,
              29.79734086835664
            ],
            [
              52.51805371897969,
              29.79737366162794
            ],
            [
              52.51796348025525,
              29.7975751104199
            ],
            [
              52.5178672434874,
              29.79754231618742
            ],
            [
              52.51795748239498,
              29.79734086835664
            ]
          ]
        ]
      },
      "properties": {
        "name": "330",
        "area_m2": 276.91,
        "centroid": [
          52.51796,
          29.797458
        ]
      }
    },
    {
      "type": "Feature",
      "geometry": {
        "type": "Polygon",
        "coordinates": [
          [
            [
              52.51778169339098,
              29.80472404790662
            ],
            [
              52.51787215991982,
              29.80477425370784
            ],
            [
              52.51786454542199,
              29.80478469085669
            ],
            [
              52.51773347862586,
              29.80496432366137
            ],
            [
              52.5176059107493,
              29.8048935286857
            ],
            [
              52.51773674862147,
              29.80471421083693
            ],
            [
              52.5177569216899,
              29.80471030035108
            ],
            [
              52.51778169339098,
              29.80472404790662
            ]
          ]
        ]
      },
      "properties": {
        "name": "96",
        "area_m2": 420.98,
        "centroid": [
          52.517739,
          29.804834
        ]
      }
    },
    {
      "type": "Feature",
      "geometry": {
        "type": "Polygon",
        "coordinates": [
          [
            [
              52.51747955727093,
              29.8050904399083
            ],
            [
              52.51747507343976,
              29.80507284550256
            ],
            [
              52.5176059107493,
              29.8048935286857
            ],
            [
              52.51773347862586,
              29.80496432366137
            ],
            [
              52.51759479578266,
              29.80515439349437
            ],
            [
              52.51747955727093,
              29.8050904399083
            ]
          ]
        ]
      },
      "properties": {
        "name": "75",
        "area_m2": 420.98,
        "centroid": [
          52.517601,
          29.805024
        ]
      }
    },
    {
      "type": "Feature",
      "geometry": {
        "type": "Polygon",
        "coordinates": [
          [
            [
              52.51795933573835,
              29.80482263303959
            ],
            [
              52.51795055959935,
              29.8048346617062
            ],
            [
              52.51782065351654,
              29.80501270309173
            ],
            [
              52.51773347862586,
              29.80496432366137
            ],
            [
              52.51786454542199,
              29.80478469085669
            ],
            [
              52.51787215991982,
              29.80477425370784
            ],
            [
              52.51795933573835,
              29.80482263303959
            ]
          ]
        ]
      },
      "properties": {
        "name": "95",
        "area_m2": 288.47,
        "centroid": [
          52.517846,
          29.804893
        ]
      }
    },
    {
      "type": "Feature",
      "geometry": {
        "type": "Polygon",
        "coordinates": [
          [
            [
              52.51757490485523,
              29.80518165563277
            ],
            [
              52.51759479578266,
              29.80515439349437
            ],
            [
              52.51773347862586,
              29.80496432366137
            ],
            [
              52.51782065351654,
              29.80501270309173
            ],
            [
              52.51765423520801,
              29.80524078714805
            ],
            [
              52.51757938766139,
              29.80519924914379
            ],
            [
              52.51757490485523,
              29.80518165563277
            ]
          ]
        ]
      },
      "properties": {
        "name": "76",
        "area_m2": 345.01,
        "centroid": [
          52.517694,
          29.805102
        ]
      }
    },
    {
      "type": "Feature",
      "geometry": {
        "type": "Polygon",
        "coordinates": [
          [
            [
              52.5180465106048,
              29.80487101232239
            ],
            [
              52.51803879575217,
              29.80488158598273
            ],
            [
              52.51790782952402,
              29.80506108244937
            ],
            [
              52.51782065351654,
              29.80501270309173
            ],
            [
              52.51795055959935,
              29.8048346617062
            ],
            [
              52.51795933573835,
              29.80482263303959
            ],
            [
              52.5180465106048,
              29.80487101232239
            ]
          ]
        ]
      },
      "properties": {
        "name": "94",
        "area_m2": 288.47,
        "centroid": [
          52.517934,
          29.804942
        ]
      }
    },
    {
      "type": "Feature",
      "geometry": {
        "type": "Polygon",
        "coordinates": [
          [
            [
              52.51765423520801,
              29.80524078714805
            ],
            [
              52.51782065351654,
              29.80501270309173
            ],
            [
              52.51790782952402,
              29.80506108244937
            ],
            [
              52.51774141029533,
              29.80528916571949
            ],
            [
              52.51765423520801,
              29.80524078714805
            ]
          ]
        ]
      },
      "properties": {
        "name": "77",
        "area_m2": 346.17,
        "centroid": [
          52.517781,
          29.805151
        ]
      }
    },
    {
      "type": "Feature",
      "geometry": {
        "type": "Polygon",
        "coordinates": [
          [
            [
              52.51813368658806,
              29.8049193915325
            ],
            [
              52.51812521960578,
              29.80493099527206
            ],
            [
              52.51799500457943,
              29.80510946175809
            ],
            [
              52.51790782952402,
              29.80506108244937
            ],
            [
              52.51803879575217,
              29.80488158598273
            ],
            [
              52.5180465106048,
              29.80487101232239
            ],
            [
              52.51813368658806,
              29.8049193915325
            ]
          ]
        ]
      },
      "properties": {
        "name": "93",
        "area_m2": 288.47,
        "centroid": [
          52.518021,
          29.80499
        ]
      }
    },
    {
      "type": "Feature",
      "geometry": {
        "type": "Polygon",
        "coordinates": [
          [
            [
              52.51774141029533,
              29.80528916571949
            ],
            [
              52.51790782952402,
              29.80506108244937
            ],
            [
              52.51799500457943,
              29.80510946175809
            ],
            [
              52.5178285865131,
              29.80533754512038
            ],
            [
              52.51774141029533,
              29.80528916571949
            ]
          ]
        ]
      },
      "properties": {
        "name": "78",
        "area_m2": 346.17,
        "centroid": [
          52.517868,
          29.805199
        ]
      }
    },
    {
      "type": "Feature",
      "geometry": {
        "type": "Polygon",
        "coordinates": [
          [
            [
              52.51822086265369,
              29.80496777068179
            ],
            [
              52.51821130500048,
              29.80498086947986
            ],
            [
              52.51808218073803,
              29.80515784009193
            ],
            [
              52.51799500457943,
              29.80510946175809
            ],
            [
              52.51812521960578,
              29.80493099527206
            ],
            [
              52.51813368658806,
              29.8049193915325
            ],
            [
              52.51822086265369,
              29.80496777068179
            ]
          ]
        ]
      },
      "properties": {
        "name": "92",
        "area_m2": 288.47,
        "centroid": [
          52.518108,
          29.805039
        ]
      }
    },
    {
      "type": "Feature",
      "geometry": {
        "type": "Polygon",
        "coordinates": [
          [
            [
              52.5178285865131,
              29.80533754512038
            ],
            [
              52.51799500457943,
              29.80510946175809
            ],
            [
              52.51808218073803,
              29.80515784009193
            ],
            [
              52.51791576177879,
              29.80538592447234
            ],
            [
              52.5178285865131,
              29.80533754512038
            ]
          ]
        ]
      },
      "properties": {
        "name": "79",
        "area_m2": 346.17,
        "centroid": [
          52.517955,
          29.805248
        ]
      }
    },
    {
      "type": "Feature",
      "geometry": {
        "type": "Polygon",
        "coordinates": [
          [
            [
              52.51828338069555,
              29.80500246597974
            ],
            [
              52.51828584653189,
              29.80501214397204
            ],
            [
              52.51829234757101,
              29.80503765293431
            ],
            [
              52.51816935595818,
              29.80520621927899
            ],
            [
              52.51808218073803,
              29.80515784009193
            ],
            [
              52.51821130500048,
              29.80498086947986
            ],
            [
              52.51822086265369,
              29.80496777068179
            ],
            [
              52.51828338069555,
              29.80500246597974
            ]
          ]
        ]
      },
      "properties": {
        "name": "91",
        "area_m2": 283.86,
        "centroid": [
          52.518193,
          29.805088
        ]
      }
    },
    {
      "type": "Feature",
      "geometry": {
        "type": "Polygon",
        "coordinates": [
          [
            [
              52.51816935595818,
              29.80520621927899
            ],
            [
              52.51801862846544,
              29.80541279972853
            ],
            [
              52.51797828102328,
              29.80542061989524
            ],
            [
              52.51791576177879,
              29.80538592447234
            ],
            [
              52.51808218073803,
              29.80515784009193
            ],
            [
              52.51816935595818,
              29.80520621927899
            ]
          ]
        ]
      },
      "properties": {
        "name": "80",
        "area_m2": 341.55,
        "centroid": [
          52.518043,
          29.805294
        ]
      }
    },
    {
      "type": "Feature",
      "geometry": {
        "type": "Polygon",
        "coordinates": [
          [
            [
              52.51837952381343,
              29.80508603197175
            ],
            [
              52.51841987108553,
              29.80507821168793
            ],
            [
              52.51848238926225,
              29.8051129068863
            ],
            [
              52.51834370768,
              29.80530297745877
            ],
            [
              52.51825653229514,
              29.80525459839335
            ],
            [
              52.51837952381343,
              29.80508603197175
            ]
          ]
        ]
      },
      "properties": {
        "name": "90",
        "area_m2": 283.86,
        "centroid": [
          52.518369,
          29.805186
        ]
      }
    },
    {
      "type": "Feature",
      "geometry": {
        "type": "Polygon",
        "coordinates": [
          [
            [
              52.51811477075962,
              29.8054963668162
            ],
            [
              52.51810580388381,
              29.80546117894902
            ],
            [
              52.51825653229514,
              29.80525459839335
            ],
            [
              52.51834370768,
              29.80530297745877
            ],
            [
              52.51817729013897,
              29.80553106213951
            ],
            [
              52.51811477075962,
              29.8054963668162
            ]
          ]
        ]
      },
      "properties": {
        "name": "81",
        "area_m2": 341.55,
        "centroid": [
          52.518218,
          29.805392
        ]
      }
    },
    {
      "type": "Feature",
      "geometry": {
        "type": "Polygon",
        "coordinates": [
          [
            [
              52.5184308841817,
              29.80535135645149
            ],
            [
              52.51834370768,
              29.80530297745877
            ],
            [
              52.51848238926225,
              29.8051129068863
            ],
            [
              52.51856956565734,
              29.80516128579229
            ],
            [
              52.5184308841817,
              29.80535135645149
            ]
          ]
        ]
      },
      "properties": {
        "name": "89",
        "area_m2": 288.48,
        "centroid": [
          52.518457,
          29.805232
        ]
      }
    },
    {
      "type": "Feature",
      "geometry": {
        "type": "Polygon",
        "coordinates": [
          [
            [
              52.51817729013897,
              29.80553106213951
            ],
            [
              52.51834370768,
              29.80530297745877
            ],
            [
              52.5184308841817,
              29.80535135645149
            ],
            [
              52.51826446675496,
              29.80557944033413
            ],
            [
              52.51817729013897,
              29.80553106213951
            ]
          ]
        ]
      },
      "properties": {
        "name": "82",
        "area_m2": 346.17,
        "centroid": [
          52.518304,
          29.805441
        ]
      }
    },
    {
      "type": "Feature",
      "geometry": {
        "type": "Polygon",
        "coordinates": [
          [
            [
              52.51851806076576,
              29.80539973538338
            ],
            [
              52.5184308841817,
              29.80535135645149
            ],
            [
              52.51856956565734,
              29.80516128579229
            ],
            [
              52.51865674110035,
              29.80520966464934
            ],
            [
              52.51851806076576,
              29.80539973538338
            ]
          ]
        ]
      },
      "properties": {
        "name": "88",
        "area_m2": 288.47,
        "centroid": [
          52.518544,
          29.805281
        ]
      }
    },
    {
      "type": "Feature",
      "geometry": {
        "type": "Polygon",
        "coordinates": [
          [
            [
              52.51826446675496,
              29.80557944033413
            ],
            [
              52.5184308841817,
              29.80535135645149
            ],
            [
              52.51851806076576,
              29.80539973538338
            ],
            [
              52.51835164243249,
              29.80562781938197
            ],
            [
              52.51826446675496,
              29.80557944033413
            ]
          ]
        ]
      },
      "properties": {
        "name": "83",
        "area_m2": 346.17,
        "centroid": [
          52.518391,
          29.80549
        ]
      }
    },
    {
      "type": "Feature",
      "geometry": {
        "type": "Polygon",
        "coordinates": [
          [
            [
              52.51860523638411,
              29.80544811336417
            ],
            [
              52.51851806076576,
              29.80539973538338
            ],
            [
              52.51865674110035,
              29.80520966464934
            ],
            [
              52.51874391766017,
              29.80525804343369
            ],
            [
              52.51860523638411,
              29.80544811336417
            ]
          ]
        ]
      },
      "properties": {
        "name": "87",
        "area_m2": 288.47,
        "centroid": [
          52.518631,
          29.805329
        ]
      }
    },
    {
      "type": "Feature",
      "geometry": {
        "type": "Polygon",
        "coordinates": [
          [
            [
              52.51844666383236,
              29.80566544632719
            ],
            [
              52.51842649060558,
              29.80566935692363
            ],
            [
              52.51835164243249,
              29.80562781938197
            ],
            [
              52.51851806076576,
              29.80539973538338
            ],
            [
              52.51860523638411,
              29.80544811336417
            ],
            [
              52.51846655460688,
              29.8056381840644
            ],
            [
              52.51844666383236,
              29.80566544632719
            ]
          ]
        ]
      },
      "properties": {
        "name": "84",
        "area_m2": 345.01,
        "centroid": [
          52.518479,
          29.805538
        ]
      }
    },
    {
      "type": "Feature",
      "geometry": {
        "type": "Polygon",
        "coordinates": [
          [
            [
              52.51882375287266,
              29.80541407103648
            ],
            [
              52.51879198152113,
              29.80547399064032
            ],
            [
              52.51875874523456,
              29.80553330356681
            ],
            [
              52.51868369463494,
              29.80549165484693
            ],
            [
              52.51860523638411,
              29.80544811336417
            ],
            [
              52.51874391766017,
              29.80525804343369
            ],
            [
              52.51883858370753,
              29.80531057881141
            ],
            [
              52.51885404520434,
              29.80535357108562
            ],
            [
              52.51882375287266,
              29.80541407103648
            ]
          ]
        ]
      },
      "properties": {
        "name": "86",
        "area_m2": 455.87,
        "centroid": [
          52.518741,
          29.805396
        ]
      }
    },
    {
      "type": "Feature",
      "geometry": {
        "type": "Polygon",
        "coordinates": [
          [
            [
              52.5185450139881,
              29.80568172561333
            ],
            [
              52.51846655460688,
              29.8056381840644
            ],
            [
              52.51860523638411,
              29.80544811336417
            ],
            [
              52.51868369463494,
              29.80549165484693
            ],
            [
              52.5185450139881,
              29.80568172561333
            ]
          ]
        ]
      },
      "properties": {
        "name": "85",
        "area_m2": 259.63,
        "centroid": [
          52.518575,
          29.805565
        ]
      }
    },
    {
      "type": "Feature",
      "geometry": {
        "type": "Polygon",
        "coordinates": [
          [
            [
              52.51868369463494,
              29.80549165484693
            ],
            [
              52.51875874523456,
              29.80553330356681
            ],
            [
              52.51872426303468,
              29.80559164636712
            ],
            [
              52.51868836484116,
              29.80564933500458
            ],
            [
              52.51865106578728,
              29.80570634403904
            ],
            [
              52.5186123830618,
              29.80576264710436
            ],
            [
              52.51859224170372,
              29.80576668188114
            ],
            [
              52.5185355503793,
              29.80573522049642
            ],
            [
              52.5185310663445,
              29.80571762703784
            ],
            [
              52.51855373146228,
              29.80568656296137
            ],
            [
              52.5185450139881,
              29.80568172561333
            ],
            [
              52.51868369463494,
              29.80549165484693
            ]
          ]
        ]
      },
      "properties": {
        "name": "85.1",
        "area_m2": 332.39,
        "centroid": [
          52.518641,
          29.805632
        ]
      }
    },
    {
      "type": "Feature",
      "geometry": {
        "type": "Polygon",
        "coordinates": [
          [
            [
              52.5215072646794,
              29.80034064689526
            ],
            [
              52.5217254415498,
              29.80024772444684
            ],
            [
              52.52172431729169,
              29.8002482246485
            ],
            [
              52.52172321320611,
              29.80024875890628
            ],
            [
              52.52172213134817,
              29.80024932629416
            ],
            [
              52.52172107377306,
              29.80024992588617
            ],
            [
              52.52172003945999,
              29.80025055859639
            ],
            [
              52.52171903145757,
              29.8002512207804
            ],
            [
              52.52171805186188,
              29.80025191421873
            ],
            [
              52.52171709961122,
              29.80025263711895
            ],
            [
              52.52171617676075,
              29.80025338855505
            ],
            [
              52.52171528431752,
              29.80025416671083
            ],
            [
              52.5217144233296,
              29.80025497247649
            ],
            [
              52.52171359583848,
              29.80025580402394
            ],
            [
              52.52171280181687,
              29.80025665954877
            ],
            [
              52.52171204333353,
              29.8002575390272
            ],
            [
              52.52171131934042,
              29.80025844156896
            ],
            [
              52.52171063291342,
              29.800259365334
            ],
            [
              52.52170998299083,
              29.80026030852988
            ],
            [
              52.5217093716551,
              29.80026127203493
            ],
            [
              52.52170879886526,
              29.80026225314267
            ],
            [
              52.52170826564206,
              29.80026325093901
            ],
            [
              52.52170777300623,
              29.80026426450988
            ],
            [
              52.52170732197854,
              29.80026529294117
            ],
            [
              52.52170691148359,
              29.80026633353833
            ],
            [
              52.52170654256946,
              29.8002673871916
            ],
            [
              52.52170621725031,
              29.80026845026846
            ],
            [
              52.52170593345736,
              29.80026952279276
            ],
            [
              52.52170569324572,
              29.80027060383849
            ],
            [
              52.52170549658812,
              29.80027169160134
            ],
            [
              52.52170534345723,
              29.80027278427694
            ],
            [
              52.52170523383939,
              29.80027388096316
            ],
            [
              52.52170516772095,
              29.80027498075778
            ],
            [
              52.52170514712974,
              29.80027608093051
            ],
            [
              52.52170516896256,
              29.80027718151707
            ],
            [
              52.52170523630897,
              29.80027828157957
            ],
            [
              52.52170534704553,
              29.80027937753314
            ],
            [
              52.52170550118589,
              29.80028047027994
            ],
            [
              52.52170569973716,
              29.80028155800374
            ],
            [
              52.52170594060322,
              29.80028263892403
            ],
            [
              52.52170622479116,
              29.80028371122455
            ],
            [
              52.52170655228732,
              29.80028477400311
            ],
            [
              52.5217069220573,
              29.80028582727167
            ],
            [
              52.52170733404648,
              29.80028686742151
            ],
            [
              52.52170778619973,
              29.80028789537863
            ],
            [
              52.52170828054486,
              29.80028890841272
            ],
            [
              52.52170881396502,
              29.80028990565733
            ],
            [
              52.52171561500327,
              29.80030205206105
            ],
            [
              52.52155313669337,
              29.80037125262215
            ],
            [
              52.52154180268859,
              29.80035100858917
            ],
            [
              52.52154139274553,
              29.80035030859221
            ],
            [
              52.52154095506484,
              29.80034962154718
            ],
            [
              52.52154049068093,
              29.80034894744214
            ],
            [
              52.52153999962108,
              29.80034828808147
            ],
            [
              52.52153948189897,
              29.8003476443673
            ],
            [
              52.52153893959706,
              29.80034701717799
            ],
            [
              52.52153837168093,
              29.80034640652547
            ],
            [
              52.52153778023305,
              29.80034581328807
            ],
            [
              52.52153716526706,
              29.80034523836797
            ],
            [
              52.52153652679664,
              29.80034468266733
            ],
            [
              52.52153586793862,
              29.80034414705257
            ],
            [
              52.52153518765863,
              29.80034363153564
            ],
            [
              52.52153448700469,
              29.80034313700677
            ],
            [
              52.52153376597681,
              29.80034266346598
            ],
            [
              52.52153302770552,
              29.80034221268187
            ],
            [
              52.5215322721908,
              29.80034178465444
            ],
            [
              52.5215314984119,
              29.80034138029776
            ],
            [
              52.52153071050645,
              29.80034099956422
            ],
            [
              52.52152990744001,
              29.80034064246569
            ],
            [
              52.52152909027433,
              29.80034031079462
            ],
            [
              52.52152826003012,
              29.80034000363693
            ],
            [
              52.52152741878986,
              29.80033972187098
            ],
            [
              52.52152656656718,
              29.80033946639891
            ],
            [
              52.5215257043965,
              29.80033923720884
            ],
            [
              52.52152483329856,
              29.80033903338667
            ],
            [
              52.52152395536945,
              29.80033885671293
            ],
            [
              52.52152306957481,
              29.80033870719954
            ],
            [
              52.5215221800522,
              29.80033858479886
            ],
            [
              52.52152128471919,
              29.80033848863251
            ],
            [
              52.52152038670626,
              29.80033842046914
            ],
            [
              52.5215194870342,
              29.80033837939464
            ],
            [
              52.52151858571663,
              29.80033836631117
            ],
            [
              52.52151768479504,
              29.80033837939064
            ],
            [
              52.5215167843104,
              29.80033842133949
            ],
            [
              52.52151588629057,
              29.80033848942742
            ],
            [
              52.52151499179721,
              29.80033858544685
            ],
            [
              52.5215141008167,
              29.80033870849563
            ],
            [
              52.52151321645223,
              29.80033885853801
            ],
            [
              52.5215123376694,
              29.8003390355859
            ],
            [
              52.52151146757142,
              29.80033923960359
            ],
            [
              52.5215106051102,
              29.80033946970082
            ],
            [
              52.52150975338898,
              29.80033972584183
            ],
            [
              52.52150891135969,
              29.80034000713641
            ],
            [
              52.52150808213918,
              29.80034031445097
            ],
            [
              52.5215072646794,
              29.80034064689526
            ]
          ]
        ]
      },
      "properties": {
        "name": "GIS_92563",
        "area_m2": 105.54,
        "centroid": [
          52.521624,
          29.800315
        ]
      }
    },
    {
      "type": "Feature",
      "geometry": {
        "type": "Polygon",
        "coordinates": [
          [
            [
              52.5215072646794,
              29.80034064689526
            ],
            [
              52.52150646208354,
              29.80034100443354
            ],
            [
              52.5215056732899,
              29.80034138527338
            ],
            [
              52.52150490038094,
              29.80034179029316
            ],
            [
              52.52150414335664,
              29.80034221949288
            ],
            [
              52.52150340527927,
              29.80034267013027
            ],
            [
              52.52150268514171,
              29.8003431440216
            ],
            [
              52.52150198395105,
              29.8003436393506
            ],
            [
              52.52150130376245,
              29.80034415519131
            ],
            [
              52.5215006445759,
              29.80034469154373
            ],
            [
              52.52150000637776,
              29.80034524750568
            ],
            [
              52.5214993912368,
              29.80034582305336
            ],
            [
              52.5214988001738,
              29.80034641727265
            ],
            [
              52.52149823212703,
              29.80034702837117
            ],
            [
              52.5214976901997,
              29.80034765631316
            ],
            [
              52.52149717335741,
              29.80034830111056
            ],
            [
              52.52149668157285,
              29.800348960959
            ],
            [
              52.52149621793556,
              29.80034963492059
            ],
            [
              52.52149578037675,
              29.80035032301917
            ],
            [
              52.52149537095156,
              29.80035102432874
            ],
            [
              52.52149499066707,
              29.80035173703304
            ],
            [
              52.52149463848891,
              29.800352461144
            ],
            [
              52.5214943154378,
              29.80035319574754
            ],
            [
              52.52149402148645,
              29.80035393903932
            ],
            [
              52.5214937587173,
              29.80035469189765
            ],
            [
              52.5214935250206,
              29.80035545163992
            ],
            [
              52.52149332246513,
              29.80035621824225
            ],
            [
              52.52149315102361,
              29.80035698990033
            ],
            [
              52.52149301069602,
              29.80035776661415
            ],
            [
              52.52149290043431,
              29.80035854749346
            ],
            [
              52.52149282229363,
              29.80035933161225
            ],
            [
              52.52149277519862,
              29.80036011627596
            ],
            [
              52.52149276021098,
              29.80036090327698
            ],
            [
              52.52149277625535,
              29.80036168992074
            ],
            [
              52.5214928233181,
              29.80036247530505
            ],
            [
              52.52149290241993,
              29.80036325851584
            ],
            [
              52.52149301252648,
              29.80036403956501
            ],
            [
              52.52149315463117,
              29.80036481573418
            ],
            [
              52.52149332667886,
              29.80036558794929
            ],
            [
              52.52149352967663,
              29.80036635439413
            ],
            [
              52.52149376361085,
              29.80036711416651
            ],
            [
              52.52149402743343,
              29.80036786637617
            ],
            [
              52.52149432216516,
              29.80036861010904
            ],
            [
              52.52149464570991,
              29.80036934358459
            ],
            [
              52.52149499808132,
              29.800370067705
            ],
            [
              52.52149538028649,
              29.80037078065401
            ],
            [
              52.52150671428451,
              29.80039102469118
            ],
            [
              52.52134423567784,
              29.80046022500462
            ],
            [
              52.52133743467201,
              29.80044807858083
            ],
            [
              52.52133686115865,
              29.80044709803811
            ],
            [
              52.52133624859746,
              29.8004461350891
            ],
            [
              52.52133559805016,
              29.8004451915262
            ],
            [
              52.52133491057843,
              29.80044426914189
            ],
            [
              52.52133418616864,
              29.80044336703397
            ],
            [
              52.52133342589615,
              29.80044248789706
            ],
            [
              52.52133263080902,
              29.80044163262138
            ],
            [
              52.52133180195528,
              29.80044080209724
            ],
            [
              52.52133094143105,
              29.80043999810513
            ],
            [
              52.5213300481883,
              29.80043921975479
            ],
            [
              52.52132912432311,
              29.80043846882677
            ],
            [
              52.5213281708972,
              29.80043774711347
            ],
            [
              52.52132718997936,
              29.80043705459108
            ],
            [
              52.52132618159691,
              29.80043639306394
            ],
            [
              52.52132514677059,
              29.80043576161798
            ],
            [
              52.52132408864457,
              29.80043516292396
            ],
            [
              52.52132300617079,
              29.80043459609167
            ],
            [
              52.52132190144535,
              29.80043406290157
            ],
            [
              52.52132077653706,
              29.80043356332987
            ],
            [
              52.52131963249398,
              29.80043309826685
            ],
            [
              52.52131847036415,
              29.80043266860273
            ],
            [
              52.52131729119563,
              29.80043227522781
            ],
            [
              52.52131609807798,
              29.80043191720417
            ],
            [
              52.52131489102483,
              29.80043159543398
            ],
            [
              52.52131367109791,
              29.80043131170971
            ],
            [
              52.52131244137309,
              29.80043106419126
            ],
            [
              52.52131120187769,
              29.80043085468296
            ],
            [
              52.5213099546805,
              29.80043068316102
            ],
            [
              52.52130870185035,
              29.80043054960161
            ],
            [
              52.5213074444216,
              29.80043045399284
            ],
            [
              52.52130618446308,
              29.80043039631088
            ],
            [
              52.5213049220021,
              29.80043037836008
            ],
            [
              52.52130366010086,
              29.80043039739818
            ],
            [
              52.52130239983477,
              29.8004304561198
            ],
            [
              52.5213011422109,
              29.80043055270871
            ],
            [
              52.52129988929804,
              29.80043068714108
            ],
            [
              52.52129864214425,
              29.80043086030716
            ],
            [
              52.52129740382544,
              29.80043107036691
            ],
            [
              52.52129617332086,
              29.80043131823439
            ],
            [
              52.5212949547681,
              29.80043160386198
            ],
            [
              52.52129374815352,
              29.80043192634752
            ],
            [
              52.52129255451149,
              29.80043228567908
            ],
            [
              52.52129137588354,
              29.80043268002852
            ],
            [
              52.52129021436577,
              29.80043311117638
            ],
            [
              52.52128907095161,
              29.8004335764042
            ],
            [
              52.5215072646794,
              29.80034064689526
            ]
          ]
        ]
      },
      "properties": {
        "name": "GIS_92564",
        "area_m2": 105.55,
        "centroid": [
          52.521413,
          29.800405
        ]
      }
    },
    {
      "type": "Feature",
      "geometry": {
        "type": "Polygon",
        "coordinates": [
          [
            [
              52.52103613862963,
              29.8000699565086
            ],
            [
              52.52167887713485,
              29.8012178993845
            ],
            [
              52.52166953501533,
              29.80123397541961
            ],
            [
              52.52165413926824,
              29.80123588786662
            ],
            [
              52.52163867534807,
              29.80123732918028
            ],
            [
              52.52162316289514,
              29.80123829823209
            ],
            [
              52.52160762152246,
              29.80123879208921
            ],
            [
              52.52159206986332,
              29.80123881143942
            ],
            [
              52.52157652655093,
              29.80123835697049
            ],
            [
              52.52156101122564,
              29.80123742755396
            ],
            [
              52.52154554254802,
              29.80123602568196
            ],
            [
              52.5215301401857,
              29.8012341520304
            ],
            [
              52.52151482176482,
              29.80123180910331
            ],
            [
              52.52149960699401,
              29.80122900028313
            ],
            [
              52.52148451454745,
              29.8012257289642
            ],
            [
              52.52146956207858,
              29.80122199945494
            ],
            [
              52.52145476929598,
              29.80121781513779
            ],
            [
              52.52144015284597,
              29.80121318213744
            ],
            [
              52.52142573143001,
              29.80120810565258
            ],
            [
              52.52141152169441,
              29.80120259180793
            ],
            [
              52.52139754340232,
              29.80119664759462
            ],
            [
              52.52138381115851,
              29.80119028096553
            ],
            [
              52.52137034265727,
              29.80118349893565
            ],
            [
              52.52135715560658,
              29.80117630942214
            ],
            [
              52.52086677039672,
              29.80089845201058
            ],
            [
              52.52085434793005,
              29.8008916696181
            ],
            [
              52.52084166932908,
              29.80088525832119
            ],
            [
              52.52082875019168,
              29.80087922335422
            ],
            [
              52.52081560407422,
              29.80087357177974
            ],
            [
              52.5208022466155,
              29.80086831153863
            ],
            [
              52.52078869339972,
              29.80086344696313
            ],
            [
              52.52077496005204,
              29.800858985092
            ],
            [
              52.52076106110857,
              29.8008549293672
            ],
            [
              52.52074701424959,
              29.80085128590154
            ],
            [
              52.52073283297683,
              29.80084805814886
            ],
            [
              52.52071853492959,
              29.80084524951548
            ],
            [
              52.52070413672643,
              29.80084286432178
            ],
            [
              52.52068965493131,
              29.80084090327943
            ],
            [
              52.52067510512839,
              29.80083937072075
            ],
            [
              52.52066050388162,
              29.80083826735739
            ],
            [
              52.52062548109029,
              29.80081159424617
            ],
            [
              52.52062167180903,
              29.80079641492975
            ],
            [
              52.52061727568567,
              29.80078135696109
            ],
            [
              52.52061229815173,
              29.8007664374218
            ],
            [
              52.52060674567316,
              29.80075167338165
            ],
            [
              52.52060062366789,
              29.80073708102009
            ],
            [
              52.52059393963621,
              29.80072267739494
            ],
            [
              52.52058670106479,
              29.80070847866182
            ],
            [
              52.52057891650199,
              29.80069450276882
            ],
            [
              52.5205705944279,
              29.80068076315315
            ],
            [
              52.520561745446,
              29.80066727683694
            ],
            [
              52.52055237807728,
              29.80065405996387
            ],
            [
              52.52054250390501,
              29.80064112593547
            ],
            [
              52.52053213351893,
              29.80062849087167
            ],
            [
              52.52052127955034,
              29.80061616906422
            ],
            [
              52.52050995461679,
              29.80060417390275
            ],
            [
              52.52049817134954,
              29.80059251967899
            ],
            [
              52.52048594338687,
              29.80058121886851
            ],
            [
              52.52047706122046,
              29.80057347172376
            ],
            [
              52.52060799784484,
              29.80032087391561
            ],
            [
              52.52062502369108,
              29.80028802823111
            ],
            [
              52.52075632452098,
              29.80003472769204
            ],
            [
              52.52078642901548,
              29.80003646112837
            ],
            [
              52.52081658254042,
              29.80003733227186
            ],
            [
              52.52084675300139,
              29.80003733968718
            ],
            [
              52.52087690627615,
              29.80003648466935
            ],
            [
              52.52090701235275,
              29.80003476666146
            ],
            [
              52.52093703713629,
              29.80003218876294
            ],
            [
              52.52096694962133,
              29.80002875313534
            ],
            [
              52.52099671572668,
              29.80002446378031
            ],
            [
              52.5210151892537,
              29.80003253993436
            ],
            [
              52.52103613862963,
              29.8000699565086
            ]
          ]
        ]
      },
      "properties": {
        "name": "486",
        "area_m2": 8654.18,
        "centroid": [
          52.521029,
          29.800633
        ]
      }
    },
    {
      "type": "Feature",
      "geometry": {
        "type": "Polygon",
        "coordinates": [
          [
            [
              52.52140655005583,
              29.79880796980941
            ],
            [
              52.52140475167403,
              29.79880808615891
            ],
            [
              52.52140295929699,
              29.79880825748118
            ],
            [
              52.52140117394541,
              29.79880848286215
            ],
            [
              52.52139939975685,
              29.79880876225417
            ],
            [
              52.52139763777932,
              29.79880909654751
            ],
            [
              52.52139589004065,
              29.79880948301183
            ],
            [
              52.5213941586369,
              29.7988099234277
            ],
            [
              52.52139244559587,
              29.79881041506473
            ],
            [
              52.52139075404803,
              29.79881095969159
            ],
            [
              52.52138908500047,
              29.79881155549201
            ],
            [
              52.52138744152901,
              29.79881220062594
            ],
            [
              52.52138582364731,
              29.79881289599554
            ],
            [
              52.52138423547925,
              29.79881364065104
            ],
            [
              52.52138267699753,
              29.79881443278806
            ],
            [
              52.52138115232603,
              29.79881527145682
            ],
            [
              52.52137966146476,
              29.79881615665734
            ],
            [
              52.52137820748955,
              29.79881708654952
            ],
            [
              52.52137679142113,
              29.79881806021932
            ],
            [
              52.52137541531464,
              29.79881907674074
            ],
            [
              52.52137408016348,
              29.79882013339536
            ],
            [
              52.52137278805009,
              29.79882123106157
            ],
            [
              52.52137154100227,
              29.798822367009
            ],
            [
              52.52137034004076,
              29.79882354032361
            ],
            [
              52.52136918720702,
              29.79882474917723
            ],
            [
              52.52136808248741,
              29.7988259926677
            ],
            [
              52.52136702895776,
              29.79882726895495
            ],
            [
              52.52136602763881,
              29.79882857712492
            ],
            [
              52.52136507847595,
              29.79882991356892
            ],
            [
              52.5213641835516,
              29.79883127916532
            ],
            [
              52.52136334385921,
              29.79883267119569
            ],
            [
              52.52136256040585,
              29.79883408784379
            ],
            [
              52.5213618331642,
              29.7988355273053
            ],
            [
              52.52136116521012,
              29.79883698774013
            ],
            [
              52.52135109574743,
              29.79886016080353
            ],
            [
              52.52134011154588,
              29.7988854414029
            ],
            [
              52.52119518689793,
              29.79883753851201
            ],
            [
              52.52121624062416,
              29.79878908486987
            ],
            [
              52.52121685034058,
              29.79878760435258
            ],
            [
              52.52121739978967,
              29.79878610648245
            ],
            [
              52.52121788899873,
              29.79878459306381
            ],
            [
              52.52121831799506,
              29.79878306590104
            ],
            [
              52.52121868575794,
              29.79878152590822
            ],
            [
              52.52121899129395,
              29.79877997580373
            ],
            [
              52.52121923463037,
              29.79877841739193
            ],
            [
              52.52121941579453,
              29.79877685247715
            ],
            [
              52.52121953379297,
              29.79877528377782
            ],
            [
              52.52121958862574,
              29.79877371129391
            ],
            [
              52.52121958138179,
              29.79877213862224
            ],
            [
              52.52121951001968,
              29.79877056759091
            ],
            [
              52.52121937662182,
              29.7987689990783
            ],
            [
              52.52121918121552,
              29.79876743488875
            ],
            [
              52.52121892178662,
              29.79876587865474
            ],
            [
              52.52121860145194,
              29.79876433124273
            ],
            [
              52.52121821920437,
              29.79876279446897
            ],
            [
              52.52121777507124,
              29.79876127013778
            ],
            [
              52.52121727114862,
              29.7987597600297
            ],
            [
              52.52121670642942,
              29.79875826596095
            ],
            [
              52.52121608198899,
              29.79875679062616
            ],
            [
              52.52121539990975,
              29.79875533490367
            ],
            [
              52.52121465918462,
              29.79875390060974
            ],
            [
              52.52121386192331,
              29.79875249042705
            ],
            [
              52.52121300917388,
              29.79875110524587
            ],
            [
              52.52121209991559,
              29.79874974598026
            ],
            [
              52.52121113834058,
              29.79874841619128
            ],
            [
              52.52121012341445,
              29.79874711589084
            ],
            [
              52.52120999804302,
              29.79874696664541
            ],
            [
              52.52120905724696,
              29.79874584776164
            ],
            [
              52.52120794088611,
              29.79874461269393
            ],
            [
              52.52120677641434,
              29.79874341156605
            ],
            [
              52.52120556388625,
              29.79874224798671
            ],
            [
              52.52120430639134,
              29.79874112101801
            ],
            [
              52.52120300293618,
              29.79874003337834
            ],
            [
              52.52120165870633,
              29.79873898591038
            ],
            [
              52.52120027166035,
              29.79873798044225
            ],
            [
              52.52119884593575,
              29.79873701692631
            ],
            [
              52.52119738260787,
              29.79873609805719
            ],
            [
              52.5211963889467,
              29.79873551937307
            ],
            [
              52.52119588375913,
              29.79873522471324
            ],
            [
              52.52119435042393,
              29.79873439688255
            ],
            [
              52.52119278469831,
              29.79873361634564
            ],
            [
              52.52119118969909,
              29.79873288396896
            ],
            [
              52.52118956542626,
              29.79873219975251
            ],
            [
              52.52118791502392,
              29.7987315663671
            ],
            [
              52.52118623952646,
              29.79873098380078
            ],
            [
              52.52142778110739,
              29.79881082218073
            ],
            [
              52.52142608464984,
              29.7988102903891
            ],
            [
              52.52142436724845,
              29.79880981027117
            ],
            [
              52.52142263099931,
              29.79880938360747
            ],
            [
              52.52142088002629,
              29.79880900944816
            ],
            [
              52.5214191143567,
              29.79880868959762
            ],
            [
              52.52141733708003,
              29.79880842311794
            ],
            [
              52.5214155502787,
              29.79880821088745
            ],
            [
              52.52141375602149,
              29.79880805288238
            ],
            [
              52.52141195742519,
              29.79880794996914
            ],
            [
              52.52141015447616,
              29.79880790124557
            ],
            [
              52.52140835133921,
              29.79880790846836
            ],
            [
              52.52140655005583,
              29.79880796980941
            ]
          ]
        ]
      },
      "properties": {
        "name": "GIS_92569",
        "area_m2": 198.44,
        "centroid": [
          52.521288,
          29.798814
        ]
      }
    },
    {
      "type": "Feature",
      "geometry": {
        "type": "Polygon",
        "coordinates": [
          [
            [
              52.5223574260809,
              29.79971015598047
            ],
            [
              52.52235785227644,
              29.79971083593649
            ],
            [
              52.52235830001663,
              29.79971150391408
            ],
            [
              52.52235877549418,
              29.7997121589396
            ],
            [
              52.52235927556494,
              29.79971279834226
            ],
            [
              52.52235980024253,
              29.79971342302426
            ],
            [
              52.52236034951334,
              29.7997140320834
            ],
            [
              52.52236092333634,
              29.7997146228132
            ],
            [
              52.52236151863569,
              29.79971519705372
            ],
            [
              52.52236213745285,
              29.7997157529768
            ],
            [
              52.52236277668466,
              29.7997162906182
            ],
            [
              52.52236343732451,
              29.79971680725949
            ],
            [
              52.52236411836532,
              29.79971730471691
            ],
            [
              52.52236481875905,
              29.79971778210024
            ],
            [
              52.52236553640959,
              29.79971823762891
            ],
            [
              52.52236627233766,
              29.79971867038891
            ],
            [
              52.5223670245018,
              29.79971908220837
            ],
            [
              52.52236779286103,
              29.79971947038077
            ],
            [
              52.52236857536023,
              29.79971983583214
            ],
            [
              52.52236937302012,
              29.79972017764838
            ],
            [
              52.52237018272386,
              29.79972049496307
            ],
            [
              52.52237100447145,
              29.79972078777622
            ],
            [
              52.52237183722849,
              29.79972105609972
            ],
            [
              52.52237268098133,
              29.79972129903142
            ],
            [
              52.52237353262678,
              29.79972151660707
            ],
            [
              52.52237439319924,
              29.79972170881475
            ],
            [
              52.52237526061624,
              29.7997218747761
            ],
            [
              52.52237613384341,
              29.7997220145031
            ],
            [
              52.52237701186002,
              29.79972212890974
            ],
            [
              52.52237789463872,
              29.79972221619176
            ],
            [
              52.52237878011074,
              29.79972227637297
            ],
            [
              52.52237966726901,
              29.79972231126961
            ],
            [
              52.52238055503815,
              29.7997223181871
            ],
            [
              52.52238144242473,
              29.79972229984386
            ],
            [
              52.5223823293878,
              29.79972225353337
            ],
            [
              52.52238321286514,
              29.79972218199792
            ],
            [
              52.52238409386383,
              29.79972208342122
            ],
            [
              52.52238497031507,
              29.79972195782711
            ],
            [
              52.52238584121181,
              29.79972180703185
            ],
            [
              52.52238670550598,
              29.79972163014519
            ],
            [
              52.52238756216319,
              29.79972142717903
            ],
            [
              52.52238841118342,
              29.79972119813341
            ],
            [
              52.52238924949085,
              29.79972094484837
            ],
            [
              52.52239007809252,
              29.79972066550767
            ],
            [
              52.52239089494698,
              29.7997203619395
            ],
            [
              52.52239170005423,
              29.79972003414382
            ],
            [
              52.52241491101483,
              29.79971014796336
            ],
            [
              52.52248291981653,
              29.79983161163572
            ],
            [
              52.52246899322859,
              29.79983754335199
            ],
            [
              52.52246786897897,
              29.79983804355973
            ],
            [
              52.52246676490204,
              29.79983857782344
            ],
            [
              52.52246568305289,
              29.79983914521713
            ],
            [
              52.52246462550035,
              29.79983974571701
            ],
            [
              52.52246359118268,
              29.7998403775306
            ],
            [
              52.52246258423746,
              29.79984104061025
            ],
            [
              52.52246160361663,
              29.79984173406573
            ],
            [
              52.52246065136166,
              29.79984245606885
            ],
            [
              52.5224597285206,
              29.79984320750988
            ],
            [
              52.52245883610052,
              29.79984398657256
            ],
            [
              52.52245797615655,
              29.79984479233087
            ],
            [
              52.52245714762697,
              29.79984562299242
            ],
            [
              52.52245635466302,
              29.7998464794117
            ],
            [
              52.52245559515492,
              29.79984735890603
            ],
            [
              52.5224548711578,
              29.79984826054942
            ],
            [
              52.52245418474044,
              29.79984918431804
            ],
            [
              52.52245353484114,
              29.79985012841944
            ],
            [
              52.52245292350135,
              29.7998510910255
            ],
            [
              52.52245235073474,
              29.79985207303835
            ],
            [
              52.52245181855544,
              29.7998530708255
            ],
            [
              52.52245132592906,
              29.79985408439886
            ],
            [
              52.52245087386267,
              29.79985511194217
            ],
            [
              52.52245046339068,
              29.79985615344354
            ],
            [
              52.52245009447208,
              29.79985720619645
            ],
            [
              52.52244976917567,
              29.79985827017705
            ],
            [
              52.52244948539168,
              29.79985934270269
            ],
            [
              52.52244924518888,
              29.79986042374952
            ],
            [
              52.52244904852632,
              29.79986151061107
            ],
            [
              52.52244889540396,
              29.79986260328728
            ],
            [
              52.52244878579451,
              29.79986369997388
            ],
            [
              52.52244872071868,
              29.79986479975673
            ],
            [
              52.52244869911477,
              29.79986590084344
            ],
            [
              52.52244872198983,
              29.79986700141773
            ],
            [
              52.5224487882958,
              29.79986810058938
            ],
            [
              52.52244889905344,
              29.79986919744429
            ],
            [
              52.52244905320102,
              29.79987029019004
            ],
            [
              52.52244925174561,
              29.79987137701037
            ],
            [
              52.52244949261841,
              29.79987245792912
            ],
            [
              52.52244977784724,
              29.79987353021593
            ],
            [
              52.52245010432891,
              29.79987459390659
            ],
            [
              52.52245047409122,
              29.79987564627073
            ],
            [
              52.52245088609978,
              29.79987668732028
            ],
            [
              52.52245133927919,
              29.79987771436062
            ],
            [
              52.52245183259509,
              29.79987872740371
            ],
            [
              52.52245236706818,
              29.79987972553543
            ],
            [
              52.5223574260809,
              29.79971015598047
            ]
          ]
        ]
      },
      "properties": {
        "name": "GIS_92570",
        "area_m2": 91.12,
        "centroid": [
          52.522425,
          29.799782
        ]
      }
    },
    {
      "type": "Feature",
      "geometry": {
        "type": "Polygon",
        "coordinates": [
          [
            [
              52.52226194119832,
              29.79953962712152
            ],
            [
              52.52226251471494,
              29.79954060766023
            ],
            [
              52.52226312727887,
              29.79954157060497
            ],
            [
              52.52226377884917,
              29.79954251324922
            ],
            [
              52.5222644663363,
              29.79954343653091
            ],
            [
              52.52226519073368,
              29.79954433773161
            ],
            [
              52.52226595100691,
              29.79954521686324
            ],
            [
              52.52226674609429,
              29.79954607213336
            ],
            [
              52.52226757494776,
              29.79954690265175
            ],
            [
              52.52226843548487,
              29.79954770754004
            ],
            [
              52.52226932872635,
              29.79954848588413
            ],
            [
              52.52227025257611,
              29.79954923590356
            ],
            [
              52.52227120496536,
              29.79954995762214
            ],
            [
              52.52227218691482,
              29.79955065012576
            ],
            [
              52.52227319530767,
              29.79955131254802
            ],
            [
              52.52227422908219,
              29.79955194309651
            ],
            [
              52.52227528825203,
              29.79955254267336
            ],
            [
              52.52227637072108,
              29.79955310949809
            ],
            [
              52.52227747544132,
              29.79955364268044
            ],
            [
              52.52227860033027,
              29.79955414134207
            ],
            [
              52.52227974436721,
              29.79955460639705
            ],
            [
              52.52228090649043,
              29.79955503605298
            ],
            [
              52.52228208463114,
              29.79955543033366
            ],
            [
              52.52228327877567,
              29.79955578833696
            ],
            [
              52.5222844858072,
              29.7995561091964
            ],
            [
              52.52228570573937,
              29.79955639381423
            ],
            [
              52.52228693545538,
              29.79955664132393
            ],
            [
              52.52228817494152,
              29.79955685082341
            ],
            [
              52.52228942109463,
              29.79955702234837
            ],
            [
              52.52229067494911,
              29.79955715588691
            ],
            [
              52.52229193236739,
              29.79955725148671
            ],
            [
              52.5222931923014,
              29.79955730825747
            ],
            [
              52.52229445476482,
              29.79955732710138
            ],
            [
              52.52229571664081,
              29.79955730715204
            ],
            [
              52.52229697690861,
              29.7995572493235
            ],
            [
              52.52229823452021,
              29.79955715272552
            ],
            [
              52.52229948742046,
              29.79955701828411
            ],
            [
              52.52230073352691,
              29.79955684512091
            ],
            [
              52.52230197286689,
              29.79955663504027
            ],
            [
              52.52230320230989,
              29.79955638627359
            ],
            [
              52.52230442188326,
              29.79955610062523
            ],
            [
              52.52230562849745,
              29.79955577903308
            ],
            [
              52.52230682212515,
              29.79955541969281
            ],
            [
              52.52230800072491,
              29.79955502443258
            ],
            [
              52.52230916224159,
              29.79955459417842
            ],
            [
              52.52231030562714,
              29.79955412804004
            ],
            [
              52.52232423218674,
              29.79954819634132
            ],
            [
              52.52239224076235,
              29.79966966007097
            ],
            [
              52.5223690298085,
              29.79967954624725
            ],
            [
              52.5223682323521,
              29.79967990102444
            ],
            [
              52.52236744871168,
              29.79968028000525
            ],
            [
              52.52236668197676,
              29.79968068225182
            ],
            [
              52.52236593006488,
              29.79968110688577
            ],
            [
              52.52236519609289,
              29.79968155477353
            ],
            [
              52.52236448106785,
              29.79968202409887
            ],
            [
              52.52236378396904,
              29.79968251577586
            ],
            [
              52.52236310785865,
              29.79968302706224
            ],
            [
              52.52236245171595,
              29.7996835588721
            ],
            [
              52.52236181759604,
              29.79968411027945
            ],
            [
              52.5223612054853,
              29.79968468038211
            ],
            [
              52.52236061640443,
              29.79968526826599
            ],
            [
              52.52236005140149,
              29.79968587482136
            ],
            [
              52.52235951043551,
              29.79968649734171
            ],
            [
              52.52235899454087,
              29.79968713581511
            ],
            [
              52.5223585047383,
              29.79968778932751
            ],
            [
              52.52235803997975,
              29.79968845698863
            ],
            [
              52.5223576033684,
              29.79968913876271
            ],
            [
              52.52235719385619,
              29.79968983375952
            ],
            [
              52.5223568124502,
              29.79969054016282
            ],
            [
              52.52235645811602,
              29.7996912579845
            ],
            [
              52.52235613392953,
              29.79969198538447
            ],
            [
              52.52235583782192,
              29.79969272238658
            ],
            [
              52.52235557186199,
              29.799693468967
            ],
            [
              52.5223553359951,
              29.79969422151705
            ],
            [
              52.52235512921416,
              29.79969498185299
            ],
            [
              52.52235495356065,
              29.79969574814664
            ],
            [
              52.52235480797285,
              29.79969651860558
            ],
            [
              52.52235469348516,
              29.7996972932179
            ],
            [
              52.52235460904951,
              29.79969807109333
            ],
            [
              52.52235455670738,
              29.79969885040373
            ],
            [
              52.52235453438996,
              29.79969963117292
            ],
            [
              52.52235454415239,
              29.7997004124749
            ],
            [
              52.52235458389858,
              29.79970119252915
            ],
            [
              52.52235465569729,
              29.79970197131184
            ],
            [
              52.52235475745242,
              29.79970274704248
            ],
            [
              52.52235489019837,
              29.79970351970914
            ],
            [
              52.5223550539078,
              29.79970428750751
            ],
            [
              52.52235524753267,
              29.79970504954731
            ],
            [
              52.52235547210737,
              29.79970580581662
            ],
            [
              52.52235572658385,
              29.7997065554252
            ],
            [
              52.52235600988671,
              29.79970729567846
            ],
            [
              52.52235632306403,
              29.79970802746665
            ],
            [
              52.52235666506775,
              29.79970874989951
            ],
            [
              52.52235703483615,
              29.79970946118461
            ],
            [
              52.52226194119832,
              29.79953962712152
            ]
          ]
        ]
      },
      "properties": {
        "name": "GIS_92571",
        "area_m2": 91.12,
        "centroid": [
          52.522334,
          29.799618
        ]
      }
    },
    {
      "type": "Feature",
      "geometry": {
        "type": "Polygon",
        "coordinates": [
          [
            [
              52.52068534290721,
              29.80424222971381
            ],
            [
              52.52050774114557,
              29.80429039217919
            ],
            [
              52.520373222459,
              29.80391308664606
            ],
            [
              52.52036968290319,
              29.80390316027665
            ],
            [
              52.52054415065186,
              29.803855847969
            ],
            [
              52.5205472850982,
              29.80385499800402
            ],
            [
              52.52068534290721,
              29.80424222971381
            ]
          ]
        ]
      },
      "properties": {
        "name": "450",
        "area_m2": 934.64,
        "centroid": [
          52.520528,
          29.804073
        ]
      }
    },
    {
      "type": "Feature",
      "geometry": {
        "type": "Polygon",
        "coordinates": [
          [
            [
              52.5205472850982,
              29.80385499800402
            ],
            [
              52.52072488609218,
              29.80380683641236
            ],
            [
              52.52086294553669,
              29.80419406790556
            ],
            [
              52.52068534290721,
              29.80424222971381
            ],
            [
              52.5205472850982,
              29.80385499800402
            ]
          ]
        ]
      },
      "properties": {
        "name": "449",
        "area_m2": 934.64,
        "centroid": [
          52.520705,
          29.804025
        ]
      }
    },
    {
      "type": "Feature",
      "geometry": {
        "type": "Polygon",
        "coordinates": [
          [
            [
              52.5209280013595,
              29.8037517551519
            ],
            [
              52.52094629298922,
              29.80376014017957
            ],
            [
              52.52108001400633,
              29.80413520206728
            ],
            [
              52.52086294553669,
              29.80419406790556
            ],
            [
              52.52072488609218,
              29.80380683641236
            ],
            [
              52.5209280013595,
              29.8037517551519
            ]
          ]
        ]
      },
      "properties": {
        "name": "448",
        "area_m2": 1141.18,
        "centroid": [
          52.520902,
          29.803971
        ]
      }
    },
    {
      "type": "Feature",
      "geometry": {
        "type": "Polygon",
        "coordinates": [
          [
            [
              52.5211324965091,
              29.80445359718591
            ],
            [
              52.52107492391524,
              29.80448839759619
            ],
            [
              52.52098230729786,
              29.80452885649261
            ],
            [
              52.52086294553669,
              29.80419406790556
            ],
            [
              52.52108001400633,
              29.80413520206728
            ],
            [
              52.52117661370772,
              29.80440614403229
            ],
            [
              52.5211324965091,
              29.80445359718591
            ]
          ]
        ]
      },
      "properties": {
        "name": "447",
        "area_m2": 922.58,
        "centroid": [
          52.521024,
          29.804322
        ]
      }
    },
    {
      "type": "Feature",
      "geometry": {
        "type": "Polygon",
        "coordinates": [
          [
            [
              52.52081378121355,
              29.80460247509791
            ],
            [
              52.52068534290721,
              29.80424222971381
            ],
            [
              52.52086294553669,
              29.80419406790556
            ],
            [
              52.52098230729786,
              29.80452885649261
            ],
            [
              52.52081378121355,
              29.80460247509791
            ]
          ]
        ]
      },
      "properties": {
        "name": "446",
        "area_m2": 838.79,
        "centroid": [
          52.520835,
          29.804392
        ]
      }
    },
    {
      "type": "Feature",
      "geometry": {
        "type": "Polygon",
        "coordinates": [
          [
            [
              52.52064525385402,
              29.80467609441021
            ],
            [
              52.52050774114557,
              29.80429039217919
            ],
            [
              52.52068534290721,
              29.80424222971381
            ],
            [
              52.52081378121355,
              29.80460247509791
            ],
            [
              52.52064525385402,
              29.80467609441021
            ]
          ]
        ]
      },
      "properties": {
        "name": "445",
        "area_m2": 900.23,
        "centroid": [
          52.520662,
          29.804453
        ]
      }
    },
    {
      "type": "Feature",
      "geometry": {
        "type": "Polygon",
        "coordinates": [
          [
            [
              52.51965771052903,
              29.79970497648776
            ],
            [
              52.51979285676149,
              29.79974964947723
            ],
            [
              52.51971444360462,
              29.79990091943241
            ],
            [
              52.51958263612181,
              29.79984894605208
            ],
            [
              52.51965563509698,
              29.79970811969644
            ],
            [
              52.5196573299768,
              29.79970485092867
            ],
            [
              52.51965771052903,
              29.79970497648776
            ]
          ]
        ]
      },
      "properties": {
        "name": "489.13",
        "area_m2": 290.53,
        "centroid": [
          52.519687,
          29.799801
        ]
      }
    },
    {
      "type": "Feature",
      "geometry": {
        "type": "Polygon",
        "coordinates": [
          [
            [
              52.51949877099852,
              29.80001073112792
            ],
            [
              52.51956560999641,
              29.79988179161374
            ],
            [
              52.51969741751505,
              29.79993376500961
            ],
            [
              52.51961602144205,
              29.80009078725482
            ],
            [
              52.51957076070467,
              29.80005896108099
            ],
            [
              52.51949877099852,
              29.80001073112792
            ]
          ]
        ]
      },
      "properties": {
        "name": "489.9",
        "area_m2": 280.61,
        "centroid": [
          52.519597,
          29.79998
        ]
      }
    },
    {
      "type": "Feature",
      "geometry": {
        "type": "Polygon",
        "coordinates": [
          [
            [
              52.51956560999641,
              29.79988179161374
            ],
            [
              52.51949877099852,
              29.80001073112792
            ],
            [
              52.51948330633297,
              29.8000024622566
            ],
            [
              52.51946751882878,
              29.79999466901213
            ],
            [
              52.5194514303718,
              29.79998736197069
            ],
            [
              52.51943505764857,
              29.79998054996359
            ],
            [
              52.51941842250393,
              29.7999742408605
            ],
            [
              52.51940154576201,
              29.79996844344521
            ],
            [
              52.51938444612354,
              29.79996316291656
            ],
            [
              52.51936714439893,
              29.79995840715618
            ],
            [
              52.5194338025956,
              29.79982981717902
            ],
            [
              52.51956560999641,
              29.79988179161374
            ]
          ]
        ]
      },
      "properties": {
        "name": "489.10",
        "area_m2": 248.11,
        "centroid": [
          52.519467,
          29.799919
        ]
      }
    },
    {
      "type": "Feature",
      "geometry": {
        "type": "Polygon",
        "coordinates": [
          [
            [
              52.51931029629688,
              29.79980368816933
            ],
            [
              52.5194338025956,
              29.79982981717902
            ],
            [
              52.51936714439893,
              29.79995840715618
            ],
            [
              52.51935168987839,
              29.79995464166505
            ],
            [
              52.51933610925545,
              29.79995129449677
            ],
            [
              52.51932041706602,
              29.79994836909351
            ],
            [
              52.5193046288804,
              29.79994586888554
            ],
            [
              52.51928875919359,
              29.79994379460852
            ],
            [
              52.51931029629688,
              29.79980368816933
            ]
          ]
        ]
      },
      "properties": {
        "name": "489.11",
        "area_m2": 178.33,
        "centroid": [
          52.519352,
          29.799878
        ]
      }
    },
    {
      "type": "Feature",
      "geometry": {
        "type": "Polygon",
        "coordinates": [
          [
            [
              52.51924355572543,
              29.79994025470117
            ],
            [
              52.5192267595753,
              29.79992986259109
            ],
            [
              52.51921272030224,
              29.79987639148342
            ],
            [
              52.51918677137006,
              29.79977755474503
            ],
            [
              52.51931029629688,
              29.79980368816933
            ],
            [
              52.51928875919359,
              29.79994379460852
            ],
            [
              52.51927373318097,
              29.7999422321755
            ],
            [
              52.51925866121617,
              29.79994105195322
            ],
            [
              52.51924355572543,
              29.79994025470117
            ]
          ]
        ]
      },
      "properties": {
        "name": "489.22",
        "area_m2": 168.18,
        "centroid": [
          52.519253,
          29.799857
        ]
      }
    },
    {
      "type": "Feature",
      "geometry": {
        "type": "Polygon",
        "coordinates": [
          [
            [
              52.51983571610559,
              29.79976381578763
            ],
            [
              52.51993806496274,
              29.79979764717348
            ],
            [
              52.51993746682068,
              29.79979880000759
            ],
            [
              52.5198521738624,
              29.79996334208217
            ],
            [
              52.51975146687348,
              29.79991699633331
            ],
            [
              52.51983157886113,
              29.79976244851894
            ],
            [
              52.51983571610559,
              29.79976381578763
            ]
          ]
        ]
      },
      "properties": {
        "name": "489.14",
        "area_m2": 247.5,
        "centroid": [
          52.519844,
          29.79986
        ]
      }
    },
    {
      "type": "Feature",
      "geometry": {
        "type": "Polygon",
        "coordinates": [
          [
            [
              52.51994253078395,
              29.79979912345059
            ],
            [
              52.52004455008751,
              29.79983284484913
            ],
            [
              52.51995288095529,
              29.80000968865282
            ],
            [
              52.5198521738624,
              29.79996334208217
            ],
            [
              52.51993746682068,
              29.79979880000759
            ],
            [
              52.51993806496274,
              29.79979764717348
            ],
            [
              52.51994253078395,
              29.79979912345059
            ]
          ]
        ]
      },
      "properties": {
        "name": "489.15",
        "area_m2": 264.73,
        "centroid": [
          52.519947,
          29.799901
        ]
      }
    },
    {
      "type": "Feature",
      "geometry": {
        "type": "Polygon",
        "coordinates": [
          [
            [
              52.52005358812485,
              29.80005603424095
            ],
            [
              52.51995288095529,
              29.80000968865282
            ],
            [
              52.52004455008751,
              29.79983284484913
            ],
            [
              52.52015103633151,
              29.7998680433264
            ],
            [
              52.52005358812485,
              29.80005603424095
            ]
          ]
        ]
      },
      "properties": {
        "name": "489.16",
        "area_m2": 281.96,
        "centroid": [
          52.520051,
          29.799942
        ]
      }
    },
    {
      "type": "Feature",
      "geometry": {
        "type": "Polygon",
        "coordinates": [
          [
            [
              52.52024389951968,
              29.79989873791176
            ],
            [
              52.52025152027134,
              29.79991481903625
            ],
            [
              52.52015429539837,
              29.80010238065092
            ],
            [
              52.52005358812485,
              29.80005603424095
            ],
            [
              52.52015103633151,
              29.7998680433264
            ],
            [
              52.52024389951968,
              29.79989873791176
            ]
          ]
        ]
      },
      "properties": {
        "name": "489.17",
        "area_m2": 298.05,
        "centroid": [
          52.520154,
          29.799983
        ]
      }
    },
    {
      "type": "Feature",
      "geometry": {
        "type": "Polygon",
        "coordinates": [
          [
            [
              52.5200209130891,
              29.80035969465587
            ],
            [
              52.52000356902012,
              29.80036329771931
            ],
            [
              52.51992349883616,
              29.80030699489353
            ],
            [
              52.52003653097184,
              29.80008894067234
            ],
            [
              52.52013723827179,
              29.80013528709419
            ],
            [
              52.5200209130891,
              29.80035969465587
            ]
          ]
        ]
      },
      "properties": {
        "name": "489.5",
        "area_m2": 349.79,
        "centroid": [
          52.520029,
          29.800226
        ]
      }
    },
    {
      "type": "Feature",
      "geometry": {
        "type": "Polygon",
        "coordinates": [
          [
            [
              52.51992349883616,
              29.80030699489353
            ],
            [
              52.51983208607899,
              29.80024271686136
            ],
            [
              52.51993582377587,
              29.8000425950723
            ],
            [
              52.52003653097184,
              29.80008894067234
            ],
            [
              52.51992349883616,
              29.80030699489353
            ]
          ]
        ]
      },
      "properties": {
        "name": "489.6",
        "area_m2": 323.19,
        "centroid": [
          52.519933,
          29.800171
        ]
      }
    },
    {
      "type": "Feature",
      "geometry": {
        "type": "Polygon",
        "coordinates": [
          [
            [
              52.51983511665657,
              29.79999624848974
            ],
            [
              52.51993582377587,
              29.8000425950723
            ],
            [
              52.51983208607899,
              29.80024271686136
            ],
            [
              52.51974067447215,
              29.80017843874931
            ],
            [
              52.51983511665657,
              29.79999624848974
            ]
          ]
        ]
      },
      "properties": {
        "name": "489.7",
        "area_m2": 295.47,
        "centroid": [
          52.519837,
          29.800115
        ]
      }
    },
    {
      "type": "Feature",
      "geometry": {
        "type": "Polygon",
        "coordinates": [
          [
            [
              52.51974067447215,
              29.80017843874931
            ],
            [
              52.5196492619468,
              29.8001141605812
            ],
            [
              52.51973440860684,
              29.79994990274091
            ],
            [
              52.51983511665657,
              29.79999624848974
            ],
            [
              52.51974067447215,
              29.80017843874931
            ]
          ]
        ]
      },
      "properties": {
        "name": "489.8",
        "area_m2": 267.75,
        "centroid": [
          52.519741,
          29.80006
        ]
      }
    },
    {
      "type": "Feature",
      "geometry": {
        "type": "Polygon",
        "coordinates": [
          [
            [
              52.52032922857141,
              29.79992694296164
            ],
            [
              52.52042209186346,
              29.79995763741767
            ],
            [
              52.5203143322232,
              29.80016552072632
            ],
            [
              52.52021076891681,
              29.80012468532008
            ],
            [
              52.5203096041304,
              29.79993401828207
            ],
            [
              52.52032922857141,
              29.79992694296164
            ]
          ]
        ]
      },
      "properties": {
        "name": "489.18",
        "area_m2": 315.82,
        "centroid": [
          52.520316,
          29.800043
        ]
      }
    },
    {
      "type": "Feature",
      "geometry": {
        "type": "Polygon",
        "coordinates": [
          [
            [
              52.5205287080172,
              29.79999258414446
            ],
            [
              52.52041789665881,
              29.80020635693841
            ],
            [
              52.5203143322232,
              29.80016552072632
            ],
            [
              52.52042209186346,
              29.79995763741767
            ],
            [
              52.52050605682702,
              29.79998539154143
            ],
            [
              52.5205287080172,
              29.79999258414446
            ]
          ]
        ]
      },
      "properties": {
        "name": "489.19",
        "area_m2": 325.72,
        "centroid": [
          52.520421,
          29.800081
        ]
      }
    },
    {
      "type": "Feature",
      "geometry": {
        "type": "Polygon",
        "coordinates": [
          [
            [
              52.52063940048799,
              29.80001966612297
            ],
            [
              52.52052146014117,
              29.80024719307803
            ],
            [
              52.52041789665881,
              29.80020635693841
            ],
            [
              52.5205287080172,
              29.79999258414446
            ],
            [
              52.52055600274446,
              29.80000048397715
            ],
            [
              52.52058356859445,
              29.80000763536287
            ],
            [
              52.52061137649432,
              29.80001403141741
            ],
            [
              52.52063940048799,
              29.80001966612297
            ]
          ]
        ]
      },
      "properties": {
        "name": "489.2",
        "area_m2": 339.66,
        "centroid": [
          52.520527,
          29.800117
        ]
      }
    },
    {
      "type": "Feature",
      "geometry": {
        "type": "Polygon",
        "coordinates": [
          [
            [
              52.52063940048799,
              29.80001966612297
            ],
            [
              52.52066840798041,
              29.80002465968183
            ],
            [
              52.52069758521957,
              29.80002883738256
            ],
            [
              52.52072690005656,
              29.80003219418103
            ],
            [
              52.52075632452098,
              29.80003472769204
            ],
            [
              52.52062502369108,
              29.80028802823111
            ],
            [
              52.52052146014117,
              29.80024719307803
            ],
            [
              52.52063940048799,
              29.80001966612297
            ]
          ]
        ]
      },
      "properties": {
        "name": "489.21",
        "area_m2": 370.09,
        "centroid": [
          52.520636,
          29.800148
        ]
      }
    },
    {
      "type": "Feature",
      "geometry": {
        "type": "Polygon",
        "coordinates": [
          [
            [
              52.52047706122046,
              29.80057347172376
            ],
            [
              52.52046490001688,
              29.80056343791172
            ],
            [
              52.52045237980926,
              29.80055374569898
            ],
            [
              52.52043951317413,
              29.80054440576866
            ],
            [
              52.52042631266075,
              29.80053542699952
            ],
            [
              52.52041279185272,
              29.80052681825848
            ],
            [
              52.52039896433365,
              29.80051858841242
            ],
            [
              52.5203848436735,
              29.80051074542608
            ],
            [
              52.52050443425312,
              29.80028003784818
            ],
            [
              52.52060799784484,
              29.80032087391561
            ],
            [
              52.52047706122046,
              29.80057347172376
            ]
          ]
        ]
      },
      "properties": {
        "name": "489.1",
        "area_m2": 370.83,
        "centroid": [
          52.520495,
          29.800421
        ]
      }
    },
    {
      "type": "Feature",
      "geometry": {
        "type": "Polygon",
        "coordinates": [
          [
            [
              52.5203848436735,
              29.80051074542608
            ],
            [
              52.52037085312787,
              29.80050350189068
            ],
            [
              52.5203566127902,
              29.8004966383999
            ],
            [
              52.52034213620313,
              29.80049016111417
            ],
            [
              52.5203274369229,
              29.80048407709606
            ],
            [
              52.52031252952651,
              29.8004783924941
            ],
            [
              52.52029742751561,
              29.80047311076222
            ],
            [
              52.52028214651524,
              29.80046823893919
            ],
            [
              52.52040087075623,
              29.80023920259853
            ],
            [
              52.52050443425312,
              29.80028003784818
            ],
            [
              52.5203848436735,
              29.80051074542608
            ]
          ]
        ]
      },
      "properties": {
        "name": "489.2",
        "area_m2": 352.84,
        "centroid": [
          52.520394,
          29.800374
        ]
      }
    },
    {
      "type": "Feature",
      "geometry": {
        "type": "Polygon",
        "coordinates": [
          [
            [
              52.52028214651524,
              29.80046823893919
            ],
            [
              52.52026691195916,
              29.80046383849681
            ],
            [
              52.52025153148682,
              29.80045984577813
            ],
            [
              52.52023601960695,
              29.80045626242083
            ],
            [
              52.5202203888004,
              29.80045309279296
            ],
            [
              52.52020465463759,
              29.80045034032466
            ],
            [
              52.52019311965853,
              29.80044832818396
            ],
            [
              52.52018165578459,
              29.80044602377283
            ],
            [
              52.52017027545596,
              29.80044342875288
            ],
            [
              52.52029730629246,
              29.80019836637422
            ],
            [
              52.52040087075623,
              29.80023920259853
            ],
            [
              52.52028214651524,
              29.80046823893919
            ]
          ]
        ]
      },
      "properties": {
        "name": "489.3",
        "area_m2": 365.15,
        "centroid": [
          52.520287,
          29.800337
        ]
      }
    },
    {
      "type": "Feature",
      "geometry": {
        "type": "Polygon",
        "coordinates": [
          [
            [
              52.52223521064708,
              29.80064384077398
            ],
            [
              52.5222187122932,
              29.8006329872438
            ],
            [
              52.52203606286194,
              29.80030677781867
            ],
            [
              52.5220274307203,
              29.80029136083556
            ],
            [
              52.52204926485186,
              29.80023596822022
            ],
            [
              52.52228744584988,
              29.80013452389494
            ],
            [
              52.52230200468242,
              29.80012832323942
            ],
            [
              52.52234597422373,
              29.8001415068354
            ],
            [
              52.52235247016147,
              29.80015310900765
            ],
            [
              52.52236141627304,
              29.80016841948696
            ],
            [
              52.52237095414305,
              29.8001834551579
            ],
            [
              52.52238107418883,
              29.80019819808423
            ],
            [
              52.52239176273111,
              29.80021263308383
            ],
            [
              52.52240300915277,
              29.80022674223237
            ],
            [
              52.52241479974716,
              29.80024050854336
            ],
            [
              52.5224271208349,
              29.80025391683475
            ],
            [
              52.52243995873661,
              29.80026695192444
            ],
            [
              52.52245329666969,
              29.80027959866604
            ],
            [
              52.52246712197539,
              29.80029184096338
            ],
            [
              52.52248141687767,
              29.80030366638854
            ],
            [
              52.52249616460748,
              29.80031506069734
            ],
            [
              52.52251134839575,
              29.8003260096456
            ],
            [
              52.52252695151439,
              29.80033650169567
            ],
            [
              52.52254295411844,
              29.80034652444344
            ],
            [
              52.52255933947971,
              29.80035606635131
            ],
            [
              52.52257608776684,
              29.80036511591734
            ],
            [
              52.52259318021017,
              29.80037366343208
            ],
            [
              52.52261059492313,
              29.80038169831966
            ],
            [
              52.52262831417041,
              29.80038921085871
            ],
            [
              52.5226463161064,
              29.80039619317988
            ],
            [
              52.52266458095428,
              29.80040263738997
            ],
            [
              52.52268308582034,
              29.80040853472945
            ],
            [
              52.52270181096869,
              29.80041388001162
            ],
            [
              52.52272073351927,
              29.80041866537913
            ],
            [
              52.52273312999763,
              29.80043308518119
            ],
            [
              52.52272427738276,
              29.80068902456047
            ],
            [
              52.52270924390685,
              29.80070139091145
            ],
            [
              52.52259231919544,
              29.80070021790265
            ],
            [
              52.52247540542677,
              29.80070209001435
            ],
            [
              52.52235860808571,
              29.80070700512937
            ],
            [
              52.52233980712796,
              29.80069952576956
            ],
            [
              52.52233578669064,
              29.80069535551344
            ],
            [
              52.5223316056694,
              29.80069130711637
            ],
            [
              52.52232726930458,
              29.80068738502962
            ],
            [
              52.52232278181575,
              29.80068359461849
            ],
            [
              52.52231814946399,
              29.80067993942018
            ],
            [
              52.52231337645521,
              29.80067642389787
            ],
            [
              52.52230847009855,
              29.80067305247892
            ],
            [
              52.52230343355184,
              29.80066982873629
            ],
            [
              52.52229827514496,
              29.80066675618332
            ],
            [
              52.52229299907015,
              29.80066383838098
            ],
            [
              52.52228761262285,
              29.80066107885454
            ],
            [
              52.5222821210434,
              29.80065848205525
            ],
            [
              52.52227653158624,
              29.80065604880186
            ],
            [
              52.52227084949167,
              29.80065378354563
            ],
            [
              52.52226508306222,
              29.80065168799554
            ],
            [
              52.52225923854527,
              29.80064976478665
            ],
            [
              52.52225332116746,
              29.800648017468
            ],
            [
              52.52224734023837,
              29.80064644593237
            ],
            [
              52.52224130097099,
              29.80064505282666
            ],
            [
              52.52223521064708,
              29.80064384077398
            ]
          ]
        ]
      },
      "properties": {
        "name": "488",
        "area_m2": 3216.87,
        "centroid": [
          52.522387,
          29.80045
        ]
      }
    },
    {
      "type": "Feature",
      "geometry": {
        "type": "Polygon",
        "coordinates": [
          [
            [
              52.52187161165625,
              29.79969988576838
            ],
            [
              52.52218495996786,
              29.79956642682008
            ],
            [
              52.52225296839183,
              29.79968789062661
            ],
            [
              52.52197900969049,
              29.79980457303363
            ],
            [
              52.52192038424312,
              29.79978699502615
            ],
            [
              52.52187161165625,
              29.79969988576838
            ]
          ]
        ]
      },
      "properties": {
        "name": "486.6",
        "area_m2": 573.74,
        "centroid": [
          52.522064,
          29.799692
        ]
      }
    },
    {
      "type": "Feature",
      "geometry": {
        "type": "Polygon",
        "coordinates": [
          [
            [
              52.52196560234182,
              29.79987288915993
            ],
            [
              52.52208238359606,
              29.80008146135804
            ],
            [
              52.52198579030589,
              29.80012260191586
            ],
            [
              52.52192227790412,
              29.80010355887385
            ],
            [
              52.52191364683288,
              29.80008814186969
            ],
            [
              52.5218071004097,
              29.7998978482851
            ],
            [
              52.52190697580806,
              29.79985531025775
            ],
            [
              52.52196560234182,
              29.79987288915993
            ]
          ]
        ]
      },
      "properties": {
        "name": "486.4",
        "area_m2": 496.65,
        "centroid": [
          52.521945,
          29.799989
        ]
      }
    },
    {
      "type": "Feature",
      "geometry": {
        "type": "Polygon",
        "coordinates": [
          [
            [
              52.51946336956964,
              29.80405627575087
            ],
            [
              52.51955646208342,
              29.80406760596301
            ],
            [
              52.51955627922276,
              29.80406947136929
            ],
            [
              52.51950607333377,
              29.8045820664414
            ],
            [
              52.51934214054234,
              29.80456395404082
            ],
            [
              52.51934430225088,
              29.80454693658002
            ],
            [
              52.51935517173436,
              29.80446136402531
            ],
            [
              52.51936450571488,
              29.80435846821965
            ],
            [
              52.51937302080866,
              29.804259167672
            ],
            [
              52.51938412744246,
              29.80416006110243
            ],
            [
              52.51939360572445,
              29.80409162707959
            ],
            [
              52.5193978202066,
              29.8040612018099
            ],
            [
              52.51939813366294,
              29.80406099428006
            ],
            [
              52.51941427761536,
              29.80405030106727
            ],
            [
              52.51946336956964,
              29.80405627575087
            ]
          ]
        ]
      },
      "properties": {
        "name": "456",
        "area_m2": 1041.24,
        "centroid": [
          52.51945,
          29.804317
        ]
      }
    },
    {
      "type": "Feature",
      "geometry": {
        "type": "Polygon",
        "coordinates": [
          [
            [
              52.51956372464542,
              29.80322116301073
            ],
            [
              52.519572022316,
              29.80316388808117
            ],
            [
              52.51958691102144,
              29.8029552713792
            ],
            [
              52.51958674743194,
              29.80285076131531
            ],
            [
              52.51973439733852,
              29.80283277368863
            ],
            [
              52.51980157978532,
              29.8032522441666
            ],
            [
              52.51957169257729,
              29.80328024955291
            ],
            [
              52.51955700088689,
              29.80326757478164
            ],
            [
              52.51956372464542,
              29.80322116301073
            ]
          ]
        ]
      },
      "properties": {
        "name": "471",
        "area_m2": 1011.13,
        "centroid": [
          52.519673,
          29.803072
        ]
      }
    },
    {
      "type": "Feature",
      "geometry": {
        "type": "Polygon",
        "coordinates": [
          [
            [
              52.51973439733852,
              29.80283277368863
            ],
            [
              52.5199185966533,
              29.80281033393097
            ],
            [
              52.51998577984536,
              29.80322980429009
            ],
            [
              52.51980157978532,
              29.8032522441666
            ],
            [
              52.51973439733852,
              29.80283277368863
            ]
          ]
        ]
      },
      "properties": {
        "name": "470",
        "area_m2": 976.18,
        "centroid": [
          52.51986,
          29.803031
        ]
      }
    },
    {
      "type": "Feature",
      "geometry": {
        "type": "Polygon",
        "coordinates": [
          [
            [
              52.52016738987122,
              29.80319119900355
            ],
            [
              52.52016997877705,
              29.80320736417148
            ],
            [
              52.51999643635882,
              29.80322850598471
            ],
            [
              52.51998577984536,
              29.80322980429009
            ],
            [
              52.5199185966533,
              29.80281033393097
            ],
            [
              52.52010279483974,
              29.8027878939312
            ],
            [
              52.52016738987122,
              29.80319119900355
            ]
          ]
        ]
      },
      "properties": {
        "name": "469",
        "area_m2": 976.17,
        "centroid": [
          52.520044,
          29.803009
        ]
      }
    },
    {
      "type": "Feature",
      "geometry": {
        "type": "Polygon",
        "coordinates": [
          [
            [
              52.52035197134852,
              29.80317114359246
            ],
            [
              52.52035417864924,
              29.80318492378695
            ],
            [
              52.52016997877705,
              29.80320736417148
            ],
            [
              52.52016738987122,
              29.80319119900355
            ],
            [
              52.52010279483974,
              29.8027878939312
            ],
            [
              52.52028699396668,
              29.80276545366554
            ],
            [
              52.52035197134852,
              29.80317114359246
            ]
          ]
        ]
      },
      "properties": {
        "name": "468",
        "area_m2": 976.17,
        "centroid": [
          52.520228,
          29.802986
        ]
      }
    },
    {
      "type": "Feature",
      "geometry": {
        "type": "Polygon",
        "coordinates": [
          [
            [
              52.52007779627564,
              29.80238148319734
            ],
            [
              52.520222669497,
              29.80236383377232
            ],
            [
              52.52028699396668,
              29.80276545366554
            ],
            [
              52.52010279483974,
              29.8027878939312
            ],
            [
              52.52003847108358,
              29.8023862739242
            ],
            [
              52.52007779627564,
              29.80238148319734
            ]
          ]
        ]
      },
      "properties": {
        "name": "474",
        "area_m2": 934.63,
        "centroid": [
          52.520163,
          29.802576
        ]
      }
    },
    {
      "type": "Feature",
      "geometry": {
        "type": "Polygon",
        "coordinates": [
          [
            [
              52.5199185966533,
              29.80281033393097
            ],
            [
              52.51985427257625,
              29.80240871382208
            ],
            [
              52.52003847108358,
              29.8023862739242
            ],
            [
              52.52010279483974,
              29.8027878939312
            ],
            [
              52.5199185966533,
              29.80281033393097
            ]
          ]
        ]
      },
      "properties": {
        "name": "473",
        "area_m2": 934.63,
        "centroid": [
          52.519979,
          29.802598
        ]
      }
    },
    {
      "type": "Feature",
      "geometry": {
        "type": "Polygon",
        "coordinates": [
          [
            [
              52.51958590007787,
              29.80278540383335
            ],
            [
              52.5195835643521,
              29.80272007429362
            ],
            [
              52.51957974063939,
              29.80265479795667
            ],
            [
              52.51957443037259,
              29.80258960097329
            ],
            [
              52.51956763600526,
              29.80252450858015
            ],
            [
              52.51958038306128,
              29.80251032270624
            ],
            [
              52.51971961802711,
              29.80249336036413
            ],
            [
              52.51971091938461,
              29.80243904560883
            ],
            [
              52.51972336957818,
              29.80242466101452
            ],
            [
              52.51985427257625,
              29.80240871382208
            ],
            [
              52.5199185966533,
              29.80281033393097
            ],
            [
              52.51973439733852,
              29.80283277368863
            ],
            [
              52.51958674743194,
              29.80285076131531
            ],
            [
              52.51958590007787,
              29.80278540383335
            ]
          ]
        ]
      },
      "properties": {
        "name": "472",
        "area_m2": 1440.48,
        "centroid": [
          52.519741,
          29.802647
        ]
      }
    },
    {
      "type": "Feature",
      "geometry": {
        "type": "Polygon",
        "coordinates": [
          [
            [
              52.5208439724772,
              29.8027254926809
            ],
            [
              52.52089588247146,
              29.80304958194168
            ],
            [
              52.52089001181408,
              29.80306686227861
            ],
            [
              52.52085880593209,
              29.80308799026333
            ],
            [
              52.52084328339025,
              29.80309850054165
            ],
            [
              52.5208391019143,
              29.80310133143846
            ],
            [
              52.52081944909398,
              29.80311463773316
            ],
            [
              52.52073444802427,
              29.8031385954812
            ],
            [
              52.52053837842749,
              29.80316248314841
            ],
            [
              52.52052943937176,
              29.8031066724667
            ],
            [
              52.52047119299968,
              29.80274301314586
            ],
            [
              52.52065539090432,
              29.80272057238408
            ],
            [
              52.52072702426173,
              29.80271184549301
            ],
            [
              52.52081422144622,
              29.80270122232295
            ],
            [
              52.5208439724772,
              29.8027254926809
            ]
          ]
        ]
      },
      "properties": {
        "name": "466   465",
        "area_m2": 1902.65,
        "centroid": [
          52.520685,
          29.802927
        ]
      }
    },
    {
      "type": "Feature",
      "geometry": {
        "type": "Polygon",
        "coordinates": [
          [
            [
              52.52048258594831,
              29.80330931997974
            ],
            [
              52.52057190842491,
              29.80355985799343
            ],
            [
              52.52062887038503,
              29.80371962887651
            ],
            [
              52.52062640981657,
              29.80372029603763
            ],
            [
              52.52045126845682,
              29.80376779034781
            ],
            [
              52.52029617793023,
              29.80333278031502
            ],
            [
              52.52029159791358,
              29.80331993425462
            ],
            [
              52.52047826198717,
              29.80329719284098
            ],
            [
              52.52048258594831,
              29.80330931997974
            ]
          ]
        ]
      },
      "properties": {
        "name": "462",
        "area_m2": 1050.29,
        "centroid": [
          52.520462,
          29.803526
        ]
      }
    },
    {
      "type": "Feature",
      "geometry": {
        "type": "Polygon",
        "coordinates": [
          [
            [
              52.52029617793023,
              29.80333278031502
            ],
            [
              52.52045126845682,
              29.80376779034781
            ],
            [
              52.52027366739647,
              29.80381595247626
            ],
            [
              52.5201325919951,
              29.80342025145247
            ],
            [
              52.52012913784549,
              29.80341056501357
            ],
            [
              52.52010847541558,
              29.80335260807773
            ],
            [
              52.52010493372988,
              29.80334267450524
            ],
            [
              52.52029159791358,
              29.80331993425462
            ],
            [
              52.52029617793023,
              29.80333278031502
            ]
          ]
        ]
      },
      "properties": {
        "name": "461",
        "area_m2": 1111.64,
        "centroid": [
          52.52028,
          29.803562
        ]
      }
    },
    {
      "type": "Feature",
      "geometry": {
        "type": "Polygon",
        "coordinates": [
          [
            [
              52.51992144700336,
              29.8033743263162
            ],
            [
              52.52009606512143,
              29.8038641143835
            ],
            [
              52.51993241726768,
              29.80390849181075
            ],
            [
              52.51991412464041,
              29.80390010575057
            ],
            [
              52.51990005617179,
              29.80386064461889
            ],
            [
              52.51973390202385,
              29.80339459387779
            ],
            [
              52.51973160612118,
              29.80338815511419
            ],
            [
              52.51991826944972,
              29.803365414495
            ],
            [
              52.51992144700336,
              29.8033743263162
            ]
          ]
        ]
      },
      "properties": {
        "name": "459",
        "area_m2": 1233.2,
        "centroid": [
          52.519915,
          29.803632
        ]
      }
    },
    {
      "type": "Feature",
      "geometry": {
        "type": "Polygon",
        "coordinates": [
          [
            [
              52.51973390202385,
              29.80339459387779
            ],
            [
              52.51990005617179,
              29.80386064461889
            ],
            [
              52.51972245360278,
              29.80390880513045
            ],
            [
              52.51956870242823,
              29.80347754238194
            ],
            [
              52.51956602189518,
              29.80347002434443
            ],
            [
              52.51956488312955,
              29.80346683057177
            ],
            [
              52.51955195255423,
              29.80343056047166
            ],
            [
              52.51954968042895,
              29.80342418820339
            ],
            [
              52.51956075038029,
              29.80340896860068
            ],
            [
              52.51973160612118,
              29.80338815511419
            ],
            [
              52.51973390202385,
              29.80339459387779
            ]
          ]
        ]
      },
      "properties": {
        "name": "458",
        "area_m2": 1169.74,
        "centroid": [
          52.519724,
          29.803643
        ]
      }
    },
    {
      "type": "Feature",
      "geometry": {
        "type": "Polygon",
        "coordinates": [
          [
            [
              52.51956870242823,
              29.80347754238194
            ],
            [
              52.51972245360278,
              29.80390880513045
            ],
            [
              52.51942721796544,
              29.80398886537886
            ],
            [
              52.51942092352156,
              29.80398415452226
            ],
            [
              52.51941921465817,
              29.80398287572362
            ],
            [
              52.51941677745183,
              29.80398105127124
            ],
            [
              52.51941153573734,
              29.80397712777077
            ],
            [
              52.51942805863376,
              29.80388856756798
            ],
            [
              52.51944666169905,
              29.80380032181661
            ],
            [
              52.51951738032636,
              29.80348321533658
            ],
            [
              52.51956602189518,
              29.80347002434443
            ],
            [
              52.51956870242823,
              29.80347754238194
            ]
          ]
        ]
      },
      "properties": {
        "name": "457",
        "area_m2": 1090.61,
        "centroid": [
          52.519556,
          29.803772
        ]
      }
    },
    {
      "type": "Feature",
      "geometry": {
        "type": "Polygon",
        "coordinates": [
          [
            [
              52.52086064632668,
              29.80327711285501
            ],
            [
              52.52096950027904,
              29.80358242887299
            ],
            [
              52.52097539535478,
              29.80359896472121
            ],
            [
              52.52096644915856,
              29.80361380898884
            ],
            [
              52.52095616567141,
              29.8036308721276
            ],
            [
              52.52062887038503,
              29.80371962887651
            ],
            [
              52.52057190842491,
              29.80355985799343
            ],
            [
              52.52048258594831,
              29.80330931997974
            ],
            [
              52.52047826198717,
              29.80329719284098
            ],
            [
              52.52048395943156,
              29.80329649836479
            ],
            [
              52.52082138215636,
              29.80325539097699
            ],
            [
              52.52086064632668,
              29.80327711285501
            ]
          ]
        ]
      },
      "properties": {
        "name": "463 464",
        "area_m2": 1906.92,
        "centroid": [
          52.520731,
          29.803474
        ]
      }
    },
    {
      "type": "Feature",
      "geometry": {
        "type": "Polygon",
        "coordinates": [
          [
            [
              52.52331809942307,
              29.80092251635088
            ],
            [
              52.52339611189127,
              29.80093627446215
            ],
            [
              52.52349776998644,
              29.80095679988015
            ],
            [
              52.523348186761,
              29.80134269032023
            ],
            [
              52.52318255996634,
              29.80129385444559
            ],
            [
              52.52318783059857,
              29.80126090482488
            ],
            [
              52.52324332521485,
              29.8009495863
            ],
            [
              52.5232938356029,
              29.80091823658416
            ],
            [
              52.52331809942307,
              29.80092251635088
            ]
          ]
        ]
      },
      "properties": {
        "name": "515",
        "area_m2": 1041.24,
        "centroid": [
          52.523325,
          29.801116
        ]
      }
    },
    {
      "type": "Feature",
      "geometry": {
        "type": "Polygon",
        "coordinates": [
          [
            [
              52.5235243744156,
              29.80139463997113
            ],
            [
              52.52367436824752,
              29.80100768979566
            ],
            [
              52.52375307335095,
              29.80104740954214
            ],
            [
              52.52382440569711,
              29.80109659302678
            ],
            [
              52.52382945662766,
              29.8011140696794
            ],
            [
              52.52376213260692,
              29.80128775231165
            ],
            [
              52.52373365389376,
              29.80136122139001
            ],
            [
              52.52370056225639,
              29.80144659028241
            ],
            [
              52.52364183295239,
              29.80142927323812
            ],
            [
              52.5235243744156,
              29.80139463997113
            ]
          ]
        ]
      },
      "properties": {
        "name": "517",
        "area_m2": 895.09,
        "centroid": [
          52.523682,
          29.801236
        ]
      }
    },
    {
      "type": "Feature",
      "geometry": {
        "type": "Polygon",
        "coordinates": [
          [
            [
              52.52317793958011,
              29.80151637791506
            ],
            [
              52.52317352926774,
              29.80144217004791
            ],
            [
              52.52317507274113,
              29.80136787460785
            ],
            [
              52.52318255996634,
              29.80129385444559
            ],
            [
              52.523348186761,
              29.80134269032023
            ],
            [
              52.52344606808651,
              29.80137155167615
            ],
            [
              52.52334017507959,
              29.80164473062561
            ],
            [
              52.52320164483306,
              29.80160388473562
            ],
            [
              52.52318828165891,
              29.80159013662961
            ],
            [
              52.52317793958011,
              29.80151637791506
            ]
          ]
        ]
      },
      "properties": {
        "name": "502",
        "area_m2": 809.64,
        "centroid": [
          52.523288,
          29.801464
        ]
      }
    },
    {
      "type": "Feature",
      "geometry": {
        "type": "Polygon",
        "coordinates": [
          [
            [
              52.52349628309786,
              29.80180475772024
            ],
            [
              52.52347775978026,
              29.80181274931183
            ],
            [
              52.52329583792361,
              29.80175910888865
            ],
            [
              52.52334017507959,
              29.80164473062561
            ],
            [
              52.52344606808651,
              29.80137155167615
            ],
            [
              52.5235243744156,
              29.80139463997113
            ],
            [
              52.52364183295239,
              29.80142927323812
            ],
            [
              52.52350125148373,
              29.80179194155788
            ],
            [
              52.52349628309786,
              29.80180475772024
            ]
          ]
        ]
      },
      "properties": {
        "name": "503",
        "area_m2": 1046.5,
        "centroid": [
          52.523469,
          29.801594
        ]
      }
    },
    {
      "type": "Feature",
      "geometry": {
        "type": "Polygon",
        "coordinates": [
          [
            [
              52.52383759701053,
              29.80148699541567
            ],
            [
              52.52369701617327,
              29.80184966301643
            ],
            [
              52.52350125148373,
              29.80179194155788
            ],
            [
              52.52364183295239,
              29.80142927323812
            ],
            [
              52.52370056225639,
              29.80144659028241
            ],
            [
              52.52383759701053,
              29.80148699541567
            ]
          ]
        ]
      },
      "properties": {
        "name": "504",
        "area_m2": 980.37,
        "centroid": [
          52.523669,
          29.801639
        ]
      }
    },
    {
      "type": "Feature",
      "geometry": {
        "type": "Polygon",
        "coordinates": [
          [
            [
              52.52385384786448,
              29.80188245251748
            ],
            [
              52.52383532456362,
              29.80189044415861
            ],
            [
              52.52369701617327,
              29.80184966301643
            ],
            [
              52.52383759701053,
              29.80148699541567
            ],
            [
              52.52403336231604,
              29.80154471728278
            ],
            [
              52.52391429126721,
              29.80185189576115
            ],
            [
              52.52387067745117,
              29.80183903615543
            ],
            [
              52.52385384786448,
              29.80188245251748
            ]
          ]
        ]
      },
      "properties": {
        "name": "505",
        "area_m2": 945.8,
        "centroid": [
          52.523865,
          29.801691
        ]
      }
    },
    {
      "type": "Feature",
      "geometry": {
        "type": "Polygon",
        "coordinates": [
          [
            [
              52.52414758425798,
              29.80158646706274
            ],
            [
              52.52423081866274,
              29.80170241596141
            ],
            [
              52.52427877134798,
              29.80175654017835
            ],
            [
              52.52427641603391,
              29.80177444602208
            ],
            [
              52.52410137820032,
              29.80189788719318
            ],
            [
              52.52408103545315,
              29.80190105977832
            ],
            [
              52.52391429126721,
              29.80185189576115
            ],
            [
              52.52403336231604,
              29.80154471728278
            ],
            [
              52.52409316095081,
              29.8015193490382
            ],
            [
              52.52411270523187,
              29.80152520440525
            ],
            [
              52.52414758425798,
              29.80158646706274
            ]
          ]
        ]
      },
      "properties": {
        "name": "506",
        "area_m2": 984.32,
        "centroid": [
          52.524089,
          29.801732
        ]
      }
    },
    {
      "type": "Feature",
      "geometry": {
        "type": "Polygon",
        "coordinates": [
          [
            [
              52.52358000482395,
              29.80227118271623
            ],
            [
              52.52342142442674,
              29.80231193455093
            ],
            [
              52.5233080947426,
              29.80197648222529
            ],
            [
              52.52333031501966,
              29.80194086123919
            ],
            [
              52.52339609719222,
              29.80192935443091
            ],
            [
              52.52346298645119,
              29.80192481612065
            ],
            [
              52.52358000482395,
              29.80227118271623
            ]
          ]
        ]
      },
      "properties": {
        "name": "500",
        "area_m2": 758.09,
        "centroid": [
          52.523441,
          29.802114
        ]
      }
    },
    {
      "type": "Feature",
      "geometry": {
        "type": "Polygon",
        "coordinates": [
          [
            [
              52.52358000482395,
              29.80227118271623
            ],
            [
              52.52346298645119,
              29.80192481612065
            ],
            [
              52.5235584699327,
              29.801930520666
            ],
            [
              52.52365143137591,
              29.80195037381089
            ],
            [
              52.52368785366393,
              29.80196111292775
            ],
            [
              52.52366634333885,
              29.80201660221271
            ],
            [
              52.52380556024368,
              29.80205765082116
            ],
            [
              52.52373858508448,
              29.80223043069546
            ],
            [
              52.52358000482395,
              29.80227118271623
            ]
          ]
        ]
      },
      "properties": {
        "name": "501",
        "area_m2": 861.67,
        "centroid": [
          52.52363,
          29.802092
        ]
      }
    },
    {
      "type": "Feature",
      "geometry": {
        "type": "Polygon",
        "coordinates": [
          [
            [
              52.52373858508448,
              29.80223043069546
            ],
            [
              52.52384943700934,
              29.80255854097635
            ],
            [
              52.52384960829776,
              29.80260437171974
            ],
            [
              52.52383504351931,
              29.80261715778966
            ],
            [
              52.523697024054,
              29.80261754916213
            ],
            [
              52.52358000482395,
              29.80227118271623
            ],
            [
              52.52373858508448,
              29.80223043069546
            ]
          ]
        ]
      },
      "properties": {
        "name": "498",
        "area_m2": 774.5,
        "centroid": [
          52.523721,
          29.802432
        ]
      }
    },
    {
      "type": "Feature",
      "geometry": {
        "type": "Polygon",
        "coordinates": [
          [
            [
              52.52342142442674,
              29.80231193455093
            ],
            [
              52.52358000482395,
              29.80227118271623
            ],
            [
              52.523697024054,
              29.80261754916213
            ],
            [
              52.52355390628977,
              29.80261795585777
            ],
            [
              52.52351662537356,
              29.80259372240565
            ],
            [
              52.52342142442674,
              29.80231193455093
            ]
          ]
        ]
      },
      "properties": {
        "name": "499",
        "area_m2": 692.38,
        "centroid": [
          52.523558,
          29.802453
        ]
      }
    },
    {
      "type": "Feature",
      "geometry": {
        "type": "Polygon",
        "coordinates": [
          [
            [
              52.51976456829178,
              29.79735995104776
            ],
            [
              52.51967668827007,
              29.79756219131416
            ],
            [
              52.51959373724696,
              29.79753477143544
            ],
            [
              52.51958525175205,
              29.7975183374681
            ],
            [
              52.51966277529494,
              29.79733993220208
            ],
            [
              52.51968161638235,
              29.79733253123026
            ],
            [
              52.51976456829178,
              29.79735995104776
            ]
          ]
        ]
      },
      "properties": {
        "name": "414",
        "area_m2": 274.61,
        "centroid": [
          52.519673,
          29.797445
        ]
      }
    },
    {
      "type": "Feature",
      "geometry": {
        "type": "Polygon",
        "coordinates": [
          [
            [
              52.51986118252057,
              29.79739188775039
            ],
            [
              52.51977330370567,
              29.79759412806236
            ],
            [
              52.51967668827007,
              29.79756219131416
            ],
            [
              52.51976456829178,
              29.79735995104776
            ],
            [
              52.51986118252057,
              29.79739188775039
            ]
          ]
        ]
      },
      "properties": {
        "name": "415",
        "area_m2": 276.91,
        "centroid": [
          52.519769,
          29.797477
        ]
      }
    },
    {
      "type": "Feature",
      "geometry": {
        "type": "Polygon",
        "coordinates": [
          [
            [
              52.51995779784234,
              29.79742382436818
            ],
            [
              52.51986997815484,
              29.79762592690592
            ],
            [
              52.51986991815186,
              29.79762606384733
            ],
            [
              52.51984839432009,
              29.79761894928563
            ],
            [
              52.51977330370567,
              29.79759412806236
            ],
            [
              52.51986118252057,
              29.79739188775039
            ],
            [
              52.51995779784234,
              29.79742382436818
            ]
          ]
        ]
      },
      "properties": {
        "name": "416",
        "area_m2": 276.91,
        "centroid": [
          52.519866,
          29.797509
        ]
      }
    },
    {
      "type": "Feature",
      "geometry": {
        "type": "Polygon",
        "coordinates": [
          [
            [
              52.52005441217469,
              29.79745576002273
            ],
            [
              52.51996653370466,
              29.7976580004496
            ],
            [
              52.51987408650234,
              29.79762744158749
            ],
            [
              52.51986991815186,
              29.79762606384733
            ],
            [
              52.51986997815484,
              29.79762592690592
            ],
            [
              52.51995779784234,
              29.79742382436818
            ],
            [
              52.52005441217469,
              29.79745576002273
            ]
          ]
        ]
      },
      "properties": {
        "name": "417",
        "area_m2": 276.91,
        "centroid": [
          52.519962,
          29.797541
        ]
      }
    },
    {
      "type": "Feature",
      "geometry": {
        "type": "Polygon",
        "coordinates": [
          [
            [
              52.51898690882685,
              29.80027065741908
            ],
            [
              52.51888945260477,
              29.80030059425335
            ],
            [
              52.51880364124529,
              29.80008810078026
            ],
            [
              52.5189010962447,
              29.80005816312443
            ],
            [
              52.51898690882685,
              29.80027065741908
            ]
          ]
        ]
      },
      "properties": {
        "name": "199",
        "area_m2": 288.46,
        "centroid": [
          52.518895,
          29.800179
        ]
      }
    },
    {
      "type": "Feature",
      "geometry": {
        "type": "Polygon",
        "coordinates": [
          [
            [
              52.51912998364498,
              29.80049039419117
            ],
            [
              52.5191324656766,
              29.80049984640663
            ],
            [
              52.51912865846304,
              29.80050587440186
            ],
            [
              52.51912418943428,
              29.80051295038731
            ],
            [
              52.51912249497234,
              29.80051563263143
            ],
            [
              52.51899242777904,
              29.8005555866709
            ],
            [
              52.51899179257647,
              29.80055401399786
            ],
            [
              52.51888945260477,
              29.80030059425335
            ],
            [
              52.51898690882685,
              29.80027065741908
            ],
            [
              52.51906592023958,
              29.8002463861939
            ],
            [
              52.51912998364498,
              29.80049039419117
            ]
          ]
        ]
      },
      "properties": {
        "name": "185",
        "area_m2": 566.56,
        "centroid": [
          52.519019,
          29.800399
        ]
      }
    },
    {
      "type": "Feature",
      "geometry": {
        "type": "Polygon",
        "coordinates": [
          [
            [
              52.51898690882685,
              29.80027065741908
            ],
            [
              52.5189010962447,
              29.80005816312443
            ],
            [
              52.51899325289676,
              29.80002985454118
            ],
            [
              52.51901135284651,
              29.80003855066013
            ],
            [
              52.51906592023958,
              29.8002463861939
            ],
            [
              52.51898690882685,
              29.80027065741908
            ]
          ]
        ]
      },
      "properties": {
        "name": "200",
        "area_m2": 273.69,
        "centroid": [
          52.518989,
          29.800145
        ]
      }
    },
    {
      "type": "Feature",
      "geometry": {
        "type": "Polygon",
        "coordinates": [
          [
            [
              52.5185516123986,
              29.80109491589916
            ],
            [
              52.51845415525762,
              29.80112485334358
            ],
            [
              52.51837345573436,
              29.80092501917131
            ],
            [
              52.51837319777417,
              29.80092437967845
            ],
            [
              52.51838212594484,
              29.80090812544779
            ],
            [
              52.5183828859445,
              29.80090789203635
            ],
            [
              52.51846579995296,
              29.80088242224191
            ],
            [
              52.5185516123986,
              29.80109491589916
            ]
          ]
        ]
      },
      "properties": {
        "name": "177",
        "area_m2": 287.31,
        "centroid": [
          52.51846,
          29.801004
        ]
      }
    },
    {
      "type": "Feature",
      "geometry": {
        "type": "Polygon",
        "coordinates": [
          [
            [
              52.5185516123986,
              29.80109491589916
            ],
            [
              52.5186545866142,
              29.80134990946603
            ],
            [
              52.51857672555661,
              29.80137382616582
            ],
            [
              52.51854001737185,
              29.80135726348405
            ],
            [
              52.51852199469946,
              29.80130274175538
            ],
            [
              52.51848234383382,
              29.80119465467625
            ],
            [
              52.51846073082072,
              29.80114113516891
            ],
            [
              52.51845415525762,
              29.80112485334358
            ],
            [
              52.5185516123986,
              29.80109491589916
            ]
          ]
        ]
      },
      "properties": {
        "name": "176",
        "area_m2": 350.62,
        "centroid": [
          52.518554,
          29.801238
        ]
      }
    },
    {
      "type": "Feature",
      "geometry": {
        "type": "Polygon",
        "coordinates": [
          [
            [
              52.51846579995296,
              29.80088242224191
            ],
            [
              52.51856325687192,
              29.80085248569842
            ],
            [
              52.51864906845781,
              29.80106497929884
            ],
            [
              52.5185516123986,
              29.80109491589916
            ],
            [
              52.51846579995296,
              29.80088242224191
            ]
          ]
        ]
      },
      "properties": {
        "name": "178",
        "area_m2": 288.46,
        "centroid": [
          52.518557,
          29.800974
        ]
      }
    },
    {
      "type": "Feature",
      "geometry": {
        "type": "Polygon",
        "coordinates": [
          [
            [
              52.5186545866142,
              29.80134990946603
            ],
            [
              52.5185516123986,
              29.80109491589916
            ],
            [
              52.51864906845781,
              29.80106497929884
            ],
            [
              52.51875204288301,
              29.80131997278324
            ],
            [
              52.5186545866142,
              29.80134990946603
            ]
          ]
        ]
      },
      "properties": {
        "name": "175",
        "area_m2": 346.15,
        "centroid": [
          52.518652,
          29.801207
        ]
      }
    },
    {
      "type": "Feature",
      "geometry": {
        "type": "Polygon",
        "coordinates": [
          [
            [
              52.51874652445604,
              29.80103504262852
            ],
            [
              52.51864906845781,
              29.80106497929884
            ],
            [
              52.51856325687192,
              29.80085248569842
            ],
            [
              52.51856468316092,
              29.80085204792241
            ],
            [
              52.51859302655677,
              29.80084334141596
            ],
            [
              52.51866071269551,
              29.80082254909681
            ],
            [
              52.51874652445604,
              29.80103504262852
            ]
          ]
        ]
      },
      "properties": {
        "name": "179",
        "area_m2": 288.46,
        "centroid": [
          52.518655,
          29.800944
        ]
      }
    },
    {
      "type": "Feature",
      "geometry": {
        "type": "Polygon",
        "coordinates": [
          [
            [
              52.51875204288301,
              29.80131997278324
            ],
            [
              52.51864906845781,
              29.80106497929884
            ],
            [
              52.51874652445604,
              29.80103504262852
            ],
            [
              52.51884950012524,
              29.80129003601855
            ],
            [
              52.51875204288301,
              29.80131997278324
            ]
          ]
        ]
      },
      "properties": {
        "name": "174",
        "area_m2": 346.16,
        "centroid": [
          52.518749,
          29.801178
        ]
      }
    },
    {
      "type": "Feature",
      "geometry": {
        "type": "Polygon",
        "coordinates": [
          [
            [
              52.51866071269551,
              29.80082254909681
            ],
            [
              52.51875816949252,
              29.80079261241337
            ],
            [
              52.51884398142771,
              29.80100510587632
            ],
            [
              52.51874652445604,
              29.80103504262852
            ],
            [
              52.51866071269551,
              29.80082254909681
            ]
          ]
        ]
      },
      "properties": {
        "name": "180",
        "area_m2": 288.46,
        "centroid": [
          52.518752,
          29.800914
        ]
      }
    },
    {
      "type": "Feature",
      "geometry": {
        "type": "Polygon",
        "coordinates": [
          [
            [
              52.51894695625845,
              29.80126009829363
            ],
            [
              52.51884950012524,
              29.80129003601855
            ],
            [
              52.51874652445604,
              29.80103504262852
            ],
            [
              52.51884398142771,
              29.80100510587632
            ],
            [
              52.51894695625845,
              29.80126009829363
            ]
          ]
        ]
      },
      "properties": {
        "name": "173",
        "area_m2": 346.16,
        "centroid": [
          52.518847,
          29.801148
        ]
      }
    },
    {
      "type": "Feature",
      "geometry": {
        "type": "Polygon",
        "coordinates": [
          [
            [
              52.51885582617969,
              29.80076317325088
            ],
            [
              52.518941437304,
              29.80097516906605
            ],
            [
              52.51884398142771,
              29.80100510587632
            ],
            [
              52.51875816949252,
              29.80079261241337
            ],
            [
              52.51882317703757,
              29.8007726430387
            ],
            [
              52.51885562519416,
              29.80076267567181
            ],
            [
              52.51885582617969,
              29.80076317325088
            ]
          ]
        ]
      },
      "properties": {
        "name": "181",
        "area_m2": 288.46,
        "centroid": [
          52.51885,
          29.800884
        ]
      }
    },
    {
      "type": "Feature",
      "geometry": {
        "type": "Polygon",
        "coordinates": [
          [
            [
              52.51904441337872,
              29.80123016138899
            ],
            [
              52.51894695625845,
              29.80126009829363
            ],
            [
              52.51884398142771,
              29.80100510587632
            ],
            [
              52.518941437304,
              29.80097516906605
            ],
            [
              52.51904441337872,
              29.80123016138899
            ]
          ]
        ]
      },
      "properties": {
        "name": "172",
        "area_m2": 346.15,
        "centroid": [
          52.518944,
          29.801118
        ]
      }
    },
    {
      "type": "Feature",
      "geometry": {
        "type": "Polygon",
        "coordinates": [
          [
            [
              52.51895366443721,
              29.80073418309381
            ],
            [
              52.5190388941537,
              29.80094523217391
            ],
            [
              52.518941437304,
              29.80097516906605
            ],
            [
              52.51885582617969,
              29.80076317325088
            ],
            [
              52.51885562519416,
              29.80076267567181
            ],
            [
              52.51895308082118,
              29.8007327379581
            ],
            [
              52.51895366443721,
              29.80073418309381
            ]
          ]
        ]
      },
      "properties": {
        "name": "182",
        "area_m2": 288.46,
        "centroid": [
          52.518947,
          29.800854
        ]
      }
    },
    {
      "type": "Feature",
      "geometry": {
        "type": "Polygon",
        "coordinates": [
          [
            [
              52.51904441337872,
              29.80123016138899
            ],
            [
              52.518941437304,
              29.80097516906605
            ],
            [
              52.5190388941537,
              29.80094523217391
            ],
            [
              52.51914186940361,
              29.80120022442626
            ],
            [
              52.51904441337872,
              29.80123016138899
            ]
          ]
        ]
      },
      "properties": {
        "name": "171",
        "area_m2": 346.15,
        "centroid": [
          52.519042,
          29.801088
        ]
      }
    },
    {
      "type": "Feature",
      "geometry": {
        "type": "Polygon",
        "coordinates": [
          [
            [
              52.51905141447406,
              29.80070497280948
            ],
            [
              52.51913634990804,
              29.80091529522368
            ],
            [
              52.5190388941537,
              29.80094523217391
            ],
            [
              52.51895366443721,
              29.80073418309381
            ],
            [
              52.51895308082118,
              29.8007327379581
            ],
            [
              52.51905053743528,
              29.80070280106472
            ],
            [
              52.51905141447406,
              29.80070497280948
            ]
          ]
        ]
      },
      "properties": {
        "name": "183",
        "area_m2": 288.46,
        "centroid": [
          52.519045,
          29.800824
        ]
      }
    },
    {
      "type": "Feature",
      "geometry": {
        "type": "Polygon",
        "coordinates": [
          [
            [
              52.51917269230391,
              29.80067982586743
            ],
            [
              52.5191729578542,
              29.80068117269551
            ],
            [
              52.51918313989459,
              29.80073290514292
            ],
            [
              52.5191927636914,
              29.80078610306852
            ],
            [
              52.51920156249505,
              29.80083940883031
            ],
            [
              52.51920953307835,
              29.80089281434464
            ],
            [
              52.51913634990804,
              29.80091529522368
            ],
            [
              52.51905141447406,
              29.80070497280948
            ],
            [
              52.51905053743528,
              29.80070280106472
            ],
            [
              52.51915482879311,
              29.80067076432116
            ],
            [
              52.51917269230391,
              29.80067982586743
            ]
          ]
        ]
      },
      "properties": {
        "name": "184",
        "area_m2": 286.95,
        "centroid": [
          52.51914,
          29.800786
        ]
      }
    },
    {
      "type": "Feature",
      "geometry": {
        "type": "Polygon",
        "coordinates": [
          [
            [
              52.51920953307835,
              29.80089281434464
            ],
            [
              52.51921828973286,
              29.80095934869713
            ],
            [
              52.51922576219937,
              29.8010260015787
            ],
            [
              52.51923194916828,
              29.80109275495818
            ],
            [
              52.51923684828192,
              29.80115958991404
            ],
            [
              52.51922536734161,
              29.80117457509789
            ],
            [
              52.51914186940361,
              29.80120022442626
            ],
            [
              52.5190388941537,
              29.80094523217391
            ],
            [
              52.51913634990804,
              29.80091529522368
            ],
            [
              52.51920953307835,
              29.80089281434464
            ]
          ]
        ]
      },
      "properties": {
        "name": "170",
        "area_m2": 478.2,
        "centroid": [
          52.519155,
          29.801039
        ]
      }
    },
    {
      "type": "Feature",
      "geometry": {
        "type": "Polygon",
        "coordinates": [
          [
            [
              52.51860084104532,
              29.80156079898412
            ],
            [
              52.51858271432454,
              29.80150083292095
            ],
            [
              52.51860176315942,
              29.80146884490658
            ],
            [
              52.51867901192024,
              29.80144411410992
            ],
            [
              52.51878582664558,
              29.80169790211619
            ],
            [
              52.51864646823667,
              29.80174251757459
            ],
            [
              52.51863272621172,
              29.80168167099279
            ],
            [
              52.51860084104532,
              29.80156079898412
            ]
          ]
        ]
      },
      "properties": {
        "name": "164",
        "area_m2": 422.48,
        "centroid": [
          52.518676,
          29.801598
        ]
      }
    },
    {
      "type": "Feature",
      "geometry": {
        "type": "Polygon",
        "coordinates": [
          [
            [
              52.51878582664558,
              29.80169790211619
            ],
            [
              52.51867901192024,
              29.80144411410992
            ],
            [
              52.51877600859937,
              29.80141306109736
            ],
            [
              52.51888282351578,
              29.80166684811672
            ],
            [
              52.51882269200004,
              29.8016861000857
            ],
            [
              52.51878582664558,
              29.80169790211619
            ]
          ]
        ]
      },
      "properties": {
        "name": "165",
        "area_m2": 346.16,
        "centroid": [
          52.518781,
          29.801555
        ]
      }
    },
    {
      "type": "Feature",
      "geometry": {
        "type": "Polygon",
        "coordinates": [
          [
            [
              52.51877600859937,
              29.80141306109736
            ],
            [
              52.5188730041813,
              29.80138200802742
            ],
            [
              52.51897982138488,
              29.80163579584045
            ],
            [
              52.51888282351578,
              29.80166684811672
            ],
            [
              52.51877600859937,
              29.80141306109736
            ]
          ]
        ]
      },
      "properties": {
        "name": "166",
        "area_m2": 346.15,
        "centroid": [
          52.518878,
          29.801524
        ]
      }
    },
    {
      "type": "Feature",
      "geometry": {
        "type": "Polygon",
        "coordinates": [
          [
            [
              52.5188730041813,
              29.80138200802742
            ],
            [
              52.51897000072121,
              29.80135095397419
            ],
            [
              52.51907681607428,
              29.80160474262843
            ],
            [
              52.51897982138488,
              29.80163579584045
            ],
            [
              52.5188730041813,
              29.80138200802742
            ]
          ]
        ]
      },
      "properties": {
        "name": "167",
        "area_m2": 346.15,
        "centroid": [
          52.518975,
          29.801493
        ]
      }
    },
    {
      "type": "Feature",
      "geometry": {
        "type": "Polygon",
        "coordinates": [
          [
            [
              52.51908479924165,
              29.80136219841163
            ],
            [
              52.51917381276972,
              29.80157368932341
            ],
            [
              52.51907681607428,
              29.80160474262843
            ],
            [
              52.51897000072121,
              29.80135095397419
            ],
            [
              52.5190532817976,
              29.80132429302867
            ],
            [
              52.51907203334226,
              29.80133186456181
            ],
            [
              52.51908479924165,
              29.80136219841163
            ]
          ]
        ]
      },
      "properties": {
        "name": "168",
        "area_m2": 345.0,
        "centroid": [
          52.519072,
          29.801463
        ]
      }
    },
    {
      "type": "Feature",
      "geometry": {
        "type": "Polygon",
        "coordinates": [
          [
            [
              52.51922606991801,
              29.80131840690416
            ],
            [
              52.51924160332546,
              29.80132758365238
            ],
            [
              52.51924302426135,
              29.80139880600057
            ],
            [
              52.51924298681626,
              29.80146450934037
            ],
            [
              52.51924298349437,
              29.80147003973809
            ],
            [
              52.51924222920013,
              29.80150583648582
            ],
            [
              52.51924148760225,
              29.80154103574724
            ],
            [
              52.51924148272206,
              29.80154126048265
            ],
            [
              52.51924064656176,
              29.80154227348248
            ],
            [
              52.51922940973399,
              29.80155588883579
            ],
            [
              52.51917381276972,
              29.80157368932341
            ],
            [
              52.51908479924165,
              29.80136219841163
            ],
            [
              52.51909604361887,
              29.80135859880894
            ],
            [
              52.51922449361312,
              29.80131747577786
            ],
            [
              52.51922606991801,
              29.80131840690416
            ]
          ]
        ]
      },
      "properties": {
        "name": "169",
        "area_m2": 333.91,
        "centroid": [
          52.519183,
          29.801435
        ]
      }
    },
    {
      "type": "Feature",
      "geometry": {
        "type": "Polygon",
        "coordinates": [
          [
            [
              52.51867489968648,
              29.80187986964798
            ],
            [
              52.51865677656434,
              29.80178816873049
            ],
            [
              52.51864646823667,
              29.80174251757459
            ],
            [
              52.51878582664558,
              29.80169790211619
            ],
            [
              52.51882269200004,
              29.8016861000857
            ],
            [
              52.51889480017267,
              29.80174505316535
            ],
            [
              52.51868904327704,
              29.80193647608642
            ],
            [
              52.51868271102112,
              29.80192589598925
            ],
            [
              52.51867489968648,
              29.80187986964798
            ]
          ]
        ]
      },
      "properties": {
        "name": "163",
        "area_m2": 389.98,
        "centroid": [
          52.518753,
          29.801789
        ]
      }
    },
    {
      "type": "Feature",
      "geometry": {
        "type": "Polygon",
        "coordinates": [
          [
            [
              52.51889480017267,
              29.80174505316535
            ],
            [
              52.51897017996045,
              29.80180668550381
            ],
            [
              52.51875818222008,
              29.80200391725695
            ],
            [
              52.51870183618796,
              29.80195784865555
            ],
            [
              52.51868904327704,
              29.80193647608642
            ],
            [
              52.51889480017267,
              29.80174505316535
            ]
          ]
        ]
      },
      "properties": {
        "name": "162",
        "area_m2": 344.87,
        "centroid": [
          52.518827,
          29.801874
        ]
      }
    },
    {
      "type": "Feature",
      "geometry": {
        "type": "Polygon",
        "coordinates": [
          [
            [
              52.51789292794523,
              29.79824855882373
            ],
            [
              52.51780710922498,
              29.79845146994796
            ],
            [
              52.51771017171678,
              29.79842028259542
            ],
            [
              52.51771170203475,
              29.79841666383321
            ],
            [
              52.51779599059831,
              29.79821737062511
            ],
            [
              52.51789292794523,
              29.79824855882373
            ]
          ]
        ]
      },
      "properties": {
        "name": "252",
        "area_m2": 276.92,
        "centroid": [
          52.517802,
          29.798334
        ]
      }
    },
    {
      "type": "Feature",
      "geometry": {
        "type": "Polygon",
        "coordinates": [
          [
            [
              52.51798986428783,
              29.79827974515652
            ],
            [
              52.51790404576973,
              29.79848265814119
            ],
            [
              52.51783403621112,
              29.79846013344059
            ],
            [
              52.51780710922498,
              29.79845146994796
            ],
            [
              52.51789292794523,
              29.79824855882373
            ],
            [
              52.51798986428783,
              29.79827974515652
            ]
          ]
        ]
      },
      "properties": {
        "name": "253",
        "area_m2": 276.91,
        "centroid": [
          52.517898,
          29.798366
        ]
      }
    },
    {
      "type": "Feature",
      "geometry": {
        "type": "Polygon",
        "coordinates": [
          [
            [
              52.51798986428783,
              29.79827974515652
            ],
            [
              52.51808680174938,
              29.7983109332084
            ],
            [
              52.51800098339255,
              29.79851384534699
            ],
            [
              52.51790404576973,
              29.79848265814119
            ],
            [
              52.51798986428783,
              29.79827974515652
            ]
          ]
        ]
      },
      "properties": {
        "name": "254",
        "area_m2": 276.92,
        "centroid": [
          52.517995,
          29.798397
        ]
      }
    },
    {
      "type": "Feature",
      "geometry": {
        "type": "Polygon",
        "coordinates": [
          [
            [
              52.51818330885461,
              29.7983419817589
            ],
            [
              52.51818373822023,
              29.79834212029659
            ],
            [
              52.51818340660384,
              29.79834290552137
            ],
            [
              52.51809792003832,
              29.79854503249127
            ],
            [
              52.51800098339255,
              29.79851384534699
            ],
            [
              52.51808680174938,
              29.7983109332084
            ],
            [
              52.51818330885461,
              29.7983419817589
            ]
          ]
        ]
      },
      "properties": {
        "name": "255",
        "area_m2": 276.92,
        "centroid": [
          52.518092,
          29.798428
        ]
      }
    },
    {
      "type": "Feature",
      "geometry": {
        "type": "Polygon",
        "coordinates": [
          [
            [
              52.51828067476205,
              29.79837330821358
            ],
            [
              52.51828034614047,
              29.79837408618556
            ],
            [
              52.51819485674141,
              29.79857621956219
            ],
            [
              52.51809792003832,
              29.79854503249127
            ],
            [
              52.51818340660384,
              29.79834290552137
            ],
            [
              52.51818373822023,
              29.79834212029659
            ],
            [
              52.51828067476205,
              29.79837330821358
            ]
          ]
        ]
      },
      "properties": {
        "name": "256",
        "area_m2": 276.91,
        "centroid": [
          52.518189,
          29.798459
        ]
      }
    },
    {
      "type": "Feature",
      "geometry": {
        "type": "Polygon",
        "coordinates": [
          [
            [
              52.51837761236831,
              29.79840449424097
            ],
            [
              52.51837593023088,
              29.79840847117379
            ],
            [
              52.51829179351545,
              29.79860740746189
            ],
            [
              52.51819485674141,
              29.79857621956219
            ],
            [
              52.51828034614047,
              29.79837408618556
            ],
            [
              52.51828067476205,
              29.79837330821358
            ],
            [
              52.51837761236831,
              29.79840449424097
            ]
          ]
        ]
      },
      "properties": {
        "name": "257",
        "area_m2": 276.92,
        "centroid": [
          52.518286,
          29.79849
        ]
      }
    },
    {
      "type": "Feature",
      "geometry": {
        "type": "Polygon",
        "coordinates": [
          [
            [
              52.51847455005913,
              29.79843568199932
            ],
            [
              52.51847247037164,
              29.79844059921421
            ],
            [
              52.51838873240194,
              29.79863859436228
            ],
            [
              52.51829179351545,
              29.79860740746189
            ],
            [
              52.51837593023088,
              29.79840847117379
            ],
            [
              52.51837761236831,
              29.79840449424097
            ],
            [
              52.51847455005913,
              29.79843568199932
            ]
          ]
        ]
      },
      "properties": {
        "name": "258",
        "area_m2": 276.92,
        "centroid": [
          52.518383,
          29.798522
        ]
      }
    },
    {
      "type": "Feature",
      "geometry": {
        "type": "Polygon",
        "coordinates": [
          [
            [
              52.51857148572489,
              29.79846686880587
            ],
            [
              52.51856963479334,
              29.79847124560673
            ],
            [
              52.5184856682426,
              29.79866978122492
            ],
            [
              52.51838873240194,
              29.79863859436228
            ],
            [
              52.51847247037164,
              29.79844059921421
            ],
            [
              52.51847455005913,
              29.79843568199932
            ],
            [
              52.51857148572489,
              29.79846686880587
            ]
          ]
        ]
      },
      "properties": {
        "name": "259",
        "area_m2": 276.91,
        "centroid": [
          52.51848,
          29.798553
        ]
      }
    },
    {
      "type": "Feature",
      "geometry": {
        "type": "Polygon",
        "coordinates": [
          [
            [
              52.51866650646645,
              29.79849743869685
            ],
            [
              52.51866842351672,
              29.79849805551529
            ],
            [
              52.51858260620934,
              29.79870096799042
            ],
            [
              52.5184856682426,
              29.79866978122492
            ],
            [
              52.51856963479334,
              29.79847124560673
            ],
            [
              52.51857148572489,
              29.79846686880587
            ],
            [
              52.51866650646645,
              29.79849743869685
            ]
          ]
        ]
      },
      "properties": {
        "name": "260",
        "area_m2": 276.92,
        "centroid": [
          52.518577,
          29.798584
        ]
      }
    },
    {
      "type": "Feature",
      "geometry": {
        "type": "Polygon",
        "coordinates": [
          [
            [
              52.51877084994587,
              29.7985902061614
            ],
            [
              52.51876719949134,
              29.79860756647499
            ],
            [
              52.51875510906073,
              29.79869573734427
            ],
            [
              52.51875222603457,
              29.79874006570907
            ],
            [
              52.51873497455667,
              29.7987499883379
            ],
            [
              52.51858260620934,
              29.79870096799042
            ],
            [
              52.51866842351672,
              29.79849805551529
            ],
            [
              52.51875103547253,
              29.7985246334724
            ],
            [
              52.5187763836066,
              29.79856389477754
            ],
            [
              52.51877084994587,
              29.7985902061614
            ]
          ]
        ]
      },
      "properties": {
        "name": "261",
        "area_m2": 387.04,
        "centroid": [
          52.518691,
          29.79863
        ]
      }
    },
    {
      "type": "Feature",
      "geometry": {
        "type": "Polygon",
        "coordinates": [
          [
            [
              52.51768127051353,
              29.79855352820117
            ],
            [
              52.51768194545212,
              29.79855519968142
            ],
            [
              52.51768088477647,
              29.7985555258718
            ],
            [
              52.51744805475525,
              29.79862704518874
            ],
            [
              52.51741373200721,
              29.79854204753072
            ],
            [
              52.5176476225228,
              29.79847020118718
            ],
            [
              52.51768127051353,
              29.79855352820117
            ]
          ]
        ]
      },
      "properties": {
        "name": "246",
        "area_m2": 276.92,
        "centroid": [
          52.517548,
          29.798549
        ]
      }
    },
    {
      "type": "Feature",
      "geometry": {
        "type": "Polygon",
        "coordinates": [
          [
            [
              52.51771626842877,
              29.79864019726147
            ],
            [
              52.51748237757788,
              29.79871204373692
            ],
            [
              52.51744805475525,
              29.79862704518874
            ],
            [
              52.51768088477647,
              29.7985555258718
            ],
            [
              52.51768194545212,
              29.79855519968142
            ],
            [
              52.51771626842877,
              29.79864019726147
            ]
          ]
        ]
      },
      "properties": {
        "name": "245",
        "area_m2": 276.92,
        "centroid": [
          52.517582,
          29.798634
        ]
      }
    },
    {
      "type": "Feature",
      "geometry": {
        "type": "Polygon",
        "coordinates": [
          [
            [
              52.51990685117673,
              29.79878108667566
            ],
            [
              52.5198880088064,
              29.7987884876989
            ],
            [
              52.51980505669054,
              29.7987610670933
            ],
            [
              52.51989293636584,
              29.79855882766317
            ],
            [
              52.51998955180117,
              29.79859076422432
            ],
            [
              52.51990685117673,
              29.79878108667566
            ]
          ]
        ]
      },
      "properties": {
        "name": "284",
        "area_m2": 275.76,
        "centroid": [
          52.519897,
          29.798675
        ]
      }
    },
    {
      "type": "Feature",
      "geometry": {
        "type": "Polygon",
        "coordinates": [
          [
            [
              52.52011089989369,
              29.79841321538815
            ],
            [
              52.52012974114268,
              29.79840581434767
            ],
            [
              52.52021269407436,
              29.79843323474617
            ],
            [
              52.52012481515047,
              29.79863547436614
            ],
            [
              52.5200281985987,
              29.79860353791904
            ],
            [
              52.52011089989369,
              29.79841321538815
            ]
          ]
        ]
      },
      "properties": {
        "name": "304",
        "area_m2": 275.76,
        "centroid": [
          52.52012,
          29.798519
        ]
      }
    },
    {
      "type": "Feature",
      "geometry": {
        "type": "Polygon",
        "coordinates": [
          [
            [
              52.52012481515047,
              29.79863547436614
            ],
            [
              52.5200369348683,
              29.79883771484823
            ],
            [
              52.51995398268853,
              29.79881029524134
            ],
            [
              52.51995114561091,
              29.79880480111912
            ],
            [
              52.51994549701843,
              29.79879386130608
            ],
            [
              52.51999922609448,
              29.79867021381601
            ],
            [
              52.5200281985987,
              29.79860353791904
            ],
            [
              52.52012481515047,
              29.79863547436614
            ]
          ]
        ]
      },
      "properties": {
        "name": "285",
        "area_m2": 275.76,
        "centroid": [
          52.520033,
          29.79872
        ]
      }
    },
    {
      "type": "Feature",
      "geometry": {
        "type": "Polygon",
        "coordinates": [
          [
            [
              52.52022143072645,
              29.7986674107522
            ],
            [
              52.52012481515047,
              29.79863547436614
            ],
            [
              52.52021269407436,
              29.79843323474617
            ],
            [
              52.52030930946425,
              29.79846517017258
            ],
            [
              52.52022143072645,
              29.7986674107522
            ]
          ]
        ]
      },
      "properties": {
        "name": "303",
        "area_m2": 276.91,
        "centroid": [
          52.520217,
          29.79855
        ]
      }
    },
    {
      "type": "Feature",
      "geometry": {
        "type": "Polygon",
        "coordinates": [
          [
            [
              52.52022143072645,
              29.7986674107522
            ],
            [
              52.52013355165111,
              29.79886965127983
            ],
            [
              52.5200369348683,
              29.79883771484823
            ],
            [
              52.52012481515047,
              29.79863547436614
            ],
            [
              52.52022143072645,
              29.7986674107522
            ]
          ]
        ]
      },
      "properties": {
        "name": "286",
        "area_m2": 276.92,
        "centroid": [
          52.520129,
          29.798753
        ]
      }
    },
    {
      "type": "Feature",
      "geometry": {
        "type": "Polygon",
        "coordinates": [
          [
            [
              52.52036003306419,
              29.79848193659746
            ],
            [
              52.52037859900565,
              29.79848807358936
            ],
            [
              52.52039556938348,
              29.7985209405116
            ],
            [
              52.52038853302366,
              29.79853713340496
            ],
            [
              52.52031804636103,
              29.79869934706527
            ],
            [
              52.52022143072645,
              29.7986674107522
            ],
            [
              52.52030930946425,
              29.79846517017258
            ],
            [
              52.52036003306419,
              29.79848193659746
            ]
          ]
        ]
      },
      "properties": {
        "name": "302",
        "area_m2": 272.3,
        "centroid": [
          52.520312,
          29.798584
        ]
      }
    },
    {
      "type": "Feature",
      "geometry": {
        "type": "Polygon",
        "coordinates": [
          [
            [
              52.52024052409665,
              29.79887775266441
            ],
            [
              52.52020284039183,
              29.79889255388876
            ],
            [
              52.5201842743841,
              29.79888641687477
            ],
            [
              52.52013355165111,
              29.79886965127983
            ],
            [
              52.52022143072645,
              29.7986674107522
            ],
            [
              52.52031804636103,
              29.79869934706527
            ],
            [
              52.52024052409665,
              29.79887775266441
            ]
          ]
        ]
      },
      "properties": {
        "name": "287",
        "area_m2": 272.3,
        "centroid": [
          52.520226,
          29.798783
        ]
      }
    },
    {
      "type": "Feature",
      "geometry": {
        "type": "Polygon",
        "coordinates": [
          [
            [
              52.52056888634473,
              29.79855342441726
            ],
            [
              52.52057473396226,
              29.79855535759513
            ],
            [
              52.5206241756226,
              29.79857170013495
            ],
            [
              52.52062545764799,
              29.79857212391472
            ],
            [
              52.52053757947255,
              29.79877436468233
            ],
            [
              52.52044096266805,
              29.79874242854704
            ],
            [
              52.52051144915624,
              29.79858021482813
            ],
            [
              52.52051741277482,
              29.79856649220864
            ],
            [
              52.5205184855123,
              29.79856402283107
            ],
            [
              52.52054880840812,
              29.79855211244531
            ],
            [
              52.52055616904553,
              29.79854922152197
            ],
            [
              52.52056888634473,
              29.79855342441726
            ]
          ]
        ]
      },
      "properties": {
        "name": "301",
        "area_m2": 272.3,
        "centroid": [
          52.520533,
          29.798659
        ]
      }
    },
    {
      "type": "Feature",
      "geometry": {
        "type": "Polygon",
        "coordinates": [
          [
            [
              52.52053757947255,
              29.79877436468233
            ],
            [
              52.52044969992521,
              29.79897660540989
            ],
            [
              52.52039897709281,
              29.79895983901807
            ],
            [
              52.52038041106175,
              29.79895370203257
            ],
            [
              52.52036344060915,
              29.79892083511286
            ],
            [
              52.52044096266805,
              29.79874242854704
            ],
            [
              52.52053757947255,
              29.79877436468233
            ]
          ]
        ]
      },
      "properties": {
        "name": "288",
        "area_m2": 272.3,
        "centroid": [
          52.520447,
          29.798858
        ]
      }
    },
    {
      "type": "Feature",
      "geometry": {
        "type": "Polygon",
        "coordinates": [
          [
            [
              52.52067710674019,
              29.79858919628293
            ],
            [
              52.52068426445236,
              29.79859156193538
            ],
            [
              52.520694061088,
              29.79859480045153
            ],
            [
              52.52071602812511,
              29.79860206135907
            ],
            [
              52.52072207433865,
              29.79860405991958
            ],
            [
              52.52063419530128,
              29.79880630075655
            ],
            [
              52.52053757947255,
              29.79877436468233
            ],
            [
              52.52062545764799,
              29.79857212391472
            ],
            [
              52.52067710674019,
              29.79858919628293
            ]
          ]
        ]
      },
      "properties": {
        "name": "300",
        "area_m2": 276.92,
        "centroid": [
          52.52063,
          29.798689
        ]
      }
    },
    {
      "type": "Feature",
      "geometry": {
        "type": "Polygon",
        "coordinates": [
          [
            [
              52.52053757947255,
              29.79877436468233
            ],
            [
              52.52063419530128,
              29.79880630075655
            ],
            [
              52.52054631694712,
              29.79900854062749
            ],
            [
              52.52044969992521,
              29.79897660540989
            ],
            [
              52.52053757947255,
              29.79877436468233
            ]
          ]
        ]
      },
      "properties": {
        "name": "289",
        "area_m2": 276.92,
        "centroid": [
          52.520542,
          29.798891
        ]
      }
    },
    {
      "type": "Feature",
      "geometry": {
        "type": "Polygon",
        "coordinates": [
          [
            [
              52.52077611283833,
              29.79862192226178
            ],
            [
              52.52081428041658,
              29.79863453791706
            ],
            [
              52.52081869005352,
              29.79863599586338
            ],
            [
              52.52073081220934,
              29.79883823584375
            ],
            [
              52.52063419530128,
              29.79880630075655
            ],
            [
              52.52072207433865,
              29.79860405991958
            ],
            [
              52.52077611283833,
              29.79862192226178
            ]
          ]
        ]
      },
      "properties": {
        "name": "299",
        "area_m2": 276.92,
        "centroid": [
          52.520726,
          29.798721
        ]
      }
    },
    {
      "type": "Feature",
      "geometry": {
        "type": "Polygon",
        "coordinates": [
          [
            [
              52.52073081220934,
              29.79883823584375
            ],
            [
              52.5206429330069,
              29.7990404766862
            ],
            [
              52.52054631694712,
              29.79900854062749
            ],
            [
              52.52063419530128,
              29.79880630075655
            ],
            [
              52.52073081220934,
              29.79883823584375
            ]
          ]
        ]
      },
      "properties": {
        "name": "290",
        "area_m2": 276.92,
        "centroid": [
          52.520639,
          29.798923
        ]
      }
    },
    {
      "type": "Feature",
      "geometry": {
        "type": "Polygon",
        "coordinates": [
          [
            [
              52.52082101184062,
              29.79863676319283
            ],
            [
              52.52085034873447,
              29.79864646036916
            ],
            [
              52.52085860133737,
              29.7986491887801
            ],
            [
              52.52087035895718,
              29.79865307424259
            ],
            [
              52.52091530686138,
              29.79866793172231
            ],
            [
              52.52082742815527,
              29.79887017177203
            ],
            [
              52.52073081220934,
              29.79883823584375
            ],
            [
              52.52081869005352,
              29.79863599586338
            ],
            [
              52.52082101184062,
              29.79863676319283
            ]
          ]
        ]
      },
      "properties": {
        "name": "298",
        "area_m2": 276.92,
        "centroid": [
          52.520823,
          29.798753
        ]
      }
    },
    {
      "type": "Feature",
      "geometry": {
        "type": "Polygon",
        "coordinates": [
          [
            [
              52.52082742815527,
              29.79887017177203
            ],
            [
              52.52073955015965,
              29.79907241266004
            ],
            [
              52.5206429330069,
              29.7990404766862
            ],
            [
              52.52073081220934,
              29.79883823584375
            ],
            [
              52.52082742815527,
              29.79887017177203
            ]
          ]
        ]
      },
      "properties": {
        "name": "291",
        "area_m2": 276.92,
        "centroid": [
          52.520735,
          29.798955
        ]
      }
    },
    {
      "type": "Feature",
      "geometry": {
        "type": "Polygon",
        "coordinates": [
          [
            [
              52.52082742815527,
              29.79887017177203
            ],
            [
              52.52091530686138,
              29.79866793172231
            ],
            [
              52.5210119226798,
              29.79869986661801
            ],
            [
              52.52092404519416,
              29.79890210761545
            ],
            [
              52.52082742815527,
              29.79887017177203
            ]
          ]
        ]
      },
      "properties": {
        "name": "297",
        "area_m2": 276.92,
        "centroid": [
          52.52092,
          29.798785
        ]
      }
    },
    {
      "type": "Feature",
      "geometry": {
        "type": "Polygon",
        "coordinates": [
          [
            [
              52.52082742815527,
              29.79887017177203
            ],
            [
              52.52092404519416,
              29.79890210761545
            ],
            [
              52.52083616632297,
              29.79910434767065
            ],
            [
              52.52073955015965,
              29.79907241266004
            ],
            [
              52.52082742815527,
              29.79887017177203
            ]
          ]
        ]
      },
      "properties": {
        "name": "292",
        "area_m2": 276.92,
        "centroid": [
          52.520832,
          29.798987
        ]
      }
    },
    {
      "type": "Feature",
      "geometry": {
        "type": "Polygon",
        "coordinates": [
          [
            [
              52.5210163052781,
              29.79870131494318
            ],
            [
              52.52104146236464,
              29.79870963089617
            ],
            [
              52.52105061020902,
              29.79871265488001
            ],
            [
              52.52106087370785,
              29.79871604680456
            ],
            [
              52.52107839060556,
              29.79872183664367
            ],
            [
              52.52108575837328,
              29.79872427204235
            ],
            [
              52.52110853960485,
              29.798731802331
            ],
            [
              52.5210206612573,
              29.79893404339779
            ],
            [
              52.52092404519416,
              29.79890210761545
            ],
            [
              52.5210119226798,
              29.79869986661801
            ],
            [
              52.5210163052781,
              29.79870131494318
            ]
          ]
        ]
      },
      "properties": {
        "name": "296",
        "area_m2": 276.92,
        "centroid": [
          52.521016,
          29.798817
        ]
      }
    },
    {
      "type": "Feature",
      "geometry": {
        "type": "Polygon",
        "coordinates": [
          [
            [
              52.52092404519416,
              29.79890210761545
            ],
            [
              52.5210206612573,
              29.79893404339779
            ],
            [
              52.52093278359293,
              29.79913628349856
            ],
            [
              52.52083616632297,
              29.79910434767065
            ],
            [
              52.52092404519416,
              29.79890210761545
            ]
          ]
        ]
      },
      "properties": {
        "name": "293",
        "area_m2": 276.92,
        "centroid": [
          52.520928,
          29.799019
        ]
      }
    },
    {
      "type": "Feature",
      "geometry": {
        "type": "Polygon",
        "coordinates": [
          [
            [
              52.5211413264924,
              29.79874263997589
            ],
            [
              52.52115289074116,
              29.79874646176853
            ],
            [
              52.5211912247848,
              29.79875913314526
            ],
            [
              52.52119149200026,
              29.7987592212045
            ],
            [
              52.52119912630357,
              29.79877400637849
            ],
            [
              52.52119997786721,
              29.79877565505274
            ],
            [
              52.52116853967975,
              29.79884800452291
            ],
            [
              52.52111727839974,
              29.79896597819311
            ],
            [
              52.5210206612573,
              29.79893404339779
            ],
            [
              52.52110853960485,
              29.798731802331
            ],
            [
              52.5211413264924,
              29.79874263997589
            ]
          ]
        ]
      },
      "properties": {
        "name": "295",
        "area_m2": 275.76,
        "centroid": [
          52.521113,
          29.798849
        ]
      }
    },
    {
      "type": "Feature",
      "geometry": {
        "type": "Polygon",
        "coordinates": [
          [
            [
              52.52457805750282,
              29.80071848949953
            ],
            [
              52.52464574428715,
              29.80076850232563
            ],
            [
              52.52447877451491,
              29.80094039779832
            ],
            [
              52.52446154387823,
              29.80092766624049
            ],
            [
              52.52443596871592,
              29.80089347347873
            ],
            [
              52.52442990412458,
              29.80088536475743
            ],
            [
              52.5244317893409,
              29.8008493564637
            ],
            [
              52.52455746286378,
              29.80071997590511
            ],
            [
              52.52457805750282,
              29.80071848949953
            ]
          ]
        ]
      },
      "properties": {
        "name": "565",
        "area_m2": 273.36,
        "centroid": [
          52.524528,
          29.800823
        ]
      }
    },
    {
      "type": "Feature",
      "geometry": {
        "type": "Polygon",
        "coordinates": [
          [
            [
              52.52472458163982,
              29.80082675192465
            ],
            [
              52.52455761088049,
              29.80099864750612
            ],
            [
              52.52447877451491,
              29.80094039779832
            ],
            [
              52.52464574428715,
              29.80076850232563
            ],
            [
              52.52472458163982,
              29.80082675192465
            ]
          ]
        ]
      },
      "properties": {
        "name": "566",
        "area_m2": 288.46,
        "centroid": [
          52.524602,
          29.800884
        ]
      }
    },
    {
      "type": "Feature",
      "geometry": {
        "type": "Polygon",
        "coordinates": [
          [
            [
              52.5265306791462,
              29.80047497658033
            ],
            [
              52.52663051785196,
              29.8004981815565
            ],
            [
              52.52655070135201,
              29.80075941082678
            ],
            [
              52.52646498153495,
              29.80073948779157
            ],
            [
              52.526454624415,
              29.80072389162672
            ],
            [
              52.52652801801944,
              29.80048368498026
            ],
            [
              52.5265306791462,
              29.80047497658033
            ]
          ]
        ]
      },
      "properties": {
        "name": "661",
        "area_m2": 345.0,
        "centroid": [
          52.526541,
          29.800617
        ]
      }
    },
    {
      "type": "Feature",
      "geometry": {
        "type": "Polygon",
        "coordinates": [
          [
            [
              52.52665054136804,
              29.80078261486255
            ],
            [
              52.52655070135201,
              29.80075941082678
            ],
            [
              52.52663051785196,
              29.8004981815565
            ],
            [
              52.52673035762128,
              29.80052138554136
            ],
            [
              52.52665054136804,
              29.80078261486255
            ]
          ]
        ]
      },
      "properties": {
        "name": "662",
        "area_m2": 346.15,
        "centroid": [
          52.526641,
          29.80064
        ]
      }
    },
    {
      "type": "Feature",
      "geometry": {
        "type": "Polygon",
        "coordinates": [
          [
            [
              52.52683019743344,
              29.80054458944907
            ],
            [
              52.52675038144061,
              29.80080581972333
            ],
            [
              52.52665054136804,
              29.80078261486255
            ],
            [
              52.52673035762128,
              29.80052138554136
            ],
            [
              52.52683019743344,
              29.80054458944907
            ]
          ]
        ]
      },
      "properties": {
        "name": "663",
        "area_m2": 346.15,
        "centroid": [
          52.52674,
          29.800664
        ]
      }
    },
    {
      "type": "Feature",
      "geometry": {
        "type": "Polygon",
        "coordinates": [
          [
            [
              52.52683019743344,
              29.80054458944907
            ],
            [
              52.52693003730216,
              29.8005677941818
            ],
            [
              52.52685022154233,
              29.8008290236048
            ],
            [
              52.52675038144061,
              29.80080581972333
            ],
            [
              52.52683019743344,
              29.80054458944907
            ]
          ]
        ]
      },
      "properties": {
        "name": "664",
        "area_m2": 346.15,
        "centroid": [
          52.52684,
          29.800687
        ]
      }
    },
    {
      "type": "Feature",
      "geometry": {
        "type": "Polygon",
        "coordinates": [
          [
            [
              52.52693003730216,
              29.8005677941818
            ],
            [
              52.52702987616561,
              29.80059099794714
            ],
            [
              52.5269500606525,
              29.80085222742105
            ],
            [
              52.52685022154233,
              29.8008290236048
            ],
            [
              52.52693003730216,
              29.8005677941818
            ]
          ]
        ]
      },
      "properties": {
        "name": "665",
        "area_m2": 346.15,
        "centroid": [
          52.52694,
          29.80071
        ]
      }
    },
    {
      "type": "Feature",
      "geometry": {
        "type": "Polygon",
        "coordinates": [
          [
            [
              52.52702987616561,
              29.80059099794714
            ],
            [
              52.52712971610631,
              29.80061420162338
            ],
            [
              52.52704990085361,
              29.80087543205036
            ],
            [
              52.5269500606525,
              29.80085222742105
            ],
            [
              52.52702987616561,
              29.80059099794714
            ]
          ]
        ]
      },
      "properties": {
        "name": "666",
        "area_m2": 346.15,
        "centroid": [
          52.52704,
          29.800733
        ]
      }
    },
    {
      "type": "Feature",
      "geometry": {
        "type": "Polygon",
        "coordinates": [
          [
            [
              52.52704990085361,
              29.80087543205036
            ],
            [
              52.52712971610631,
              29.80061420162338
            ],
            [
              52.52722955610356,
              29.80063740612462
            ],
            [
              52.52714974108386,
              29.80089863570033
            ],
            [
              52.52704990085361,
              29.80087543205036
            ]
          ]
        ]
      },
      "properties": {
        "name": "667",
        "area_m2": 346.15,
        "centroid": [
          52.52714,
          29.800756
        ]
      }
    },
    {
      "type": "Feature",
      "geometry": {
        "type": "Polygon",
        "coordinates": [
          [
            [
              52.52714974108386,
              29.80089863570033
            ],
            [
              52.52722955610356,
              29.80063740612462
            ],
            [
              52.52732939612995,
              29.80066060964654
            ],
            [
              52.52724958135696,
              29.80092183927316
            ],
            [
              52.52714974108386,
              29.80089863570033
            ]
          ]
        ]
      },
      "properties": {
        "name": "668",
        "area_m2": 346.15,
        "centroid": [
          52.52724,
          29.80078
        ]
      }
    },
    {
      "type": "Feature",
      "geometry": {
        "type": "Polygon",
        "coordinates": [
          [
            [
              52.52724958135696,
              29.80092183927316
            ],
            [
              52.52732939612995,
              29.80066060964654
            ],
            [
              52.52742923516478,
              29.80068381310326
            ],
            [
              52.52735318358369,
              29.80093272857422
            ],
            [
              52.52733530146311,
              29.80094176178773
            ],
            [
              52.52724958135696,
              29.80092183927316
            ]
          ]
        ]
      },
      "properties": {
        "name": "669",
        "area_m2": 345.0,
        "centroid": [
          52.527339,
          29.800802
        ]
      }
    },
    {
      "type": "Feature",
      "geometry": {
        "type": "Polygon",
        "coordinates": [
          [
            [
              52.52746917141683,
              29.80069309481803
            ],
            [
              52.52756901154604,
              29.80071629815475
            ],
            [
              52.52748919736516,
              29.80097752790352
            ],
            [
              52.52740347618163,
              29.80095760640518
            ],
            [
              52.52739311992978,
              29.8009420103084
            ],
            [
              52.52746917141683,
              29.80069309481803
            ]
          ]
        ]
      },
      "properties": {
        "name": "670",
        "area_m2": 345.0,
        "centroid": [
          52.527479,
          29.800835
        ]
      }
    },
    {
      "type": "Feature",
      "geometry": {
        "type": "Polygon",
        "coordinates": [
          [
            [
              52.52756901154604,
              29.80071629815475
            ],
            [
              52.5276688506974,
              29.80073950232844
            ],
            [
              52.52758903779765,
              29.80100073211615
            ],
            [
              52.52748919736516,
              29.80097752790352
            ],
            [
              52.52756901154604,
              29.80071629815475
            ]
          ]
        ]
      },
      "properties": {
        "name": "671",
        "area_m2": 346.15,
        "centroid": [
          52.527579,
          29.800859
        ]
      }
    },
    {
      "type": "Feature",
      "geometry": {
        "type": "Polygon",
        "coordinates": [
          [
            [
              52.52758903779765,
              29.80100073211615
            ],
            [
              52.5276688506974,
              29.80073950232844
            ],
            [
              52.5277686909123,
              29.80076270551085
            ],
            [
              52.52768887722486,
              29.80102393536141
            ],
            [
              52.52758903779765,
              29.80100073211615
            ]
          ]
        ]
      },
      "properties": {
        "name": "672",
        "area_m2": 346.15,
        "centroid": [
          52.527679,
          29.800882
        ]
      }
    },
    {
      "type": "Feature",
      "geometry": {
        "type": "Polygon",
        "coordinates": [
          [
            [
              52.5277686909123,
              29.80076270551085
            ],
            [
              52.52786853117005,
              29.80078590861609
            ],
            [
              52.52778871772932,
              29.80104713851756
            ],
            [
              52.52768887722486,
              29.80102393536141
            ],
            [
              52.5277686909123,
              29.80076270551085
            ]
          ]
        ]
      },
      "properties": {
        "name": "673",
        "area_m2": 346.15,
        "centroid": [
          52.527779,
          29.800905
        ]
      }
    },
    {
      "type": "Feature",
      "geometry": {
        "type": "Polygon",
        "coordinates": [
          [
            [
              52.52522170049898,
              29.80143026822087
            ],
            [
              52.52538867076623,
              29.80125837182571
            ],
            [
              52.52546750789202,
              29.8013166209604
            ],
            [
              52.5253005376721,
              29.80148851745237
            ],
            [
              52.52522170049898,
              29.80143026822087
            ]
          ]
        ]
      },
      "properties": {
        "name": "575",
        "area_m2": 288.46,
        "centroid": [
          52.525345,
          29.801373
        ]
      }
    },
    {
      "type": "Feature",
      "geometry": {
        "type": "Polygon",
        "coordinates": [
          [
            [
              52.5253005376721,
              29.80148851745237
            ],
            [
              52.52513356791921,
              29.80166041373726
            ],
            [
              52.52505472966435,
              29.80160216442086
            ],
            [
              52.52522170049898,
              29.80143026822087
            ],
            [
              52.5253005376721,
              29.80148851745237
            ]
          ]
        ]
      },
      "properties": {
        "name": "551",
        "area_m2": 288.46,
        "centroid": [
          52.525178,
          29.801545
        ]
      }
    },
    {
      "type": "Feature",
      "geometry": {
        "type": "Polygon",
        "coordinates": [
          [
            [
              52.5253005376721,
              29.80148851745237
            ],
            [
              52.52546750789202,
              29.8013166209604
            ],
            [
              52.52554634512228,
              29.80137487094647
            ],
            [
              52.52537937494969,
              29.80154676753527
            ],
            [
              52.5253005376721,
              29.80148851745237
            ]
          ]
        ]
      },
      "properties": {
        "name": "576",
        "area_m2": 288.46,
        "centroid": [
          52.525423,
          29.801432
        ]
      }
    },
    {
      "type": "Feature",
      "geometry": {
        "type": "Polygon",
        "coordinates": [
          [
            [
              52.52537937494969,
              29.80154676753527
            ],
            [
              52.52521240524413,
              29.801718663917
            ],
            [
              52.52513356791921,
              29.80166041373726
            ],
            [
              52.5253005376721,
              29.80148851745237
            ],
            [
              52.52537937494969,
              29.80154676753527
            ]
          ]
        ]
      },
      "properties": {
        "name": "550",
        "area_m2": 288.46,
        "centroid": [
          52.525256,
          29.801604
        ]
      }
    },
    {
      "type": "Feature",
      "geometry": {
        "type": "Polygon",
        "coordinates": [
          [
            [
              52.52537937494969,
              29.80154676753527
            ],
            [
              52.52554634512228,
              29.80137487094647
            ],
            [
              52.52562518242962,
              29.80143311997961
            ],
            [
              52.52545821333877,
              29.8016050166533
            ],
            [
              52.52537937494969,
              29.80154676753527
            ]
          ]
        ]
      },
      "properties": {
        "name": "577",
        "area_m2": 288.46,
        "centroid": [
          52.525502,
          29.80149
        ]
      }
    },
    {
      "type": "Feature",
      "geometry": {
        "type": "Polygon",
        "coordinates": [
          [
            [
              52.52545821333877,
              29.8016050166533
            ],
            [
              52.52529124264614,
              29.80177691314378
            ],
            [
              52.52521240524413,
              29.801718663917
            ],
            [
              52.52537937494969,
              29.80154676753527
            ],
            [
              52.52545821333877,
              29.8016050166533
            ]
          ]
        ]
      },
      "properties": {
        "name": "549",
        "area_m2": 288.46,
        "centroid": [
          52.525335,
          29.801662
        ]
      }
    },
    {
      "type": "Feature",
      "geometry": {
        "type": "Polygon",
        "coordinates": [
          [
            [
              52.52545821333877,
              29.8016050166533
            ],
            [
              52.52562518242962,
              29.80143311997961
            ],
            [
              52.52570402087585,
              29.80149136985218
            ],
            [
              52.52553705079792,
              29.80166326663465
            ],
            [
              52.52545821333877,
              29.8016050166533
            ]
          ]
        ]
      },
      "properties": {
        "name": "578",
        "area_m2": 288.46,
        "centroid": [
          52.525581,
          29.801548
        ]
      }
    },
    {
      "type": "Feature",
      "geometry": {
        "type": "Polygon",
        "coordinates": [
          [
            [
              52.52553705079792,
              29.80166326663465
            ],
            [
              52.52537008015262,
              29.80183516322197
            ],
            [
              52.52529124264614,
              29.80177691314378
            ],
            [
              52.52545821333877,
              29.8016050166533
            ],
            [
              52.52553705079792,
              29.80166326663465
            ]
          ]
        ]
      },
      "properties": {
        "name": "548",
        "area_m2": 288.46,
        "centroid": [
          52.525414,
          29.80172
        ]
      }
    },
    {
      "type": "Feature",
      "geometry": {
        "type": "Polygon",
        "coordinates": [
          [
            [
              52.52553705079792,
              29.80166326663465
            ],
            [
              52.52570402087585,
              29.80149136985218
            ],
            [
              52.52578285836476,
              29.80154961878376
            ],
            [
              52.52561588833417,
              29.80172151566308
            ],
            [
              52.52553705079792,
              29.80166326663465
            ]
          ]
        ]
      },
      "properties": {
        "name": "579",
        "area_m2": 288.46,
        "centroid": [
          52.52566,
          29.801606
        ]
      }
    },
    {
      "type": "Feature",
      "geometry": {
        "type": "Polygon",
        "coordinates": [
          [
            [
              52.52561588833417,
              29.80172151566308
            ],
            [
              52.5254489177362,
              29.80189341234723
            ],
            [
              52.52537008015262,
              29.80183516322197
            ],
            [
              52.52553705079792,
              29.80166326663465
            ],
            [
              52.52561588833417,
              29.80172151566308
            ]
          ]
        ]
      },
      "properties": {
        "name": "547",
        "area_m2": 288.46,
        "centroid": [
          52.525493,
          29.801778
        ]
      }
    },
    {
      "type": "Feature",
      "geometry": {
        "type": "Polygon",
        "coordinates": [
          [
            [
              52.52578285836476,
              29.80154961878376
            ],
            [
              52.52586169595814,
              29.80160786856675
            ],
            [
              52.52569472597487,
              29.80177976554289
            ],
            [
              52.52561588833417,
              29.80172151566308
            ],
            [
              52.52578285836476,
              29.80154961878376
            ]
          ]
        ]
      },
      "properties": {
        "name": "580",
        "area_m2": 288.46,
        "centroid": [
          52.525739,
          29.801665
        ]
      }
    },
    {
      "type": "Feature",
      "geometry": {
        "type": "Polygon",
        "coordinates": [
          [
            [
              52.52552775542424,
              29.80195166232387
            ],
            [
              52.5254489177362,
              29.80189341234723
            ],
            [
              52.52561588833417,
              29.80172151566308
            ],
            [
              52.52569472597487,
              29.80177976554289
            ],
            [
              52.52552775542424,
              29.80195166232387
            ]
          ]
        ]
      },
      "properties": {
        "name": "546",
        "area_m2": 288.46,
        "centroid": [
          52.525572,
          29.801837
        ]
      }
    },
    {
      "type": "Feature",
      "geometry": {
        "type": "Polygon",
        "coordinates": [
          [
            [
              52.52586169595814,
              29.80160786856675
            ],
            [
              52.52594053362859,
              29.80166611739679
            ],
            [
              52.52577356369267,
              29.80183801446976
            ],
            [
              52.52569472597487,
              29.80177976554289
            ],
            [
              52.52586169595814,
              29.80160786856675
            ]
          ]
        ]
      },
      "properties": {
        "name": "581",
        "area_m2": 288.46,
        "centroid": [
          52.525818,
          29.801723
        ]
      }
    },
    {
      "type": "Feature",
      "geometry": {
        "type": "Polygon",
        "coordinates": [
          [
            [
              52.52552775542424,
              29.80195166232387
            ],
            [
              52.52569472597487,
              29.80177976554289
            ],
            [
              52.52577356369267,
              29.80183801446976
            ],
            [
              52.52560659422378,
              29.80200991133565
            ],
            [
              52.52552775542424,
              29.80195166232387
            ]
          ]
        ]
      },
      "properties": {
        "name": "545",
        "area_m2": 288.46,
        "centroid": [
          52.525651,
          29.801895
        ]
      }
    },
    {
      "type": "Feature",
      "geometry": {
        "type": "Polygon",
        "coordinates": [
          [
            [
              52.52577356369267,
              29.80183801446976
            ],
            [
              52.52594053362859,
              29.80166611739679
            ],
            [
              52.52601937140352,
              29.80172436707823
            ],
            [
              52.52585240254935,
              29.80189626423609
            ],
            [
              52.52577356369267,
              29.80183801446976
            ]
          ]
        ]
      },
      "properties": {
        "name": "582",
        "area_m2": 288.46,
        "centroid": [
          52.525896,
          29.801781
        ]
      }
    },
    {
      "type": "Feature",
      "geometry": {
        "type": "Polygon",
        "coordinates": [
          [
            [
              52.52577356369267,
              29.80183801446976
            ],
            [
              52.52585240254935,
              29.80189626423609
            ],
            [
              52.52568543209339,
              29.80206816121074
            ],
            [
              52.52560659422378,
              29.80200991133565
            ],
            [
              52.52577356369267,
              29.80183801446976
            ]
          ]
        ]
      },
      "properties": {
        "name": "544",
        "area_m2": 288.46,
        "centroid": [
          52.525729,
          29.801953
        ]
      }
    },
    {
      "type": "Feature",
      "geometry": {
        "type": "Polygon",
        "coordinates": [
          [
            [
              52.52593124044871,
              29.8019545130614
            ],
            [
              52.52577371524107,
              29.80211668680684
            ],
            [
              52.52575312032908,
              29.80211817250586
            ],
            [
              52.52573273464638,
              29.80210311075295
            ],
            [
              52.52568543209339,
              29.80206816121074
            ],
            [
              52.52585240254935,
              29.80189626423609
            ],
            [
              52.52593124044871,
              29.8019545130614
            ]
          ]
        ]
      },
      "properties": {
        "name": "543",
        "area_m2": 287.31,
        "centroid": [
          52.525809,
          29.802011
        ]
      }
    },
    {
      "type": "Feature",
      "geometry": {
        "type": "Polygon",
        "coordinates": [
          [
            [
              52.52618734433546,
              29.80188603055099
            ],
            [
              52.52623365380484,
              29.80188268858675
            ],
            [
              52.52628742173673,
              29.80192241415751
            ],
            [
              52.52612045200909,
              29.80209431165654
            ],
            [
              52.52604161387816,
              29.80203606205091
            ],
            [
              52.52618734433546,
              29.80188603055099
            ]
          ]
        ]
      },
      "properties": {
        "name": "583.1",
        "area_m2": 282.63,
        "centroid": [
          52.526164,
          29.801981
        ]
      }
    },
    {
      "type": "Feature",
      "geometry": {
        "type": "Polygon",
        "coordinates": [
          [
            [
              52.52612045200909,
              29.80209431165654
            ],
            [
              52.52628742173673,
              29.80192241415751
            ],
            [
              52.52636625989739,
              29.80198066271337
            ],
            [
              52.52619929021709,
              29.80215256030923
            ],
            [
              52.52612045200909,
              29.80209431165654
            ]
          ]
        ]
      },
      "properties": {
        "name": "583.2",
        "area_m2": 288.46,
        "centroid": [
          52.526243,
          29.802037
        ]
      }
    },
    {
      "type": "Feature",
      "geometry": {
        "type": "Polygon",
        "coordinates": [
          [
            [
              52.52619929021709,
              29.80215256030923
            ],
            [
              52.52636625989739,
              29.80198066271337
            ],
            [
              52.52644509816254,
              29.80203891212061
            ],
            [
              52.52627812852958,
              29.80221080981332
            ],
            [
              52.52619929021709,
              29.80215256030923
            ]
          ]
        ]
      },
      "properties": {
        "name": "583.3",
        "area_m2": 288.46,
        "centroid": [
          52.526322,
          29.802096
        ]
      }
    },
    {
      "type": "Feature",
      "geometry": {
        "type": "Polygon",
        "coordinates": [
          [
            [
              52.52627812852958,
              29.80221080981332
            ],
            [
              52.52644509816254,
              29.80203891212061
            ],
            [
              52.52652393651847,
              29.80209716147709
            ],
            [
              52.52635696796727,
              29.80226905925468
            ],
            [
              52.52627812852958,
              29.80221080981332
            ]
          ]
        ]
      },
      "properties": {
        "name": "583.4",
        "area_m2": 288.46,
        "centroid": [
          52.526401,
          29.802154
        ]
      }
    },
    {
      "type": "Feature",
      "geometry": {
        "type": "Polygon",
        "coordinates": [
          [
            [
              52.52635696796727,
              29.80226905925468
            ],
            [
              52.52652393651847,
              29.80209716147709
            ],
            [
              52.52660277598589,
              29.80215540986867
            ],
            [
              52.52643580644762,
              29.80232730775503
            ],
            [
              52.52635696796727,
              29.80226905925468
            ]
          ]
        ]
      },
      "properties": {
        "name": "583.5",
        "area_m2": 288.46,
        "centroid": [
          52.52648,
          29.802212
        ]
      }
    },
    {
      "type": "Feature",
      "geometry": {
        "type": "Polygon",
        "coordinates": [
          [
            [
              52.52643580644762,
              29.80232730775503
            ],
            [
              52.52660277598589,
              29.80215540986867
            ],
            [
              52.52668161452339,
              29.8022136591236
            ],
            [
              52.52651464503247,
              29.8023855571068
            ],
            [
              52.52643580644762,
              29.80232730775503
            ]
          ]
        ]
      },
      "properties": {
        "name": "583.6",
        "area_m2": 288.46,
        "centroid": [
          52.526559,
          29.80227
        ]
      }
    },
    {
      "type": "Feature",
      "geometry": {
        "type": "Polygon",
        "coordinates": [
          [
            [
              52.52651464503247,
              29.8023855571068
            ],
            [
              52.52668161452339,
              29.8022136591236
            ],
            [
              52.52676045313796,
              29.80227190742557
            ],
            [
              52.52659348369438,
              29.80244380550561
            ],
            [
              52.52651464503247,
              29.8023855571068
            ]
          ]
        ]
      },
      "properties": {
        "name": "583.7",
        "area_m2": 288.46,
        "centroid": [
          52.526638,
          29.802329
        ]
      }
    },
    {
      "type": "Feature",
      "geometry": {
        "type": "Polygon",
        "coordinates": [
          [
            [
              52.52659348369438,
              29.80244380550561
            ],
            [
              52.52676045313796,
              29.80227190742557
            ],
            [
              52.52683929185702,
              29.80233015657894
            ],
            [
              52.52667232246078,
              29.80250205475582
            ],
            [
              52.52659348369438,
              29.80244380550561
            ]
          ]
        ]
      },
      "properties": {
        "name": "583.8",
        "area_m2": 288.46,
        "centroid": [
          52.526716,
          29.802387
        ]
      }
    },
    {
      "type": "Feature",
      "geometry": {
        "type": "Polygon",
        "coordinates": [
          [
            [
              52.52667232246078,
              29.80250205475582
            ],
            [
              52.52683929185702,
              29.80233015657894
            ],
            [
              52.52691813065314,
              29.80238840477937
            ],
            [
              52.52675116233869,
              29.80256030304112
            ],
            [
              52.52667232246078,
              29.80250205475582
            ]
          ]
        ]
      },
      "properties": {
        "name": "583.9",
        "area_m2": 288.46,
        "centroid": [
          52.526795,
          29.802445
        ]
      }
    },
    {
      "type": "Feature",
      "geometry": {
        "type": "Polygon",
        "coordinates": [
          [
            [
              52.52675116233869,
              29.80256030304112
            ],
            [
              52.52691813065314,
              29.80238840477937
            ],
            [
              52.52699697058819,
              29.80244665381922
            ],
            [
              52.52683000128666,
              29.80261855218976
            ],
            [
              52.52675116233869,
              29.80256030304112
            ]
          ]
        ]
      },
      "properties": {
        "name": "583.1",
        "area_m2": 288.47,
        "centroid": [
          52.526874,
          29.802503
        ]
      }
    },
    {
      "type": "Feature",
      "geometry": {
        "type": "Polygon",
        "coordinates": [
          [
            [
              52.52683000128666,
              29.80261855218976
            ],
            [
              52.52699697058819,
              29.80244665381922
            ],
            [
              52.52707580956589,
              29.80250490191809
            ],
            [
              52.5269088403117,
              29.80267680038548
            ],
            [
              52.52683000128666,
              29.80261855218976
            ]
          ]
        ]
      },
      "properties": {
        "name": "583.11",
        "area_m2": 288.46,
        "centroid": [
          52.526953,
          29.802562
        ]
      }
    },
    {
      "type": "Feature",
      "geometry": {
        "type": "Polygon",
        "coordinates": [
          [
            [
              52.52578617472621,
              29.80234337303796
            ],
            [
              52.5258399417102,
              29.80238309879765
            ],
            [
              52.52563957697726,
              29.80258937549679
            ],
            [
              52.52559418692484,
              29.8025558394485
            ],
            [
              52.52558907444989,
              29.80250195386714
            ],
            [
              52.52573986502308,
              29.80234671485314
            ],
            [
              52.52578617472621,
              29.80234337303796
            ]
          ]
        ]
      },
      "properties": {
        "name": "542.1",
        "area_m2": 329.94,
        "centroid": [
          52.525703,
          29.802457
        ]
      }
    },
    {
      "type": "Feature",
      "geometry": {
        "type": "Polygon",
        "coordinates": [
          [
            [
              52.5257184153216,
              29.80264762442835
            ],
            [
              52.52563957697726,
              29.80258937549679
            ],
            [
              52.5258399417102,
              29.80238309879765
            ],
            [
              52.52591878104585,
              29.80244134850324
            ],
            [
              52.5257184153216,
              29.80264762442835
            ]
          ]
        ]
      },
      "properties": {
        "name": "542.2",
        "area_m2": 346.16,
        "centroid": [
          52.525779,
          29.802515
        ]
      }
    },
    {
      "type": "Feature",
      "geometry": {
        "type": "Polygon",
        "coordinates": [
          [
            [
              52.52591878104585,
              29.80244134850324
            ],
            [
              52.52599761942419,
              29.80249959726783
            ],
            [
              52.52579725377042,
              29.80270587421132
            ],
            [
              52.5257184153216,
              29.80264762442835
            ],
            [
              52.52591878104585,
              29.80244134850324
            ]
          ]
        ]
      },
      "properties": {
        "name": "542.3",
        "area_m2": 346.16,
        "centroid": [
          52.525858,
          29.802574
        ]
      }
    },
    {
      "type": "Feature",
      "geometry": {
        "type": "Polygon",
        "coordinates": [
          [
            [
              52.52599761942419,
              29.80249959726783
            ],
            [
              52.52607645790698,
              29.80255784688383
            ],
            [
              52.52587609229634,
              29.80276412304135
            ],
            [
              52.52579725377042,
              29.80270587421132
            ],
            [
              52.52599761942419,
              29.80249959726783
            ]
          ]
        ]
      },
      "properties": {
        "name": "542.4",
        "area_m2": 346.16,
        "centroid": [
          52.525937,
          29.802632
        ]
      }
    },
    {
      "type": "Feature",
      "geometry": {
        "type": "Polygon",
        "coordinates": [
          [
            [
              52.52595493196115,
              29.80282237271082
            ],
            [
              52.52587609229634,
              29.80276412304135
            ],
            [
              52.52607645790698,
              29.80255784688383
            ],
            [
              52.52615529646687,
              29.80261609554687
            ],
            [
              52.52595493196115,
              29.80282237271082
            ]
          ]
        ]
      },
      "properties": {
        "name": "542.5",
        "area_m2": 346.16,
        "centroid": [
          52.526016,
          29.80269
        ]
      }
    },
    {
      "type": "Feature",
      "geometry": {
        "type": "Polygon",
        "coordinates": [
          [
            [
              52.52603377066863,
              29.8028806214393
            ],
            [
              52.52595493196115,
              29.80282237271082
            ],
            [
              52.52615529646687,
              29.80261609554687
            ],
            [
              52.52623413513125,
              29.80267434506132
            ],
            [
              52.52603377066863,
              29.8028806214393
            ]
          ]
        ]
      },
      "properties": {
        "name": "542.6",
        "area_m2": 346.16,
        "centroid": [
          52.526095,
          29.802748
        ]
      }
    },
    {
      "type": "Feature",
      "geometry": {
        "type": "Polygon",
        "coordinates": [
          [
            [
              52.52611260948059,
              29.80293887101916
            ],
            [
              52.52603377066863,
              29.8028806214393
            ],
            [
              52.52623413513125,
              29.80267434506132
            ],
            [
              52.5263129738727,
              29.80273259362281
            ],
            [
              52.52611260948059,
              29.80293887101916
            ]
          ]
        ]
      },
      "properties": {
        "name": "542.7",
        "area_m2": 346.16,
        "centroid": [
          52.526173,
          29.802807
        ]
      }
    },
    {
      "type": "Feature",
      "geometry": {
        "type": "Polygon",
        "coordinates": [
          [
            [
              52.52619144836964,
              29.80299711964607
            ],
            [
              52.52611260948059,
              29.80293887101916
            ],
            [
              52.5263129738727,
              29.80273259362281
            ],
            [
              52.52639181375306,
              29.80279084302375
            ],
            [
              52.52619144836964,
              29.80299711964607
            ]
          ]
        ]
      },
      "properties": {
        "name": "542.8",
        "area_m2": 346.16,
        "centroid": [
          52.526252,
          29.802865
        ]
      }
    },
    {
      "type": "Feature",
      "geometry": {
        "type": "Polygon",
        "coordinates": [
          [
            [
              52.52627028736317,
              29.8030553691244
            ],
            [
              52.52619144836964,
              29.80299711964607
            ],
            [
              52.52639181375306,
              29.80279084302375
            ],
            [
              52.52647065267609,
              29.80284909148369
            ],
            [
              52.52627028736317,
              29.8030553691244
            ]
          ]
        ]
      },
      "properties": {
        "name": "542.9",
        "area_m2": 346.16,
        "centroid": [
          52.526331,
          29.802923
        ]
      }
    },
    {
      "type": "Feature",
      "geometry": {
        "type": "Polygon",
        "coordinates": [
          [
            [
              52.52634912748192,
              29.80311361853997
            ],
            [
              52.52627028736317,
              29.8030553691244
            ],
            [
              52.52647065267609,
              29.80284909148369
            ],
            [
              52.52654949170359,
              29.80290734079502
            ],
            [
              52.52634912748192,
              29.80311361853997
            ]
          ]
        ]
      },
      "properties": {
        "name": "542.10",
        "area_m2": 346.16,
        "centroid": [
          52.52641,
          29.802981
        ]
      }
    },
    {
      "type": "Feature",
      "geometry": {
        "type": "Polygon",
        "coordinates": [
          [
            [
              52.52634912748192,
              29.80311361853997
            ],
            [
              52.52654949170359,
              29.80290734079502
            ],
            [
              52.52662833080818,
              29.80296558915341
            ],
            [
              52.52642796664333,
              29.80317186701457
            ],
            [
              52.52634912748192,
              29.80311361853997
            ]
          ]
        ]
      },
      "properties": {
        "name": "542.11",
        "area_m2": 346.16,
        "centroid": [
          52.526489,
          29.80304
        ]
      }
    },
    {
      "type": "Feature",
      "geometry": {
        "type": "Polygon",
        "coordinates": [
          [
            [
              52.52363975723635,
              29.80082189483839
            ],
            [
              52.52373122957562,
              29.80056358803251
            ],
            [
              52.52379866919698,
              29.80058381567767
            ],
            [
              52.5238645062225,
              29.80060772520953
            ],
            [
              52.52373635195274,
              29.8008538838487
            ],
            [
              52.52368921681068,
              29.80083521860335
            ],
            [
              52.52363975723635,
              29.80082189483839
            ]
          ]
        ]
      },
      "properties": {
        "name": "519",
        "area_m2": 410.96,
        "centroid": [
          52.523746,
          29.800704
        ]
      }
    },
    {
      "type": "Feature",
      "geometry": {
        "type": "Polygon",
        "coordinates": [
          [
            [
              52.52378348609096,
              29.80087254999066
            ],
            [
              52.52373635195274,
              29.8008538838487
            ],
            [
              52.5238645062225,
              29.80060772520953
            ],
            [
              52.52392847539521,
              29.80063522133564
            ],
            [
              52.52399032156881,
              29.80066619330781
            ],
            [
              52.52382753914348,
              29.80089625955016
            ],
            [
              52.52378348609096,
              29.80087254999066
            ]
          ]
        ]
      },
      "properties": {
        "name": "520",
        "area_m2": 410.96,
        "centroid": [
          52.523859,
          29.800749
        ]
      }
    },
    {
      "type": "Feature",
      "geometry": {
        "type": "Polygon",
        "coordinates": [
          [
            [
              52.5241066605547,
              29.80073805461002
            ],
            [
              52.52391185805025,
              29.80094834310482
            ],
            [
              52.52387159223004,
              29.80091996999629
            ],
            [
              52.52382753914348,
              29.80089625955016
            ],
            [
              52.52399032156881,
              29.80066619330781
            ],
            [
              52.52404979663164,
              29.80070051676235
            ],
            [
              52.5241066605547,
              29.80073805461002
            ]
          ]
        ]
      },
      "properties": {
        "name": "521",
        "area_m2": 410.96,
        "centroid": [
          52.523965,
          29.800805
        ]
      }
    },
    {
      "type": "Feature",
      "geometry": {
        "type": "Polygon",
        "coordinates": [
          [
            [
              52.5239521249274,
              29.80097671618821
            ],
            [
              52.52391185805025,
              29.80094834310482
            ],
            [
              52.5241066605547,
              29.80073805461002
            ],
            [
              52.52416068758434,
              29.80077865606246
            ],
            [
              52.52421165902867,
              29.80082215851977
            ],
            [
              52.52398795830359,
              29.80100929920479
            ],
            [
              52.5239521249274,
              29.80097671618821
            ]
          ]
        ]
      },
      "properties": {
        "name": "522",
        "area_m2": 410.96,
        "centroid": [
          52.524061,
          29.800873
        ]
      }
    },
    {
      "type": "Feature",
      "geometry": {
        "type": "Polygon",
        "coordinates": [
          [
            [
              52.52425937151917,
              29.80086838657296
            ],
            [
              52.52430363397578,
              29.80091715655047
            ],
            [
              52.52405461877369,
              29.80107815119317
            ],
            [
              52.52402379168938,
              29.8010418813085
            ],
            [
              52.52398795830359,
              29.80100929920479
            ],
            [
              52.52421165902867,
              29.80082215851977
            ],
            [
              52.52425937151917,
              29.80086838657296
            ]
          ]
        ]
      },
      "properties": {
        "name": "523",
        "area_m2": 410.96,
        "centroid": [
          52.524147,
          29.800951
        ]
      }
    },
    {
      "type": "Feature",
      "geometry": {
        "type": "Polygon",
        "coordinates": [
          [
            [
              52.52430363397578,
              29.80091715655047
            ],
            [
              52.52434426857299,
              29.80096827199527
            ],
            [
              52.52438111286332,
              29.80102152724974
            ],
            [
              52.52411077366262,
              29.80115379610155
            ],
            [
              52.52408544691492,
              29.80111442105772
            ],
            [
              52.52405461877369,
              29.80107815119317
            ],
            [
              52.52430363397578,
              29.80091715655047
            ]
          ]
        ]
      },
      "properties": {
        "name": "524",
        "area_m2": 410.96,
        "centroid": [
          52.524221,
          29.801038
        ]
      }
    },
    {
      "type": "Feature",
      "geometry": {
        "type": "Polygon",
        "coordinates": [
          [
            [
              52.52415082956295,
              29.80122283304989
            ],
            [
              52.52412246173464,
              29.80117196858592
            ],
            [
              52.52411077366262,
              29.80115379610155
            ],
            [
              52.52438111286332,
              29.80102152724974
            ],
            [
              52.5244116584646,
              29.80107245225689
            ],
            [
              52.52442957639833,
              29.80110457950003
            ],
            [
              52.52442282747403,
              29.80112161475466
            ],
            [
              52.52417036079262,
              29.80122871833721
            ],
            [
              52.52415082956295,
              29.80122283304989
            ]
          ]
        ]
      },
      "properties": {
        "name": "525",
        "area_m2": 374.0,
        "centroid": [
          52.524275,
          29.801129
        ]
      }
    },
    {
      "type": "Feature",
      "geometry": {
        "type": "Polygon",
        "coordinates": [
          [
            [
              52.52449924144512,
              29.80122949236569
            ],
            [
              52.52422049434521,
              29.80134774516756
            ],
            [
              52.52418169029257,
              29.80127816865218
            ],
            [
              52.5241884392676,
              29.80126113340842
            ],
            [
              52.52444090600798,
              29.80115402978965
            ],
            [
              52.52446043725276,
              29.80115991593618
            ],
            [
              52.52449924144512,
              29.80122949236569
            ]
          ]
        ]
      },
      "properties": {
        "name": "526",
        "area_m2": 343.85,
        "centroid": [
          52.524337,
          29.801248
        ]
      }
    },
    {
      "type": "Feature",
      "geometry": {
        "type": "Polygon",
        "coordinates": [
          [
            [
              52.52449924144512,
              29.80122949236569
            ],
            [
              52.52454443739149,
              29.80131052947106
            ],
            [
              52.52426569012883,
              29.80142878237296
            ],
            [
              52.52422049434521,
              29.80134774516756
            ],
            [
              52.52449924144512,
              29.80122949236569
            ]
          ]
        ]
      },
      "properties": {
        "name": "527",
        "area_m2": 346.15,
        "centroid": [
          52.524382,
          29.801329
        ]
      }
    },
    {
      "type": "Feature",
      "geometry": {
        "type": "Polygon",
        "coordinates": [
          [
            [
              52.52461860947567,
              29.80142923911609
            ],
            [
              52.52464881416517,
              29.80146585620932
            ],
            [
              52.52439719144002,
              29.80162373878873
            ],
            [
              52.52435975208663,
              29.80157601444925
            ],
            [
              52.52432493464351,
              29.80152680350174
            ],
            [
              52.52459249559374,
              29.80139030366777
            ],
            [
              52.52461860947567,
              29.80142923911609
            ]
          ]
        ]
      },
      "properties": {
        "name": "529",
        "area_m2": 394.46,
        "centroid": [
          52.524485,
          29.801505
        ]
      }
    },
    {
      "type": "Feature",
      "geometry": {
        "type": "Polygon",
        "coordinates": [
          [
            [
              52.5245713186887,
              29.80135872837323
            ],
            [
              52.52459249559374,
              29.80139030366777
            ],
            [
              52.52432493464351,
              29.80152680350174
            ],
            [
              52.52427422477535,
              29.80144408572599
            ],
            [
              52.52426569012883,
              29.80142878237296
            ],
            [
              52.52454443739149,
              29.80131052947106
            ],
            [
              52.5245713186887,
              29.80135872837323
            ]
          ]
        ]
      },
      "properties": {
        "name": "528",
        "area_m2": 384.97,
        "centroid": [
          52.524427,
          29.801417
        ]
      }
    },
    {
      "type": "Feature",
      "geometry": {
        "type": "Polygon",
        "coordinates": [
          [
            [
              52.52443717141402,
              29.8016698691766
            ],
            [
              52.52439719144002,
              29.80162373878873
            ],
            [
              52.52464881416517,
              29.80146585620932
            ],
            [
              52.52467901886331,
              29.80150247239251
            ],
            [
              52.5247130455887,
              29.80153644306682
            ],
            [
              52.52447960149072,
              29.80171430378962
            ],
            [
              52.52443717141402,
              29.8016698691766
            ]
          ]
        ]
      },
      "properties": {
        "name": "530",
        "area_m2": 394.46,
        "centroid": [
          52.524554,
          29.801589
        ]
      }
    },
    {
      "type": "Feature",
      "geometry": {
        "type": "Polygon",
        "coordinates": [
          [
            [
              52.52478461754382,
              29.80160143739981
            ],
            [
              52.52457142939477,
              29.80179769216962
            ],
            [
              52.52452438704137,
              29.8017569426567
            ],
            [
              52.52447960149072,
              29.80171430378962
            ],
            [
              52.5247130455887,
              29.80153644306682
            ],
            [
              52.52474707131648,
              29.80157041464549
            ],
            [
              52.52478461754382,
              29.80160143739981
            ]
          ]
        ]
      },
      "properties": {
        "name": "531",
        "area_m2": 394.46,
        "centroid": [
          52.524632,
          29.801667
        ]
      }
    },
    {
      "type": "Feature",
      "geometry": {
        "type": "Polygon",
        "coordinates": [
          [
            [
              52.52482991933995,
              29.80163684077477
            ],
            [
              52.52486235213171,
              29.80166080406247
            ],
            [
              52.52466198668077,
              29.80186707841854
            ],
            [
              52.52457142939477,
              29.80179769216962
            ],
            [
              52.52478461754382,
              29.80160143739981
            ],
            [
              52.52482991933995,
              29.80163684077477
            ]
          ]
        ]
      },
      "properties": {
        "name": "532",
        "area_m2": 374.44,
        "centroid": [
          52.524717,
          29.801734
        ]
      }
    },
    {
      "type": "Feature",
      "geometry": {
        "type": "Polygon",
        "coordinates": [
          [
            [
              52.52474082391311,
              29.80192532888187
            ],
            [
              52.52494118929356,
              29.80171905350743
            ],
            [
              52.52502002759429,
              29.80177730379183
            ],
            [
              52.52481966122253,
              29.80198357839224
            ],
            [
              52.52474082391311,
              29.80192532888187
            ]
          ]
        ]
      },
      "properties": {
        "name": "534",
        "area_m2": 346.16,
        "centroid": [
          52.52488,
          29.801851
        ]
      }
    },
    {
      "type": "Feature",
      "geometry": {
        "type": "Polygon",
        "coordinates": [
          [
            [
              52.52502002759429,
              29.80177730379183
            ],
            [
              52.52509886493772,
              29.80183555313524
            ],
            [
              52.52489849863643,
              29.80204182875402
            ],
            [
              52.52481966122253,
              29.80198357839224
            ],
            [
              52.52502002759429,
              29.80177730379183
            ]
          ]
        ]
      },
      "properties": {
        "name": "535",
        "area_m2": 346.16,
        "centroid": [
          52.524959,
          29.80191
        ]
      }
    },
    {
      "type": "Feature",
      "geometry": {
        "type": "Polygon",
        "coordinates": [
          [
            [
              52.52509886493772,
              29.80183555313524
            ],
            [
              52.5251777023856,
              29.80189380333006
            ],
            [
              52.52497733612742,
              29.80210007816287
            ],
            [
              52.52489849863643,
              29.80204182875402
            ],
            [
              52.52509886493772,
              29.80183555313524
            ]
          ]
        ]
      },
      "properties": {
        "name": "536",
        "area_m2": 346.16,
        "centroid": [
          52.525038,
          29.801968
        ]
      }
    },
    {
      "type": "Feature",
      "geometry": {
        "type": "Polygon",
        "coordinates": [
          [
            [
              52.5251777023856,
              29.80189380333006
            ],
            [
              52.52525653991057,
              29.80195205257192
            ],
            [
              52.5250561747573,
              29.80215832841117
            ],
            [
              52.52497733612742,
              29.80210007816287
            ],
            [
              52.5251777023856,
              29.80189380333006
            ]
          ]
        ]
      },
      "properties": {
        "name": "537",
        "area_m2": 346.16,
        "centroid": [
          52.525117,
          29.802026
        ]
      }
    },
    {
      "type": "Feature",
      "geometry": {
        "type": "Polygon",
        "coordinates": [
          [
            [
              52.52533537754002,
              29.8020103026652
            ],
            [
              52.52513501242984,
              29.80221657771847
            ],
            [
              52.5250561747573,
              29.80215832841117
            ],
            [
              52.52525653991057,
              29.80195205257192
            ],
            [
              52.52533537754002,
              29.8020103026652
            ]
          ]
        ]
      },
      "properties": {
        "name": "538",
        "area_m2": 346.16,
        "centroid": [
          52.525196,
          29.802084
        ]
      }
    },
    {
      "type": "Feature",
      "geometry": {
        "type": "Polygon",
        "coordinates": [
          [
            [
              52.52513501242984,
              29.80221657771847
            ],
            [
              52.52533537754002,
              29.8020103026652
            ],
            [
              52.52541421524656,
              29.80206855180551
            ],
            [
              52.52521385020688,
              29.80227482787716
            ],
            [
              52.52513501242984,
              29.80221657771847
            ]
          ]
        ]
      },
      "properties": {
        "name": "539",
        "area_m2": 346.16,
        "centroid": [
          52.525275,
          29.802143
        ]
      }
    },
    {
      "type": "Feature",
      "geometry": {
        "type": "Polygon",
        "coordinates": [
          [
            [
              52.52521385020688,
              29.80227482787716
            ],
            [
              52.52541421524656,
              29.80206855180551
            ],
            [
              52.52549305409198,
              29.80212680178529
            ],
            [
              52.52529268806099,
              29.80233307708291
            ],
            [
              52.52521385020688,
              29.80227482787716
            ]
          ]
        ]
      },
      "properties": {
        "name": "540",
        "area_m2": 346.16,
        "centroid": [
          52.525353,
          29.802201
        ]
      }
    },
    {
      "type": "Feature",
      "geometry": {
        "type": "Polygon",
        "coordinates": [
          [
            [
              52.52549305409198,
              29.80212680178529
            ],
            [
              52.52557189198009,
              29.80218505082408
            ],
            [
              52.52537152601958,
              29.80239132714006
            ],
            [
              52.52529268806099,
              29.80233307708291
            ],
            [
              52.52549305409198,
              29.80212680178529
            ]
          ]
        ]
      },
      "properties": {
        "name": "541",
        "area_m2": 346.16,
        "centroid": [
          52.525432,
          29.802259
        ]
      }
    },
    {
      "type": "Feature",
      "geometry": {
        "type": "Polygon",
        "coordinates": [
          [
            [
              52.52562947823181,
              29.80226517930642
            ],
            [
              52.52547870084082,
              29.80242040451022
            ],
            [
              52.52541691592437,
              29.8024248632709
            ],
            [
              52.52537152601958,
              29.80239132714006
            ],
            [
              52.52557189198009,
              29.80218505082408
            ],
            [
              52.52561919455238,
              29.80222000040579
            ],
            [
              52.52562564414964,
              29.80222476601907
            ],
            [
              52.52562947823181,
              29.80226517930642
            ]
          ]
        ]
      },
      "properties": {
        "name": "542",
        "area_m2": 329.93,
        "centroid": [
          52.525511,
          29.802315
        ]
      }
    },
    {
      "type": "Feature",
      "geometry": {
        "type": "Polygon",
        "coordinates": [
          [
            [
              52.52429776153598,
              29.79986177039091
            ],
            [
              52.52447500497711,
              29.7996399825565
            ],
            [
              52.52455976787491,
              29.79969151289042
            ],
            [
              52.52438252556123,
              29.7999132999194
            ],
            [
              52.52429776153598,
              29.79986177039091
            ]
          ]
        ]
      },
      "properties": {
        "name": "638",
        "area_m2": 346.15,
        "centroid": [
          52.524429,
          29.799777
        ]
      }
    },
    {
      "type": "Feature",
      "geometry": {
        "type": "Polygon",
        "coordinates": [
          [
            [
              52.52438252556123,
              29.7999132999194
            ],
            [
              52.52455976787491,
              29.79969151289042
            ],
            [
              52.52464453189272,
              29.79974304315459
            ],
            [
              52.52446728968578,
              29.7999648302922
            ],
            [
              52.52438252556123,
              29.7999132999194
            ]
          ]
        ]
      },
      "properties": {
        "name": "639",
        "area_m2": 346.15,
        "centroid": [
          52.524514,
          29.799828
        ]
      }
    },
    {
      "type": "Feature",
      "geometry": {
        "type": "Polygon",
        "coordinates": [
          [
            [
              52.52432297208858,
              29.8018042145202
            ],
            [
              52.5243819464386,
              29.80186502592534
            ],
            [
              52.52444851055556,
              29.80191955438239
            ],
            [
              52.52415879488004,
              29.80221781039079
            ],
            [
              52.52403265569853,
              29.80212460942575
            ],
            [
              52.52410301945996,
              29.80194308469616
            ],
            [
              52.52430240382635,
              29.80180247477344
            ],
            [
              52.52432297208858,
              29.8018042145202
            ]
          ]
        ]
      },
      "properties": {
        "name": "507",
        "area_m2": 1058.86,
        "centroid": [
          52.524226,
          29.802002
        ]
      }
    },
    {
      "type": "Feature",
      "geometry": {
        "type": "Polygon",
        "coordinates": [
          [
            [
              52.52457330109713,
              29.80201414384787
            ],
            [
              52.5242849353147,
              29.80231101031177
            ],
            [
              52.52415879488004,
              29.80221781039079
            ],
            [
              52.52444851055556,
              29.80191955438239
            ],
            [
              52.52450931956204,
              29.80196687013719
            ],
            [
              52.52457330109713,
              29.80201414384787
            ]
          ]
        ]
      },
      "properties": {
        "name": "508",
        "area_m2": 798.01,
        "centroid": [
          52.524366,
          29.802116
        ]
      }
    },
    {
      "type": "Feature",
      "geometry": {
        "type": "Polygon",
        "coordinates": [
          [
            [
              52.52400221849283,
              29.80255810733446
            ],
            [
              52.52403265569853,
              29.80212460942575
            ],
            [
              52.52415879488004,
              29.80221781039079
            ],
            [
              52.5242849353147,
              29.80231101031177
            ],
            [
              52.52441004641447,
              29.80240345049125
            ],
            [
              52.52426053210713,
              29.80255737216201
            ],
            [
              52.52400221849283,
              29.80255810733446
            ]
          ]
        ]
      },
      "properties": {
        "name": "496",
        "area_m2": 1311.92,
        "centroid": [
          52.524163,
          29.802389
        ]
      }
    },
    {
      "type": "Feature",
      "geometry": {
        "type": "Polygon",
        "coordinates": [
          [
            [
              52.5248255813814,
              29.80220054367885
            ],
            [
              52.5245372158742,
              29.80249741158008
            ],
            [
              52.52441107496103,
              29.80240421101688
            ],
            [
              52.52469944163342,
              29.80210734337129
            ],
            [
              52.5248255813814,
              29.80220054367885
            ]
          ]
        ]
      },
      "properties": {
        "name": "510",
        "area_m2": 797.1,
        "centroid": [
          52.524618,
          29.802302
        ]
      }
    },
    {
      "type": "Feature",
      "geometry": {
        "type": "Polygon",
        "coordinates": [
          [
            [
              52.52466335597165,
              29.80259061112307
            ],
            [
              52.52461777645824,
              29.80263753455535
            ],
            [
              52.52447740498048,
              29.80278204440121
            ],
            [
              52.52426137432158,
              29.80278265955118
            ],
            [
              52.52426053210713,
              29.80255737216201
            ],
            [
              52.52441004641447,
              29.80240345049125
            ],
            [
              52.52441107496103,
              29.80240421101688
            ],
            [
              52.5245372158742,
              29.80249741158008
            ],
            [
              52.52466335597165,
              29.80259061112307
            ]
          ]
        ]
      },
      "properties": {
        "name": "495",
        "area_m2": 1232.63,
        "centroid": [
          52.524427,
          29.802617
        ]
      }
    },
    {
      "type": "Feature",
      "geometry": {
        "type": "Polygon",
        "coordinates": [
          [
            [
              52.5245372158742,
              29.80249741158008
            ],
            [
              52.5248255813814,
              29.80220054367885
            ],
            [
              52.5249517223825,
              29.80229374294232
            ],
            [
              52.52466335597165,
              29.80259061112307
            ],
            [
              52.5245372158742,
              29.80249741158008
            ]
          ]
        ]
      },
      "properties": {
        "name": "511",
        "area_m2": 797.09,
        "centroid": [
          52.524744,
          29.802396
        ]
      }
    },
    {
      "type": "Feature",
      "geometry": {
        "type": "Polygon",
        "coordinates": [
          [
            [
              52.52507786259528,
              29.80238694298993
            ],
            [
              52.52474391785688,
              29.80273073490088
            ],
            [
              52.52461777645824,
              29.80263753455535
            ],
            [
              52.52466335597165,
              29.80259061112307
            ],
            [
              52.5249517223825,
              29.80229374294232
            ],
            [
              52.52507786259528,
              29.80238694298993
            ]
          ]
        ]
      },
      "properties": {
        "name": "512",
        "area_m2": 923.09,
        "centroid": [
          52.524848,
          29.802512
        ]
      }
    },
    {
      "type": "Feature",
      "geometry": {
        "type": "Polygon",
        "coordinates": [
          [
            [
              52.52474391785688,
              29.80273073490088
            ],
            [
              52.52507786259528,
              29.80238694298993
            ],
            [
              52.52520400407488,
              29.8024801428956
            ],
            [
              52.52487005845353,
              29.80282393512839
            ],
            [
              52.52474391785688,
              29.80273073490088
            ]
          ]
        ]
      },
      "properties": {
        "name": "513",
        "area_m2": 923.09,
        "centroid": [
          52.524974,
          29.802605
        ]
      }
    },
    {
      "type": "Feature",
      "geometry": {
        "type": "Polygon",
        "coordinates": [
          [
            [
              52.52499620030331,
              29.8029171343118
            ],
            [
              52.52487005845353,
              29.80282393512839
            ],
            [
              52.52520400407488,
              29.8024801428956
            ],
            [
              52.52533014473877,
              29.80257334178109
            ],
            [
              52.52499620030331,
              29.8029171343118
            ]
          ]
        ]
      },
      "properties": {
        "name": "514",
        "area_m2": 923.09,
        "centroid": [
          52.5251,
          29.802699
        ]
      }
    },
    {
      "type": "Feature",
      "geometry": {
        "type": "Polygon",
        "coordinates": [
          [
            [
              52.52361166882601,
              29.80311789915554
            ],
            [
              52.52361025253615,
              29.80273867892582
            ],
            [
              52.52362481737492,
              29.80272589378146
            ],
            [
              52.52376519267634,
              29.80272549516754
            ],
            [
              52.5237668759702,
              29.80317606909782
            ],
            [
              52.52361188784519,
              29.8031765089828
            ],
            [
              52.52361166882601,
              29.80311789915554
            ]
          ]
        ]
      },
      "properties": {
        "name": "491",
        "area_m2": 864.24,
        "centroid": [
          52.523689,
          29.802951
        ]
      }
    },
    {
      "type": "Feature",
      "geometry": {
        "type": "Polygon",
        "coordinates": [
          [
            [
              52.52393051430789,
              29.80272502528373
            ],
            [
              52.52393219834286,
              29.80317559918577
            ],
            [
              52.5237668759702,
              29.80317606909782
            ],
            [
              52.52376519267634,
              29.80272549516754
            ],
            [
              52.52393051430789,
              29.80272502528373
            ]
          ]
        ]
      },
      "properties": {
        "name": "492",
        "area_m2": 923.1,
        "centroid": [
          52.523849,
          29.802951
        ]
      }
    },
    {
      "type": "Feature",
      "geometry": {
        "type": "Polygon",
        "coordinates": [
          [
            [
              52.52409751966993,
              29.80317512907884
            ],
            [
              52.5240960536504,
              29.80278312984039
            ],
            [
              52.52426137432158,
              29.80278265955118
            ],
            [
              52.52426284098586,
              29.80317465876505
            ],
            [
              52.52409751966993,
              29.80317512907884
            ]
          ]
        ]
      },
      "properties": {
        "name": "494",
        "area_m2": 803.09,
        "centroid": [
          52.524179,
          29.802979
        ]
      }
    },
    {
      "type": "Feature",
      "geometry": {
        "type": "Polygon",
        "coordinates": [
          [
            [
              52.52010180653723,
              29.80225999662008
            ],
            [
              52.52003958021535,
              29.80228816656881
            ],
            [
              52.5199716875707,
              29.80230341989417
            ],
            [
              52.51987003902692,
              29.80231580312122
            ],
            [
              52.51986846544383,
              29.80189006484574
            ],
            [
              52.51991920197506,
              29.80188992164774
            ],
            [
              52.51993627026062,
              29.8019000840435
            ],
            [
              52.51997065606137,
              29.80196494298559
            ],
            [
              52.52001301252009,
              29.80202611175998
            ],
            [
              52.52006282351255,
              29.80208284646243
            ],
            [
              52.52011948687822,
              29.80213446102454
            ],
            [
              52.52016631325264,
              29.80217266194628
            ],
            [
              52.52016769196422,
              29.80220868770498
            ],
            [
              52.52015518210657,
              29.80222035251213
            ],
            [
              52.52010180653723,
              29.80225999662008
            ]
          ]
        ]
      },
      "properties": {
        "name": "476",
        "area_m2": 964.52,
        "centroid": [
          52.519977,
          29.802135
        ]
      }
    },
    {
      "type": "Feature",
      "geometry": {
        "type": "Polygon",
        "coordinates": [
          [
            [
              52.51950487130138,
              29.80217357925674
            ],
            [
              52.51949193060895,
              29.80212232161404
            ],
            [
              52.51947564904055,
              29.80205024600981
            ],
            [
              52.5194643857123,
              29.80197744498102
            ],
            [
              52.51945818186199,
              29.80190418333901
            ],
            [
              52.51947248825113,
              29.80189117783618
            ],
            [
              52.51968248077152,
              29.80189058766775
            ],
            [
              52.51968360251554,
              29.80227027281298
            ],
            [
              52.51954464873445,
              29.80228720029578
            ],
            [
              52.51952793285738,
              29.8022766033887
            ],
            [
              52.5195168731539,
              29.80222501101383
            ],
            [
              52.51950487130138,
              29.80217357925674
            ]
          ]
        ]
      },
      "properties": {
        "name": "478",
        "area_m2": 941.86,
        "centroid": [
          52.519584,
          29.802073
        ]
      }
    },
    {
      "type": "Feature",
      "geometry": {
        "type": "Polygon",
        "coordinates": [
          [
            [
              52.52052943937176,
              29.8031066724667
            ],
            [
              52.52053837842749,
              29.80316248314841
            ],
            [
              52.52035417864924,
              29.80318492378695
            ],
            [
              52.52035197134852,
              29.80317114359246
            ],
            [
              52.52028699396668,
              29.80276545366554
            ],
            [
              52.52047119299968,
              29.80274301314586
            ],
            [
              52.52052943937176,
              29.8031066724667
            ]
          ]
        ]
      },
      "properties": {
        "name": "467",
        "area_m2": 976.17,
        "centroid": [
          52.520413,
          29.802964
        ]
      }
    },
    {
      "type": "Feature",
      "geometry": {
        "type": "Polygon",
        "coordinates": [
          [
            [
              52.52323400171526,
              29.79934691124677
            ],
            [
              52.52328485994953,
              29.79937782885731
            ],
            [
              52.52311943161767,
              29.79958482972147
            ],
            [
              52.5230466547514,
              29.7995405873546
            ],
            [
              52.5230430225627,
              29.79952284527074
            ],
            [
              52.52317918131586,
              29.79935246979171
            ],
            [
              52.52323010271271,
              29.7993445406597
            ],
            [
              52.52323400171526,
              29.79934691124677
            ]
          ]
        ]
      },
      "properties": {
        "name": "620",
        "area_m2": 314.69,
        "centroid": [
          52.523159,
          29.799458
        ]
      }
    },
    {
      "type": "Feature",
      "geometry": {
        "type": "Polygon",
        "coordinates": [
          [
            [
              52.52336962408663,
              29.79942935815795
            ],
            [
              52.52320419481999,
              29.79963635913545
            ],
            [
              52.52311943161767,
              29.79958482972147
            ],
            [
              52.52328485994953,
              29.79937782885731
            ],
            [
              52.52336962408663,
              29.79942935815795
            ]
          ]
        ]
      },
      "properties": {
        "name": "619",
        "area_m2": 323.07,
        "centroid": [
          52.523245,
          29.799507
        ]
      }
    },
    {
      "type": "Feature",
      "geometry": {
        "type": "Polygon",
        "coordinates": [
          [
            [
              52.52336962408663,
              29.79942935815795
            ],
            [
              52.52345438830933,
              29.79948088740076
            ],
            [
              52.52328895914233,
              29.79968788847965
            ],
            [
              52.52320419481999,
              29.79963635913545
            ],
            [
              52.52336962408663,
              29.79942935815795
            ]
          ]
        ]
      },
      "properties": {
        "name": "618",
        "area_m2": 323.07,
        "centroid": [
          52.523329,
          29.799559
        ]
      }
    },
    {
      "type": "Feature",
      "geometry": {
        "type": "Polygon",
        "coordinates": [
          [
            [
              52.52353915261767,
              29.79953241658572
            ],
            [
              52.52337372356395,
              29.7997394186682
            ],
            [
              52.52328895914233,
              29.79968788847965
            ],
            [
              52.52345438830933,
              29.79948088740076
            ],
            [
              52.52353915261767,
              29.79953241658572
            ]
          ]
        ]
      },
      "properties": {
        "name": "617",
        "area_m2": 323.07,
        "centroid": [
          52.523414,
          29.79961
        ]
      }
    },
    {
      "type": "Feature",
      "geometry": {
        "type": "Polygon",
        "coordinates": [
          [
            [
              52.52345848805754,
              29.79979094789673
            ],
            [
              52.52337372356395,
              29.7997394186682
            ],
            [
              52.52353915261767,
              29.79953241658572
            ],
            [
              52.52362391599092,
              29.79958394662694
            ],
            [
              52.52345848805754,
              29.79979094789673
            ]
          ]
        ]
      },
      "properties": {
        "name": "616",
        "area_m2": 323.07,
        "centroid": [
          52.523499,
          29.799662
        ]
      }
    },
    {
      "type": "Feature",
      "geometry": {
        "type": "Polygon",
        "coordinates": [
          [
            [
              52.52362391599092,
              29.79958394662694
            ],
            [
              52.52370868047051,
              29.79963547569623
            ],
            [
              52.52354325263676,
              29.79984247706743
            ],
            [
              52.52345848805754,
              29.79979094789673
            ],
            [
              52.52362391599092,
              29.79958394662694
            ]
          ]
        ]
      },
      "properties": {
        "name": "615",
        "area_m2": 323.07,
        "centroid": [
          52.523584,
          29.799713
        ]
      }
    },
    {
      "type": "Feature",
      "geometry": {
        "type": "Polygon",
        "coordinates": [
          [
            [
              52.52379344503571,
              29.79968700470767
            ],
            [
              52.52362801626719,
              29.79989400619221
            ],
            [
              52.52354325263676,
              29.79984247706743
            ],
            [
              52.52370868047051,
              29.79963547569623
            ],
            [
              52.52379344503571,
              29.79968700470767
            ]
          ]
        ]
      },
      "properties": {
        "name": "614",
        "area_m2": 323.07,
        "centroid": [
          52.523668,
          29.799765
        ]
      }
    },
    {
      "type": "Feature",
      "geometry": {
        "type": "Polygon",
        "coordinates": [
          [
            [
              52.52387820968656,
              29.79973853366128
            ],
            [
              52.52371278101766,
              29.79994553524722
            ],
            [
              52.52362801626719,
              29.79989400619221
            ],
            [
              52.52379344503571,
              29.79968700470767
            ],
            [
              52.52387820968656,
              29.79973853366128
            ]
          ]
        ]
      },
      "properties": {
        "name": "613",
        "area_m2": 323.07,
        "centroid": [
          52.523753,
          29.799816
        ]
      }
    },
    {
      "type": "Feature",
      "geometry": {
        "type": "Polygon",
        "coordinates": [
          [
            [
              52.52396297442301,
              29.79979006255704
            ],
            [
              52.52379754586742,
              29.79999706514657
            ],
            [
              52.52371278101766,
              29.79994553524722
            ],
            [
              52.52387820968656,
              29.79973853366128
            ],
            [
              52.52396297442301,
              29.79979006255704
            ]
          ]
        ]
      },
      "properties": {
        "name": "612",
        "area_m2": 323.07,
        "centroid": [
          52.523838,
          29.799868
        ]
      }
    },
    {
      "type": "Feature",
      "geometry": {
        "type": "Polygon",
        "coordinates": [
          [
            [
              52.52404773822439,
              29.79984159230906
            ],
            [
              52.52388231078913,
              29.8000485940859
            ],
            [
              52.52379754586742,
              29.79999706514657
            ],
            [
              52.52396297442301,
              29.79979006255704
            ],
            [
              52.52404773822439,
              29.79984159230906
            ]
          ]
        ]
      },
      "properties": {
        "name": "611",
        "area_m2": 323.07,
        "centroid": [
          52.523923,
          29.799919
        ]
      }
    },
    {
      "type": "Feature",
      "geometry": {
        "type": "Polygon",
        "coordinates": [
          [
            [
              52.52413250313211,
              29.79989312108914
            ],
            [
              52.52396707579648,
              29.80010012296739
            ],
            [
              52.52388231078913,
              29.8000485940859
            ],
            [
              52.52404773822439,
              29.79984159230906
            ],
            [
              52.52413250313211,
              29.79989312108914
            ]
          ]
        ]
      },
      "properties": {
        "name": "610",
        "area_m2": 323.07,
        "centroid": [
          52.524007,
          29.799971
        ]
      }
    },
    {
      "type": "Feature",
      "geometry": {
        "type": "Polygon",
        "coordinates": [
          [
            [
              52.52413250313211,
              29.79989312108914
            ],
            [
              52.52421726812544,
              29.79994464981138
            ],
            [
              52.52405183985506,
              29.80015165180297
            ],
            [
              52.52396707579648,
              29.80010012296739
            ],
            [
              52.52413250313211,
              29.79989312108914
            ]
          ]
        ]
      },
      "properties": {
        "name": "609",
        "area_m2": 323.07,
        "centroid": [
          52.524092,
          29.800022
        ]
      }
    },
    {
      "type": "Feature",
      "geometry": {
        "type": "Polygon",
        "coordinates": [
          [
            [
              52.52421726812544,
              29.79994464981138
            ],
            [
              52.52430203320441,
              29.79999617847577
            ],
            [
              52.52413660503365,
              29.80020318056877
            ],
            [
              52.52405183985506,
              29.80015165180297
            ],
            [
              52.52421726812544,
              29.79994464981138
            ]
          ]
        ]
      },
      "properties": {
        "name": "608",
        "area_m2": 323.07,
        "centroid": [
          52.524177,
          29.800074
        ]
      }
    },
    {
      "type": "Feature",
      "geometry": {
        "type": "Polygon",
        "coordinates": [
          [
            [
              52.524386798369,
              29.80004770708232
            ],
            [
              52.52422137031157,
              29.8002547101789
            ],
            [
              52.52413660503365,
              29.80020318056877
            ],
            [
              52.52430203320441,
              29.79999617847577
            ],
            [
              52.524386798369,
              29.80004770708232
            ]
          ]
        ]
      },
      "properties": {
        "name": "607",
        "area_m2": 323.07,
        "centroid": [
          52.524262,
          29.800125
        ]
      }
    },
    {
      "type": "Feature",
      "geometry": {
        "type": "Polygon",
        "coordinates": [
          [
            [
              52.52286035258558,
              29.79975137641452
            ],
            [
              52.52294513878254,
              29.79980292016564
            ],
            [
              52.52281811297354,
              29.79996186688957
            ],
            [
              52.52280115947955,
              29.79995156097241
            ],
            [
              52.52278932884258,
              29.79996636460314
            ],
            [
              52.52270079603588,
              29.79991254404292
            ],
            [
              52.52272603800195,
              29.79989146451253
            ],
            [
              52.52275050294841,
              29.79986969913957
            ],
            [
              52.52277416637779,
              29.79984726986263
            ],
            [
              52.52279700587521,
              29.79982419949851
            ],
            [
              52.52281899800506,
              29.79980051177816
            ],
            [
              52.52284012033893,
              29.79977622861627
            ],
            [
              52.52286035258558,
              29.79975137641452
            ]
          ]
        ]
      },
      "properties": {
        "name": "490.6",
        "area_m2": 288.08,
        "centroid": [
          52.522828,
          29.799864
        ]
      }
    },
    {
      "type": "Feature",
      "geometry": {
        "type": "Polygon",
        "coordinates": [
          [
            [
              52.52313625140032,
              29.79972137705446
            ],
            [
              52.5230299031242,
              29.79985444967455
            ],
            [
              52.52294513878254,
              29.79980292016564
            ],
            [
              52.52305148712269,
              29.79966984761076
            ],
            [
              52.52313625140032,
              29.79972137705446
            ]
          ]
        ]
      },
      "properties": {
        "name": "490.22",
        "area_m2": 207.69,
        "centroid": [
          52.523041,
          29.799762
        ]
      }
    },
    {
      "type": "Feature",
      "geometry": {
        "type": "Polygon",
        "coordinates": [
          [
            [
              52.5230299031242,
              29.79985444967455
            ],
            [
              52.5229028763573,
              29.80001339648826
            ],
            [
              52.52281811297354,
              29.79996186688957
            ],
            [
              52.52294513878254,
              29.79980292016564
            ],
            [
              52.5230299031242,
              29.79985444967455
            ]
          ]
        ]
      },
      "properties": {
        "name": "490.7",
        "area_m2": 248.07,
        "centroid": [
          52.522924,
          29.799908
        ]
      }
    },
    {
      "type": "Feature",
      "geometry": {
        "type": "Polygon",
        "coordinates": [
          [
            [
              52.5231146675515,
              29.79990597912561
            ],
            [
              52.52298764086109,
              29.80006492601718
            ],
            [
              52.5229028763573,
              29.80001339648826
            ],
            [
              52.5230299031242,
              29.79985444967455
            ],
            [
              52.5231146675515,
              29.79990597912561
            ]
          ]
        ]
      },
      "properties": {
        "name": "490.8",
        "area_m2": 248.07,
        "centroid": [
          52.523009,
          29.79996
        ]
      }
    },
    {
      "type": "Feature",
      "geometry": {
        "type": "Polygon",
        "coordinates": [
          [
            [
              52.5231146675515,
              29.79990597912561
            ],
            [
              52.52324169384608,
              29.79974703212239
            ],
            [
              52.52332645828251,
              29.79979856143775
            ],
            [
              52.5231994320644,
              29.79995750851882
            ],
            [
              52.5231146675515,
              29.79990597912561
            ]
          ]
        ]
      },
      "properties": {
        "name": "490.20",
        "area_m2": 248.07,
        "centroid": [
          52.523221,
          29.799852
        ]
      }
    },
    {
      "type": "Feature",
      "geometry": {
        "type": "Polygon",
        "coordinates": [
          [
            [
              52.5231994320644,
              29.79995750851882
            ],
            [
              52.52307240545049,
              29.80011645548827
            ],
            [
              52.52298764086109,
              29.80006492601718
            ],
            [
              52.5231146675515,
              29.79990597912561
            ],
            [
              52.5231994320644,
              29.79995750851882
            ]
          ]
        ]
      },
      "properties": {
        "name": "490.9",
        "area_m2": 248.07,
        "centroid": [
          52.523094,
          29.800011
        ]
      }
    },
    {
      "type": "Feature",
      "geometry": {
        "type": "Polygon",
        "coordinates": [
          [
            [
              52.52339927095441,
              29.79984282488452
            ],
            [
              52.52340289208285,
              29.7998605147486
            ],
            [
              52.52328419666295,
              29.80000903785421
            ],
            [
              52.5231994320644,
              29.79995750851882
            ],
            [
              52.52332645828251,
              29.79979856143775
            ],
            [
              52.52339927095441,
              29.79984282488452
            ]
          ]
        ]
      },
      "properties": {
        "name": "490.19",
        "area_m2": 246.93,
        "centroid": [
          52.523305,
          29.799904
        ]
      }
    },
    {
      "type": "Feature",
      "geometry": {
        "type": "Polygon",
        "coordinates": [
          [
            [
              52.52245720015015,
              29.80009372055029
            ],
            [
              52.52247179325585,
              29.80005521801338
            ],
            [
              52.52248450767516,
              29.80004917122837
            ],
            [
              52.52251689385077,
              29.80003289823453
            ],
            [
              52.52254863150166,
              29.80001567984824
            ],
            [
              52.52257968368965,
              29.79999753634671
            ],
            [
              52.52261001346301,
              29.79997848710503
            ],
            [
              52.52263958909673,
              29.79995855504737
            ],
            [
              52.52266837470096,
              29.79993776134125
            ],
            [
              52.52276516395462,
              29.79999660207405
            ],
            [
              52.522730260883,
              29.80004027528513
            ],
            [
              52.52257649149077,
              29.80023268409677
            ],
            [
              52.5225649363657,
              29.80022374162969
            ],
            [
              52.52255373618497,
              29.80021446301627
            ],
            [
              52.52254290349801,
              29.80020485713526
            ],
            [
              52.52253245194332,
              29.80019493646218
            ],
            [
              52.52252239304956,
              29.8001847107899
            ],
            [
              52.52251273736565,
              29.80017419353184
            ],
            [
              52.52250349851636,
              29.80016339626141
            ],
            [
              52.52249468393369,
              29.80015233152562
            ],
            [
              52.52248630622166,
              29.80014101181191
            ],
            [
              52.52247837386032,
              29.80012945055756
            ],
            [
              52.52247089739849,
              29.80011766117602
            ],
            [
              52.52246388324741,
              29.8001056571284
            ],
            [
              52.52245720015015,
              29.80009372055029
            ]
          ]
        ]
      },
      "properties": {
        "name": "490.1",
        "area_m2": 548.44,
        "centroid": [
          52.522603,
          29.800076
        ]
      }
    },
    {
      "type": "Feature",
      "geometry": {
        "type": "Polygon",
        "coordinates": [
          [
            [
              52.522730260883,
              29.80004027528513
            ],
            [
              52.52281502532673,
              29.80009180492694
            ],
            [
              52.52266207540033,
              29.80028318837309
            ],
            [
              52.52264907269233,
              29.80027703363568
            ],
            [
              52.52263630759005,
              29.8002705143266
            ],
            [
              52.52262379258838,
              29.80026363571596
            ],
            [
              52.52261154020949,
              29.80025640487811
            ],
            [
              52.52259956403732,
              29.80024883067988
            ],
            [
              52.52258787660768,
              29.80024092109789
            ],
            [
              52.52257649149077,
              29.80023268409677
            ],
            [
              52.522730260883,
              29.80004027528513
            ]
          ]
        ]
      },
      "properties": {
        "name": "490.2",
        "area_m2": 301.65,
        "centroid": [
          52.522695,
          29.800163
        ]
      }
    },
    {
      "type": "Feature",
      "geometry": {
        "type": "Polygon",
        "coordinates": [
          [
            [
              52.52276162227609,
              29.80031622057916
            ],
            [
              52.52274689646733,
              29.80031276380969
            ],
            [
              52.52273231211475,
              29.80030887860846
            ],
            [
              52.52271788478919,
              29.80030456840538
            ],
            [
              52.52270363217125,
              29.80029983931311
            ],
            [
              52.52268956879735,
              29.80029469477347
            ],
            [
              52.52267571134101,
              29.80028914271537
            ],
            [
              52.52266207540033,
              29.80028318837309
            ],
            [
              52.52281502532673,
              29.80009180492694
            ],
            [
              52.52283032738782,
              29.80007265719765
            ],
            [
              52.52285061002595,
              29.80006949903976
            ],
            [
              52.52292342271594,
              29.80011376364967
            ],
            [
              52.52276162227609,
              29.80031622057916
            ]
          ]
        ]
      },
      "properties": {
        "name": "490.3",
        "area_m2": 331.63,
        "centroid": [
          52.522795,
          29.800195
        ]
      }
    },
    {
      "type": "Feature",
      "geometry": {
        "type": "Polygon",
        "coordinates": [
          [
            [
              52.52292342271594,
              29.80011376364967
            ],
            [
              52.5230081862823,
              29.80016529317322
            ],
            [
              52.52287726632737,
              29.80032911137374
            ],
            [
              52.52284716656046,
              29.80032756063246
            ],
            [
              52.52283276090352,
              29.80032666188685
            ],
            [
              52.52281839576784,
              29.80032536474699
            ],
            [
              52.52280408461446,
              29.80032366996011
            ],
            [
              52.52278984195246,
              29.8003215791637
            ],
            [
              52.52277568335266,
              29.80031909578763
            ],
            [
              52.52276162227609,
              29.80031622057916
            ],
            [
              52.52292342271594,
              29.80011376364967
            ]
          ]
        ]
      },
      "properties": {
        "name": "490.4",
        "area_m2": 288.37,
        "centroid": [
          52.52289,
          29.800231
        ]
      }
    },
    {
      "type": "Feature",
      "geometry": {
        "type": "Polygon",
        "coordinates": [
          [
            [
              52.52310157375357,
              29.80023755253965
            ],
            [
              52.52309217992357,
              29.80024930712495
            ],
            [
              52.52303077271044,
              29.80032614497266
            ],
            [
              52.5230026692499,
              29.80033754039047
            ],
            [
              52.52287726632737,
              29.80032911137374
            ],
            [
              52.5230081862823,
              29.80016529317322
            ],
            [
              52.52309795266113,
              29.80021986266689
            ],
            [
              52.52310157375357,
              29.80023755253965
            ]
          ]
        ]
      },
      "properties": {
        "name": "490.5",
        "area_m2": 255.31,
        "centroid": [
          52.523,
          29.800264
        ]
      }
    },
    {
      "type": "Feature",
      "geometry": {
        "type": "Polygon",
        "coordinates": [
          [
            [
              52.52585236545884,
              29.80225055268162
            ],
            [
              52.52585066689675,
              29.80223264399734
            ],
            [
              52.52604161387816,
              29.80203606205091
            ],
            [
              52.52612045200909,
              29.80209431165654
            ],
            [
              52.52592008841999,
              29.8023005887491
            ],
            [
              52.52585236545884,
              29.80225055268162
            ]
          ]
        ]
      },
      "properties": {
        "name": "543.1",
        "area_m2": 345.01,
        "centroid": [
          52.525981,
          29.802168
        ]
      }
    },
    {
      "type": "Feature",
      "geometry": {
        "type": "Polygon",
        "coordinates": [
          [
            [
              52.52612045200909,
              29.80209431165654
            ],
            [
              52.52619929021709,
              29.80215256030923
            ],
            [
              52.52599892668481,
              29.80235883751799
            ],
            [
              52.52592008841999,
              29.8023005887491
            ],
            [
              52.52612045200909,
              29.80209431165654
            ]
          ]
        ]
      },
      "properties": {
        "name": "543.2",
        "area_m2": 346.15,
        "centroid": [
          52.52606,
          29.802227
        ]
      }
    },
    {
      "type": "Feature",
      "geometry": {
        "type": "Polygon",
        "coordinates": [
          [
            [
              52.52619929021709,
              29.80215256030923
            ],
            [
              52.52627812852958,
              29.80221080981332
            ],
            [
              52.5260777650541,
              29.80241708713828
            ],
            [
              52.52599892668481,
              29.80235883751799
            ],
            [
              52.52619929021709,
              29.80215256030923
            ]
          ]
        ]
      },
      "properties": {
        "name": "543.3",
        "area_m2": 346.16,
        "centroid": [
          52.526139,
          29.802285
        ]
      }
    },
    {
      "type": "Feature",
      "geometry": {
        "type": "Polygon",
        "coordinates": [
          [
            [
              52.52627812852958,
              29.80221080981332
            ],
            [
              52.52635696796727,
              29.80226905925468
            ],
            [
              52.52615660350048,
              29.80247533580561
            ],
            [
              52.5260777650541,
              29.80241708713828
            ],
            [
              52.52627812852958,
              29.80221080981332
            ]
          ]
        ]
      },
      "properties": {
        "name": "543.4",
        "area_m2": 346.16,
        "centroid": [
          52.526217,
          29.802343
        ]
      }
    },
    {
      "type": "Feature",
      "geometry": {
        "type": "Polygon",
        "coordinates": [
          [
            [
              52.52635696796727,
              29.80226905925468
            ],
            [
              52.52643580644762,
              29.80232730775503
            ],
            [
              52.52623544205135,
              29.80253358532434
            ],
            [
              52.52615660350048,
              29.80247533580561
            ],
            [
              52.52635696796727,
              29.80226905925468
            ]
          ]
        ]
      },
      "properties": {
        "name": "543.5",
        "area_m2": 346.16,
        "centroid": [
          52.526296,
          29.802401
        ]
      }
    },
    {
      "type": "Feature",
      "geometry": {
        "type": "Polygon",
        "coordinates": [
          [
            [
              52.52643580644762,
              29.80232730775503
            ],
            [
              52.52651464503247,
              29.8023855571068
            ],
            [
              52.52631428171372,
              29.8025918338782
            ],
            [
              52.52623544205135,
              29.80253358532434
            ],
            [
              52.52643580644762,
              29.80232730775503
            ]
          ]
        ]
      },
      "properties": {
        "name": "543.6",
        "area_m2": 346.16,
        "centroid": [
          52.526375,
          29.80246
        ]
      }
    },
    {
      "type": "Feature",
      "geometry": {
        "type": "Polygon",
        "coordinates": [
          [
            [
              52.52651464503247,
              29.8023855571068
            ],
            [
              52.52659348369438,
              29.80244380550561
            ],
            [
              52.52639312044615,
              29.80265008329537
            ],
            [
              52.52631428171372,
              29.8025918338782
            ],
            [
              52.52651464503247,
              29.8023855571068
            ]
          ]
        ]
      },
      "properties": {
        "name": "543.7",
        "area_m2": 346.16,
        "centroid": [
          52.526454,
          29.802518
        ]
      }
    },
    {
      "type": "Feature",
      "geometry": {
        "type": "Polygon",
        "coordinates": [
          [
            [
              52.52659348369438,
              29.80244380550561
            ],
            [
              52.52667232246078,
              29.80250205475582
            ],
            [
              52.52647195925567,
              29.8027083317596
            ],
            [
              52.52639312044615,
              29.80265008329537
            ],
            [
              52.52659348369438,
              29.80244380550561
            ]
          ]
        ]
      },
      "properties": {
        "name": "543.8",
        "area_m2": 346.16,
        "centroid": [
          52.526533,
          29.802576
        ]
      }
    },
    {
      "type": "Feature",
      "geometry": {
        "type": "Polygon",
        "coordinates": [
          [
            [
              52.52667232246078,
              29.80250205475582
            ],
            [
              52.52675116233869,
              29.80256030304112
            ],
            [
              52.52655079816966,
              29.80276658107523
            ],
            [
              52.52647195925567,
              29.8027083317596
            ],
            [
              52.52667232246078,
              29.80250205475582
            ]
          ]
        ]
      },
      "properties": {
        "name": "543.9",
        "area_m2": 346.16,
        "centroid": [
          52.526612,
          29.802634
        ]
      }
    },
    {
      "type": "Feature",
      "geometry": {
        "type": "Polygon",
        "coordinates": [
          [
            [
              52.52675116233869,
              29.80256030304112
            ],
            [
              52.52683000128666,
              29.80261855218976
            ],
            [
              52.52662963716073,
              29.80282482943791
            ],
            [
              52.52655079816966,
              29.80276658107523
            ],
            [
              52.52675116233869,
              29.80256030304112
            ]
          ]
        ]
      },
      "properties": {
        "name": "543.10",
        "area_m2": 346.16,
        "centroid": [
          52.52669,
          29.802693
        ]
      }
    },
    {
      "type": "Feature",
      "geometry": {
        "type": "Polygon",
        "coordinates": [
          [
            [
              52.5269088403117,
              29.80267680038548
            ],
            [
              52.52670847625631,
              29.802883078652
            ],
            [
              52.52662963716073,
              29.80282482943791
            ],
            [
              52.52683000128666,
              29.80261855218976
            ],
            [
              52.5269088403117,
              29.80267680038548
            ]
          ]
        ]
      },
      "properties": {
        "name": "543.11",
        "area_m2": 346.16,
        "centroid": [
          52.526769,
          29.802751
        ]
      }
    },
    {
      "type": "Feature",
      "geometry": {
        "type": "Polygon",
        "coordinates": [
          [
            [
              52.51964684318662,
              29.79790055879723
            ],
            [
              52.51955022748784,
              29.79786862196694
            ],
            [
              52.51963810800729,
              29.79766638177533
            ],
            [
              52.51973472249926,
              29.79769831856006
            ],
            [
              52.51964684318662,
              29.79790055879723
            ]
          ]
        ]
      },
      "properties": {
        "name": "380",
        "area_m2": 276.92,
        "centroid": [
          52.519642,
          29.797783
        ]
      }
    },
    {
      "type": "Feature",
      "geometry": {
        "type": "Polygon",
        "coordinates": [
          [
            [
              52.51955896352282,
              29.79810279808029
            ],
            [
              52.51946234766525,
              29.79807086209471
            ],
            [
              52.51955022748784,
              29.79786862196694
            ],
            [
              52.51964684318662,
              29.79790055879723
            ],
            [
              52.51955896352282,
              29.79810279808029
            ]
          ]
        ]
      },
      "properties": {
        "name": "344",
        "area_m2": 276.92,
        "centroid": [
          52.519555,
          29.797986
        ]
      }
    },
    {
      "type": "Feature",
      "geometry": {
        "type": "Polygon",
        "coordinates": [
          [
            [
              52.51973758798925,
              29.79769926192733
            ],
            [
              52.51981767472814,
              29.7977257383316
            ],
            [
              52.51982615924508,
              29.79774217229343
            ],
            [
              52.51974345789598,
              29.7979324946643
            ],
            [
              52.51964684318662,
              29.79790055879723
            ],
            [
              52.51973472249926,
              29.79769831856006
            ],
            [
              52.51973758798925,
              29.79769926192733
            ]
          ]
        ]
      },
      "properties": {
        "name": "379",
        "area_m2": 275.76,
        "centroid": [
          52.519739,
          29.797816
        ]
      }
    },
    {
      "type": "Feature",
      "geometry": {
        "type": "Polygon",
        "coordinates": [
          [
            [
              52.51955896352282,
              29.79810279808029
            ],
            [
              52.51964684318662,
              29.79790055879723
            ],
            [
              52.51974345789598,
              29.7979324946643
            ],
            [
              52.51966075729597,
              29.7981228178794
            ],
            [
              52.51964191501342,
              29.79813021796238
            ],
            [
              52.51955896352282,
              29.79810279808029
            ]
          ]
        ]
      },
      "properties": {
        "name": "345",
        "area_m2": 275.76,
        "centroid": [
          52.519651,
          29.798017
        ]
      }
    },
    {
      "type": "Feature",
      "geometry": {
        "type": "Polygon",
        "coordinates": [
          [
            [
              52.5201276641014,
              29.79783061572848
            ],
            [
              52.52012670132297,
              29.79783283118688
            ],
            [
              52.52003978548819,
              29.79803285619935
            ],
            [
              52.51994317058313,
              29.798000919654
            ],
            [
              52.52002566159538,
              29.79781107691759
            ],
            [
              52.52002587056419,
              29.79781059718326
            ],
            [
              52.52004471274345,
              29.79780319614611
            ],
            [
              52.5201276641014,
              29.79783061572848
            ]
          ]
        ]
      },
      "properties": {
        "name": "378",
        "area_m2": 275.76,
        "centroid": [
          52.520035,
          29.797916
        ]
      }
    },
    {
      "type": "Feature",
      "geometry": {
        "type": "Polygon",
        "coordinates": [
          [
            [
              52.51994317058313,
              29.798000919654
            ],
            [
              52.52003978548819,
              29.79803285619935
            ],
            [
              52.51995190653747,
              29.79823509661823
            ],
            [
              52.5198689538354,
              29.79820767604695
            ],
            [
              52.51986046928241,
              29.79819124299277
            ],
            [
              52.51994317058313,
              29.798000919654
            ]
          ]
        ]
      },
      "properties": {
        "name": "346",
        "area_m2": 275.76,
        "centroid": [
          52.519948,
          29.798118
        ]
      }
    },
    {
      "type": "Feature",
      "geometry": {
        "type": "Polygon",
        "coordinates": [
          [
            [
              52.51950647315535,
              29.79843108161487
            ],
            [
              52.51960308835629,
              29.79846301846789
            ],
            [
              52.51951520816368,
              29.79866525772564
            ],
            [
              52.51941859280394,
              29.79863332171734
            ],
            [
              52.51950647315535,
              29.79843108161487
            ]
          ]
        ]
      },
      "properties": {
        "name": "280",
        "area_m2": 276.91,
        "centroid": [
          52.519511,
          29.798548
        ]
      }
    },
    {
      "type": "Feature",
      "geometry": {
        "type": "Polygon",
        "coordinates": [
          [
            [
              52.51978758431921,
              29.79829271496669
            ],
            [
              52.51978665654599,
              29.79829485151777
            ],
            [
              52.51969970463657,
              29.79849495433388
            ],
            [
              52.51960308835629,
              29.79846301846789
            ],
            [
              52.51969024739338,
              29.79826243960727
            ],
            [
              52.5196909692321,
              29.7982607782441
            ],
            [
              52.51978758431921,
              29.79829271496669
            ]
          ]
        ]
      },
      "properties": {
        "name": "308",
        "area_m2": 276.92,
        "centroid": [
          52.519695,
          29.798378
        ]
      }
    },
    {
      "type": "Feature",
      "geometry": {
        "type": "Polygon",
        "coordinates": [
          [
            [
              52.51960308835629,
              29.79846301846789
            ],
            [
              52.51969970463657,
              29.79849495433388
            ],
            [
              52.51961182463003,
              29.79869719455124
            ],
            [
              52.51951520816368,
              29.79866525772564
            ],
            [
              52.51960308835629,
              29.79846301846789
            ]
          ]
        ]
      },
      "properties": {
        "name": "281",
        "area_m2": 276.92,
        "centroid": [
          52.519607,
          29.79858
        ]
      }
    },
    {
      "type": "Feature",
      "geometry": {
        "type": "Polygon",
        "coordinates": [
          [
            [
              52.51988420049928,
              29.79832465160441
            ],
            [
              52.51988265283898,
              29.79832821284047
            ],
            [
              52.51979631995472,
              29.79852689104095
            ],
            [
              52.51969970463657,
              29.79849495433388
            ],
            [
              52.51978665654599,
              29.79829485151777
            ],
            [
              52.51978758431921,
              29.79829271496669
            ],
            [
              52.51988420049928,
              29.79832465160441
            ]
          ]
        ]
      },
      "properties": {
        "name": "307",
        "area_m2": 276.91,
        "centroid": [
          52.519792,
          29.79841
        ]
      }
    },
    {
      "type": "Feature",
      "geometry": {
        "type": "Polygon",
        "coordinates": [
          [
            [
              52.51969970463657,
              29.79849495433388
            ],
            [
              52.51979631995472,
              29.79852689104095
            ],
            [
              52.51970844012062,
              29.79872913131579
            ],
            [
              52.51961182463003,
              29.79869719455124
            ],
            [
              52.51969970463657,
              29.79849495433388
            ]
          ]
        ]
      },
      "properties": {
        "name": "282",
        "area_m2": 276.92,
        "centroid": [
          52.519704,
          29.798612
        ]
      }
    },
    {
      "type": "Feature",
      "geometry": {
        "type": "Polygon",
        "coordinates": [
          [
            [
              52.51998081568995,
              29.7983565872789
            ],
            [
              52.51997899210519,
              29.79836078422053
            ],
            [
              52.51989293636584,
              29.79855882766317
            ],
            [
              52.51979631995472,
              29.79852689104095
            ],
            [
              52.51988265283898,
              29.79832821284047
            ],
            [
              52.51988420049928,
              29.79832465160441
            ],
            [
              52.51998081568995,
              29.7983565872789
            ]
          ]
        ]
      },
      "properties": {
        "name": "306",
        "area_m2": 276.92,
        "centroid": [
          52.519889,
          29.798442
        ]
      }
    },
    {
      "type": "Feature",
      "geometry": {
        "type": "Polygon",
        "coordinates": [
          [
            [
              52.51989293636584,
              29.79855882766317
            ],
            [
              52.51980505669054,
              29.7987610670933
            ],
            [
              52.51970844012062,
              29.79872913131579
            ],
            [
              52.51979631995472,
              29.79852689104095
            ],
            [
              52.51989293636584,
              29.79855882766317
            ]
          ]
        ]
      },
      "properties": {
        "name": "283",
        "area_m2": 276.92,
        "centroid": [
          52.519801,
          29.798644
        ]
      }
    },
    {
      "type": "Feature",
      "geometry": {
        "type": "Polygon",
        "coordinates": [
          [
            [
              52.51999025664162,
              29.79835970541812
            ],
            [
              52.52006376853043,
              29.7983840068718
            ],
            [
              52.52007225314743,
              29.79840044081289
            ],
            [
              52.51998955180117,
              29.79859076422432
            ],
            [
              52.51989293636584,
              29.79855882766317
            ],
            [
              52.51997899210519,
              29.79836078422053
            ],
            [
              52.51998081568995,
              29.7983565872789
            ],
            [
              52.51999025664162,
              29.79835970541812
            ]
          ]
        ]
      },
      "properties": {
        "name": "305",
        "area_m2": 275.76,
        "centroid": [
          52.519985,
          29.798474
        ]
      }
    },
    {
      "type": "Feature",
      "geometry": {
        "type": "Polygon",
        "coordinates": [
          [
            [
              52.51749974289987,
              29.79756599055766
            ],
            [
              52.51744962613215,
              29.79768135467685
            ],
            [
              52.51693837316247,
              29.79751239780696
            ],
            [
              52.51693508668172,
              29.79745886614584
            ],
            [
              52.51693385900108,
              29.79740526844428
            ],
            [
              52.51693469206364,
              29.79735166513611
            ],
            [
              52.516937582627,
              29.79729811581216
            ],
            [
              52.51694253056553,
              29.79724468092977
            ],
            [
              52.51694952747859,
              29.79719142104121
            ],
            [
              52.51747634264003,
              29.79736552206114
            ],
            [
              52.51757296022588,
              29.79739745139318
            ],
            [
              52.51749974289987,
              29.79756599055766
            ]
          ]
        ]
      },
      "properties": {
        "name": "327.1",
        "area_m2": 2306.47,
        "centroid": [
          52.517226,
          29.79744
        ]
      }
    },
    {
      "type": "Feature",
      "geometry": {
        "type": "Polygon",
        "coordinates": [
          [
            [
              52.52138408337479,
              29.79887106465232
            ],
            [
              52.52151134250106,
              29.7989131278331
            ],
            [
              52.52151982739913,
              29.79892956167003
            ],
            [
              52.52143764932705,
              29.79911868792193
            ],
            [
              52.52124923018437,
              29.7991926965433
            ],
            [
              52.52104770845333,
              29.79912608555664
            ],
            [
              52.52111727839974,
              29.79896597819311
            ],
            [
              52.52116853967975,
              29.79884800452291
            ],
            [
              52.52135211141231,
              29.79890868164186
            ],
            [
              52.52136524110644,
              29.7988784658829
            ],
            [
              52.52138408337479,
              29.79887106465232
            ]
          ]
        ]
      },
      "properties": {
        "name": "294.1",
        "area_m2": 1307.28,
        "centroid": [
          52.521281,
          29.799022
        ]
      }
    },
    {
      "type": "Feature",
      "geometry": {
        "type": "Polygon",
        "coordinates": [
          [
            [
              52.52105470757738,
              29.80006204774944
            ],
            [
              52.52140325621554,
              29.79991359936029
            ],
            [
              52.52144561670279,
              29.79998925720174
            ],
            [
              52.52141874389299,
              29.80005743324054
            ],
            [
              52.52112271502542,
              29.80018351216531
            ],
            [
              52.52105470757738,
              29.80006204774944
            ]
          ]
        ]
      },
      "properties": {
        "name": "486.3",
        "area_m2": 631.28,
        "centroid": [
          52.521258,
          29.800049
        ]
      }
    },
    {
      "type": "Feature",
      "geometry": {
        "type": "Polygon",
        "coordinates": [
          [
            [
              52.52163651083173,
              29.80002214814685
            ],
            [
              52.52166343099612,
              29.80007022813651
            ],
            [
              52.52171293304068,
              29.80015864014721
            ],
            [
              52.52170621487403,
              29.80017568394379
            ],
            [
              52.52158007796532,
              29.80022940624889
            ],
            [
              52.52152567091228,
              29.80013223493222
            ],
            [
              52.5214969123049,
              29.80008087085855
            ],
            [
              52.52152378506647,
              29.80001269480575
            ],
            [
              52.5216105317386,
              29.79997574917718
            ],
            [
              52.52163651083173,
              29.80002214814685
            ]
          ]
        ]
      },
      "properties": {
        "name": "486.2",
        "area_m2": 395.77,
        "centroid": [
          52.5216,
          29.800105
        ]
      }
    },
    {
      "type": "Feature",
      "geometry": {
        "type": "Polygon",
        "coordinates": [
          [
            [
              52.5214885330686,
              29.80014805257858
            ],
            [
              52.52154294009572,
              29.80024522391128
            ],
            [
              52.52124465861297,
              29.80037226295843
            ],
            [
              52.52122511672089,
              29.80036640351983
            ],
            [
              52.52114085092521,
              29.80021590266261
            ],
            [
              52.52137798641969,
              29.80011490600984
            ],
            [
              52.52141425733144,
              29.80017968693893
            ],
            [
              52.5214885330686,
              29.80014805257858
            ]
          ]
        ]
      },
      "properties": {
        "name": "486.1",
        "area_m2": 699.02,
        "centroid": [
          52.521332,
          29.800241
        ]
      }
    },
    {
      "type": "Feature",
      "geometry": {
        "type": "Polygon",
        "coordinates": [
          [
            [
              52.52178853118229,
              29.80030143801715
            ],
            [
              52.52179376508391,
              29.8003030073486
            ],
            [
              52.52180877079173,
              29.80032980778928
            ],
            [
              52.52186714765464,
              29.80043406885703
            ],
            [
              52.52202214255806,
              29.80071088877939
            ],
            [
              52.52202181017113,
              29.80072890935217
            ],
            [
              52.5220210937823,
              29.80073024582683
            ],
            [
              52.52201910357123,
              29.80073395745721
            ],
            [
              52.52201660094364,
              29.8007390844224
            ],
            [
              52.52201430324079,
              29.80074428482281
            ],
            [
              52.52201221552547,
              29.80074955138153
            ],
            [
              52.52201033875017,
              29.80075487867364
            ],
            [
              52.52200867692958,
              29.800760258532
            ],
            [
              52.52200722999545,
              29.80076568644574
            ],
            [
              52.52200600094176,
              29.8007711551618
            ],
            [
              52.52200499174171,
              29.80077665834119
            ],
            [
              52.52200420227243,
              29.80078218786433
            ],
            [
              52.52200363452079,
              29.80078773829446
            ],
            [
              52.52200328837756,
              29.80079330241419
            ],
            [
              52.52200316479523,
              29.80079887479861
            ],
            [
              52.52200326363723,
              29.80080444642601
            ],
            [
              52.52200358482165,
              29.8008100118834
            ],
            [
              52.52200412823925,
              29.80081556395343
            ],
            [
              52.52200489380811,
              29.80082109722306
            ],
            [
              52.52200587932286,
              29.80082660269445
            ],
            [
              52.52200708366717,
              29.80083207496646
            ],
            [
              52.52200850674546,
              29.80083750772393
            ],
            [
              52.52201014535894,
              29.8008428946874
            ],
            [
              52.52201199835029,
              29.80084822774926
            ],
            [
              52.52201406355513,
              29.80085350061816
            ],
            [
              52.52201633780195,
              29.80085870881896
            ],
            [
              52.52201881786465,
              29.80086384426788
            ],
            [
              52.522020576099,
              29.80086715540589
            ],
            [
              52.52202150261321,
              29.80086890066163
            ],
            [
              52.52202438680735,
              29.80087387354894
            ],
            [
              52.52202746825532,
              29.80087875483408
            ],
            [
              52.52203074378564,
              29.80088354004196
            ],
            [
              52.52203420709628,
              29.80088822292886
            ],
            [
              52.52203785602282,
              29.80089279720337
            ],
            [
              52.52204168532493,
              29.80089725841426
            ],
            [
              52.522045689735,
              29.80090160030586
            ],
            [
              52.52204902659828,
              29.80091938732507
            ],
            [
              52.52200776789591,
              29.80100361099815
            ],
            [
              52.52200164589831,
              29.80101554619039
            ],
            [
              52.52199506483001,
              29.8010272953763
            ],
            [
              52.52198803378198,
              29.80103884401395
            ],
            [
              52.5219805608245,
              29.80105017847543
            ],
            [
              52.5219726519863,
              29.80106128696099
            ],
            [
              52.52196431948897,
              29.80107215669725
            ],
            [
              52.52195557036837,
              29.80108277406818
            ],
            [
              52.52194641585268,
              29.80109312901882
            ],
            [
              52.52193686608102,
              29.80110320789744
            ],
            [
              52.52192693124719,
              29.80111300066096
            ],
            [
              52.52191662358646,
              29.80112249543818
            ],
            [
              52.52190595431342,
              29.80113168127191
            ],
            [
              52.5218949356907,
              29.80114054809529
            ],
            [
              52.52188358101538,
              29.80114908582949
            ],
            [
              52.52187190255012,
              29.80115728440763
            ],
            [
              52.52185991257129,
              29.80116513466501
            ],
            [
              52.52184762645847,
              29.80117262740114
            ],
            [
              52.52183505753612,
              29.80117975434158
            ],
            [
              52.52182222017675,
              29.80118650810213
            ],
            [
              52.52180912769119,
              29.80119287950618
            ],
            [
              52.52179579756888,
              29.80119886203595
            ],
            [
              52.52178224316162,
              29.80120444922134
            ],
            [
              52.52176847989009,
              29.80120963456842
            ],
            [
              52.52175452420934,
              29.80121441157138
            ],
            [
              52.52174039156736,
              29.8012187755406
            ],
            [
              52.52173377939775,
              29.80121630802282
            ],
            [
              52.52172139263434,
              29.80121168547205
            ],
            [
              52.52132451727638,
              29.80050286313758
            ],
            [
              52.52133123552796,
              29.80048581935816
            ],
            [
              52.52177422317724,
              29.80029714799181
            ],
            [
              52.52178853118229,
              29.80030143801715
            ]
          ]
        ]
      },
      "properties": {
        "name": "487",
        "area_m2": 4761.93,
        "centroid": [
          52.521725,
          29.800736
        ]
      }
    },
    {
      "type": "Feature",
      "geometry": {
        "type": "Polygon",
        "coordinates": [
          [
            [
              52.52040799558964,
              29.80215110686109
            ],
            [
              52.5204257399932,
              29.80213906779619
            ],
            [
              52.52044395090966,
              29.80212757017124
            ],
            [
              52.52046260580027,
              29.80211662868257
            ],
            [
              52.52048168310614,
              29.80210625440596
            ],
            [
              52.52050116028858,
              29.80209646203779
            ],
            [
              52.52052101265822,
              29.8020872608852
            ],
            [
              52.52054121764913,
              29.80207866384025
            ],
            [
              52.52056175160642,
              29.8020706801982
            ],
            [
              52.52058258882004,
              29.80206332018033
            ],
            [
              52.52060370560785,
              29.80205659127759
            ],
            [
              52.52062507521181,
              29.80205050282099
            ],
            [
              52.52064667393615,
              29.80204506139938
            ],
            [
              52.52066847498193,
              29.80204027363729
            ],
            [
              52.52069045258461,
              29.80203614614736
            ],
            [
              52.52071257989068,
              29.80203268194551
            ],
            [
              52.52073483215644,
              29.80202988673034
            ],
            [
              52.52075718148029,
              29.80202776262751
            ],
            [
              52.52077960102243,
              29.80202631355517
            ],
            [
              52.52080206493649,
              29.80202554071301
            ],
            [
              52.52082454632806,
              29.80202544441053
            ],
            [
              52.52084701831639,
              29.80202602585937
            ],
            [
              52.52086945293168,
              29.80202728267445
            ],
            [
              52.52089182534838,
              29.80202921514151
            ],
            [
              52.52091410758304,
              29.8020318199733
            ],
            [
              52.52093627373472,
              29.802035094761
            ],
            [
              52.52095829579266,
              29.80203903441306
            ],
            [
              52.52098014991107,
              29.8020436355947
            ],
            [
              52.52100180805187,
              29.80204889141009
            ],
            [
              52.5210232463556,
              29.80205479762232
            ],
            [
              52.52104443674318,
              29.80206134462909
            ],
            [
              52.52106535636222,
              29.80206852637721
            ],
            [
              52.52108597818167,
              29.80207633415473
            ],
            [
              52.52110627929451,
              29.80208475829985
            ],
            [
              52.52112623471115,
              29.80209378827243
            ],
            [
              52.52114582049008,
              29.80210341442264
            ],
            [
              52.52116501264881,
              29.80211362439409
            ],
            [
              52.52118379032167,
              29.80212440669693
            ],
            [
              52.52120212951247,
              29.80213574807264
            ],
            [
              52.52122000828015,
              29.80214763433677
            ],
            [
              52.52123740676605,
              29.80216005218321
            ],
            [
              52.5212543030154,
              29.80217298652532
            ],
            [
              52.52127067610781,
              29.80218642226459
            ],
            [
              52.52138448225845,
              29.80228309208151
            ],
            [
              52.52138568572909,
              29.80230108504417
            ],
            [
              52.52102821567533,
              29.80268499533654
            ],
            [
              52.52100759910785,
              29.802686226093
            ],
            [
              52.52040686640457,
              29.80219615405238
            ],
            [
              52.52040799558964,
              29.80215110686109
            ]
          ]
        ]
      },
      "properties": {
        "name": "481.1",
        "area_m2": 4549.24,
        "centroid": [
          52.520915,
          29.802296
        ]
      }
    },
    {
      "type": "Feature",
      "geometry": {
        "type": "Polygon",
        "coordinates": [
          [
            [
              52.52072416562181,
              29.80269399518859
            ],
            [
              52.52048880049851,
              29.80272266973425
            ],
            [
              52.52047736511908,
              29.80265127120774
            ],
            [
              52.52071272904587,
              29.80262259669987
            ],
            [
              52.52072416562181,
              29.80269399518859
            ]
          ]
        ]
      },
      "properties": {
        "name": "475.1",
        "area_m2": 212.31,
        "centroid": [
          52.520601,
          29.802673
        ]
      }
    },
    {
      "type": "Feature",
      "geometry": {
        "type": "Polygon",
        "coordinates": [
          [
            [
              52.52087964312312,
              29.79772853917786
            ],
            [
              52.52096259462201,
              29.79775595823047
            ],
            [
              52.52087471775926,
              29.79795819829521
            ],
            [
              52.52081100677751,
              29.79793713935816
            ],
            [
              52.52079176507795,
              29.79793077920519
            ],
            [
              52.52079107659188,
              29.7979294462702
            ],
            [
              52.52078328040228,
              29.7979143462141
            ],
            [
              52.52086597972522,
              29.79772402235959
            ],
            [
              52.52087964312312,
              29.79772853917786
            ]
          ]
        ]
      },
      "properties": {
        "name": "426",
        "area_m2": 275.76,
        "centroid": [
          52.520871,
          29.797841
        ]
      }
    },
    {
      "type": "Feature",
      "geometry": {
        "type": "Polygon",
        "coordinates": [
          [
            [
              52.52096259462201,
              29.79775595823047
            ],
            [
              52.52105921061177,
              29.79778789401647
            ],
            [
              52.52097133288709,
              29.79799013415057
            ],
            [
              52.52087471775926,
              29.79795819829521
            ],
            [
              52.52096259462201,
              29.79775595823047
            ]
          ]
        ]
      },
      "properties": {
        "name": "427",
        "area_m2": 276.91,
        "centroid": [
          52.520967,
          29.797873
        ]
      }
    },
    {
      "type": "Feature",
      "geometry": {
        "type": "Polygon",
        "coordinates": [
          [
            [
              52.52163158160238,
              29.7979963585813
            ],
            [
              52.52172819698231,
              29.79802829387324
            ],
            [
              52.52164764453278,
              29.79821368124311
            ],
            [
              52.52155102796041,
              29.79818174591042
            ],
            [
              52.52163158160238,
              29.7979963585813
            ]
          ]
        ]
      },
      "properties": {
        "name": "434",
        "area_m2": 253.84,
        "centroid": [
          52.52164,
          29.798105
        ]
      }
    },
    {
      "type": "Feature",
      "geometry": {
        "type": "Polygon",
        "coordinates": [
          [
            [
              52.52172819698231,
              29.79802829387324
            ],
            [
              52.52182481345519,
              29.79806022908033
            ],
            [
              52.52174426012937,
              29.79824561651475
            ],
            [
              52.52164764453278,
              29.79821368124311
            ],
            [
              52.52172819698231,
              29.79802829387324
            ]
          ]
        ]
      },
      "properties": {
        "name": "435",
        "area_m2": 253.84,
        "centroid": [
          52.521736,
          29.798137
        ]
      }
    },
    {
      "type": "Feature",
      "geometry": {
        "type": "Polygon",
        "coordinates": [
          [
            [
              52.52174426012937,
              29.79824561651475
            ],
            [
              52.52182481345519,
              29.79806022908033
            ],
            [
              52.52192142893865,
              29.79809216332417
            ],
            [
              52.52184087681894,
              29.79827755170152
            ],
            [
              52.52174426012937,
              29.79824561651475
            ]
          ]
        ]
      },
      "properties": {
        "name": "436",
        "area_m2": 253.84,
        "centroid": [
          52.521833,
          29.798169
        ]
      }
    },
    {
      "type": "Feature",
      "geometry": {
        "type": "Polygon",
        "coordinates": [
          [
            [
              52.52199396943503,
              29.79812465357059
            ],
            [
              52.52204876466308,
              29.79828270564097
            ],
            [
              52.52203900720129,
              29.79829859248419
            ],
            [
              52.52196421336572,
              29.79831831787235
            ],
            [
              52.52184087681894,
              29.79827755170152
            ],
            [
              52.52192142893865,
              29.79809216332417
            ],
            [
              52.52197986761389,
              29.79811147958575
            ],
            [
              52.52199396943503,
              29.79812465357059
            ]
          ]
        ]
      },
      "properties": {
        "name": "437",
        "area_m2": 359.2,
        "centroid": [
          52.521949,
          29.79822
        ]
      }
    },
    {
      "type": "Feature",
      "geometry": {
        "type": "Polygon",
        "coordinates": [
          [
            [
              52.52015102761364,
              29.79748769649461
            ],
            [
              52.52006314828168,
              29.79768993699081
            ],
            [
              52.51996653370466,
              29.7976580004496
            ],
            [
              52.52005441217469,
              29.79745576002273
            ],
            [
              52.52015102761364,
              29.79748769649461
            ]
          ]
        ]
      },
      "properties": {
        "name": "418",
        "area_m2": 276.91,
        "centroid": [
          52.520059,
          29.797573
        ]
      }
    },
    {
      "type": "Feature",
      "geometry": {
        "type": "Polygon",
        "coordinates": [
          [
            [
              52.52006314828168,
              29.79768993699081
            ],
            [
              52.52015102761364,
              29.79748769649461
            ],
            [
              52.52024764207683,
              29.7975196329054
            ],
            [
              52.52015976395168,
              29.79772187344718
            ],
            [
              52.52006314828168,
              29.79768993699081
            ]
          ]
        ]
      },
      "properties": {
        "name": "419",
        "area_m2": 276.91,
        "centroid": [
          52.520155,
          29.797605
        ]
      }
    },
    {
      "type": "Feature",
      "geometry": {
        "type": "Polygon",
        "coordinates": [
          [
            [
              52.52032594900995,
              29.79759370195041
            ],
            [
              52.52025637863225,
              29.7977538089403
            ],
            [
              52.52015976395168,
              29.79772187344718
            ],
            [
              52.52024764207683,
              29.7975196329054
            ],
            [
              52.52034425763298,
              29.79755156923134
            ],
            [
              52.52032594900995,
              29.79759370195041
            ]
          ]
        ]
      },
      "properties": {
        "name": "420",
        "area_m2": 276.91,
        "centroid": [
          52.520252,
          29.797637
        ]
      }
    },
    {
      "type": "Feature",
      "geometry": {
        "type": "Polygon",
        "coordinates": [
          [
            [
              52.51802566334852,
              29.79794484756803
            ],
            [
              52.51812227765444,
              29.79797678553917
            ],
            [
              52.51803439483003,
              29.79817902481839
            ],
            [
              52.51793778035168,
              29.79814708678977
            ],
            [
              52.51802566334852,
              29.79794484756803
            ]
          ]
        ]
      },
      "properties": {
        "name": "267",
        "area_m2": 276.91,
        "centroid": [
          52.51803,
          29.798062
        ]
      }
    },
    {
      "type": "Feature",
      "geometry": {
        "type": "Polygon",
        "coordinates": [
          [
            [
              52.51830677536777,
              29.79780648403681
            ],
            [
              52.51821889305334,
              29.79800872342548
            ],
            [
              52.51812227765444,
              29.79797678553917
            ],
            [
              52.51821016117566,
              29.79777454619609
            ],
            [
              52.51830677536777,
              29.79780648403681
            ]
          ]
        ]
      },
      "properties": {
        "name": "321",
        "area_m2": 276.92,
        "centroid": [
          52.518215,
          29.797892
        ]
      }
    },
    {
      "type": "Feature",
      "geometry": {
        "type": "Polygon",
        "coordinates": [
          [
            [
              52.51787299954754,
              29.79967636855443
            ],
            [
              52.51787268546007,
              29.79967646510155
            ],
            [
              52.51784809181127,
              29.79968401942179
            ],
            [
              52.51776983534055,
              29.79970805746932
            ],
            [
              52.51775119888709,
              29.79970027056675
            ],
            [
              52.51773374269762,
              29.79965704293967
            ],
            [
              52.51770289296193,
              29.79958064979181
            ],
            [
              52.51769817478773,
              29.79956896560206
            ],
            [
              52.51767367578106,
              29.79950829655426
            ],
            [
              52.51779062261159,
              29.79947237361674
            ],
            [
              52.51787299954754,
              29.79967636855443
            ]
          ]
        ]
      },
      "properties": {
        "name": "211",
        "area_m2": 331.15,
        "centroid": [
          52.517773,
          29.799592
        ]
      }
    },
    {
      "type": "Feature",
      "geometry": {
        "type": "Polygon",
        "coordinates": [
          [
            [
              52.51788807735874,
              29.79944243671585
            ],
            [
              52.51779062261159,
              29.79947237361674
            ],
            [
              52.51770824602683,
              29.79926837860983
            ],
            [
              52.51780570165433,
              29.79923844266522
            ],
            [
              52.51788807735874,
              29.79944243671585
            ]
          ]
        ]
      },
      "properties": {
        "name": "231",
        "area_m2": 276.92,
        "centroid": [
          52.517798,
          29.799355
        ]
      }
    },
    {
      "type": "Feature",
      "geometry": {
        "type": "Polygon",
        "coordinates": [
          [
            [
              52.51779062261159,
              29.79947237361674
            ],
            [
              52.51788807735874,
              29.79944243671585
            ],
            [
              52.51797045446235,
              29.79964643158758
            ],
            [
              52.51787299954754,
              29.79967636855443
            ],
            [
              52.51779062261159,
              29.79947237361674
            ]
          ]
        ]
      },
      "properties": {
        "name": "212",
        "area_m2": 276.92,
        "centroid": [
          52.517881,
          29.799559
        ]
      }
    },
    {
      "type": "Feature",
      "geometry": {
        "type": "Polygon",
        "coordinates": [
          [
            [
              52.51788807735874,
              29.79944243671585
            ],
            [
              52.51780570165433,
              29.79923844266522
            ],
            [
              52.51790315617286,
              29.79920850576032
            ],
            [
              52.51798553309293,
              29.79941250063529
            ],
            [
              52.51788807735874,
              29.79944243671585
            ]
          ]
        ]
      },
      "properties": {
        "name": "230",
        "area_m2": 276.92,
        "centroid": [
          52.517896,
          29.799325
        ]
      }
    },
    {
      "type": "Feature",
      "geometry": {
        "type": "Polygon",
        "coordinates": [
          [
            [
              52.51788807735874,
              29.79944243671585
            ],
            [
              52.51798553309293,
              29.79941250063529
            ],
            [
              52.51806790932981,
              29.79961649545293
            ],
            [
              52.51797045446235,
              29.79964643158758
            ],
            [
              52.51788807735874,
              29.79944243671585
            ]
          ]
        ]
      },
      "properties": {
        "name": "213",
        "area_m2": 276.92,
        "centroid": [
          52.517978,
          29.799529
        ]
      }
    },
    {
      "type": "Feature",
      "geometry": {
        "type": "Polygon",
        "coordinates": [
          [
            [
              52.51800124368473,
              29.79918013787951
            ],
            [
              52.51808298773177,
              29.79938256449662
            ],
            [
              52.51798553309293,
              29.79941250063529
            ],
            [
              52.51790315617286,
              29.79920850576032
            ],
            [
              52.51790493978174,
              29.79920795831555
            ],
            [
              52.51800061064404,
              29.79917856968763
            ],
            [
              52.51800124368473,
              29.79918013787951
            ]
          ]
        ]
      },
      "properties": {
        "name": "229",
        "area_m2": 276.92,
        "centroid": [
          52.517993,
          29.799296
        ]
      }
    },
    {
      "type": "Feature",
      "geometry": {
        "type": "Polygon",
        "coordinates": [
          [
            [
              52.51816536517069,
              29.79958655923642
            ],
            [
              52.51806790932981,
              29.79961649545293
            ],
            [
              52.51798553309293,
              29.79941250063529
            ],
            [
              52.51808298773177,
              29.79938256449662
            ],
            [
              52.51816536517069,
              29.79958655923642
            ]
          ]
        ]
      },
      "properties": {
        "name": "214",
        "area_m2": 276.92,
        "centroid": [
          52.518075,
          29.7995
        ]
      }
    },
    {
      "type": "Feature",
      "geometry": {
        "type": "Polygon",
        "coordinates": [
          [
            [
              52.51818044230964,
              29.79935262828801
            ],
            [
              52.51808298773177,
              29.79938256449662
            ],
            [
              52.51800124368473,
              29.79918013787951
            ],
            [
              52.51800061064404,
              29.79917856968763
            ],
            [
              52.51800138195559,
              29.79917833253936
            ],
            [
              52.51809806608864,
              29.79914863353308
            ],
            [
              52.51818044230964,
              29.79935262828801
            ]
          ]
        ]
      },
      "properties": {
        "name": "228",
        "area_m2": 276.92,
        "centroid": [
          52.518091,
          29.799266
        ]
      }
    },
    {
      "type": "Feature",
      "geometry": {
        "type": "Polygon",
        "coordinates": [
          [
            [
              52.51808298773177,
              29.79938256449662
            ],
            [
              52.51818044230964,
              29.79935262828801
            ],
            [
              52.5182628199162,
              29.79955662296181
            ],
            [
              52.51816536517069,
              29.79958655923642
            ],
            [
              52.51808298773177,
              29.79938256449662
            ]
          ]
        ]
      },
      "properties": {
        "name": "215",
        "area_m2": 276.92,
        "centroid": [
          52.518173,
          29.79947
        ]
      }
    },
    {
      "type": "Feature",
      "geometry": {
        "type": "Polygon",
        "coordinates": [
          [
            [
              52.51827789786091,
              29.7993226919975
            ],
            [
              52.51818044230964,
              29.79935262828801
            ],
            [
              52.51809806608864,
              29.79914863353308
            ],
            [
              52.51819552043787,
              29.79911869732043
            ],
            [
              52.51827789786091,
              29.7993226919975
            ]
          ]
        ]
      },
      "properties": {
        "name": "227",
        "area_m2": 276.92,
        "centroid": [
          52.518188,
          29.799236
        ]
      }
    },
    {
      "type": "Feature",
      "geometry": {
        "type": "Polygon",
        "coordinates": [
          [
            [
              52.51818044230964,
              29.79935262828801
            ],
            [
              52.51827789786091,
              29.7993226919975
            ],
            [
              52.51836027563515,
              29.79952668660535
            ],
            [
              52.5182628199162,
              29.79955662296181
            ],
            [
              52.51818044230964,
              29.79935262828801
            ]
          ]
        ]
      },
      "properties": {
        "name": "216",
        "area_m2": 276.92,
        "centroid": [
          52.51827,
          29.79944
        ]
      }
    },
    {
      "type": "Feature",
      "geometry": {
        "type": "Polygon",
        "coordinates": [
          [
            [
              52.51837535231684,
              29.79929275564891
            ],
            [
              52.51827789786091,
              29.7993226919975
            ],
            [
              52.51819552043787,
              29.79911869732043
            ],
            [
              52.51829297576054,
              29.79908876102595
            ],
            [
              52.51837535231684,
              29.79929275564891
            ]
          ]
        ]
      },
      "properties": {
        "name": "226",
        "area_m2": 276.92,
        "centroid": [
          52.518285,
          29.799206
        ]
      }
    },
    {
      "type": "Feature",
      "geometry": {
        "type": "Polygon",
        "coordinates": [
          [
            [
              52.51845773025872,
              29.79949675019079
            ],
            [
              52.51836027563515,
              29.79952668660535
            ],
            [
              52.51827789786091,
              29.7993226919975
            ],
            [
              52.51837535231684,
              29.79929275564891
            ],
            [
              52.51845773025872,
              29.79949675019079
            ]
          ]
        ]
      },
      "properties": {
        "name": "217",
        "area_m2": 276.92,
        "centroid": [
          52.518368,
          29.79941
        ]
      }
    },
    {
      "type": "Feature",
      "geometry": {
        "type": "Polygon",
        "coordinates": [
          [
            [
              52.51837535231684,
              29.79929275564891
            ],
            [
              52.51829297576054,
              29.79908876102595
            ],
            [
              52.51839042998783,
              29.79905882467335
            ],
            [
              52.51847280774618,
              29.79926281921847
            ],
            [
              52.51837535231684,
              29.79929275564891
            ]
          ]
        ]
      },
      "properties": {
        "name": "225",
        "area_m2": 276.92,
        "centroid": [
          52.518383,
          29.799176
        ]
      }
    },
    {
      "type": "Feature",
      "geometry": {
        "type": "Polygon",
        "coordinates": [
          [
            [
              52.51847280774618,
              29.79926281921847
            ],
            [
              52.51855518482132,
              29.79946681370627
            ],
            [
              52.51845773025872,
              29.79949675019079
            ],
            [
              52.51837535231684,
              29.79929275564891
            ],
            [
              52.51847280774618,
              29.79926281921847
            ]
          ]
        ]
      },
      "properties": {
        "name": "218",
        "area_m2": 276.92,
        "centroid": [
          52.518465,
          29.79938
        ]
      }
    },
    {
      "type": "Feature",
      "geometry": {
        "type": "Polygon",
        "coordinates": [
          [
            [
              52.51847764963837,
              29.79903460388121
            ],
            [
              52.51849221932879,
              29.7990406914078
            ],
            [
              52.51849273885438,
              29.79904090831325
            ],
            [
              52.51849733673001,
              29.79905229518584
            ],
            [
              52.51850504708855,
              29.79907138645688
            ],
            [
              52.51857026208016,
              29.79923288272993
            ],
            [
              52.51847280774618,
              29.79926281921847
            ],
            [
              52.51839042998783,
              29.79905882467335
            ],
            [
              52.51839234642771,
              29.79905823599358
            ],
            [
              52.51847410247574,
              29.7990331215095
            ],
            [
              52.51847764963837,
              29.79903460388121
            ]
          ]
        ]
      },
      "properties": {
        "name": "224",
        "area_m2": 275.76,
        "centroid": [
          52.51848,
          29.799146
        ]
      }
    },
    {
      "type": "Feature",
      "geometry": {
        "type": "Polygon",
        "coordinates": [
          [
            [
              52.51855518482132,
              29.79946681370627
            ],
            [
              52.51847280774618,
              29.79926281921847
            ],
            [
              52.51857026208016,
              29.79923288272993
            ],
            [
              52.51865264035735,
              29.79943687713988
            ],
            [
              52.51855518482132,
              29.79946681370627
            ]
          ]
        ]
      },
      "properties": {
        "name": "219",
        "area_m2": 276.92,
        "centroid": [
          52.518563,
          29.79935
        ]
      }
    },
    {
      "type": "Feature",
      "geometry": {
        "type": "Polygon",
        "coordinates": [
          [
            [
              52.51866771635316,
              29.79920294617143
            ],
            [
              52.51857026208016,
              29.79923288272993
            ],
            [
              52.51850504708855,
              29.79907138645688
            ],
            [
              52.51860250122884,
              29.79904144995059
            ],
            [
              52.51866771635316,
              29.79920294617143
            ]
          ]
        ]
      },
      "properties": {
        "name": "223",
        "area_m2": 219.23,
        "centroid": [
          52.518586,
          29.799137
        ]
      }
    },
    {
      "type": "Feature",
      "geometry": {
        "type": "Polygon",
        "coordinates": [
          [
            [
              52.51865264035735,
              29.79943687713988
            ],
            [
              52.51857026208016,
              29.79923288272993
            ],
            [
              52.51866771635316,
              29.79920294617143
            ],
            [
              52.51875009479801,
              29.79940694051541
            ],
            [
              52.51865264035735,
              29.79943687713988
            ]
          ]
        ]
      },
      "properties": {
        "name": "220",
        "area_m2": 276.92,
        "centroid": [
          52.51866,
          29.79932
        ]
      }
    },
    {
      "type": "Feature",
      "geometry": {
        "type": "Polygon",
        "coordinates": [
          [
            [
              52.51874990376297,
              29.79900189535727
            ],
            [
              52.5187680091169,
              29.79910512464139
            ],
            [
              52.51878137186441,
              29.79915602292996
            ],
            [
              52.51878428963762,
              29.79916713584326
            ],
            [
              52.51866771635316,
              29.79920294617143
            ],
            [
              52.51860250122884,
              29.79904144995059
            ],
            [
              52.51859500577263,
              29.7990228885891
            ],
            [
              52.51858533929391,
              29.79899895174636
            ],
            [
              52.51858681806534,
              29.79899849712569
            ],
            [
              52.51874521084525,
              29.79894984080644
            ],
            [
              52.51874990376297,
              29.79900189535727
            ]
          ]
        ]
      },
      "properties": {
        "name": "222",
        "area_m2": 383.02,
        "centroid": [
          52.518692,
          29.799075
        ]
      }
    },
    {
      "type": "Feature",
      "geometry": {
        "type": "Polygon",
        "coordinates": [
          [
            [
              52.51883690648052,
              29.79936754973862
            ],
            [
              52.51882693583291,
              29.79938333594141
            ],
            [
              52.51875009479801,
              29.79940694051541
            ],
            [
              52.51866771635316,
              29.79920294617143
            ],
            [
              52.51878428963762,
              29.79916713584326
            ],
            [
              52.51883690648052,
              29.79936754973862
            ]
          ]
        ]
      },
      "properties": {
        "name": "221",
        "area_m2": 292.32,
        "centroid": [
          52.518759,
          29.799284
        ]
      }
    },
    {
      "type": "Feature",
      "geometry": {
        "type": "Polygon",
        "coordinates": [
          [
            [
              52.5179411337886,
              29.79987878552799
            ],
            [
              52.51802694315109,
              29.80009127963822
            ],
            [
              52.51793352464027,
              29.8001199756117
            ],
            [
              52.51791488809734,
              29.80011218873584
            ],
            [
              52.51786997259613,
              29.80000096224498
            ],
            [
              52.51783878726783,
              29.79992373563243
            ],
            [
              52.5178477154452,
              29.79990748143559
            ],
            [
              52.5179411337886,
              29.79987878552799
            ]
          ]
        ]
      },
      "properties": {
        "name": "210",
        "area_m2": 315.0,
        "centroid": [
          52.517931,
          29.800001
        ]
      }
    },
    {
      "type": "Feature",
      "geometry": {
        "type": "Polygon",
        "coordinates": [
          [
            [
              52.5179411337886,
              29.79987878552799
            ],
            [
              52.51804833490623,
              29.79984585542507
            ],
            [
              52.51813414446082,
              29.8000583494597
            ],
            [
              52.51802694315109,
              29.80009127963822
            ],
            [
              52.5179411337886,
              29.79987878552799
            ]
          ]
        ]
      },
      "properties": {
        "name": "209",
        "area_m2": 317.3,
        "centroid": [
          52.518038,
          29.799969
        ]
      }
    },
    {
      "type": "Feature",
      "geometry": {
        "type": "Polygon",
        "coordinates": [
          [
            [
              52.51824876269914,
              29.80007091232694
            ],
            [
              52.51818043848449,
              29.8000919003436
            ],
            [
              52.51816508929524,
              29.8000966153766
            ],
            [
              52.51816413040069,
              29.80009621493102
            ],
            [
              52.51814645274028,
              29.80008882853383
            ],
            [
              52.51813979791111,
              29.80007235901185
            ],
            [
              52.51813414446082,
              29.8000583494597
            ],
            [
              52.51804833490623,
              29.79984585542507
            ],
            [
              52.51814578993847,
              29.79981591922785
            ],
            [
              52.51824876269914,
              29.80007091232694
            ]
          ]
        ]
      },
      "properties": {
        "name": "208",
        "area_m2": 345.0,
        "centroid": [
          52.518149,
          29.799958
        ]
      }
    },
    {
      "type": "Feature",
      "geometry": {
        "type": "Polygon",
        "coordinates": [
          [
            [
              52.51824324594414,
              29.79978598294878
            ],
            [
              52.51834621787998,
              29.8000409759773
            ],
            [
              52.51824876269914,
              29.80007091232694
            ],
            [
              52.51814578993847,
              29.79981591922785
            ],
            [
              52.51824324594414,
              29.79978598294878
            ]
          ]
        ]
      },
      "properties": {
        "name": "207",
        "area_m2": 346.15,
        "centroid": [
          52.518246,
          29.799928
        ]
      }
    },
    {
      "type": "Feature",
      "geometry": {
        "type": "Polygon",
        "coordinates": [
          [
            [
              52.51824324594414,
              29.79978598294878
            ],
            [
              52.51834070085443,
              29.79975604661161
            ],
            [
              52.51844367299984,
              29.80001103955766
            ],
            [
              52.51834621787998,
              29.8000409759773
            ],
            [
              52.51824324594414,
              29.79978598294878
            ]
          ]
        ]
      },
      "properties": {
        "name": "206",
        "area_m2": 346.15,
        "centroid": [
          52.518343,
          29.799899
        ]
      }
    },
    {
      "type": "Feature",
      "geometry": {
        "type": "Polygon",
        "coordinates": [
          [
            [
              52.51843815672453,
              29.7997261092904
            ],
            [
              52.51854112909314,
              29.79998110305618
            ],
            [
              52.51844367299984,
              29.80001103955766
            ],
            [
              52.51834070085443,
              29.79975604661161
            ],
            [
              52.51843815672453,
              29.7997261092904
            ]
          ]
        ]
      },
      "properties": {
        "name": "205",
        "area_m2": 346.15,
        "centroid": [
          52.518441,
          29.799869
        ]
      }
    },
    {
      "type": "Feature",
      "geometry": {
        "type": "Polygon",
        "coordinates": [
          [
            [
              52.51863837451977,
              29.79995064826222
            ],
            [
              52.51863858409106,
              29.79995116649659
            ],
            [
              52.51859931272271,
              29.79996322981417
            ],
            [
              52.51854112909314,
              29.79998110305618
            ],
            [
              52.51843815672453,
              29.7997261092904
            ],
            [
              52.51853561151287,
              29.79969617281329
            ],
            [
              52.51863837451977,
              29.79995064826222
            ]
          ]
        ]
      },
      "properties": {
        "name": "204",
        "area_m2": 346.15,
        "centroid": [
          52.518538,
          29.799839
        ]
      }
    },
    {
      "type": "Feature",
      "geometry": {
        "type": "Polygon",
        "coordinates": [
          [
            [
              52.51873517809199,
              29.79991909583228
            ],
            [
              52.51873604006241,
              29.79992122985516
            ],
            [
              52.51870916543161,
              29.79992948548897
            ],
            [
              52.51863909693142,
              29.79995100901249
            ],
            [
              52.51863858409106,
              29.79995116649659
            ],
            [
              52.51863837451977,
              29.79995064826222
            ],
            [
              52.51853561151287,
              29.79969617281329
            ],
            [
              52.51863306624026,
              29.7996662362662
            ],
            [
              52.51873517809199,
              29.79991909583228
            ]
          ]
        ]
      },
      "properties": {
        "name": "203",
        "area_m2": 346.15,
        "centroid": [
          52.518636,
          29.799809
        ]
      }
    },
    {
      "type": "Feature",
      "geometry": {
        "type": "Polygon",
        "coordinates": [
          [
            [
              52.51883349492475,
              29.79989129225345
            ],
            [
              52.51873631398542,
              29.79992114549779
            ],
            [
              52.51873604006241,
              29.79992122985516
            ],
            [
              52.51873517809199,
              29.79991909583228
            ],
            [
              52.51863306624026,
              29.7996662362662
            ],
            [
              52.51873052194106,
              29.79963629963725
            ],
            [
              52.51883349492475,
              29.79989129225345
            ]
          ]
        ]
      },
      "properties": {
        "name": "202",
        "area_m2": 346.15,
        "centroid": [
          52.518733,
          29.799779
        ]
      }
    },
    {
      "type": "Feature",
      "geometry": {
        "type": "Polygon",
        "coordinates": [
          [
            [
              52.5188571802077,
              29.7996108637919
            ],
            [
              52.51888778257729,
              29.79968664410485
            ],
            [
              52.51889103382186,
              29.79969469609825
            ],
            [
              52.51892152016836,
              29.79977018899015
            ],
            [
              52.51894985915449,
              29.79984036568155
            ],
            [
              52.51895047392086,
              29.79984188715731
            ],
            [
              52.51894157312323,
              29.79985809238415
            ],
            [
              52.51883378944012,
              29.79989120134295
            ],
            [
              52.51883349492475,
              29.79989129225345
            ],
            [
              52.51873052194106,
              29.79963629963725
            ],
            [
              52.51883859887273,
              29.7996030998713
            ],
            [
              52.5188571802077,
              29.7996108637919
            ]
          ]
        ]
      },
      "properties": {
        "name": "201",
        "area_m2": 430.39,
        "centroid": [
          52.518843,
          29.799745
        ]
      }
    },
    {
      "type": "Feature",
      "geometry": {
        "type": "Polygon",
        "coordinates": [
          [
            [
              52.51821890781773,
              29.80026771985646
            ],
            [
              52.51830471814296,
              29.80048021464404
            ],
            [
              52.51820726252844,
              29.80051015097658
            ],
            [
              52.51814376256469,
              29.8003529046686
            ],
            [
              52.51813580408126,
              29.80030347909662
            ],
            [
              52.51814858976016,
              29.80028931998452
            ],
            [
              52.51821890781773,
              29.80026771985646
            ]
          ]
        ]
      },
      "properties": {
        "name": "193.1",
        "area_m2": 282.63,
        "centroid": [
          52.518215,
          29.800391
        ]
      }
    },
    {
      "type": "Feature",
      "geometry": {
        "type": "Polygon",
        "coordinates": [
          [
            [
              52.51840769102537,
              29.80073520756829
            ],
            [
              52.51833828304478,
              29.80075652845278
            ],
            [
              52.51833780006134,
              29.8007566765695
            ],
            [
              52.51833414873036,
              29.80075515117859
            ],
            [
              52.51830052668019,
              29.80074110294104
            ],
            [
              52.51820726252844,
              29.80051015097658
            ],
            [
              52.51830471814296,
              29.80048021464404
            ],
            [
              52.51840769102537,
              29.80073520756829
            ]
          ]
        ]
      },
      "properties": {
        "name": "192",
        "area_m2": 341.54,
        "centroid": [
          52.518307,
          29.800621
        ]
      }
    },
    {
      "type": "Feature",
      "geometry": {
        "type": "Polygon",
        "coordinates": [
          [
            [
              52.51840217369649,
              29.80045027824153
            ],
            [
              52.51830471814296,
              29.80048021464404
            ],
            [
              52.51821890781773,
              29.80026771985646
            ],
            [
              52.51825565118198,
              29.80025643281822
            ],
            [
              52.5182630266283,
              29.80025416716132
            ],
            [
              52.51831636319662,
              29.80023778352267
            ],
            [
              52.51840217369649,
              29.80045027824153
            ]
          ]
        ]
      },
      "properties": {
        "name": "193",
        "area_m2": 288.46,
        "centroid": [
          52.518311,
          29.800359
        ]
      }
    },
    {
      "type": "Feature",
      "geometry": {
        "type": "Polygon",
        "coordinates": [
          [
            [
              52.51840769102537,
              29.80073520756829
            ],
            [
              52.51830471814296,
              29.80048021464404
            ],
            [
              52.51840217369649,
              29.80045027824153
            ],
            [
              52.51850514782289,
              29.80070527107142
            ],
            [
              52.51840769102537,
              29.80073520756829
            ]
          ]
        ]
      },
      "properties": {
        "name": "191",
        "area_m2": 346.15,
        "centroid": [
          52.518405,
          29.800593
        ]
      }
    },
    {
      "type": "Feature",
      "geometry": {
        "type": "Polygon",
        "coordinates": [
          [
            [
              52.51840217369649,
              29.80045027824153
            ],
            [
              52.51831636319662,
              29.80023778352267
            ],
            [
              52.51841381851455,
              29.80020784711889
            ],
            [
              52.51849963022347,
              29.80042034175714
            ],
            [
              52.51840217369649,
              29.80045027824153
            ]
          ]
        ]
      },
      "properties": {
        "name": "194",
        "area_m2": 288.46,
        "centroid": [
          52.518408,
          29.800329
        ]
      }
    },
    {
      "type": "Feature",
      "geometry": {
        "type": "Polygon",
        "coordinates": [
          [
            [
              52.51850514782289,
              29.80070527107142
            ],
            [
              52.51840217369649,
              29.80045027824153
            ],
            [
              52.51849963022347,
              29.80042034175714
            ],
            [
              52.51860260352504,
              29.80067533451645
            ],
            [
              52.51850514782289,
              29.80070527107142
            ]
          ]
        ]
      },
      "properties": {
        "name": "190",
        "area_m2": 346.15,
        "centroid": [
          52.518502,
          29.800563
        ]
      }
    },
    {
      "type": "Feature",
      "geometry": {
        "type": "Polygon",
        "coordinates": [
          [
            [
              52.51849963022347,
              29.80042034175714
            ],
            [
              52.51841381851455,
              29.80020784711889
            ],
            [
              52.51851127480589,
              29.80017791063327
            ],
            [
              52.51859708564143,
              29.80039040431252
            ],
            [
              52.51849963022347,
              29.80042034175714
            ]
          ]
        ]
      },
      "properties": {
        "name": "195",
        "area_m2": 288.46,
        "centroid": [
          52.518505,
          29.800299
        ]
      }
    },
    {
      "type": "Feature",
      "geometry": {
        "type": "Polygon",
        "coordinates": [
          [
            [
              52.51812227765444,
              29.79797678553917
            ],
            [
              52.51821889305334,
              29.79800872342548
            ],
            [
              52.51813101038773,
              29.79821096185999
            ],
            [
              52.51803439483003,
              29.79817902481839
            ],
            [
              52.51812227765444,
              29.79797678553917
            ]
          ]
        ]
      },
      "properties": {
        "name": "268",
        "area_m2": 276.92,
        "centroid": [
          52.518127,
          29.798094
        ]
      }
    },
    {
      "type": "Feature",
      "geometry": {
        "type": "Polygon",
        "coordinates": [
          [
            [
              52.51840339065284,
              29.79783842179271
            ],
            [
              52.51831550746285,
              29.79804066034854
            ],
            [
              52.51821889305334,
              29.79800872342548
            ],
            [
              52.51830677536777,
              29.79780648403681
            ],
            [
              52.51840339065284,
              29.79783842179271
            ]
          ]
        ]
      },
      "properties": {
        "name": "320",
        "area_m2": 276.91,
        "centroid": [
          52.518311,
          29.797924
        ]
      }
    },
    {
      "type": "Feature",
      "geometry": {
        "type": "Polygon",
        "coordinates": [
          [
            [
              52.51821889305334,
              29.79800872342548
            ],
            [
              52.51831550746285,
              29.79804066034854
            ],
            [
              52.5182276249833,
              29.79824289974269
            ],
            [
              52.51813101038773,
              29.79821096185999
            ],
            [
              52.51821889305334,
              29.79800872342548
            ]
          ]
        ]
      },
      "properties": {
        "name": "269",
        "area_m2": 276.91,
        "centroid": [
          52.518223,
          29.798126
        ]
      }
    },
    {
      "type": "Feature",
      "geometry": {
        "type": "Polygon",
        "coordinates": [
          [
            [
              52.51850000496215,
              29.79787035948751
            ],
            [
              52.51841212297896,
              29.79807259808892
            ],
            [
              52.51831550746285,
              29.79804066034854
            ],
            [
              52.51840339065284,
              29.79783842179271
            ],
            [
              52.51850000496215,
              29.79787035948751
            ]
          ]
        ]
      },
      "properties": {
        "name": "319",
        "area_m2": 276.91,
        "centroid": [
          52.518408,
          29.797956
        ]
      }
    },
    {
      "type": "Feature",
      "geometry": {
        "type": "Polygon",
        "coordinates": [
          [
            [
              52.51831550746285,
              29.79804066034854
            ],
            [
              52.51841212297896,
              29.79807259808892
            ],
            [
              52.51832424067183,
              29.79827483754053
            ],
            [
              52.5182276249833,
              29.79824289974269
            ],
            [
              52.51831550746285,
              29.79804066034854
            ]
          ]
        ]
      },
      "properties": {
        "name": "270",
        "area_m2": 276.92,
        "centroid": [
          52.51832,
          29.798158
        ]
      }
    },
    {
      "type": "Feature",
      "geometry": {
        "type": "Polygon",
        "coordinates": [
          [
            [
              52.51859662035081,
              29.7979022961953
            ],
            [
              52.5185087375193,
              29.79810453576824
            ],
            [
              52.51841212297896,
              29.79807259808892
            ],
            [
              52.51850000496215,
              29.79787035948751
            ],
            [
              52.51859662035081,
              29.7979022961953
            ]
          ]
        ]
      },
      "properties": {
        "name": "318",
        "area_m2": 276.91,
        "centroid": [
          52.518504,
          29.797987
        ]
      }
    },
    {
      "type": "Feature",
      "geometry": {
        "type": "Polygon",
        "coordinates": [
          [
            [
              52.51841212297896,
              29.79807259808892
            ],
            [
              52.5185087375193,
              29.79810453576824
            ],
            [
              52.51842085537098,
              29.79830677437513
            ],
            [
              52.51832424067183,
              29.79827483754053
            ],
            [
              52.51841212297896,
              29.79807259808892
            ]
          ]
        ]
      },
      "properties": {
        "name": "271",
        "area_m2": 276.91,
        "centroid": [
          52.518416,
          29.79819
        ]
      }
    },
    {
      "type": "Feature",
      "geometry": {
        "type": "Polygon",
        "coordinates": [
          [
            [
              52.51834923520761,
              29.80459039738476
            ],
            [
              52.51843641107768,
              29.80463877640052
            ],
            [
              52.51826999374841,
              29.80486686118595
            ],
            [
              52.51818281878487,
              29.80481848205425
            ],
            [
              52.51834923520761,
              29.80459039738476
            ]
          ]
        ]
      },
      "properties": {
        "name": "100",
        "area_m2": 346.17,
        "centroid": [
          52.51831,
          29.804729
        ]
      }
    },
    {
      "type": "Feature",
      "geometry": {
        "type": "Polygon",
        "coordinates": [
          [
            [
              52.51866226643281,
              29.80449708463079
            ],
            [
              52.51865377827297,
              29.80450871842279
            ],
            [
              52.51852358599567,
              29.80468715536734
            ],
            [
              52.51843641107768,
              29.80463877640052
            ],
            [
              52.51856727345567,
              29.80445942048828
            ],
            [
              52.51857509058697,
              29.80444870576257
            ],
            [
              52.51866226643281,
              29.80449708463079
            ]
          ]
        ]
      },
      "properties": {
        "name": "113",
        "area_m2": 288.47,
        "centroid": [
          52.518549,
          29.804568
        ]
      }
    },
    {
      "type": "Feature",
      "geometry": {
        "type": "Polygon",
        "coordinates": [
          [
            [
              52.51843641107768,
              29.80463877640052
            ],
            [
              52.51852358599567,
              29.80468715536734
            ],
            [
              52.51835716981513,
              29.80491523934277
            ],
            [
              52.51826999374841,
              29.80486686118595
            ],
            [
              52.51843641107768,
              29.80463877640052
            ]
          ]
        ]
      },
      "properties": {
        "name": "101",
        "area_m2": 346.17,
        "centroid": [
          52.518397,
          29.804777
        ]
      }
    },
    {
      "type": "Feature",
      "geometry": {
        "type": "Polygon",
        "coordinates": [
          [
            [
              52.51874717929251,
              29.80454420814473
            ],
            [
              52.51874944132657,
              29.80454546345007
            ],
            [
              52.51861076203047,
              29.80473553426144
            ],
            [
              52.51852358599567,
              29.80468715536734
            ],
            [
              52.51865377827297,
              29.80450871842279
            ],
            [
              52.51866226643281,
              29.80449708463079
            ],
            [
              52.51874717929251,
              29.80454420814473
            ]
          ]
        ]
      },
      "properties": {
        "name": "112",
        "area_m2": 288.47,
        "centroid": [
          52.518637,
          29.804616
        ]
      }
    },
    {
      "type": "Feature",
      "geometry": {
        "type": "Polygon",
        "coordinates": [
          [
            [
              52.51852358599567,
              29.80468715536734
            ],
            [
              52.51861076203047,
              29.80473553426144
            ],
            [
              52.5184443449434,
              29.80496361835283
            ],
            [
              52.51835716981513,
              29.80491523934277
            ],
            [
              52.51852358599567,
              29.80468715536734
            ]
          ]
        ]
      },
      "properties": {
        "name": "102",
        "area_m2": 346.17,
        "centroid": [
          52.518484,
          29.804825
        ]
      }
    },
    {
      "type": "Feature",
      "geometry": {
        "type": "Polygon",
        "coordinates": [
          [
            [
              52.51883661733714,
              29.80459384219663
            ],
            [
              52.5186979371132,
              29.80478391310663
            ],
            [
              52.51861076203047,
              29.80473553426144
            ],
            [
              52.51874944132657,
              29.80454546345007
            ],
            [
              52.51875507554587,
              29.80454859022276
            ],
            [
              52.51883661733714,
              29.80459384219663
            ]
          ]
        ]
      },
      "properties": {
        "name": "111",
        "area_m2": 288.47,
        "centroid": [
          52.518724,
          29.804665
        ]
      }
    },
    {
      "type": "Feature",
      "geometry": {
        "type": "Polygon",
        "coordinates": [
          [
            [
              52.51861076203047,
              29.80473553426144
            ],
            [
              52.5186979371132,
              29.80478391310663
            ],
            [
              52.51853152118849,
              29.80501199729019
            ],
            [
              52.5184443449434,
              29.80496361835283
            ],
            [
              52.51861076203047,
              29.80473553426144
            ]
          ]
        ]
      },
      "properties": {
        "name": "103",
        "area_m2": 346.17,
        "centroid": [
          52.518571,
          29.804874
        ]
      }
    },
    {
      "type": "Feature",
      "geometry": {
        "type": "Polygon",
        "coordinates": [
          [
            [
              52.51892379239563,
              29.80464222089426
            ],
            [
              52.5187851132991,
              29.80483229097691
            ],
            [
              52.5186979371132,
              29.80478391310663
            ],
            [
              52.51883661733714,
              29.80459384219663
            ],
            [
              52.51892379239563,
              29.80464222089426
            ]
          ]
        ]
      },
      "properties": {
        "name": "110",
        "area_m2": 288.47,
        "centroid": [
          52.518811,
          29.804713
        ]
      }
    },
    {
      "type": "Feature",
      "geometry": {
        "type": "Polygon",
        "coordinates": [
          [
            [
              52.5186979371132,
              29.80478391310663
            ],
            [
              52.5187851132991,
              29.80483229097691
            ],
            [
              52.5186186964815,
              29.80506037617861
            ],
            [
              52.51853152118849,
              29.80501199729019
            ],
            [
              52.5186979371132,
              29.80478391310663
            ]
          ]
        ]
      },
      "properties": {
        "name": "104",
        "area_m2": 346.17,
        "centroid": [
          52.518658,
          29.804922
        ]
      }
    },
    {
      "type": "Feature",
      "geometry": {
        "type": "Polygon",
        "coordinates": [
          [
            [
              52.5187851132991,
              29.80483229097691
            ],
            [
              52.51887228854653,
              29.80488066970044
            ],
            [
              52.51870587289131,
              29.80510875499431
            ],
            [
              52.5186186964815,
              29.80506037617861
            ],
            [
              52.5187851132991,
              29.80483229097691
            ]
          ]
        ]
      },
      "properties": {
        "name": "105",
        "area_m2": 346.17,
        "centroid": [
          52.518745,
          29.804971
        ]
      }
    },
    {
      "type": "Feature",
      "geometry": {
        "type": "Polygon",
        "coordinates": [
          [
            [
              52.51901096855728,
              29.80469059861701
            ],
            [
              52.51887228854653,
              29.80488066970044
            ],
            [
              52.5187851132991,
              29.80483229097691
            ],
            [
              52.51892379239563,
              29.80464222089426
            ],
            [
              52.51901096855728,
              29.80469059861701
            ]
          ]
        ]
      },
      "properties": {
        "name": "109",
        "area_m2": 288.47,
        "centroid": [
          52.518898,
          29.804761
        ]
      }
    },
    {
      "type": "Feature",
      "geometry": {
        "type": "Polygon",
        "coordinates": [
          [
            [
              52.51906197823271,
              29.80471890743161
            ],
            [
              52.51907016804902,
              29.80473545488635
            ],
            [
              52.51906945884008,
              29.80473850297613
            ],
            [
              52.51905716035805,
              29.80479135915307
            ],
            [
              52.51904296881765,
              29.80484704332485
            ],
            [
              52.51902759832541,
              29.80490248929855
            ],
            [
              52.51901932849727,
              29.80493007463252
            ],
            [
              52.51901828934828,
              29.80493354068248
            ],
            [
              52.51901105376538,
              29.80495767806885
            ],
            [
              52.51900310111751,
              29.80495326417194
            ],
            [
              52.51895946491079,
              29.80492904835126
            ],
            [
              52.51887228854653,
              29.80488066970044
            ],
            [
              52.51901096855728,
              29.80469059861701
            ],
            [
              52.51906197823271,
              29.80471890743161
            ]
          ]
        ]
      },
      "properties": {
        "name": "108",
        "area_m2": 335.61,
        "centroid": [
          52.518986,
          29.804827
        ]
      }
    },
    {
      "type": "Feature",
      "geometry": {
        "type": "Polygon",
        "coordinates": [
          [
            [
              52.51895946491079,
              29.80492904835126
            ],
            [
              52.51879304834905,
              29.80515713376108
            ],
            [
              52.51870587289131,
              29.80510875499431
            ],
            [
              52.51887228854653,
              29.80488066970044
            ],
            [
              52.51895946491079,
              29.80492904835126
            ]
          ]
        ]
      },
      "properties": {
        "name": "106",
        "area_m2": 346.17,
        "centroid": [
          52.518833,
          29.805019
        ]
      }
    },
    {
      "type": "Feature",
      "geometry": {
        "type": "Polygon",
        "coordinates": [
          [
            [
              52.51900310111751,
              29.80495326417194
            ],
            [
              52.51901105376538,
              29.80495767806885
            ],
            [
              52.51900537327492,
              29.80497524669066
            ],
            [
              52.51899210062948,
              29.80501629358672
            ],
            [
              52.51897182218345,
              29.80507457152681
            ],
            [
              52.51895022841514,
              29.80513248831333
            ],
            [
              52.51892732520197,
              29.80519002222227
            ],
            [
              52.51887840107804,
              29.80520449935326
            ],
            [
              52.51879304834905,
              29.80515713376108
            ],
            [
              52.51895946491079,
              29.80492904835126
            ],
            [
              52.51900310111751,
              29.80495326417194
            ]
          ]
        ]
      },
      "properties": {
        "name": "107",
        "area_m2": 340.02,
        "centroid": [
          52.518912,
          29.80508
        ]
      }
    },
    {
      "type": "Feature",
      "geometry": {
        "type": "Polygon",
        "coordinates": [
          [
            [
              52.51823810261313,
              29.79720429454735
            ],
            [
              52.51824019281272,
              29.79720500683503
            ],
            [
              52.51823978648233,
              29.79720591383012
            ],
            [
              52.51814995563807,
              29.79740645572896
            ],
            [
              52.51805371897969,
              29.79737366162794
            ],
            [
              52.51814395633748,
              29.7971722136952
            ],
            [
              52.51823810261313,
              29.79720429454735
            ]
          ]
        ]
      },
      "properties": {
        "name": "393",
        "area_m2": 276.91,
        "centroid": [
          52.518147,
          29.797289
        ]
      }
    },
    {
      "type": "Feature",
      "geometry": {
        "type": "Polygon",
        "coordinates": [
          [
            [
              52.51805371897969,
              29.79737366162794
            ],
            [
              52.51814995563807,
              29.79740645572896
            ],
            [
              52.51805971706953,
              29.79760790367777
            ],
            [
              52.51796348025525,
              29.7975751104199
            ],
            [
              52.51805371897969,
              29.79737366162794
            ]
          ]
        ]
      },
      "properties": {
        "name": "331",
        "area_m2": 276.91,
        "centroid": [
          52.518057,
          29.797491
        ]
      }
    },
    {
      "type": "Feature",
      "geometry": {
        "type": "Polygon",
        "coordinates": [
          [
            [
              52.51827925355227,
              29.79721831770317
            ],
            [
              52.51833642936163,
              29.79723780080456
            ],
            [
              52.51824619234289,
              29.79743924885533
            ],
            [
              52.51814995563807,
              29.79740645572896
            ],
            [
              52.51823978648233,
              29.79720591383012
            ],
            [
              52.51824019281272,
              29.79720500683503
            ],
            [
              52.51827925355227,
              29.79721831770317
            ]
          ]
        ]
      },
      "properties": {
        "name": "392",
        "area_m2": 276.91,
        "centroid": [
          52.518243,
          29.797322
        ]
      }
    },
    {
      "type": "Feature",
      "geometry": {
        "type": "Polygon",
        "coordinates": [
          [
            [
              52.51814995563807,
              29.79740645572896
            ],
            [
              52.51824619234289,
              29.79743924885533
            ],
            [
              52.51815595395749,
              29.79764069776531
            ],
            [
              52.51805971706953,
              29.79760790367777
            ],
            [
              52.51814995563807,
              29.79740645572896
            ]
          ]
        ]
      },
      "properties": {
        "name": "332",
        "area_m2": 276.91,
        "centroid": [
          52.518153,
          29.797524
        ]
      }
    },
    {
      "type": "Feature",
      "geometry": {
        "type": "Polygon",
        "coordinates": [
          [
            [
              52.51824619234289,
              29.79743924885533
            ],
            [
              52.51833642936163,
              29.79723780080456
            ],
            [
              52.51843266595697,
              29.79727059379945
            ],
            [
              52.51834242912138,
              29.7974720428114
            ],
            [
              52.51824619234289,
              29.79743924885533
            ]
          ]
        ]
      },
      "properties": {
        "name": "391",
        "area_m2": 276.91,
        "centroid": [
          52.518339,
          29.797355
        ]
      }
    },
    {
      "type": "Feature",
      "geometry": {
        "type": "Polygon",
        "coordinates": [
          [
            [
              52.51824619234289,
              29.79743924885533
            ],
            [
              52.51834242912138,
              29.7974720428114
            ],
            [
              52.51825219089189,
              29.79767349087824
            ],
            [
              52.51815595395749,
              29.79764069776531
            ],
            [
              52.51824619234289,
              29.79743924885533
            ]
          ]
        ]
      },
      "properties": {
        "name": "333",
        "area_m2": 276.91,
        "centroid": [
          52.518249,
          29.797556
        ]
      }
    },
    {
      "type": "Feature",
      "geometry": {
        "type": "Polygon",
        "coordinates": [
          [
            [
              52.51834242912138,
              29.7974720428114
            ],
            [
              52.51843266595697,
              29.79727059379945
            ],
            [
              52.51852890262599,
              29.79730338762405
            ],
            [
              52.51843866491192,
              29.79750483580473
            ],
            [
              52.51834242912138,
              29.7974720428114
            ]
          ]
        ]
      },
      "properties": {
        "name": "390",
        "area_m2": 276.91,
        "centroid": [
          52.518436,
          29.797388
        ]
      }
    },
    {
      "type": "Feature",
      "geometry": {
        "type": "Polygon",
        "coordinates": [
          [
            [
              52.51834242912138,
              29.7974720428114
            ],
            [
              52.51843866491192,
              29.79750483580473
            ],
            [
              52.51834842789994,
              29.79770628482086
            ],
            [
              52.51825219089189,
              29.79767349087824
            ],
            [
              52.51834242912138,
              29.7974720428114
            ]
          ]
        ]
      },
      "properties": {
        "name": "334",
        "area_m2": 276.91,
        "centroid": [
          52.518345,
          29.797589
        ]
      }
    },
    {
      "type": "Feature",
      "geometry": {
        "type": "Polygon",
        "coordinates": [
          [
            [
              52.51843866491192,
              29.79750483580473
            ],
            [
              52.51852890262599,
              29.79730338762405
            ],
            [
              52.51862513934143,
              29.79733618047404
            ],
            [
              52.51853490181051,
              29.79753762961589
            ],
            [
              52.51843866491192,
              29.79750483580473
            ]
          ]
        ]
      },
      "properties": {
        "name": "389",
        "area_m2": 276.91,
        "centroid": [
          52.518532,
          29.797421
        ]
      }
    },
    {
      "type": "Feature",
      "geometry": {
        "type": "Polygon",
        "coordinates": [
          [
            [
              52.51843866491192,
              29.79750483580473
            ],
            [
              52.51853490181051,
              29.79753762961589
            ],
            [
              52.51844466495444,
              29.79773907778886
            ],
            [
              52.51834842789994,
              29.79770628482086
            ],
            [
              52.51843866491192,
              29.79750483580473
            ]
          ]
        ]
      },
      "properties": {
        "name": "335",
        "area_m2": 276.91,
        "centroid": [
          52.518442,
          29.797622
        ]
      }
    },
    {
      "type": "Feature",
      "geometry": {
        "type": "Polygon",
        "coordinates": [
          [
            [
              52.51853490181051,
              29.79753762961589
            ],
            [
              52.51862513934143,
              29.79733618047404
            ],
            [
              52.51872137613055,
              29.79736897415371
            ],
            [
              52.51863113875554,
              29.79757042245241
            ],
            [
              52.51853490181051,
              29.79753762961589
            ]
          ]
        ]
      },
      "properties": {
        "name": "388",
        "area_m2": 276.91,
        "centroid": [
          52.518628,
          29.797453
        ]
      }
    },
    {
      "type": "Feature",
      "geometry": {
        "type": "Polygon",
        "coordinates": [
          [
            [
              52.51853490181051,
              29.79753762961589
            ],
            [
              52.51863113875554,
              29.79757042245241
            ],
            [
              52.51854090208262,
              29.79777187158656
            ],
            [
              52.51844466495444,
              29.79773907778886
            ],
            [
              52.51853490181051,
              29.79753762961589
            ]
          ]
        ]
      },
      "properties": {
        "name": "336",
        "area_m2": 276.91,
        "centroid": [
          52.518538,
          29.797655
        ]
      }
    },
    {
      "type": "Feature",
      "geometry": {
        "type": "Polygon",
        "coordinates": [
          [
            [
              52.51863113875554,
              29.79757042245241
            ],
            [
              52.51872137613055,
              29.79736897415371
            ],
            [
              52.51881761296609,
              29.79740176685874
            ],
            [
              52.51872737577423,
              29.79760321611862
            ],
            [
              52.51863113875554,
              29.79757042245241
            ]
          ]
        ]
      },
      "properties": {
        "name": "387",
        "area_m2": 276.91,
        "centroid": [
          52.518724,
          29.797486
        ]
      }
    },
    {
      "type": "Feature",
      "geometry": {
        "type": "Polygon",
        "coordinates": [
          [
            [
              52.51863113875554,
              29.79757042245241
            ],
            [
              52.51872737577423,
              29.79760321611862
            ],
            [
              52.51863713925722,
              29.79780466440962
            ],
            [
              52.51854090208262,
              29.79777187158656
            ],
            [
              52.51863113875554,
              29.79757042245241
            ]
          ]
        ]
      },
      "properties": {
        "name": "337",
        "area_m2": 276.91,
        "centroid": [
          52.518634,
          29.797688
        ]
      }
    },
    {
      "type": "Feature",
      "geometry": {
        "type": "Polygon",
        "coordinates": [
          [
            [
              52.51872737577423,
              29.79760321611862
            ],
            [
              52.51881761296609,
              29.79740176685874
            ],
            [
              52.51891384987531,
              29.79743456039348
            ],
            [
              52.51882361283935,
              29.79763600881021
            ],
            [
              52.51872737577423,
              29.79760321611862
            ]
          ]
        ]
      },
      "properties": {
        "name": "386",
        "area_m2": 276.91,
        "centroid": [
          52.518821,
          29.797519
        ]
      }
    },
    {
      "type": "Feature",
      "geometry": {
        "type": "Polygon",
        "coordinates": [
          [
            [
              52.51872737577423,
              29.79760321611862
            ],
            [
              52.51882361283935,
              29.79763600881021
            ],
            [
              52.5187333765055,
              29.79783745806238
            ],
            [
              52.51863713925722,
              29.79780466440962
            ],
            [
              52.51872737577423,
              29.79760321611862
            ]
          ]
        ]
      },
      "properties": {
        "name": "338",
        "area_m2": 276.91,
        "centroid": [
          52.51873,
          29.79772
        ]
      }
    },
    {
      "type": "Feature",
      "geometry": {
        "type": "Polygon",
        "coordinates": [
          [
            [
              52.51882361283935,
              29.79763600881021
            ],
            [
              52.51891384987531,
              29.79743456039348
            ],
            [
              52.51901008683095,
              29.79746735295361
            ],
            [
              52.51891984997815,
              29.7976688023315
            ],
            [
              52.51882361283935,
              29.79763600881021
            ]
          ]
        ]
      },
      "properties": {
        "name": "385",
        "area_m2": 276.91,
        "centroid": [
          52.518917,
          29.797552
        ]
      }
    },
    {
      "type": "Feature",
      "geometry": {
        "type": "Polygon",
        "coordinates": [
          [
            [
              52.51882361283935,
              29.79763600881021
            ],
            [
              52.51891984997815,
              29.7976688023315
            ],
            [
              52.51882961380021,
              29.79787025074051
            ],
            [
              52.5187333765055,
              29.79783745806238
            ],
            [
              52.51882361283935,
              29.79763600881021
            ]
          ]
        ]
      },
      "properties": {
        "name": "339",
        "area_m2": 276.91,
        "centroid": [
          52.518827,
          29.797753
        ]
      }
    },
    {
      "type": "Feature",
      "geometry": {
        "type": "Polygon",
        "coordinates": [
          [
            [
              52.51891984997815,
              29.7976688023315
            ],
            [
              52.51901008683095,
              29.79746735295361
            ],
            [
              52.51910632386028,
              29.79750014634341
            ],
            [
              52.51901608716338,
              29.79770159487815
            ],
            [
              52.51891984997815,
              29.7976688023315
            ]
          ]
        ]
      },
      "properties": {
        "name": "384",
        "area_m2": 276.91,
        "centroid": [
          52.519013,
          29.797584
        ]
      }
    },
    {
      "type": "Feature",
      "geometry": {
        "type": "Polygon",
        "coordinates": [
          [
            [
              52.51891984997815,
              29.7976688023315
            ],
            [
              52.51901608716338,
              29.79770159487815
            ],
            [
              52.51892585116859,
              29.79790304424834
            ],
            [
              52.51882961380021,
              29.79787025074051
            ],
            [
              52.51891984997815,
              29.7976688023315
            ]
          ]
        ]
      },
      "properties": {
        "name": "340",
        "area_m2": 276.91,
        "centroid": [
          52.518923,
          29.797786
        ]
      }
    },
    {
      "type": "Feature",
      "geometry": {
        "type": "Polygon",
        "coordinates": [
          [
            [
              52.51916853520775,
              29.79752134517132
            ],
            [
              52.5191892674171,
              29.79756261570874
            ],
            [
              52.51917697968214,
              29.79759004693447
            ],
            [
              52.51911549993309,
              29.79772729826332
            ],
            [
              52.51911232442228,
              29.7977343882545
            ],
            [
              52.51911218819673,
              29.79773434199699
            ],
            [
              52.51901608716338,
              29.79770159487815
            ],
            [
              52.51910632386028,
              29.79750014634341
            ],
            [
              52.51916853520775,
              29.79752134517132
            ]
          ]
        ]
      },
      "properties": {
        "name": "383",
        "area_m2": 269.7,
        "centroid": [
          52.519107,
          29.797619
        ]
      }
    },
    {
      "type": "Feature",
      "geometry": {
        "type": "Polygon",
        "coordinates": [
          [
            [
              52.51911218819673,
              29.79773434199699
            ],
            [
              52.51911232442228,
              29.7977343882545
            ],
            [
              52.51908747666236,
              29.79778985928246
            ],
            [
              52.5190510316623,
              29.79787122233495
            ],
            [
              52.51903817940067,
              29.7978999133693
            ],
            [
              52.51903538117598,
              29.79790616076041
            ],
            [
              52.51898806273525,
              29.79792424315253
            ],
            [
              52.51896896582822,
              29.79791773579232
            ],
            [
              52.51892585116859,
              29.79790304424834
            ],
            [
              52.51901608716338,
              29.79770159487815
            ],
            [
              52.51911218819673,
              29.79773434199699
            ]
          ]
        ]
      },
      "properties": {
        "name": "341",
        "area_m2": 269.7,
        "centroid": [
          52.519019,
          29.797816
        ]
      }
    },
    {
      "type": "Feature",
      "geometry": {
        "type": "Polygon",
        "coordinates": [
          [
            [
              52.51763920465575,
              29.79781709587978
            ],
            [
              52.51754259065648,
              29.79778515844601
            ],
            [
              52.51761308025988,
              29.79762294612158
            ],
            [
              52.51762011701652,
              29.79760675336037
            ],
            [
              52.51765780066243,
              29.79759195287349
            ],
            [
              52.51767636628954,
              29.79759809025751
            ],
            [
              52.51772708801835,
              29.79761485773807
            ],
            [
              52.51763920465575,
              29.79781709587978
            ]
          ]
        ]
      },
      "properties": {
        "name": "327",
        "area_m2": 272.3,
        "centroid": [
          52.517635,
          29.797702
        ]
      }
    },
    {
      "type": "Feature",
      "geometry": {
        "type": "Polygon",
        "coordinates": [
          [
            [
              52.517500598025,
              29.79800256734263
            ],
            [
              52.51748203233162,
              29.79799642993652
            ],
            [
              52.51746506298574,
              29.7979635626009
            ],
            [
              52.51747209980153,
              29.79794737074887
            ],
            [
              52.51754259065648,
              29.79778515844601
            ],
            [
              52.51763920465575,
              29.79781709587978
            ],
            [
              52.51755132096922,
              29.79801933487166
            ],
            [
              52.517500598025,
              29.79800256734263
            ]
          ]
        ]
      },
      "properties": {
        "name": "262",
        "area_m2": 272.3,
        "centroid": [
          52.517548,
          29.797901
        ]
      }
    },
    {
      "type": "Feature",
      "geometry": {
        "type": "Polygon",
        "coordinates": [
          [
            [
              52.5178237029518,
              29.79764679593172
            ],
            [
              52.51773581872725,
              29.79784903414275
            ],
            [
              52.51763920465575,
              29.79781709587978
            ],
            [
              52.51772708801835,
              29.79761485773807
            ],
            [
              52.5178237029518,
              29.79764679593172
            ]
          ]
        ]
      },
      "properties": {
        "name": "326",
        "area_m2": 276.91,
        "centroid": [
          52.517731,
          29.797732
        ]
      }
    },
    {
      "type": "Feature",
      "geometry": {
        "type": "Polygon",
        "coordinates": [
          [
            [
              52.51763920465575,
              29.79781709587978
            ],
            [
              52.51773581872725,
              29.79784903414275
            ],
            [
              52.51764793521315,
              29.79805127319211
            ],
            [
              52.51755132096922,
              29.79801933487166
            ],
            [
              52.51763920465575,
              29.79781709587978
            ]
          ]
        ]
      },
      "properties": {
        "name": "263",
        "area_m2": 276.91,
        "centroid": [
          52.517644,
          29.797934
        ]
      }
    },
    {
      "type": "Feature",
      "geometry": {
        "type": "Polygon",
        "coordinates": [
          [
            [
              52.51792031689586,
              29.79767873316211
            ],
            [
              52.51783243389174,
              29.79788097232089
            ],
            [
              52.51773581872725,
              29.79784903414275
            ],
            [
              52.5178237029518,
              29.79764679593172
            ],
            [
              52.51792031689586,
              29.79767873316211
            ]
          ]
        ]
      },
      "properties": {
        "name": "325",
        "area_m2": 276.91,
        "centroid": [
          52.517828,
          29.797764
        ]
      }
    },
    {
      "type": "Feature",
      "geometry": {
        "type": "Polygon",
        "coordinates": [
          [
            [
              52.51783243389174,
              29.79788097232089
            ],
            [
              52.51774480550471,
              29.79808262469403
            ],
            [
              52.51774455053644,
              29.79808321052555
            ],
            [
              52.51770460451372,
              29.79807000622256
            ],
            [
              52.51764793521315,
              29.79805127319211
            ],
            [
              52.51773581872725,
              29.79784903414275
            ],
            [
              52.51783243389174,
              29.79788097232089
            ]
          ]
        ]
      },
      "properties": {
        "name": "264",
        "area_m2": 276.92,
        "centroid": [
          52.51774,
          29.797966
        ]
      }
    },
    {
      "type": "Feature",
      "geometry": {
        "type": "Polygon",
        "coordinates": [
          [
            [
              52.51801693092577,
              29.79771067212387
            ],
            [
              52.51792904808045,
              29.79791291043798
            ],
            [
              52.51783243389174,
              29.79788097232089
            ],
            [
              52.51792031689586,
              29.79767873316211
            ],
            [
              52.51801662628743,
              29.79771057185532
            ],
            [
              52.51801693092577,
              29.79771067212387
            ]
          ]
        ]
      },
      "properties": {
        "name": "324",
        "area_m2": 276.91,
        "centroid": [
          52.517925,
          29.797796
        ]
      }
    },
    {
      "type": "Feature",
      "geometry": {
        "type": "Polygon",
        "coordinates": [
          [
            [
              52.51792904808045,
              29.79791291043798
            ],
            [
              52.51784116489757,
              29.79811514870008
            ],
            [
              52.51774492173004,
              29.79808333349088
            ],
            [
              52.51774455053644,
              29.79808321052555
            ],
            [
              52.51774480550471,
              29.79808262469403
            ],
            [
              52.51783243389174,
              29.79788097232089
            ],
            [
              52.51792904808045,
              29.79791291043798
            ]
          ]
        ]
      },
      "properties": {
        "name": "265",
        "area_m2": 276.91,
        "centroid": [
          52.517837,
          29.797998
        ]
      }
    },
    {
      "type": "Feature",
      "geometry": {
        "type": "Polygon",
        "coordinates": [
          [
            [
              52.51811354602142,
              29.79774260919646
            ],
            [
              52.51802566334852,
              29.79794484756803
            ],
            [
              52.51792904808045,
              29.79791291043798
            ],
            [
              52.51801693092577,
              29.79771067212387
            ],
            [
              52.51811354602142,
              29.79774260919646
            ]
          ]
        ]
      },
      "properties": {
        "name": "323",
        "area_m2": 276.91,
        "centroid": [
          52.518021,
          29.797828
        ]
      }
    },
    {
      "type": "Feature",
      "geometry": {
        "type": "Polygon",
        "coordinates": [
          [
            [
              52.51792904808045,
              29.79791291043798
            ],
            [
              52.51802566334852,
              29.79794484756803
            ],
            [
              52.51793778035168,
              29.79814708678977
            ],
            [
              52.51784116489757,
              29.79811514870008
            ],
            [
              52.51792904808045,
              29.79791291043798
            ]
          ]
        ]
      },
      "properties": {
        "name": "266",
        "area_m2": 276.92,
        "centroid": [
          52.517933,
          29.79803
        ]
      }
    },
    {
      "type": "Feature",
      "geometry": {
        "type": "Polygon",
        "coordinates": [
          [
            [
              52.51812227765444,
              29.79797678553917
            ],
            [
              52.51802566334852,
              29.79794484756803
            ],
            [
              52.51811354602142,
              29.79774260919646
            ],
            [
              52.51821016117566,
              29.79777454619609
            ],
            [
              52.51812227765444,
              29.79797678553917
            ]
          ]
        ]
      },
      "properties": {
        "name": "322",
        "area_m2": 276.91,
        "centroid": [
          52.518118,
          29.79786
        ]
      }
    },
    {
      "type": "Feature",
      "geometry": {
        "type": "Polygon",
        "coordinates": [
          [
            [
              52.51737617404457,
              29.80520839174938
            ],
            [
              52.51739634722792,
              29.80520448131488
            ],
            [
              52.51749415103144,
              29.80525875922668
            ],
            [
              52.517327731581,
              29.80548684290384
            ],
            [
              52.5172356536683,
              29.80543574209081
            ],
            [
              52.51722908795037,
              29.80540997665178
            ],
            [
              52.51728971398605,
              29.80532688639764
            ],
            [
              52.51737617404457,
              29.80520839174938
            ]
          ]
        ]
      },
      "properties": {
        "name": "74",
        "area_m2": 433.7,
        "centroid": [
          52.517357,
          29.805342
        ]
      }
    },
    {
      "type": "Feature",
      "geometry": {
        "type": "Polygon",
        "coordinates": [
          [
            [
              52.51749415103144,
              29.80525875922668
            ],
            [
              52.51758132711064,
              29.80530713879607
            ],
            [
              52.51741490675366,
              29.80553522258919
            ],
            [
              52.517327731581,
              29.80548684290384
            ],
            [
              52.51749415103144,
              29.80525875922668
            ]
          ]
        ]
      },
      "properties": {
        "name": "73",
        "area_m2": 346.17,
        "centroid": [
          52.517455,
          29.805397
        ]
      }
    },
    {
      "type": "Feature",
      "geometry": {
        "type": "Polygon",
        "coordinates": [
          [
            [
              52.51766259881241,
              29.80535224209679
            ],
            [
              52.51766850223775,
              29.80535551831653
            ],
            [
              52.51765917255559,
              29.80536830496024
            ],
            [
              52.51750208302952,
              29.80558360129968
            ],
            [
              52.51741490675366,
              29.80553522258919
            ],
            [
              52.51758132711064,
              29.80530713879607
            ],
            [
              52.51766259881241,
              29.80535224209679
            ]
          ]
        ]
      },
      "properties": {
        "name": "72",
        "area_m2": 346.17,
        "centroid": [
          52.517542,
          29.805445
        ]
      }
    },
    {
      "type": "Feature",
      "geometry": {
        "type": "Polygon",
        "coordinates": [
          [
            [
              52.51775017361816,
              29.80540084255236
            ],
            [
              52.51775567848168,
              29.80540389776428
            ],
            [
              52.5175892583669,
              29.80563198086338
            ],
            [
              52.51750208302952,
              29.80558360129968
            ],
            [
              52.51765917255559,
              29.80536830496024
            ],
            [
              52.51766850223775,
              29.80535551831653
            ],
            [
              52.51775017361816,
              29.80540084255236
            ]
          ]
        ]
      },
      "properties": {
        "name": "71",
        "area_m2": 346.17,
        "centroid": [
          52.517629,
          29.805494
        ]
      }
    },
    {
      "type": "Feature",
      "geometry": {
        "type": "Polygon",
        "coordinates": [
          [
            [
              52.51775567848168,
              29.80540389776428
            ],
            [
              52.51784285375992,
              29.8054522762609
            ],
            [
              52.51767643482113,
              29.80568036035437
            ],
            [
              52.5175892583669,
              29.80563198086338
            ],
            [
              52.51775567848168,
              29.80540389776428
            ]
          ]
        ]
      },
      "properties": {
        "name": "70",
        "area_m2": 346.17,
        "centroid": [
          52.517716,
          29.805542
        ]
      }
    },
    {
      "type": "Feature",
      "geometry": {
        "type": "Polygon",
        "coordinates": [
          [
            [
              52.51784285375992,
              29.8054522762609
            ],
            [
              52.51793003016859,
              29.80550065558703
            ],
            [
              52.51776361032326,
              29.80572873979643
            ],
            [
              52.51767643482113,
              29.80568036035437
            ],
            [
              52.51784285375992,
              29.8054522762609
            ]
          ]
        ]
      },
      "properties": {
        "name": "69",
        "area_m2": 346.17,
        "centroid": [
          52.517803,
          29.805591
        ]
      }
    },
    {
      "type": "Feature",
      "geometry": {
        "type": "Polygon",
        "coordinates": [
          [
            [
              52.51793003016859,
              29.80550065558703
            ],
            [
              52.51801720562519,
              29.8055490348642
            ],
            [
              52.51785078694223,
              29.80577711916579
            ],
            [
              52.51776361032326,
              29.80572873979643
            ],
            [
              52.51793003016859,
              29.80550065558703
            ]
          ]
        ]
      },
      "properties": {
        "name": "68",
        "area_m2": 346.17,
        "centroid": [
          52.51789,
          29.805639
        ]
      }
    },
    {
      "type": "Feature",
      "geometry": {
        "type": "Polygon",
        "coordinates": [
          [
            [
              52.51801720562519,
              29.8055490348642
            ],
            [
              52.51810438219859,
              29.80559741406865
            ],
            [
              52.5179379626091,
              29.80582549848621
            ],
            [
              52.51785078694223,
              29.80577711916579
            ],
            [
              52.51801720562519,
              29.8055490348642
            ]
          ]
        ]
      },
      "properties": {
        "name": "67",
        "area_m2": 346.17,
        "centroid": [
          52.517978,
          29.805687
        ]
      }
    },
    {
      "type": "Feature",
      "geometry": {
        "type": "Polygon",
        "coordinates": [
          [
            [
              52.51818431987137,
              29.80564177621194
            ],
            [
              52.51819155781992,
              29.80564579322418
            ],
            [
              52.51818178826186,
              29.80565918319952
            ],
            [
              52.51802513937917,
              29.80587387683175
            ],
            [
              52.5179379626091,
              29.80582549848621
            ],
            [
              52.51810438219859,
              29.80559741406865
            ],
            [
              52.51818431987137,
              29.80564177621194
            ]
          ]
        ]
      },
      "properties": {
        "name": "66",
        "area_m2": 346.17,
        "centroid": [
          52.518065,
          29.805736
        ]
      }
    },
    {
      "type": "Feature",
      "geometry": {
        "type": "Polygon",
        "coordinates": [
          [
            [
              52.51827873455807,
              29.80569417230699
            ],
            [
              52.51826716071653,
              29.80571003554213
            ],
            [
              52.51811231521079,
              29.80592225603051
            ],
            [
              52.51802513937917,
              29.80587387683175
            ],
            [
              52.51818178826186,
              29.80565918319952
            ],
            [
              52.51819155781992,
              29.80564579322418
            ],
            [
              52.51827873455807,
              29.80569417230699
            ]
          ]
        ]
      },
      "properties": {
        "name": "65",
        "area_m2": 346.17,
        "centroid": [
          52.518152,
          29.805784
        ]
      }
    },
    {
      "type": "Feature",
      "geometry": {
        "type": "Polygon",
        "coordinates": [
          [
            [
              52.51835955403534,
              29.80573902319447
            ],
            [
              52.5183659103305,
              29.80574255043869
            ],
            [
              52.51819949215923,
              29.80597063515658
            ],
            [
              52.51811231521079,
              29.80592225603051
            ],
            [
              52.51826716071653,
              29.80571003554213
            ],
            [
              52.51827873455807,
              29.80569417230699
            ],
            [
              52.51835955403534,
              29.80573902319447
            ]
          ]
        ]
      },
      "properties": {
        "name": "64",
        "area_m2": 346.17,
        "centroid": [
          52.518239,
          29.805832
        ]
      }
    },
    {
      "type": "Feature",
      "geometry": {
        "type": "Polygon",
        "coordinates": [
          [
            [
              52.5183659103305,
              29.80574255043869
            ],
            [
              52.51845308723339,
              29.80579092939986
            ],
            [
              52.51828666815558,
              29.8060190142337
            ],
            [
              52.51819949215923,
              29.80597063515658
            ],
            [
              52.5183659103305,
              29.80574255043869
            ]
          ]
        ]
      },
      "properties": {
        "name": "63",
        "area_m2": 346.17,
        "centroid": [
          52.518326,
          29.805881
        ]
      }
    },
    {
      "type": "Feature",
      "geometry": {
        "type": "Polygon",
        "coordinates": [
          [
            [
              52.51828666815558,
              29.8060190142337
            ],
            [
              52.51845308723339,
              29.80579092939986
            ],
            [
              52.5185398489602,
              29.80583907846751
            ],
            [
              52.51854433196846,
              29.80585667193711
            ],
            [
              52.51841517788107,
              29.80603368471553
            ],
            [
              52.51833952615751,
              29.80604834786965
            ],
            [
              52.51831601758945,
              29.80603530146179
            ],
            [
              52.51828666815558,
              29.8060190142337
            ]
          ]
        ]
      },
      "properties": {
        "name": "62",
        "area_m2": 376.1,
        "centroid": [
          52.518421,
          29.805928
        ]
      }
    },
    {
      "type": "Feature",
      "geometry": {
        "type": "Polygon",
        "coordinates": [
          [
            [
              52.52151798464451,
              29.79828855393658
            ],
            [
              52.52161460027737,
              29.79832048930159
            ],
            [
              52.52152672431942,
              29.79852273065665
            ],
            [
              52.5214301085141,
              29.79849079523418
            ],
            [
              52.52151798464451,
              29.79828855393658
            ]
          ]
        ]
      },
      "properties": {
        "name": "364",
        "area_m2": 276.91,
        "centroid": [
          52.521522,
          29.798406
        ]
      }
    },
    {
      "type": "Feature",
      "geometry": {
        "type": "Polygon",
        "coordinates": [
          [
            [
              52.52152672431942,
              29.79852273065665
            ],
            [
              52.52143884801029,
              29.79872497105756
            ],
            [
              52.52134223101179,
              29.79869303649173
            ],
            [
              52.5214301085141,
              29.79849079523418
            ],
            [
              52.52152672431942,
              29.79852273065665
            ]
          ]
        ]
      },
      "properties": {
        "name": "360",
        "area_m2": 276.92,
        "centroid": [
          52.521434,
          29.798608
        ]
      }
    },
    {
      "type": "Feature",
      "geometry": {
        "type": "Polygon",
        "coordinates": [
          [
            [
              52.52151798464451,
              29.79828855393658
            ],
            [
              52.5214301085141,
              29.79849079523418
            ],
            [
              52.521333491733,
              29.79845885975064
            ],
            [
              52.52142136804951,
              29.79825661941267
            ],
            [
              52.52151798464451,
              29.79828855393658
            ]
          ]
        ]
      },
      "properties": {
        "name": "365",
        "area_m2": 276.92,
        "centroid": [
          52.521426,
          29.798374
        ]
      }
    },
    {
      "type": "Feature",
      "geometry": {
        "type": "Polygon",
        "coordinates": [
          [
            [
              52.52134223101179,
              29.79869303649173
            ],
            [
              52.52124561509262,
              29.79866110093884
            ],
            [
              52.521333491733,
              29.79845885975064
            ],
            [
              52.5214301085141,
              29.79849079523418
            ],
            [
              52.52134223101179,
              29.79869303649173
            ]
          ]
        ]
      },
      "properties": {
        "name": "359",
        "area_m2": 276.92,
        "centroid": [
          52.521338,
          29.798576
        ]
      }
    },
    {
      "type": "Feature",
      "geometry": {
        "type": "Polygon",
        "coordinates": [
          [
            [
              52.52142136804951,
              29.79825661941267
            ],
            [
              52.521333491733,
              29.79845885975064
            ],
            [
              52.52123687605852,
              29.79842692508441
            ],
            [
              52.52132475253384,
              29.79822468390172
            ],
            [
              52.52142136804951,
              29.79825661941267
            ]
          ]
        ]
      },
      "properties": {
        "name": "366",
        "area_m2": 276.91,
        "centroid": [
          52.521329,
          29.798342
        ]
      }
    },
    {
      "type": "Feature",
      "geometry": {
        "type": "Polygon",
        "coordinates": [
          [
            [
              52.521333491733,
              29.79845885975064
            ],
            [
              52.52124561509262,
              29.79866110093884
            ],
            [
              52.52115072946798,
              29.79862974183583
            ],
            [
              52.52114899819767,
              29.7986291653249
            ],
            [
              52.52123687605852,
              29.79842692508441
            ],
            [
              52.521333491733,
              29.79845885975064
            ]
          ]
        ]
      },
      "properties": {
        "name": "358",
        "area_m2": 276.92,
        "centroid": [
          52.521241,
          29.798544
        ]
      }
    },
    {
      "type": "Feature",
      "geometry": {
        "type": "Polygon",
        "coordinates": [
          [
            [
              52.52123687605852,
              29.79842692508441
            ],
            [
              52.52114025939461,
              29.79839498945495
            ],
            [
              52.52122813604238,
              29.79819274832969
            ],
            [
              52.52132475253384,
              29.79822468390172
            ],
            [
              52.52123687605852,
              29.79842692508441
            ]
          ]
        ]
      },
      "properties": {
        "name": "367",
        "area_m2": 276.92,
        "centroid": [
          52.521233,
          29.79831
        ]
      }
    },
    {
      "type": "Feature",
      "geometry": {
        "type": "Polygon",
        "coordinates": [
          [
            [
              52.52114025939461,
              29.79839498945495
            ],
            [
              52.52123687605852,
              29.79842692508441
            ],
            [
              52.52114899819767,
              29.7986291653249
            ],
            [
              52.52105238239569,
              29.79859722962608
            ],
            [
              52.52114025939461,
              29.79839498945495
            ]
          ]
        ]
      },
      "properties": {
        "name": "357",
        "area_m2": 276.92,
        "centroid": [
          52.521145,
          29.798512
        ]
      }
    },
    {
      "type": "Feature",
      "geometry": {
        "type": "Polygon",
        "coordinates": [
          [
            [
              52.52114025939461,
              29.79839498945495
            ],
            [
              52.52104364382367,
              29.79836305374062
            ],
            [
              52.52113152065754,
              29.79816081357498
            ],
            [
              52.52122813604238,
              29.79819274832969
            ],
            [
              52.52114025939461,
              29.79839498945495
            ]
          ]
        ]
      },
      "properties": {
        "name": "368",
        "area_m2": 276.91,
        "centroid": [
          52.521136,
          29.798278
        ]
      }
    },
    {
      "type": "Feature",
      "geometry": {
        "type": "Polygon",
        "coordinates": [
          [
            [
              52.52105238239569,
              29.79859722962608
            ],
            [
              52.52095576563158,
              29.79856529476837
            ],
            [
              52.52104364382367,
              29.79836305374062
            ],
            [
              52.52114025939461,
              29.79839498945495
            ],
            [
              52.52105238239569,
              29.79859722962608
            ]
          ]
        ]
      },
      "properties": {
        "name": "356",
        "area_m2": 276.92,
        "centroid": [
          52.521048,
          29.79848
        ]
      }
    },
    {
      "type": "Feature",
      "geometry": {
        "type": "Polygon",
        "coordinates": [
          [
            [
              52.52104364382367,
              29.79836305374062
            ],
            [
              52.52094702727697,
              29.79833111796523
            ],
            [
              52.52103490428327,
              29.79812887785704
            ],
            [
              52.52113152065754,
              29.79816081357498
            ],
            [
              52.52104364382367,
              29.79836305374062
            ]
          ]
        ]
      },
      "properties": {
        "name": "369",
        "area_m2": 276.92,
        "centroid": [
          52.521039,
          29.798246
        ]
      }
    },
    {
      "type": "Feature",
      "geometry": {
        "type": "Polygon",
        "coordinates": [
          [
            [
              52.52095576563158,
              29.79856529476837
            ],
            [
              52.5208591499468,
              29.79853335892362
            ],
            [
              52.52094702727697,
              29.79833111796523
            ],
            [
              52.52104364382367,
              29.79836305374062
            ],
            [
              52.52095576563158,
              29.79856529476837
            ]
          ]
        ]
      },
      "properties": {
        "name": "355",
        "area_m2": 276.92,
        "centroid": [
          52.520951,
          29.798448
        ]
      }
    },
    {
      "type": "Feature",
      "geometry": {
        "type": "Polygon",
        "coordinates": [
          [
            [
              52.52100454856839,
              29.79811884414515
            ],
            [
              52.52103057473633,
              29.79812744696776
            ],
            [
              52.52103490428327,
              29.79812887785704
            ],
            [
              52.52094702727697,
              29.79833111796523
            ],
            [
              52.52085041183688,
              29.79829918300712
            ],
            [
              52.52093828900198,
              29.79809694205423
            ],
            [
              52.52100454856839,
              29.79811884414515
            ]
          ]
        ]
      },
      "properties": {
        "name": "370",
        "area_m2": 276.91,
        "centroid": [
          52.520943,
          29.798214
        ]
      }
    },
    {
      "type": "Feature",
      "geometry": {
        "type": "Polygon",
        "coordinates": [
          [
            [
              52.52085041183688,
              29.79829918300712
            ],
            [
              52.52094702727697,
              29.79833111796523
            ],
            [
              52.5208591499468,
              29.79853335892362
            ],
            [
              52.52076253328624,
              29.7985014230178
            ],
            [
              52.52085041183688,
              29.79829918300712
            ]
          ]
        ]
      },
      "properties": {
        "name": "354",
        "area_m2": 276.92,
        "centroid": [
          52.520855,
          29.798416
        ]
      }
    },
    {
      "type": "Feature",
      "geometry": {
        "type": "Polygon",
        "coordinates": [
          [
            [
              52.52089392153908,
              29.79808227640735
            ],
            [
              52.52090530479258,
              29.79808603894871
            ],
            [
              52.52090851245624,
              29.79808710016637
            ],
            [
              52.52093404991254,
              29.7980955407998
            ],
            [
              52.52093828900198,
              29.79809694205423
            ],
            [
              52.52085041183688,
              29.79829918300712
            ],
            [
              52.52075379540737,
              29.79826724708579
            ],
            [
              52.52084167274491,
              29.79806500619036
            ],
            [
              52.52089392153908,
              29.79808227640735
            ]
          ]
        ]
      },
      "properties": {
        "name": "371",
        "area_m2": 276.92,
        "centroid": [
          52.520846,
          29.798182
        ]
      }
    },
    {
      "type": "Feature",
      "geometry": {
        "type": "Polygon",
        "coordinates": [
          [
            [
              52.52066591773229,
              29.79846948792929
            ],
            [
              52.52075379540737,
              29.79826724708579
            ],
            [
              52.52085041183688,
              29.79829918300712
            ],
            [
              52.52076253328624,
              29.7985014230178
            ],
            [
              52.52066591773229,
              29.79846948792929
            ]
          ]
        ]
      },
      "properties": {
        "name": "353",
        "area_m2": 276.92,
        "centroid": [
          52.520758,
          29.798384
        ]
      }
    },
    {
      "type": "Feature",
      "geometry": {
        "type": "Polygon",
        "coordinates": [
          [
            [
              52.52077380475425,
              29.79804257300706
            ],
            [
              52.5207909503212,
              29.79804823993288
            ],
            [
              52.52079863827197,
              29.79805078084629
            ],
            [
              52.52084167274491,
              29.79806500619036
            ],
            [
              52.52075379540737,
              29.79826724708579
            ],
            [
              52.52065718007081,
              29.79823531107961
            ],
            [
              52.52073426524615,
              29.79805790825178
            ],
            [
              52.52073470114155,
              29.79805690526274
            ],
            [
              52.52075695158341,
              29.79804816555603
            ],
            [
              52.52077238445339,
              29.79804210389871
            ],
            [
              52.52077380475425,
              29.79804257300706
            ]
          ]
        ]
      },
      "properties": {
        "name": "372",
        "area_m2": 272.3,
        "centroid": [
          52.520749,
          29.798152
        ]
      }
    },
    {
      "type": "Feature",
      "geometry": {
        "type": "Polygon",
        "coordinates": [
          [
            [
              52.52058669403754,
              29.79839752486763
            ],
            [
              52.52065718007081,
              29.79823531107961
            ],
            [
              52.52075379540737,
              29.79826724708579
            ],
            [
              52.52066591773229,
              29.79846948792929
            ],
            [
              52.52061519409315,
              29.79845272162339
            ],
            [
              52.52059662814541,
              29.798446584665
            ],
            [
              52.52057965771669,
              29.7984137177701
            ],
            [
              52.52058669403754,
              29.79839752486763
            ]
          ]
        ]
      },
      "properties": {
        "name": "352",
        "area_m2": 272.3,
        "centroid": [
          52.520663,
          29.798351
        ]
      }
    },
    {
      "type": "Feature",
      "geometry": {
        "type": "Polygon",
        "coordinates": [
          [
            [
              52.52069623868282,
              29.79917128809259
            ],
            [
              52.52078525109879,
              29.79920070922444
            ],
            [
              52.52078467623701,
              29.79920203233397
            ],
            [
              52.5207056108231,
              29.79938399035371
            ],
            [
              52.52060899441025,
              29.79935205435478
            ],
            [
              52.52068863382147,
              29.79916877419164
            ],
            [
              52.52069623868282,
              29.79917128809259
            ]
          ]
        ]
      },
      "properties": {
        "name": "718",
        "area_m2": 250.96,
        "centroid": [
          52.520697,
          29.799276
        ]
      }
    },
    {
      "type": "Feature",
      "geometry": {
        "type": "Polygon",
        "coordinates": [
          [
            [
              52.52068863382147,
              29.79916877419164
            ],
            [
              52.52060899441025,
              29.79935205435478
            ],
            [
              52.5205123770216,
              29.79932011829478
            ],
            [
              52.5205920176235,
              29.79913683817181
            ],
            [
              52.52068863382147,
              29.79916877419164
            ]
          ]
        ]
      },
      "properties": {
        "name": "717",
        "area_m2": 250.96,
        "centroid": [
          52.520601,
          29.799244
        ]
      }
    },
    {
      "type": "Feature",
      "geometry": {
        "type": "Polygon",
        "coordinates": [
          [
            [
              52.52050221923832,
              29.79910715615383
            ],
            [
              52.5205920176235,
              29.79913683817181
            ],
            [
              52.5205123770216,
              29.79932011829478
            ],
            [
              52.52041576072593,
              29.7992881821499
            ],
            [
              52.52049498956156,
              29.79910584884722
            ],
            [
              52.52049540044973,
              29.79910490209091
            ],
            [
              52.52050221923832,
              29.79910715615383
            ]
          ]
        ]
      },
      "properties": {
        "name": "716",
        "area_m2": 250.96,
        "centroid": [
          52.520504,
          29.799213
        ]
      }
    },
    {
      "type": "Feature",
      "geometry": {
        "type": "Polygon",
        "coordinates": [
          [
            [
              52.52040698708662,
              29.79907567779329
            ],
            [
              52.52049540044973,
              29.79910490209091
            ],
            [
              52.52049498956156,
              29.79910584884722
            ],
            [
              52.52041576072593,
              29.7992881821499
            ],
            [
              52.52031914346814,
              29.79925624684615
            ],
            [
              52.52039878436896,
              29.79907296592514
            ],
            [
              52.52040698708662,
              29.79907567779329
            ]
          ]
        ]
      },
      "properties": {
        "name": "715",
        "area_m2": 250.96,
        "centroid": [
          52.520407,
          29.799181
        ]
      }
    },
    {
      "type": "Feature",
      "geometry": {
        "type": "Polygon",
        "coordinates": [
          [
            [
              52.51928933526165,
              29.7995913012506
            ],
            [
              52.51931210548896,
              29.7995961132627
            ],
            [
              52.51933706497479,
              29.79960202710817
            ],
            [
              52.51936182965961,
              29.79960853691945
            ],
            [
              52.51938637878784,
              29.79961563842361
            ],
            [
              52.51938483918985,
              29.79962117295005
            ],
            [
              52.51934233043805,
              29.79977401773096
            ],
            [
              52.51924191942695,
              29.79975277451998
            ],
            [
              52.51928696783386,
              29.79959080060564
            ],
            [
              52.51928933526165,
              29.7995913012506
            ]
          ]
        ]
      },
      "properties": {
        "name": "489.24",
        "area_m2": 212.03,
        "centroid": [
          52.519314,
          29.799683
        ]
      }
    },
    {
      "type": "Feature",
      "geometry": {
        "type": "Polygon",
        "coordinates": [
          [
            [
              52.51938845476681,
              29.79961629581304
            ],
            [
              52.51941134974305,
              29.7996235426558
            ],
            [
              52.51952180332104,
              29.79966005313872
            ],
            [
              52.51945082773609,
              29.79979697254695
            ],
            [
              52.51934233043805,
              29.79977401773096
            ],
            [
              52.51938483918985,
              29.79962117295005
            ],
            [
              52.51938637878784,
              29.79961563842361
            ],
            [
              52.51938845476681,
              29.79961629581304
            ]
          ]
        ]
      },
      "properties": {
        "name": "489.25",
        "area_m2": 247.4,
        "centroid": [
          52.519426,
          29.799708
        ]
      }
    },
    {
      "type": "Feature",
      "geometry": {
        "type": "Polygon",
        "coordinates": [
          [
            [
              52.51952455455086,
              29.79966096263208
            ],
            [
              52.5196573299768,
              29.79970485092867
            ],
            [
              52.51965563509698,
              29.79970811969644
            ],
            [
              52.51958263612181,
              29.79984894605208
            ],
            [
              52.51945082773609,
              29.79979697254695
            ],
            [
              52.51952180332104,
              29.79966005313872
            ],
            [
              52.51952455455086,
              29.79966096263208
            ]
          ]
        ]
      },
      "properties": {
        "name": "489.12",
        "area_m2": 276.41,
        "centroid": [
          52.519554,
          29.799753
        ]
      }
    },
    {
      "type": "Feature",
      "geometry": {
        "type": "Polygon",
        "coordinates": [
          [
            [
              52.52007947509106,
              29.80041063685593
            ],
            [
              52.52007276351988,
              29.80039091610799
            ],
            [
              52.52019374295792,
              29.80015753095578
            ],
            [
              52.52029730629246,
              29.80019836637422
            ],
            [
              52.52017027545596,
              29.80044342875288
            ],
            [
              52.5201567804377,
              29.80043994400025
            ],
            [
              52.52014343340707,
              29.80043605149703
            ],
            [
              52.52013024993482,
              29.80043175467342
            ],
            [
              52.52011724665336,
              29.80042705875218
            ],
            [
              52.52010443916072,
              29.80042196896782
            ],
            [
              52.52009184413022,
              29.80041649324961
            ],
            [
              52.52007947509106,
              29.80041063685593
            ]
          ]
        ]
      },
      "properties": {
        "name": "489.4",
        "area_m2": 381.58,
        "centroid": [
          52.520182,
          29.800301
        ]
      }
    },
    {
      "type": "Feature",
      "geometry": {
        "type": "Polygon",
        "coordinates": [
          [
            [
              52.51699889794225,
              29.80726972455391
            ],
            [
              52.51691172141369,
              29.80722134465212
            ],
            [
              52.51707814453742,
              29.80699326232487
            ],
            [
              52.51716532197254,
              29.80704164211069
            ],
            [
              52.51699889794225,
              29.80726972455391
            ]
          ]
        ]
      },
      "properties": {
        "name": "8",
        "area_m2": 346.17,
        "centroid": [
          52.517039,
          29.807131
        ]
      }
    },
    {
      "type": "Feature",
      "geometry": {
        "type": "Polygon",
        "coordinates": [
          [
            [
              52.51738255874549,
              29.80689516526716
            ],
            [
              52.51739118446548,
              29.80689995231101
            ],
            [
              52.51737901632819,
              29.80691662897647
            ],
            [
              52.51725249844196,
              29.80709002094538
            ],
            [
              52.51716532197254,
              29.80704164211069
            ],
            [
              52.51730400705457,
              29.80685157267275
            ],
            [
              52.51738255874549,
              29.80689516526716
            ]
          ]
        ]
      },
      "properties": {
        "name": "16",
        "area_m2": 288.48,
        "centroid": [
          52.517278,
          29.806971
        ]
      }
    },
    {
      "type": "Feature",
      "geometry": {
        "type": "Polygon",
        "coordinates": [
          [
            [
              52.51708607558768,
              29.80731810438298
            ],
            [
              52.51699889794225,
              29.80726972455391
            ],
            [
              52.51716532197254,
              29.80704164211069
            ],
            [
              52.51725249844196,
              29.80709002094538
            ],
            [
              52.51708607558768,
              29.80731810438298
            ]
          ]
        ]
      },
      "properties": {
        "name": "9",
        "area_m2": 346.17,
        "centroid": [
          52.517126,
          29.80718
        ]
      }
    },
    {
      "type": "Feature",
      "geometry": {
        "type": "Polygon",
        "coordinates": [
          [
            [
              52.51746603219058,
              29.8069414894795
            ],
            [
              52.51746676906681,
              29.80694438109374
            ],
            [
              52.51747051610506,
              29.80695908297571
            ],
            [
              52.51745062377393,
              29.80698634511384
            ],
            [
              52.51733967604185,
              29.80713840060957
            ],
            [
              52.51725249844196,
              29.80709002094538
            ],
            [
              52.51737901632819,
              29.80691662897647
            ],
            [
              52.51739118446548,
              29.80689995231101
            ],
            [
              52.51746603219058,
              29.8069414894795
            ]
          ]
        ]
      },
      "properties": {
        "name": "15",
        "area_m2": 287.32,
        "centroid": [
          52.517365,
          29.807019
        ]
      }
    },
    {
      "type": "Feature",
      "geometry": {
        "type": "Polygon",
        "coordinates": [
          [
            [
              52.51733967604185,
              29.80713840060957
            ],
            [
              52.51745062377393,
              29.80698634511384
            ],
            [
              52.51753780137091,
              29.80703472464781
            ],
            [
              52.51742685268964,
              29.80718678022479
            ],
            [
              52.51733967604185,
              29.80713840060957
            ]
          ]
        ]
      },
      "properties": {
        "name": "14",
        "area_m2": 230.78,
        "centroid": [
          52.517439,
          29.807087
        ]
      }
    },
    {
      "type": "Feature",
      "geometry": {
        "type": "Polygon",
        "coordinates": [
          [
            [
              52.51726043009119,
              29.80741486387053
            ],
            [
              52.51717325228101,
              29.80736648416311
            ],
            [
              52.51733967604185,
              29.80713840060957
            ],
            [
              52.51742685268964,
              29.80718678022479
            ],
            [
              52.51726043009119,
              29.80741486387053
            ]
          ]
        ]
      },
      "properties": {
        "name": "11",
        "area_m2": 346.18,
        "centroid": [
          52.5173,
          29.807277
        ]
      }
    },
    {
      "type": "Feature",
      "geometry": {
        "type": "Polygon",
        "coordinates": [
          [
            [
              52.51755769368675,
              29.80700746249722
            ],
            [
              52.51757786723336,
              29.80700355292578
            ],
            [
              52.51765782252361,
              29.807047924179
            ],
            [
              52.51766230544254,
              29.80706551767897
            ],
            [
              52.51753146560057,
              29.80724483549283
            ],
            [
              52.51742685268964,
              29.80718678022479
            ],
            [
              52.51753780137091,
              29.80703472464781
            ],
            [
              52.51755769368675,
              29.80700746249722
            ]
          ]
        ]
      },
      "properties": {
        "name": "13",
        "area_m2": 343.87,
        "centroid": [
          52.517548,
          29.807121
        ]
      }
    },
    {
      "type": "Feature",
      "geometry": {
        "type": "Polygon",
        "coordinates": [
          [
            [
              52.51742685268964,
              29.80718678022479
            ],
            [
              52.51753146560057,
              29.80724483549283
            ],
            [
              52.51738465580672,
              29.80744603932601
            ],
            [
              52.51733422119104,
              29.80745581409116
            ],
            [
              52.51726043009119,
              29.80741486387053
            ],
            [
              52.51742685268964,
              29.80718678022479
            ]
          ]
        ]
      },
      "properties": {
        "name": "12",
        "area_m2": 408.2,
        "centroid": [
          52.517397,
          29.807328
        ]
      }
    },
    {
      "type": "Feature",
      "geometry": {
        "type": "Polygon",
        "coordinates": [
          [
            [
              52.51779062261159,
              29.79947237361674
            ],
            [
              52.51767367578106,
              29.79950829655426
            ],
            [
              52.51759615400685,
              29.79931632156644
            ],
            [
              52.5176050821884,
              29.79930006828724
            ],
            [
              52.51770824602683,
              29.79926837860983
            ],
            [
              52.51779062261159,
              29.79947237361674
            ]
          ]
        ]
      },
      "properties": {
        "name": "232",
        "area_m2": 331.15,
        "centroid": [
          52.517691,
          29.799389
        ]
      }
    },
    {
      "type": "Feature",
      "geometry": {
        "type": "Polygon",
        "coordinates": [
          [
            [
              52.51849963022347,
              29.80042034175714
            ],
            [
              52.51859708564143,
              29.80039040431252
            ],
            [
              52.51870005916621,
              29.80064539789152
            ],
            [
              52.51860260352504,
              29.80067533451645
            ],
            [
              52.51849963022347,
              29.80042034175714
            ]
          ]
        ]
      },
      "properties": {
        "name": "189",
        "area_m2": 346.15,
        "centroid": [
          52.5186,
          29.800533
        ]
      }
    },
    {
      "type": "Feature",
      "geometry": {
        "type": "Polygon",
        "coordinates": [
          [
            [
              52.51860873000187,
              29.80014797408953
            ],
            [
              52.51869454204645,
              29.80036046768817
            ],
            [
              52.51859708564143,
              29.80039040431252
            ],
            [
              52.51851127480589,
              29.80017791063327
            ],
            [
              52.51860873000187,
              29.80014797408953
            ]
          ]
        ]
      },
      "properties": {
        "name": "196",
        "area_m2": 288.46,
        "centroid": [
          52.518603,
          29.800269
        ]
      }
    },
    {
      "type": "Feature",
      "geometry": {
        "type": "Polygon",
        "coordinates": [
          [
            [
              52.51870005916621,
              29.80064539789152
            ],
            [
              52.51859708564143,
              29.80039040431252
            ],
            [
              52.51869454204645,
              29.80036046768817
            ],
            [
              52.5187975157808,
              29.80061546118471
            ],
            [
              52.51870005916621,
              29.80064539789152
            ]
          ]
        ]
      },
      "properties": {
        "name": "188",
        "area_m2": 346.15,
        "centroid": [
          52.518697,
          29.800503
        ]
      }
    },
    {
      "type": "Feature",
      "geometry": {
        "type": "Polygon",
        "coordinates": [
          [
            [
              52.51870618617127,
              29.80011803746395
            ],
            [
              52.5187919973561,
              29.80033053100575
            ],
            [
              52.51869454204645,
              29.80036046768817
            ],
            [
              52.51860873000187,
              29.80014797408953
            ],
            [
              52.51870618617127,
              29.80011803746395
            ]
          ]
        ]
      },
      "properties": {
        "name": "197",
        "area_m2": 288.46,
        "centroid": [
          52.5187,
          29.800239
        ]
      }
    },
    {
      "type": "Feature",
      "geometry": {
        "type": "Polygon",
        "coordinates": [
          [
            [
              52.51889497128639,
              29.80058552351766
            ],
            [
              52.5187975157808,
              29.80061546118471
            ],
            [
              52.51869454204645,
              29.80036046768817
            ],
            [
              52.5187919973561,
              29.80033053100575
            ],
            [
              52.51889497128639,
              29.80058552351766
            ]
          ]
        ]
      },
      "properties": {
        "name": "187",
        "area_m2": 346.15,
        "centroid": [
          52.518795,
          29.800473
        ]
      }
    },
    {
      "type": "Feature",
      "geometry": {
        "type": "Polygon",
        "coordinates": [
          [
            [
              52.51880364124529,
              29.80008810078026
            ],
            [
              52.51888945260477,
              29.80030059425335
            ],
            [
              52.5187919973561,
              29.80033053100575
            ],
            [
              52.51870618617127,
              29.80011803746395
            ],
            [
              52.51880364124529,
              29.80008810078026
            ]
          ]
        ]
      },
      "properties": {
        "name": "198",
        "area_m2": 288.46,
        "centroid": [
          52.518798,
          29.800209
        ]
      }
    },
    {
      "type": "Feature",
      "geometry": {
        "type": "Polygon",
        "coordinates": [
          [
            [
              52.51899179257647,
              29.80055401399786
            ],
            [
              52.51899242777904,
              29.8005555866709
            ],
            [
              52.51892819481916,
              29.80057531803159
            ],
            [
              52.51889497128639,
              29.80058552351766
            ],
            [
              52.5187919973561,
              29.80033053100575
            ],
            [
              52.51888945260477,
              29.80030059425335
            ],
            [
              52.51899179257647,
              29.80055401399786
            ]
          ]
        ]
      },
      "properties": {
        "name": "186",
        "area_m2": 346.15,
        "centroid": [
          52.518892,
          29.800443
        ]
      }
    },
    {
      "type": "Feature",
      "geometry": {
        "type": "Polygon",
        "coordinates": [
          [
            [
              52.51897017996045,
              29.80180668550381
            ],
            [
              52.5190455629437,
              29.80186831775976
            ],
            [
              52.51883356422531,
              29.80206555144769
            ],
            [
              52.51875818222008,
              29.80200391725695
            ],
            [
              52.51897017996045,
              29.80180668550381
            ]
          ]
        ]
      },
      "properties": {
        "name": "161",
        "area_m2": 346.16,
        "centroid": [
          52.518902,
          29.801936
        ]
      }
    },
    {
      "type": "Feature",
      "geometry": {
        "type": "Polygon",
        "coordinates": [
          [
            [
              52.5190455629437,
              29.80186831775976
            ],
            [
              52.51912094599192,
              29.80192994816457
            ],
            [
              52.51890894419939,
              29.80212718200671
            ],
            [
              52.51883356422531,
              29.80206555144769
            ],
            [
              52.5190455629437,
              29.80186831775976
            ]
          ]
        ]
      },
      "properties": {
        "name": "160",
        "area_m2": 346.15,
        "centroid": [
          52.518977,
          29.801998
        ]
      }
    },
    {
      "type": "Feature",
      "geometry": {
        "type": "Polygon",
        "coordinates": [
          [
            [
              52.51890894419939,
              29.80212718200671
            ],
            [
              52.51912094599192,
              29.80192994816457
            ],
            [
              52.51919632605637,
              29.80199158036256
            ],
            [
              52.51898958682824,
              29.80218392187476
            ],
            [
              52.51896925114689,
              29.80217648674782
            ],
            [
              52.51890894419939,
              29.80212718200671
            ]
          ]
        ]
      },
      "properties": {
        "name": "159",
        "area_m2": 345.3,
        "centroid": [
          52.519053,
          29.802059
        ]
      }
    },
    {
      "type": "Feature",
      "geometry": {
        "type": "Polygon",
        "coordinates": [
          [
            [
              52.51924488140124,
              29.80206144423333
            ],
            [
              52.51925917589767,
              29.80212979174299
            ],
            [
              52.51926822473581,
              29.80216362240684
            ],
            [
              52.51923555403412,
              29.80219852642891
            ],
            [
              52.51900736740193,
              29.80219042178142
            ],
            [
              52.51898958682824,
              29.80218392187476
            ],
            [
              52.51919632605637,
              29.80199158036256
            ],
            [
              52.51923965555995,
              29.80202700656492
            ],
            [
              52.51924488140124,
              29.80206144423333
            ]
          ]
        ]
      },
      "properties": {
        "name": "158",
        "area_m2": 398.41,
        "centroid": [
          52.519157,
          29.802121
        ]
      }
    },
    {
      "type": "Feature",
      "geometry": {
        "type": "Polygon",
        "coordinates": [
          [
            [
              52.51859066056329,
              29.80234232272464
            ],
            [
              52.51858793784019,
              29.80228269759197
            ],
            [
              52.51860263958135,
              29.80227003232574
            ],
            [
              52.51870122329446,
              29.80227466798228
            ],
            [
              52.51868453333849,
              29.80254462294686
            ],
            [
              52.51861128617009,
              29.80254117774729
            ],
            [
              52.51859025269289,
              29.80252131922908
            ],
            [
              52.51859181791794,
              29.80246166286956
            ],
            [
              52.51859148247919,
              29.80242713288132
            ],
            [
              52.51859066056329,
              29.80234232272464
            ]
          ]
        ]
      },
      "properties": {
        "name": "157.1",
        "area_m2": 339.69,
        "centroid": [
          52.518642,
          29.802403
        ]
      }
    },
    {
      "type": "Feature",
      "geometry": {
        "type": "Polygon",
        "coordinates": [
          [
            [
              52.5187910563678,
              29.80227889341944
            ],
            [
              52.51880439978261,
              29.80227952057555
            ],
            [
              52.51880360004932,
              29.80229246281349
            ],
            [
              52.51878770905617,
              29.80254947465298
            ],
            [
              52.51868453333849,
              29.80254462294686
            ],
            [
              52.51870122329446,
              29.80227466798228
            ],
            [
              52.5187910563678,
              29.80227889341944
            ]
          ]
        ]
      },
      "properties": {
        "name": "157",
        "area_m2": 346.16,
        "centroid": [
          52.518744,
          29.802412
        ]
      }
    },
    {
      "type": "Feature",
      "geometry": {
        "type": "Polygon",
        "coordinates": [
          [
            [
              52.51890757524259,
              29.80228437309978
            ],
            [
              52.5189067406108,
              29.80229788059556
            ],
            [
              52.51889088479373,
              29.80255432718033
            ],
            [
              52.51878770905617,
              29.80254947465298
            ],
            [
              52.51880360004932,
              29.80229246281349
            ],
            [
              52.51880439978261,
              29.80227952057555
            ],
            [
              52.51890757524259,
              29.80228437309978
            ]
          ]
        ]
      },
      "properties": {
        "name": "156",
        "area_m2": 346.16,
        "centroid": [
          52.518848,
          29.802417
        ]
      }
    },
    {
      "type": "Feature",
      "geometry": {
        "type": "Polygon",
        "coordinates": [
          [
            [
              52.51901075172962,
              29.80228922462903
            ],
            [
              52.51900995109759,
              29.80230217409652
            ],
            [
              52.51899406155832,
              29.80255917871268
            ],
            [
              52.51889088479373,
              29.80255432718033
            ],
            [
              52.5189067406108,
              29.80229788059556
            ],
            [
              52.51890757524259,
              29.80228437309978
            ],
            [
              52.51901075172962,
              29.80228922462903
            ]
          ]
        ]
      },
      "properties": {
        "name": "155",
        "area_m2": 346.16,
        "centroid": [
          52.518951,
          29.802422
        ]
      }
    },
    {
      "type": "Feature",
      "geometry": {
        "type": "Polygon",
        "coordinates": [
          [
            [
              52.51910180341043,
              29.80229350713046
            ],
            [
              52.51911392720209,
              29.80229407699139
            ],
            [
              52.51909723730837,
              29.80256403107816
            ],
            [
              52.51899406155832,
              29.80255917871268
            ],
            [
              52.51900995109759,
              29.80230217409652
            ],
            [
              52.51901075172962,
              29.80228922462903
            ],
            [
              52.51910180341043,
              29.80229350713046
            ]
          ]
        ]
      },
      "properties": {
        "name": "154",
        "area_m2": 346.16,
        "centroid": [
          52.519054,
          29.802427
        ]
      }
    },
    {
      "type": "Feature",
      "geometry": {
        "type": "Polygon",
        "coordinates": [
          [
            [
              52.51909723730837,
              29.80256403107816
            ],
            [
              52.51911392720209,
              29.80229407699139
            ],
            [
              52.51921710266718,
              29.80229892837065
            ],
            [
              52.51920041408546,
              29.80256888244866
            ],
            [
              52.51909723730837,
              29.80256403107816
            ]
          ]
        ]
      },
      "properties": {
        "name": "153",
        "area_m2": 346.16,
        "centroid": [
          52.519157,
          29.802431
        ]
      }
    },
    {
      "type": "Feature",
      "geometry": {
        "type": "Polygon",
        "coordinates": [
          [
            [
              52.5193094437839,
              29.80239481722933
            ],
            [
              52.5193197845101,
              29.80245908294226
            ],
            [
              52.51932401644865,
              29.80249011762802
            ],
            [
              52.51932857187813,
              29.80252352532204
            ],
            [
              52.51927503724259,
              29.80257239180814
            ],
            [
              52.51920041408546,
              29.80256888244866
            ],
            [
              52.51921710266718,
              29.80229892837065
            ],
            [
              52.51925886609787,
              29.80230089264495
            ],
            [
              52.51929755320113,
              29.80233075431009
            ],
            [
              52.5193094437839,
              29.80239481722933
            ]
          ]
        ]
      },
      "properties": {
        "name": "152",
        "area_m2": 333.18,
        "centroid": [
          52.51926,
          29.802445
        ]
      }
    },
    {
      "type": "Feature",
      "geometry": {
        "type": "Polygon",
        "coordinates": [
          [
            [
              52.5193460636832,
              29.8029788898571
            ],
            [
              52.51934446354305,
              29.80301307123246
            ],
            [
              52.51930597415741,
              29.80304312810372
            ],
            [
              52.5192276751812,
              29.80303944627559
            ],
            [
              52.51924436472996,
              29.80276949129847
            ],
            [
              52.51929504886891,
              29.80277187544601
            ],
            [
              52.51934887565312,
              29.80282049744556
            ],
            [
              52.51934889663996,
              29.80284235154898
            ],
            [
              52.519348938916,
              29.80288471077424
            ],
            [
              52.51934746766037,
              29.80294891106614
            ],
            [
              52.5193460636832,
              29.8029788898571
            ]
          ]
        ]
      },
      "properties": {
        "name": "151",
        "area_m2": 351.09,
        "centroid": [
          52.519289,
          29.802912
        ]
      }
    },
    {
      "type": "Feature",
      "geometry": {
        "type": "Polygon",
        "coordinates": [
          [
            [
              52.51914118878034,
              29.80276463995787
            ],
            [
              52.51924436472996,
              29.80276949129847
            ],
            [
              52.5192276751812,
              29.80303944627559
            ],
            [
              52.51912449894036,
              29.80303459402972
            ],
            [
              52.51914118878034,
              29.80276463995787
            ]
          ]
        ]
      },
      "properties": {
        "name": "150",
        "area_m2": 346.16,
        "centroid": [
          52.519184,
          29.802902
        ]
      }
    },
    {
      "type": "Feature",
      "geometry": {
        "type": "Polygon",
        "coordinates": [
          [
            [
              52.5190380117889,
              29.80275978764608
            ],
            [
              52.51914118878034,
              29.80276463995787
            ],
            [
              52.51912449894036,
              29.80303459402972
            ],
            [
              52.51902132167134,
              29.80302974171481
            ],
            [
              52.5190380117889,
              29.80275978764608
            ]
          ]
        ]
      },
      "properties": {
        "name": "149",
        "area_m2": 346.16,
        "centroid": [
          52.519081,
          29.802897
        ]
      }
    },
    {
      "type": "Feature",
      "geometry": {
        "type": "Polygon",
        "coordinates": [
          [
            [
              52.51893483585178,
              29.80275493614363
            ],
            [
              52.5190380117889,
              29.80275978764608
            ],
            [
              52.51902132167134,
              29.80302974171481
            ],
            [
              52.51891814545662,
              29.80302489020922
            ],
            [
              52.51893483585178,
              29.80275493614363
            ]
          ]
        ]
      },
      "properties": {
        "name": "148",
        "area_m2": 346.16,
        "centroid": [
          52.518978,
          29.802892
        ]
      }
    },
    {
      "type": "Feature",
      "geometry": {
        "type": "Polygon",
        "coordinates": [
          [
            [
              52.51872010080415,
              29.80274483657025
            ],
            [
              52.51872848293456,
              29.80274523110345
            ],
            [
              52.51872793178487,
              29.80275415242356
            ],
            [
              52.51871457398788,
              29.80297019296865
            ],
            [
              52.51856442117909,
              29.80296313166931
            ],
            [
              52.5185512702652,
              29.80294922905586
            ],
            [
              52.51855882806397,
              29.80290094804433
            ],
            [
              52.5185652083763,
              29.80285060611449
            ],
            [
              52.51857110526353,
              29.80280408206903
            ],
            [
              52.51857582099278,
              29.80275552782676
            ],
            [
              52.51859758264261,
              29.80273907557625
            ],
            [
              52.51872010080415,
              29.80274483657025
            ]
          ]
        ]
      },
      "properties": {
        "name": "145",
        "area_m2": 435.03,
        "centroid": [
          52.518644,
          29.802856
        ]
      }
    },
    {
      "type": "Feature",
      "geometry": {
        "type": "Polygon",
        "coordinates": [
          [
            [
              52.51883165887282,
              29.80275008366996
            ],
            [
              52.51883105935004,
              29.80275977432841
            ],
            [
              52.51881496923453,
              29.80302003772054
            ],
            [
              52.51872638310167,
              29.80301587197591
            ],
            [
              52.51871257948586,
              29.80300245962526
            ],
            [
              52.51871457398788,
              29.80297019296865
            ],
            [
              52.51872793178487,
              29.80275415242356
            ],
            [
              52.51872848293456,
              29.80274523110345
            ],
            [
              52.51883165887282,
              29.80275008366996
            ]
          ]
        ]
      },
      "properties": {
        "name": "146",
        "area_m2": 345.01,
        "centroid": [
          52.518772,
          29.802882
        ]
      }
    },
    {
      "type": "Feature",
      "geometry": {
        "type": "Polygon",
        "coordinates": [
          [
            [
              52.51892655001743,
              29.80275454683298
            ],
            [
              52.51893483585178,
              29.80275493614363
            ],
            [
              52.51891814545662,
              29.80302489020922
            ],
            [
              52.51881496923453,
              29.80302003772054
            ],
            [
              52.51883105935004,
              29.80275977432841
            ],
            [
              52.51883165887282,
              29.80275008366996
            ],
            [
              52.51892655001743,
              29.80275454683298
            ]
          ]
        ]
      },
      "properties": {
        "name": "147",
        "area_m2": 346.16,
        "centroid": [
          52.518875,
          29.802887
        ]
      }
    },
    {
      "type": "Feature",
      "geometry": {
        "type": "Polygon",
        "coordinates": [
          [
            [
              52.51860822003935,
              29.80328681982168
            ],
            [
              52.5186224560966,
              29.80322675076797
            ],
            [
              52.51865140463776,
              29.80317320970266
            ],
            [
              52.51870516746804,
              29.80313707717438
            ],
            [
              52.51877190780981,
              29.80312630875519
            ],
            [
              52.51878007046849,
              29.80312669227186
            ],
            [
              52.51876466916687,
              29.80337578866139
            ],
            [
              52.51859183391642,
              29.80334646963713
            ],
            [
              52.51860822003935,
              29.80328681982168
            ]
          ]
        ]
      },
      "properties": {
        "name": "144",
        "area_m2": 415.0,
        "centroid": [
          52.518699,
          29.803258
        ]
      }
    },
    {
      "type": "Feature",
      "geometry": {
        "type": "Polygon",
        "coordinates": [
          [
            [
              52.51853866877961,
              29.80352366497303
            ],
            [
              52.51857552233074,
              29.80340584970065
            ],
            [
              52.51859183391642,
              29.80334646963713
            ],
            [
              52.51876466916687,
              29.80337578866139
            ],
            [
              52.51877261569887,
              29.80337713654196
            ],
            [
              52.51871343329854,
              29.80364250966199
            ],
            [
              52.51853935391581,
              29.80361298019981
            ],
            [
              52.51851814455697,
              29.80358204222803
            ],
            [
              52.51853866877961,
              29.80352366497303
            ]
          ]
        ]
      },
      "properties": {
        "name": "133",
        "area_m2": 645.69,
        "centroid": [
          52.518648,
          29.803496
        ]
      }
    },
    {
      "type": "Feature",
      "geometry": {
        "type": "Polygon",
        "coordinates": [
          [
            [
              52.51888236882606,
              29.80313150344265
            ],
            [
              52.51886620039149,
              29.80339301203398
            ],
            [
              52.51877261569887,
              29.80337713654196
            ],
            [
              52.51876466916687,
              29.80337578866139
            ],
            [
              52.51878007046849,
              29.80312669227186
            ],
            [
              52.51888236882606,
              29.80313150344265
            ]
          ]
        ]
      },
      "properties": {
        "name": "143",
        "area_m2": 324.59,
        "centroid": [
          52.518824,
          29.803257
        ]
      }
    },
    {
      "type": "Feature",
      "geometry": {
        "type": "Polygon",
        "coordinates": [
          [
            [
              52.51877261569887,
              29.80337713654196
            ],
            [
              52.51886620039149,
              29.80339301203398
            ],
            [
              52.51887404214828,
              29.80339434126145
            ],
            [
              52.5188148589891,
              29.80365971533124
            ],
            [
              52.51871343329854,
              29.80364250966199
            ],
            [
              52.51877261569887,
              29.80337713654196
            ]
          ]
        ]
      },
      "properties": {
        "name": "134",
        "area_m2": 346.16,
        "centroid": [
          52.518794,
          29.803518
        ]
      }
    },
    {
      "type": "Feature",
      "geometry": {
        "type": "Polygon",
        "coordinates": [
          [
            [
              52.51898554515005,
              29.80313635497231
            ],
            [
              52.51896860397784,
              29.80341038230495
            ],
            [
              52.51887404214828,
              29.80339434126145
            ],
            [
              52.51886620039149,
              29.80339301203398
            ],
            [
              52.51888236882606,
              29.80313150344265
            ],
            [
              52.51898554515005,
              29.80313635497231
            ]
          ]
        ]
      },
      "properties": {
        "name": "142",
        "area_m2": 343.36,
        "centroid": [
          52.518926,
          29.803268
        ]
      }
    },
    {
      "type": "Feature",
      "geometry": {
        "type": "Polygon",
        "coordinates": [
          [
            [
              52.51887404214828,
              29.80339434126145
            ],
            [
              52.51896860397784,
              29.80341038230495
            ],
            [
              52.51897546760819,
              29.80341154681587
            ],
            [
              52.51891628573172,
              29.80367692000731
            ],
            [
              52.5188148589891,
              29.80365971533124
            ],
            [
              52.51887404214828,
              29.80339434126145
            ]
          ]
        ]
      },
      "properties": {
        "name": "135",
        "area_m2": 346.16,
        "centroid": [
          52.518895,
          29.803536
        ]
      }
    },
    {
      "type": "Feature",
      "geometry": {
        "type": "Polygon",
        "coordinates": [
          [
            [
              52.51908872252834,
              29.8031412073113
            ],
            [
              52.51907100657526,
              29.80342775340935
            ],
            [
              52.51897546760819,
              29.80341154681587
            ],
            [
              52.51896860397784,
              29.80341038230495
            ],
            [
              52.51898554515005,
              29.80313635497231
            ],
            [
              52.51908872252834,
              29.8031412073113
            ]
          ]
        ]
      },
      "properties": {
        "name": "141",
        "area_m2": 359.41,
        "centroid": [
          52.519029,
          29.803279
        ]
      }
    },
    {
      "type": "Feature",
      "geometry": {
        "type": "Polygon",
        "coordinates": [
          [
            [
              52.51897546760819,
              29.80341154681587
            ],
            [
              52.51907100657526,
              29.80342775340935
            ],
            [
              52.51907689412014,
              29.80342875137711
            ],
            [
              52.51901771251925,
              29.80369412550641
            ],
            [
              52.51891628573172,
              29.80367692000731
            ],
            [
              52.51897546760819,
              29.80341154681587
            ]
          ]
        ]
      },
      "properties": {
        "name": "136",
        "area_m2": 346.16,
        "centroid": [
          52.518997,
          29.803553
        ]
      }
    },
    {
      "type": "Feature",
      "geometry": {
        "type": "Polygon",
        "coordinates": [
          [
            [
              52.51919189887845,
              29.80314605958123
            ],
            [
              52.51917341022535,
              29.80344512351901
            ],
            [
              52.51907689412014,
              29.80342875137711
            ],
            [
              52.51907100657526,
              29.80342775340935
            ],
            [
              52.51908872252834,
              29.8031412073113
            ],
            [
              52.51919189887845,
              29.80314605958123
            ]
          ]
        ]
      },
      "properties": {
        "name": "140",
        "area_m2": 375.46,
        "centroid": [
          52.519132,
          29.80329
        ]
      }
    },
    {
      "type": "Feature",
      "geometry": {
        "type": "Polygon",
        "coordinates": [
          [
            [
              52.51907689412014,
              29.80342875137711
            ],
            [
              52.51917341022535,
              29.80344512351901
            ],
            [
              52.519178320677,
              29.80344595676137
            ],
            [
              52.51911913828998,
              29.80371133003611
            ],
            [
              52.51901771251925,
              29.80369412550641
            ],
            [
              52.51907689412014,
              29.80342875137711
            ]
          ]
        ]
      },
      "properties": {
        "name": "137",
        "area_m2": 346.16,
        "centroid": [
          52.519098,
          29.80357
        ]
      }
    },
    {
      "type": "Feature",
      "geometry": {
        "type": "Polygon",
        "coordinates": [
          [
            [
              52.51930179033093,
              29.80335786251453
            ],
            [
              52.51928409973361,
              29.80344364433618
            ],
            [
              52.5192797472515,
              29.80346316116431
            ],
            [
              52.519178320677,
              29.80344595676137
            ],
            [
              52.51917341022535,
              29.80344512351901
            ],
            [
              52.51919189887845,
              29.80314605958123
            ],
            [
              52.51929521706084,
              29.80315091735828
            ],
            [
              52.51932879460478,
              29.80318516169504
            ],
            [
              52.51932380290098,
              29.80322084202709
            ],
            [
              52.51931669275602,
              29.80327167872743
            ],
            [
              52.51930179033093,
              29.80335786251453
            ]
          ]
        ]
      },
      "properties": {
        "name": "139",
        "area_m2": 475.38,
        "centroid": [
          52.519246,
          29.803297
        ]
      }
    },
    {
      "type": "Feature",
      "geometry": {
        "type": "Polygon",
        "coordinates": [
          [
            [
              52.51920622168544,
              29.80372610157708
            ],
            [
              52.51911913828998,
              29.80371133003611
            ],
            [
              52.519178320677,
              29.80344595676137
            ],
            [
              52.5192797472515,
              29.80346316116431
            ],
            [
              52.51922335470881,
              29.80371602503619
            ],
            [
              52.51920622168544,
              29.80372610157708
            ]
          ]
        ]
      },
      "properties": {
        "name": "138",
        "area_m2": 345.01,
        "centroid": [
          52.519199,
          29.803587
        ]
      }
    },
    {
      "type": "Feature",
      "geometry": {
        "type": "Polygon",
        "coordinates": [
          [
            [
              52.51841159672706,
              29.80385084785215
            ],
            [
              52.51844983964741,
              29.80376170341181
            ],
            [
              52.51846771308881,
              29.80371673812811
            ],
            [
              52.51850349801829,
              29.80369870268306
            ],
            [
              52.51859227831674,
              29.80371376282534
            ],
            [
              52.51854295948093,
              29.80393490688108
            ],
            [
              52.51840109742058,
              29.80391084236474
            ],
            [
              52.51839123927778,
              29.80389500160477
            ],
            [
              52.51841159672706,
              29.80385084785215
            ]
          ]
        ]
      },
      "properties": {
        "name": "132",
        "area_m2": 379.63,
        "centroid": [
          52.518499,
          29.803819
        ]
      }
    },
    {
      "type": "Feature",
      "geometry": {
        "type": "Polygon",
        "coordinates": [
          [
            [
              52.51854295948093,
              29.80393490688108
            ],
            [
              52.51859227831674,
              29.80371376282534
            ],
            [
              52.51869370508415,
              29.80373096767157
            ],
            [
              52.51864438646662,
              29.80395211175707
            ],
            [
              52.51854295948093,
              29.80393490688108
            ]
          ]
        ]
      },
      "properties": {
        "name": "131",
        "area_m2": 288.47,
        "centroid": [
          52.518618,
          29.803833
        ]
      }
    },
    {
      "type": "Feature",
      "geometry": {
        "type": "Polygon",
        "coordinates": [
          [
            [
              52.51864438646662,
              29.80395211175707
            ],
            [
              52.51869370508415,
              29.80373096767157
            ],
            [
              52.51879513188282,
              29.80374817243868
            ],
            [
              52.51874581246277,
              29.80396931746798
            ],
            [
              52.51864438646662,
              29.80395211175707
            ]
          ]
        ]
      },
      "properties": {
        "name": "130",
        "area_m2": 288.47,
        "centroid": [
          52.51872,
          29.80385
        ]
      }
    },
    {
      "type": "Feature",
      "geometry": {
        "type": "Polygon",
        "coordinates": [
          [
            [
              52.51874581246277,
              29.80396931746798
            ],
            [
              52.51879513188282,
              29.80374817243868
            ],
            [
              52.5188965587264,
              29.80376537802882
            ],
            [
              52.51884723951099,
              29.8039865221857
            ],
            [
              52.51874581246277,
              29.80396931746798
            ]
          ]
        ]
      },
      "properties": {
        "name": "129",
        "area_m2": 288.47,
        "centroid": [
          52.518821,
          29.803867
        ]
      }
    },
    {
      "type": "Feature",
      "geometry": {
        "type": "Polygon",
        "coordinates": [
          [
            [
              52.51898364110869,
              29.80378014972781
            ],
            [
              52.51898726057343,
              29.80378482999641
            ],
            [
              52.51899519495466,
              29.80379509298643
            ],
            [
              52.51898812159965,
              29.80382681165923
            ],
            [
              52.51898582515159,
              29.80383710743237
            ],
            [
              52.51894866660411,
              29.80400372772646
            ],
            [
              52.51884723951099,
              29.8039865221857
            ],
            [
              52.5188965587264,
              29.80376537802882
            ],
            [
              52.51898364110869,
              29.80378014972781
            ]
          ]
        ]
      },
      "properties": {
        "name": "128",
        "area_m2": 287.32,
        "centroid": [
          52.518922,
          29.803885
        ]
      }
    },
    {
      "type": "Feature",
      "geometry": {
        "type": "Polygon",
        "coordinates": [
          [
            [
              52.51908401676002,
              29.80384307910604
            ],
            [
              52.51908954751497,
              29.80384401710892
            ],
            [
              52.51905009268043,
              29.8040209322978
            ],
            [
              52.51894866660411,
              29.80400372772646
            ],
            [
              52.51898582515159,
              29.80383710743237
            ],
            [
              52.51898812159965,
              29.80382681165923
            ],
            [
              52.51908401676002,
              29.80384307910604
            ]
          ]
        ]
      },
      "properties": {
        "name": "127",
        "area_m2": 230.77,
        "centroid": [
          52.519019,
          29.803924
        ]
      }
    },
    {
      "type": "Feature",
      "geometry": {
        "type": "Polygon",
        "coordinates": [
          [
            [
              52.51917092843823,
              29.80397729537461
            ],
            [
              52.51916332686544,
              29.80402677159201
            ],
            [
              52.51914654919435,
              29.8040372943017
            ],
            [
              52.51905009268043,
              29.8040209322978
            ],
            [
              52.51908954751497,
              29.80384401710892
            ],
            [
              52.51909662185948,
              29.80381229751781
            ],
            [
              52.51911375490879,
              29.80380222099036
            ],
            [
              52.51918699697445,
              29.80381464499588
            ],
            [
              52.51919866979878,
              29.80382951738889
            ],
            [
              52.5191886017977,
              29.80387865652118
            ],
            [
              52.51917092843823,
              29.80397729537461
            ]
          ]
        ]
      },
      "properties": {
        "name": "126",
        "area_m2": 296.28,
        "centroid": [
          52.519127,
          29.803921
        ]
      }
    },
    {
      "type": "Feature",
      "geometry": {
        "type": "Polygon",
        "coordinates": [
          [
            [
              52.51829282865673,
              29.8040934341383
            ],
            [
              52.51834356633328,
              29.80399535119073
            ],
            [
              52.51836738049854,
              29.80394571940548
            ],
            [
              52.51838648223363,
              29.80393884255748
            ],
            [
              52.51850058254481,
              29.80398010502457
            ],
            [
              52.51833416742115,
              29.80420818985742
            ],
            [
              52.51827714215683,
              29.8041765426805
            ],
            [
              52.51826592425218,
              29.80414184898689
            ],
            [
              52.51829282865673,
              29.8040934341383
            ]
          ]
        ]
      },
      "properties": {
        "name": "118",
        "area_m2": 364.75,
        "centroid": [
          52.518372,
          29.804064
        ]
      }
    },
    {
      "type": "Feature",
      "geometry": {
        "type": "Polygon",
        "coordinates": [
          [
            [
              52.51858775794006,
              29.80402848396082
            ],
            [
              52.51842134190988,
              29.80425656890963
            ],
            [
              52.51833416742115,
              29.80420818985742
            ],
            [
              52.51850058254481,
              29.80398010502457
            ],
            [
              52.51858775794006,
              29.80402848396082
            ]
          ]
        ]
      },
      "properties": {
        "name": "119",
        "area_m2": 346.17,
        "centroid": [
          52.518461,
          29.804118
        ]
      }
    },
    {
      "type": "Feature",
      "geometry": {
        "type": "Polygon",
        "coordinates": [
          [
            [
              52.51867493341768,
              29.80407686283625
            ],
            [
              52.51850851750178,
              29.80430494698695
            ],
            [
              52.51842134190988,
              29.80425656890963
            ],
            [
              52.51858775794006,
              29.80402848396082
            ],
            [
              52.51867493341768,
              29.80407686283625
            ]
          ]
        ]
      },
      "properties": {
        "name": "120",
        "area_m2": 346.17,
        "centroid": [
          52.518548,
          29.804167
        ]
      }
    },
    {
      "type": "Feature",
      "geometry": {
        "type": "Polygon",
        "coordinates": [
          [
            [
              52.51876210794321,
              29.80412524166275
            ],
            [
              52.51859569318967,
              29.80435332590563
            ],
            [
              52.51850851750178,
              29.80430494698695
            ],
            [
              52.51867493341768,
              29.80407686283625
            ],
            [
              52.51876210794321,
              29.80412524166275
            ]
          ]
        ]
      },
      "properties": {
        "name": "121",
        "area_m2": 346.16,
        "centroid": [
          52.518635,
          29.804215
        ]
      }
    },
    {
      "type": "Feature",
      "geometry": {
        "type": "Polygon",
        "coordinates": [
          [
            [
              52.51884928358555,
              29.80417362041654
            ],
            [
              52.51868286792548,
              29.80440170477537
            ],
            [
              52.51859569318967,
              29.80435332590563
            ],
            [
              52.51876210794321,
              29.80412524166275
            ],
            [
              52.51884928358555,
              29.80417362041654
            ]
          ]
        ]
      },
      "properties": {
        "name": "122",
        "area_m2": 346.16,
        "centroid": [
          52.518722,
          29.804263
        ]
      }
    },
    {
      "type": "Feature",
      "geometry": {
        "type": "Polygon",
        "coordinates": [
          [
            [
              52.51893645826218,
              29.80422199821923
            ],
            [
              52.5187700437781,
              29.8044500835724
            ],
            [
              52.51868286792548,
              29.80440170477537
            ],
            [
              52.51884928358555,
              29.80417362041654
            ],
            [
              52.51893645826218,
              29.80422199821923
            ]
          ]
        ]
      },
      "properties": {
        "name": "123",
        "area_m2": 346.16,
        "centroid": [
          52.51881,
          29.804312
        ]
      }
    },
    {
      "type": "Feature",
      "geometry": {
        "type": "Polygon",
        "coordinates": [
          [
            [
              52.51886506418656,
              29.80448771025679
            ],
            [
              52.51884489016528,
              29.80449162001863
            ],
            [
              52.5187700437781,
              29.8044500835724
            ],
            [
              52.51893645826218,
              29.80422199821923
            ],
            [
              52.51902363406923,
              29.80427037685137
            ],
            [
              52.51888495462628,
              29.80446044793852
            ],
            [
              52.51886506418656,
              29.80448771025679
            ]
          ]
        ]
      },
      "properties": {
        "name": "124",
        "area_m2": 345.01,
        "centroid": [
          52.518897,
          29.80436
        ]
      }
    },
    {
      "type": "Feature",
      "geometry": {
        "type": "Polygon",
        "coordinates": [
          [
            [
              52.51912146677355,
              29.80441392036672
            ],
            [
              52.51911306054849,
              29.8044886781824
            ],
            [
              52.5191047679071,
              29.80454760879201
            ],
            [
              52.51910256858086,
              29.80456323529527
            ],
            [
              52.51908381456557,
              29.80457080665111
            ],
            [
              52.51904232994298,
              29.80454778425937
            ],
            [
              52.51888495462628,
              29.80446044793852
            ],
            [
              52.51902363406923,
              29.80427037685137
            ],
            [
              52.51911837963298,
              29.80432295625661
            ],
            [
              52.51912778068773,
              29.80433900613804
            ],
            [
              52.51912146677355,
              29.80441392036672
            ]
          ]
        ]
      },
      "properties": {
        "name": "125",
        "area_m2": 532.44,
        "centroid": [
          52.51903,
          29.804422
        ]
      }
    },
    {
      "type": "Feature",
      "geometry": {
        "type": "Polygon",
        "coordinates": [
          [
            [
              52.51831356562614,
              29.80430356967141
            ],
            [
              52.51830582551359,
              29.80431417882744
            ],
            [
              52.51817488474899,
              29.8044936391589
            ],
            [
              52.51808065178225,
              29.80444134373034
            ],
            [
              52.51810959310146,
              29.80439844941045
            ],
            [
              52.5181379067698,
              29.80435523836012
            ],
            [
              52.51816558769735,
              29.8043117160522
            ],
            [
              52.51818833677024,
              29.80427485182062
            ],
            [
              52.51819263290407,
              29.80426789064223
            ],
            [
              52.51823257414956,
              29.80425862234144
            ],
            [
              52.51831356562614,
              29.80430356967141
            ]
          ]
        ]
      },
      "properties": {
        "name": "117",
        "area_m2": 324.18,
        "centroid": [
          52.518196,
          29.804371
        ]
      }
    },
    {
      "type": "Feature",
      "geometry": {
        "type": "Polygon",
        "coordinates": [
          [
            [
              52.51797809750737,
              29.80467108925496
            ],
            [
              52.51797192933748,
              29.80461596029139
            ],
            [
              52.51799343215085,
              29.80456384123984
            ],
            [
              52.51800302325145,
              29.80455069695648
            ],
            [
              52.51801355395899,
              29.80453626237971
            ],
            [
              52.51804787790306,
              29.80448921960251
            ],
            [
              52.51808065178225,
              29.80444134373034
            ],
            [
              52.51817488474899,
              29.8044936391589
            ],
            [
              52.51801074674373,
              29.80471860065941
            ],
            [
              52.51797809750737,
              29.80467108925496
            ]
          ]
        ]
      },
      "properties": {
        "name": "97",
        "area_m2": 315.86,
        "centroid": [
          52.518059,
          29.804569
        ]
      }
    },
    {
      "type": "Feature",
      "geometry": {
        "type": "Polygon",
        "coordinates": [
          [
            [
              52.51840074017683,
              29.8043519478318
            ],
            [
              52.51839416271211,
              29.80436096365988
            ],
            [
              52.51826206045434,
              29.80454201829631
            ],
            [
              52.51817488474899,
              29.8044936391589
            ],
            [
              52.51830582551359,
              29.80431417882744
            ],
            [
              52.51831356562614,
              29.80430356967141
            ],
            [
              52.51840074017683,
              29.8043519478318
            ]
          ]
        ]
      },
      "properties": {
        "name": "116",
        "area_m2": 288.47,
        "centroid": [
          52.518288,
          29.804423
        ]
      }
    },
    {
      "type": "Feature",
      "geometry": {
        "type": "Polygon",
        "coordinates": [
          [
            [
              52.51826206045434,
              29.80454201829631
            ],
            [
              52.51809564286925,
              29.8047701028736
            ],
            [
              52.51803781603896,
              29.80473801094004
            ],
            [
              52.51801074674373,
              29.80471860065941
            ],
            [
              52.51817488474899,
              29.8044936391589
            ],
            [
              52.51826206045434,
              29.80454201829631
            ]
          ]
        ]
      },
      "properties": {
        "name": "98",
        "area_m2": 345.37,
        "centroid": [
          52.518136,
          29.804632
        ]
      }
    },
    {
      "type": "Feature",
      "geometry": {
        "type": "Polygon",
        "coordinates": [
          [
            [
              52.51848791585795,
              29.80440032682166
            ],
            [
              52.51848050313581,
              29.80441048557387
            ],
            [
              52.51834923520761,
              29.80459039738476
            ],
            [
              52.51826206045434,
              29.80454201829631
            ],
            [
              52.51839416271211,
              29.80436096365988
            ],
            [
              52.51840074017683,
              29.8043519478318
            ],
            [
              52.51848791585795,
              29.80440032682166
            ]
          ]
        ]
      },
      "properties": {
        "name": "115",
        "area_m2": 288.47,
        "centroid": [
          52.518375,
          29.804471
        ]
      }
    },
    {
      "type": "Feature",
      "geometry": {
        "type": "Polygon",
        "coordinates": [
          [
            [
              52.51826206045434,
              29.80454201829631
            ],
            [
              52.51834923520761,
              29.80459039738476
            ],
            [
              52.51818281878487,
              29.80481848205425
            ],
            [
              52.51809564286925,
              29.8047701028736
            ],
            [
              52.51826206045434,
              29.80454201829631
            ]
          ]
        ]
      },
      "properties": {
        "name": "99",
        "area_m2": 346.17,
        "centroid": [
          52.518222,
          29.80468
        ]
      }
    },
    {
      "type": "Feature",
      "geometry": {
        "type": "Polygon",
        "coordinates": [
          [
            [
              52.51857509058697,
              29.80444870576257
            ],
            [
              52.51856727345567,
              29.80445942048828
            ],
            [
              52.51843641107768,
              29.80463877640052
            ],
            [
              52.51834923520761,
              29.80459039738476
            ],
            [
              52.51848050313581,
              29.80441048557387
            ],
            [
              52.51848791585795,
              29.80440032682166
            ],
            [
              52.51857509058697,
              29.80444870576257
            ]
          ]
        ]
      },
      "properties": {
        "name": "114",
        "area_m2": 288.47,
        "centroid": [
          52.518462,
          29.80452
        ]
      }
    },
    {
      "type": "Feature",
      "geometry": {
        "type": "Polygon",
        "coordinates": [
          [
            [
              52.51702341235841,
              29.8056918580395
            ],
            [
              52.51708378939911,
              29.80560911181314
            ],
            [
              52.51711404983728,
              29.8056032466679
            ],
            [
              52.51722312445583,
              29.80566377932994
            ],
            [
              52.5170844407526,
              29.80585384866371
            ],
            [
              52.51696920068789,
              29.80578989466763
            ],
            [
              52.51696471795649,
              29.80577230113461
            ],
            [
              52.51702341235841,
              29.8056918580395
            ]
          ]
        ]
      },
      "properties": {
        "name": "49",
        "area_m2": 418.39,
        "centroid": [
          52.51709,
          29.805724
        ]
      }
    },
    {
      "type": "Feature",
      "geometry": {
        "type": "Polygon",
        "coordinates": [
          [
            [
              52.51730252551726,
              29.80570784409197
            ],
            [
              52.5173103007732,
              29.80571215906757
            ],
            [
              52.5173015194048,
              29.80572419406953
            ],
            [
              52.51714387915683,
              29.80594024255096
            ],
            [
              52.5170690323079,
              29.8058987042608
            ],
            [
              52.51706454851898,
              29.8058811107441
            ],
            [
              52.5170844407526,
              29.80585384866371
            ],
            [
              52.51722312445583,
              29.80566377932994
            ],
            [
              52.51730252551726,
              29.80570784409197
            ]
          ]
        ]
      },
      "properties": {
        "name": "50",
        "area_m2": 345.02,
        "centroid": [
          52.517184,
          29.805802
        ]
      }
    },
    {
      "type": "Feature",
      "geometry": {
        "type": "Polygon",
        "coordinates": [
          [
            [
              52.5173914318466,
              29.8057571847378
            ],
            [
              52.51739747613851,
              29.80576053875624
            ],
            [
              52.51723105568451,
              29.80598862233185
            ],
            [
              52.51714387915683,
              29.80594024255096
            ],
            [
              52.5173015194048,
              29.80572419406953
            ],
            [
              52.5173103007732,
              29.80571215906757
            ],
            [
              52.5173914318466,
              29.8057571847378
            ]
          ]
        ]
      },
      "properties": {
        "name": "51",
        "area_m2": 346.17,
        "centroid": [
          52.517271,
          29.80585
        ]
      }
    },
    {
      "type": "Feature",
      "geometry": {
        "type": "Polygon",
        "coordinates": [
          [
            [
              52.51773810470032,
              29.80594957484236
            ],
            [
              52.51774618047871,
              29.80595405597682
            ],
            [
              52.51773477071304,
              29.8059696926036
            ],
            [
              52.51757976053636,
              29.80618213996872
            ],
            [
              52.51749258367921,
              29.80613376043113
            ],
            [
              52.51765900478393,
              29.80590567653143
            ],
            [
              52.51773810470032,
              29.80594957484236
            ]
          ]
        ]
      },
      "properties": {
        "name": "55",
        "area_m2": 346.17,
        "centroid": [
          52.517619,
          29.806044
        ]
      }
    },
    {
      "type": "Feature",
      "geometry": {
        "type": "Polygon",
        "coordinates": [
          [
            [
              52.51792053314985,
              29.80605081467326
            ],
            [
              52.51775411346334,
              29.8062788988733
            ],
            [
              52.51766693644143,
              29.80623051945736
            ],
            [
              52.51783335729031,
              29.80600243534951
            ],
            [
              52.51792053314985,
              29.80605081467326
            ]
          ]
        ]
      },
      "properties": {
        "name": "57",
        "area_m2": 346.17,
        "centroid": [
          52.517794,
          29.806141
        ]
      }
    },
    {
      "type": "Feature",
      "geometry": {
        "type": "Polygon",
        "coordinates": [
          [
            [
              52.5180077101262,
              29.8060991939243
            ],
            [
              52.51784128951952,
              29.80632727733812
            ],
            [
              52.51775411346334,
              29.8062788988733
            ],
            [
              52.51792053314985,
              29.80605081467326
            ],
            [
              52.5180077101262,
              29.8060991939243
            ]
          ]
        ]
      },
      "properties": {
        "name": "58",
        "area_m2": 346.17,
        "centroid": [
          52.517881,
          29.806189
        ]
      }
    },
    {
      "type": "Feature",
      "geometry": {
        "type": "Polygon",
        "coordinates": [
          [
            [
              52.51808117395385,
              29.80613996343582
            ],
            [
              52.51809488615046,
              29.8061475731264
            ],
            [
              52.51808317233622,
              29.80616362744293
            ],
            [
              52.51792846670617,
              29.80637565663242
            ],
            [
              52.51784128951952,
              29.80632727733812
            ],
            [
              52.5180077101262,
              29.8060991939243
            ],
            [
              52.51808117395385,
              29.80613996343582
            ]
          ]
        ]
      },
      "properties": {
        "name": "59",
        "area_m2": 346.17,
        "centroid": [
          52.517968,
          29.806237
        ]
      }
    },
    {
      "type": "Feature",
      "geometry": {
        "type": "Polygon",
        "coordinates": [
          [
            [
              52.51816869748063,
              29.80618853439974
            ],
            [
              52.51818206327793,
              29.80619595135362
            ],
            [
              52.51801564294072,
              29.80642403587777
            ],
            [
              52.51792846670617,
              29.80637565663242
            ],
            [
              52.51808317233622,
              29.80616362744293
            ],
            [
              52.51809488615046,
              29.8061475731264
            ],
            [
              52.51816869748063,
              29.80618853439974
            ]
          ]
        ]
      },
      "properties": {
        "name": "60",
        "area_m2": 346.17,
        "centroid": [
          52.518055,
          29.806286
        ]
      }
    },
    {
      "type": "Feature",
      "geometry": {
        "type": "Polygon",
        "coordinates": [
          [
            [
              52.51813751659545,
              29.80641423055814
            ],
            [
              52.51811691093759,
              29.80644247098798
            ],
            [
              52.51806647690534,
              29.80645224601391
            ],
            [
              52.51801564294072,
              29.80642403587777
            ],
            [
              52.51818206327793,
              29.80619595135362
            ],
            [
              52.51819397669063,
              29.80620256297396
            ],
            [
              52.51821748528398,
              29.8062156094024
            ],
            [
              52.51823429853117,
              29.80628158650976
            ],
            [
              52.51813751659545,
              29.80641423055814
            ]
          ]
        ]
      },
      "properties": {
        "name": "61",
        "area_m2": 300.81,
        "centroid": [
          52.518135,
          29.806334
        ]
      }
    },
    {
      "type": "Feature",
      "geometry": {
        "type": "Polygon",
        "coordinates": [
          [
            [
              52.51704413220973,
              29.80601348453183
            ],
            [
              52.51704563555644,
              29.80601389677983
            ],
            [
              52.51705435404063,
              29.8060187351184
            ],
            [
              52.51704535569407,
              29.806031067656
            ],
            [
              52.51691566851656,
              29.80620880430545
            ],
            [
              52.51682849296967,
              29.8061604243075
            ],
            [
              52.51691725120593,
              29.80603877970872
            ],
            [
              52.51695272592635,
              29.80601040124711
            ],
            [
              52.51699971837029,
              29.80600129327608
            ],
            [
              52.51704413220973,
              29.80601348453183
            ]
          ]
        ]
      },
      "properties": {
        "name": "48",
        "area_m2": 265.11,
        "centroid": [
          52.516939,
          29.806098
        ]
      }
    },
    {
      "type": "Feature",
      "geometry": {
        "type": "Polygon",
        "coordinates": [
          [
            [
              52.51667776027406,
              29.80636700335735
            ],
            [
              52.51682849296967,
              29.8061604243075
            ],
            [
              52.51691566851656,
              29.80620880430545
            ],
            [
              52.51674924623167,
              29.80643688642147
            ],
            [
              52.51668672673612,
              29.80640219042937
            ],
            [
              52.51667776027406,
              29.80636700335735
            ]
          ]
        ]
      },
      "properties": {
        "name": "25",
        "area_m2": 341.56,
        "centroid": [
          52.51679,
          29.806297
        ]
      }
    },
    {
      "type": "Feature",
      "geometry": {
        "type": "Polygon",
        "coordinates": [
          [
            [
              52.51714152956331,
              29.8060671149688
            ],
            [
              52.51713708057139,
              29.80607321253874
            ],
            [
              52.5170028451803,
              29.8062571842307
            ],
            [
              52.51691566851656,
              29.80620880430545
            ],
            [
              52.51704535569407,
              29.806031067656
            ],
            [
              52.51705435404063,
              29.8060187351184
            ],
            [
              52.51714152956331,
              29.8060671149688
            ]
          ]
        ]
      },
      "properties": {
        "name": "47",
        "area_m2": 288.48,
        "centroid": [
          52.517029,
          29.806138
        ]
      }
    },
    {
      "type": "Feature",
      "geometry": {
        "type": "Polygon",
        "coordinates": [
          [
            [
              52.51691566851656,
              29.80620880430545
            ],
            [
              52.5170028451803,
              29.8062571842307
            ],
            [
              52.51683642198885,
              29.80648526646268
            ],
            [
              52.51674924623167,
              29.80643688642147
            ],
            [
              52.51691566851656,
              29.80620880430545
            ]
          ]
        ]
      },
      "properties": {
        "name": "26",
        "area_m2": 346.17,
        "centroid": [
          52.516876,
          29.806347
        ]
      }
    },
    {
      "type": "Feature",
      "geometry": {
        "type": "Polygon",
        "coordinates": [
          [
            [
              52.5170028451803,
              29.8062571842307
            ],
            [
              52.51709002087832,
              29.80630556320485
            ],
            [
              52.51692359886286,
              29.80653364643119
            ],
            [
              52.51683642198885,
              29.80648526646268
            ],
            [
              52.5170028451803,
              29.8062571842307
            ]
          ]
        ]
      },
      "properties": {
        "name": "27",
        "area_m2": 346.17,
        "centroid": [
          52.516963,
          29.806395
        ]
      }
    },
    {
      "type": "Feature",
      "geometry": {
        "type": "Polygon",
        "coordinates": [
          [
            [
              52.51709002087832,
              29.80630556320485
            ],
            [
              52.51722870620282,
              29.8061154947465
            ],
            [
              52.51731588187663,
              29.80616387357309
            ],
            [
              52.5171771977068,
              29.80635394300846
            ],
            [
              52.51709002087832,
              29.80630556320485
            ]
          ]
        ]
      },
      "properties": {
        "name": "45",
        "area_m2": 288.48,
        "centroid": [
          52.517203,
          29.806235
        ]
      }
    },
    {
      "type": "Feature",
      "geometry": {
        "type": "Polygon",
        "coordinates": [
          [
            [
              52.51709002087832,
              29.80630556320485
            ],
            [
              52.5171771977068,
              29.80635394300846
            ],
            [
              52.51701077478479,
              29.80658202635076
            ],
            [
              52.51692359886286,
              29.80653364643119
            ],
            [
              52.51709002087832,
              29.80630556320485
            ]
          ]
        ]
      },
      "properties": {
        "name": "28",
        "area_m2": 346.17,
        "centroid": [
          52.51705,
          29.806444
        ]
      }
    },
    {
      "type": "Feature",
      "geometry": {
        "type": "Polygon",
        "coordinates": [
          [
            [
              52.5172643735832,
              29.80640232276312
            ],
            [
              52.5171771977068,
              29.80635394300846
            ],
            [
              52.51731588187663,
              29.80616387357309
            ],
            [
              52.5174030586809,
              29.80621225322915
            ],
            [
              52.5172643735832,
              29.80640232276312
            ]
          ]
        ]
      },
      "properties": {
        "name": "44",
        "area_m2": 288.48,
        "centroid": [
          52.51729,
          29.806283
        ]
      }
    },
    {
      "type": "Feature",
      "geometry": {
        "type": "Polygon",
        "coordinates": [
          [
            [
              52.5171771977068,
              29.80635394300846
            ],
            [
              52.5172643735832,
              29.80640232276312
            ],
            [
              52.51709795182357,
              29.80663040619762
            ],
            [
              52.51701077478479,
              29.80658202635076
            ],
            [
              52.5171771977068,
              29.80635394300846
            ]
          ]
        ]
      },
      "properties": {
        "name": "29",
        "area_m2": 346.17,
        "centroid": [
          52.517138,
          29.806492
        ]
      }
    },
    {
      "type": "Feature",
      "geometry": {
        "type": "Polygon",
        "coordinates": [
          [
            [
              52.5172643735832,
              29.80640232276312
            ],
            [
              52.5174030586809,
              29.80621225322915
            ],
            [
              52.51749023453306,
              29.80626063283627
            ],
            [
              52.51735155057642,
              29.80645070244509
            ],
            [
              52.5172643735832,
              29.80640232276312
            ]
          ]
        ]
      },
      "properties": {
        "name": "43",
        "area_m2": 288.48,
        "centroid": [
          52.517377,
          29.806331
        ]
      }
    },
    {
      "type": "Feature",
      "geometry": {
        "type": "Polygon",
        "coordinates": [
          [
            [
              52.5172643735832,
              29.80640232276312
            ],
            [
              52.51735155057642,
              29.80645070244509
            ],
            [
              52.51718512791025,
              29.80667878599554
            ],
            [
              52.51709795182357,
              29.80663040619762
            ],
            [
              52.5172643735832,
              29.80640232276312
            ]
          ]
        ]
      },
      "properties": {
        "name": "30",
        "area_m2": 346.17,
        "centroid": [
          52.517225,
          29.806541
        ]
      }
    },
    {
      "type": "Feature",
      "geometry": {
        "type": "Polygon",
        "coordinates": [
          [
            [
              52.51756983860398,
              29.80630480968397
            ],
            [
              52.51757741150207,
              29.80630901237067
            ],
            [
              52.51756587193039,
              29.80632482733041
            ],
            [
              52.51743872661756,
              29.8064990820781
            ],
            [
              52.51735155057642,
              29.80645070244509
            ],
            [
              52.51749023453306,
              29.80626063283627
            ],
            [
              52.51756983860398,
              29.80630480968397
            ]
          ]
        ]
      },
      "properties": {
        "name": "42",
        "area_m2": 288.48,
        "centroid": [
          52.517464,
          29.80638
        ]
      }
    },
    {
      "type": "Feature",
      "geometry": {
        "type": "Polygon",
        "coordinates": [
          [
            [
              52.51743872661756,
              29.8064990820781
            ],
            [
              52.51742808006006,
              29.8065136740447
            ],
            [
              52.5174133564994,
              29.80653385221023
            ],
            [
              52.51727230510014,
              29.8067271648186
            ],
            [
              52.51718512791025,
              29.80667878599554
            ],
            [
              52.51735155057642,
              29.80645070244509
            ],
            [
              52.51743872661756,
              29.8064990820781
            ]
          ]
        ]
      },
      "properties": {
        "name": "31",
        "area_m2": 346.17,
        "centroid": [
          52.517312,
          29.806589
        ]
      }
    },
    {
      "type": "Feature",
      "geometry": {
        "type": "Polygon",
        "coordinates": [
          [
            [
              52.52665736509213,
              29.80126271913266
            ],
            [
              52.52657852733969,
              29.80120446982828
            ],
            [
              52.52677888849802,
              29.80099819271941
            ],
            [
              52.52685772617993,
              29.80105644100542
            ],
            [
              52.52665736509213,
              29.80126271913266
            ]
          ]
        ]
      },
      "properties": {
        "name": "654",
        "area_m2": 346.15,
        "centroid": [
          52.526718,
          29.80113
        ]
      }
    },
    {
      "type": "Feature",
      "geometry": {
        "type": "Polygon",
        "coordinates": [
          [
            [
              52.52685772617993,
              29.80105644100542
            ],
            [
              52.52693656396633,
              29.80111469014281
            ],
            [
              52.52673620293534,
              29.80132096838624
            ],
            [
              52.52665736509213,
              29.80126271913266
            ],
            [
              52.52685772617993,
              29.80105644100542
            ]
          ]
        ]
      },
      "properties": {
        "name": "655",
        "area_m2": 346.15,
        "centroid": [
          52.526797,
          29.801189
        ]
      }
    },
    {
      "type": "Feature",
      "geometry": {
        "type": "Polygon",
        "coordinates": [
          [
            [
              52.52681504189003,
              29.80137921667494
            ],
            [
              52.52673620293534,
              29.80132096838624
            ],
            [
              52.52693656396633,
              29.80111469014281
            ],
            [
              52.52701540182981,
              29.80117293832726
            ],
            [
              52.52681504189003,
              29.80137921667494
            ]
          ]
        ]
      },
      "properties": {
        "name": "656",
        "area_m2": 346.15,
        "centroid": [
          52.526876,
          29.801247
        ]
      }
    },
    {
      "type": "Feature",
      "geometry": {
        "type": "Polygon",
        "coordinates": [
          [
            [
              52.52701540182981,
              29.80117293832726
            ],
            [
              52.52709423979776,
              29.80123118736312
            ],
            [
              52.5268938799148,
              29.80143746582698
            ],
            [
              52.52681504189003,
              29.80137921667494
            ],
            [
              52.52701540182981,
              29.80117293832726
            ]
          ]
        ]
      },
      "properties": {
        "name": "657",
        "area_m2": 346.15,
        "centroid": [
          52.526955,
          29.801305
        ]
      }
    },
    {
      "type": "Feature",
      "geometry": {
        "type": "Polygon",
        "coordinates": [
          [
            [
              52.5268938799148,
              29.80143746582698
            ],
            [
              52.52709423979776,
              29.80123118736312
            ],
            [
              52.52717307887718,
              29.80128943543405
            ],
            [
              52.52697271801664,
              29.80149571402607
            ],
            [
              52.5268938799148,
              29.80143746582698
            ]
          ]
        ]
      },
      "properties": {
        "name": "658",
        "area_m2": 346.15,
        "centroid": [
          52.527033,
          29.801363
        ]
      }
    },
    {
      "type": "Feature",
      "geometry": {
        "type": "Polygon",
        "coordinates": [
          [
            [
              52.52697271801664,
              29.80149571402607
            ],
            [
              52.52717307887718,
              29.80128943543405
            ],
            [
              52.52725191702669,
              29.80134768436835
            ],
            [
              52.52705155622296,
              29.80155396307657
            ],
            [
              52.52697271801664,
              29.80149571402607
            ]
          ]
        ]
      },
      "properties": {
        "name": "659",
        "area_m2": 346.15,
        "centroid": [
          52.527112,
          29.801422
        ]
      }
    },
    {
      "type": "Feature",
      "geometry": {
        "type": "Polygon",
        "coordinates": [
          [
            [
              52.52713039450635,
              29.80161221117411
            ],
            [
              52.52705155622296,
              29.80155396307657
            ],
            [
              52.52725191702669,
              29.80134768436835
            ],
            [
              52.52731960550268,
              29.8013976948557
            ],
            [
              52.52732131028542,
              29.80141565668256
            ],
            [
              52.52713039450635,
              29.80161221117411
            ]
          ]
        ]
      },
      "properties": {
        "name": "660",
        "area_m2": 345.0,
        "centroid": [
          52.527191,
          29.80148
        ]
      }
    },
    {
      "type": "Feature",
      "geometry": {
        "type": "Polygon",
        "coordinates": [
          [
            [
              52.52362802212706,
              29.80053931433992
            ],
            [
              52.52368703651578,
              29.80055254058243
            ],
            [
              52.52373122957562,
              29.80056358803251
            ],
            [
              52.52363975723635,
              29.80082189483839
            ],
            [
              52.52362476489968,
              29.80081785653536
            ],
            [
              52.52355405676536,
              29.80080185237576
            ],
            [
              52.52354336851046,
              29.80078642762226
            ],
            [
              52.52361033757989,
              29.80054863713146
            ],
            [
              52.52362802212706,
              29.80053931433992
            ]
          ]
        ]
      },
      "properties": {
        "name": "518",
        "area_m2": 374.31,
        "centroid": [
          52.523633,
          29.800676
        ]
      }
    },
    {
      "type": "Feature",
      "geometry": {
        "type": "Polygon",
        "coordinates": [
          [
            [
              52.52316559836791,
              29.80015743882727
            ],
            [
              52.5231450772979,
              29.8001606340701
            ],
            [
              52.52307240545049,
              29.80011645548827
            ],
            [
              52.5231994320644,
              29.79995750851882
            ],
            [
              52.52328419666295,
              29.80000903785421
            ],
            [
              52.52317489471057,
              29.80014580627227
            ],
            [
              52.52316559836791,
              29.80015743882727
            ]
          ]
        ]
      },
      "properties": {
        "name": "490.10",
        "area_m2": 246.9,
        "centroid": [
          52.523178,
          29.800062
        ]
      }
    },
    {
      "type": "Feature",
      "geometry": {
        "type": "Polygon",
        "coordinates": [
          [
            [
              52.52314859875852,
              29.79970592678722
            ],
            [
              52.52316888129724,
              29.7997027676811
            ],
            [
              52.52324169384608,
              29.79974703212239
            ],
            [
              52.5231146675515,
              29.79990597912561
            ],
            [
              52.5230299031242,
              29.79985444967455
            ],
            [
              52.52313625140032,
              29.79972137705446
            ],
            [
              52.52314859875852,
              29.79970592678722
            ]
          ]
        ]
      },
      "properties": {
        "name": "490.21",
        "area_m2": 246.93,
        "centroid": [
          52.523136,
          29.799801
        ]
      }
    },
    {
      "type": "Feature",
      "geometry": {
        "type": "Polygon",
        "coordinates": [
          [
            [
              52.52333664420407,
              29.80012330661097
            ],
            [
              52.52340941430169,
              29.8001675434654
            ],
            [
              52.52325250665977,
              29.80036388094209
            ],
            [
              52.52316221257107,
              29.80035288373978
            ],
            [
              52.52315178584774,
              29.80033231628852
            ],
            [
              52.52331628828208,
              29.80012647561368
            ],
            [
              52.52333664420407,
              29.80012330661097
            ]
          ]
        ]
      },
      "properties": {
        "name": "490.11",
        "area_m2": 331.65,
        "centroid": [
          52.523281,
          29.800248
        ]
      }
    },
    {
      "type": "Feature",
      "geometry": {
        "type": "Polygon",
        "coordinates": [
          [
            [
              52.52340941430169,
              29.8001675434654
            ],
            [
              52.52349417816306,
              29.80021907356851
            ],
            [
              52.52336554344168,
              29.80038003348943
            ],
            [
              52.52325250665977,
              29.80036388094209
            ],
            [
              52.52340941430169,
              29.8001675434654
            ]
          ]
        ]
      },
      "properties": {
        "name": "490.12",
        "area_m2": 278.82,
        "centroid": [
          52.523379,
          29.800282
        ]
      }
    },
    {
      "type": "Feature",
      "geometry": {
        "type": "Polygon",
        "coordinates": [
          [
            [
              52.52357061239415,
              29.80028102676357
            ],
            [
              52.52355843258076,
              29.800296268505
            ],
            [
              52.52347670292504,
              29.80039853558123
            ],
            [
              52.52336554344168,
              29.80038003348943
            ],
            [
              52.52349417816306,
              29.80021907356851
            ],
            [
              52.52356699121783,
              29.80026333690674
            ],
            [
              52.52357061239415,
              29.80028102676357
            ]
          ]
        ]
      },
      "properties": {
        "name": "490.13",
        "area_m2": 224.3,
        "centroid": [
          52.523476,
          29.800317
        ]
      }
    },
    {
      "type": "Feature",
      "geometry": {
        "type": "Polygon",
        "coordinates": [
          [
            [
              52.52355843258076,
              29.800296268505
            ],
            [
              52.52364319661209,
              29.80034779760285
            ],
            [
              52.52358605008786,
              29.80041930526358
            ],
            [
              52.52347670292504,
              29.80039853558123
            ],
            [
              52.52355843258076,
              29.800296268505
            ]
          ]
        ]
      },
      "properties": {
        "name": "490.14",
        "area_m2": 135.61,
        "centroid": [
          52.523563,
          29.800364
        ]
      }
    },
    {
      "type": "Feature",
      "geometry": {
        "type": "Polygon",
        "coordinates": [
          [
            [
              52.51765801939889,
              29.80635374700228
            ],
            [
              52.51766458751898,
              29.80635739185614
            ],
            [
              52.51752590377554,
              29.80654746163842
            ],
            [
              52.51743872661756,
              29.8064990820781
            ],
            [
              52.51756587193039,
              29.80632482733041
            ],
            [
              52.51757741150207,
              29.80630901237067
            ],
            [
              52.51765801939889,
              29.80635374700228
            ]
          ]
        ]
      },
      "properties": {
        "name": "41",
        "area_m2": 288.48,
        "centroid": [
          52.517552,
          29.806428
        ]
      }
    },
    {
      "type": "Feature",
      "geometry": {
        "type": "Polygon",
        "coordinates": [
          [
            [
              52.51752590377554,
              29.80654746163842
            ],
            [
              52.51735948135156,
              29.80677554449487
            ],
            [
              52.51727230510014,
              29.8067271648186
            ],
            [
              52.5174133564994,
              29.80653385221023
            ],
            [
              52.51742808006006,
              29.8065136740447
            ],
            [
              52.51743872661756,
              29.8064990820781
            ],
            [
              52.51752590377554,
              29.80654746163842
            ]
          ]
        ]
      },
      "properties": {
        "name": "32",
        "area_m2": 346.17,
        "centroid": [
          52.517399,
          29.806637
        ]
      }
    },
    {
      "type": "Feature",
      "geometry": {
        "type": "Polygon",
        "coordinates": [
          [
            [
              52.51752590377554,
              29.80654746163842
            ],
            [
              52.51766458751898,
              29.80635739185614
            ],
            [
              52.51775176465273,
              29.8064057712689
            ],
            [
              52.5176130799678,
              29.80659584024762
            ],
            [
              52.51752590377554,
              29.80654746163842
            ]
          ]
        ]
      },
      "properties": {
        "name": "40",
        "area_m2": 288.48,
        "centroid": [
          52.517639,
          29.806477
        ]
      }
    },
    {
      "type": "Feature",
      "geometry": {
        "type": "Polygon",
        "coordinates": [
          [
            [
              52.51752590377554,
              29.80654746163842
            ],
            [
              52.5176130799678,
              29.80659584024762
            ],
            [
              52.51744665871983,
              29.80682392409844
            ],
            [
              52.51735948135156,
              29.80677554449487
            ],
            [
              52.51752590377554,
              29.80654746163842
            ]
          ]
        ]
      },
      "properties": {
        "name": "33",
        "area_m2": 346.17,
        "centroid": [
          52.517486,
          29.806686
        ]
      }
    },
    {
      "type": "Feature",
      "geometry": {
        "type": "Polygon",
        "coordinates": [
          [
            [
              52.5176130799678,
              29.80659584024762
            ],
            [
              52.51775176465273,
              29.8064057712689
            ],
            [
              52.51783894082077,
              29.80645414973056
            ],
            [
              52.51770025729052,
              29.80664421968629
            ],
            [
              52.5176130799678,
              29.80659584024762
            ]
          ]
        ]
      },
      "properties": {
        "name": "39",
        "area_m2": 288.48,
        "centroid": [
          52.517726,
          29.806525
        ]
      }
    },
    {
      "type": "Feature",
      "geometry": {
        "type": "Polygon",
        "coordinates": [
          [
            [
              52.5176130799678,
              29.80659584024762
            ],
            [
              52.51770025729052,
              29.80664421968629
            ],
            [
              52.51753383513601,
              29.80687230365307
            ],
            [
              52.51744665871983,
              29.80682392409844
            ],
            [
              52.5176130799678,
              29.80659584024762
            ]
          ]
        ]
      },
      "properties": {
        "name": "34",
        "area_m2": 346.17,
        "centroid": [
          52.517573,
          29.806734
        ]
      }
    },
    {
      "type": "Feature",
      "geometry": {
        "type": "Polygon",
        "coordinates": [
          [
            [
              52.51770025729052,
              29.80664421968629
            ],
            [
              52.51783894082077,
              29.80645414973056
            ],
            [
              52.51792611811926,
              29.80650252902167
            ],
            [
              52.51778743366116,
              29.80669259907601
            ],
            [
              52.51770025729052,
              29.80664421968629
            ]
          ]
        ]
      },
      "properties": {
        "name": "38",
        "area_m2": 288.48,
        "centroid": [
          52.517813,
          29.806573
        ]
      }
    },
    {
      "type": "Feature",
      "geometry": {
        "type": "Polygon",
        "coordinates": [
          [
            [
              52.51770025729052,
              29.80664421968629
            ],
            [
              52.51778743366116,
              29.80669259907601
            ],
            [
              52.51762101266903,
              29.80692068313499
            ],
            [
              52.51753383513601,
              29.80687230365307
            ],
            [
              52.51770025729052,
              29.80664421968629
            ]
          ]
        ]
      },
      "properties": {
        "name": "35",
        "area_m2": 346.17,
        "centroid": [
          52.517661,
          29.806782
        ]
      }
    },
    {
      "type": "Feature",
      "geometry": {
        "type": "Polygon",
        "coordinates": [
          [
            [
              52.51801111722331,
              29.80658746395165
            ],
            [
              52.51799051149574,
              29.80661570436354
            ],
            [
              52.51789204623948,
              29.80675065407345
            ],
            [
              52.51778743366116,
              29.80669259907601
            ],
            [
              52.51792611811926,
              29.80650252902167
            ],
            [
              52.5179999087996,
              29.80654347979208
            ],
            [
              52.51801111722331,
              29.80658746395165
            ]
          ]
        ]
      },
      "properties": {
        "name": "37",
        "area_m2": 338.96,
        "centroid": [
          52.517907,
          29.806628
        ]
      }
    },
    {
      "type": "Feature",
      "geometry": {
        "type": "Polygon",
        "coordinates": [
          [
            [
              52.51762101266903,
              29.80692068313499
            ],
            [
              52.51778743366116,
              29.80669259907601
            ],
            [
              52.51789204623948,
              29.80675065407345
            ],
            [
              52.51773347017993,
              29.80696798626553
            ],
            [
              52.51771329664754,
              29.80697189586032
            ],
            [
              52.51762101266903,
              29.80692068313499
            ]
          ]
        ]
      },
      "properties": {
        "name": "36",
        "area_m2": 414.25,
        "centroid": [
          52.517757,
          29.806835
        ]
      }
    },
    {
      "type": "Feature",
      "geometry": {
        "type": "Polygon",
        "coordinates": [
          [
            [
              52.51633695908488,
              29.80685430627697
            ],
            [
              52.51635141107881,
              29.80681426030833
            ],
            [
              52.51646790894953,
              29.80665460297574
            ],
            [
              52.51655508477356,
              29.80670298319919
            ],
            [
              52.51638866088236,
              29.80693106490196
            ],
            [
              52.5163799423606,
              29.80692622742393
            ],
            [
              52.51634740246173,
              29.80689528921035
            ],
            [
              52.51633695908488,
              29.80685430627697
            ]
          ]
        ]
      },
      "properties": {
        "name": "1",
        "area_m2": 322.81,
        "centroid": [
          52.516435,
          29.806787
        ]
      }
    },
    {
      "type": "Feature",
      "geometry": {
        "type": "Polygon",
        "coordinates": [
          [
            [
              52.51677048855763,
              29.80655549071393
            ],
            [
              52.51678094743603,
              29.8065612944324
            ],
            [
              52.51677129822525,
              29.80657451870334
            ],
            [
              52.51664226171444,
              29.80675136334995
            ],
            [
              52.51655508477356,
              29.80670298319919
            ],
            [
              52.51669377163621,
              29.8065129143565
            ],
            [
              52.51677048855763,
              29.80655549071393
            ]
          ]
        ]
      },
      "properties": {
        "name": "23",
        "area_m2": 288.48,
        "centroid": [
          52.516668,
          29.806632
        ]
      }
    },
    {
      "type": "Feature",
      "geometry": {
        "type": "Polygon",
        "coordinates": [
          [
            [
              52.51647583691667,
              29.80697944516868
            ],
            [
              52.51638866088236,
              29.80693106490196
            ],
            [
              52.51655508477356,
              29.80670298319919
            ],
            [
              52.51664226171444,
              29.80675136334995
            ],
            [
              52.51647583691667,
              29.80697944516868
            ]
          ]
        ]
      },
      "properties": {
        "name": "2",
        "area_m2": 346.17,
        "centroid": [
          52.516515,
          29.806841
        ]
      }
    },
    {
      "type": "Feature",
      "geometry": {
        "type": "Polygon",
        "coordinates": [
          [
            [
              52.51685804525105,
              29.80660408111842
            ],
            [
              52.51686812435268,
              29.80660967443561
            ],
            [
              52.5167294376896,
              29.8067997425496
            ],
            [
              52.51664226171444,
              29.80675136334995
            ],
            [
              52.51677129822525,
              29.80657451870334
            ],
            [
              52.51678094743603,
              29.8065612944324
            ],
            [
              52.51685804525105,
              29.80660408111842
            ]
          ]
        ]
      },
      "properties": {
        "name": "22",
        "area_m2": 288.48,
        "centroid": [
          52.516755,
          29.806681
        ]
      }
    },
    {
      "type": "Feature",
      "geometry": {
        "type": "Polygon",
        "coordinates": [
          [
            [
              52.51656301406782,
              29.80702782536269
            ],
            [
              52.51647583691667,
              29.80697944516868
            ],
            [
              52.51664226171444,
              29.80675136334995
            ],
            [
              52.5167294376896,
              29.8067997425496
            ],
            [
              52.51656301406782,
              29.80702782536269
            ]
          ]
        ]
      },
      "properties": {
        "name": "3",
        "area_m2": 346.17,
        "centroid": [
          52.516603,
          29.80689
        ]
      }
    },
    {
      "type": "Feature",
      "geometry": {
        "type": "Polygon",
        "coordinates": [
          [
            [
              52.5169472307479,
              29.80665357494134
            ],
            [
              52.51695530030363,
              29.8066580534877
            ],
            [
              52.51694472562124,
              29.80667254623832
            ],
            [
              52.51681661479523,
              29.80684812257871
            ],
            [
              52.5167294376896,
              29.8067997425496
            ],
            [
              52.51686812435268,
              29.80660967443561
            ],
            [
              52.5169472307479,
              29.80665357494134
            ]
          ]
        ]
      },
      "properties": {
        "name": "21",
        "area_m2": 288.48,
        "centroid": [
          52.516842,
          29.806729
        ]
      }
    },
    {
      "type": "Feature",
      "geometry": {
        "type": "Polygon",
        "coordinates": [
          [
            [
              52.51665019026689,
              29.80707620550777
            ],
            [
              52.51656301406782,
              29.80702782536269
            ],
            [
              52.5167294376896,
              29.8067997425496
            ],
            [
              52.51681661479523,
              29.80684812257871
            ],
            [
              52.51665019026689,
              29.80707620550777
            ]
          ]
        ]
      },
      "properties": {
        "name": "4",
        "area_m2": 346.18,
        "centroid": [
          52.51669,
          29.806938
        ]
      }
    },
    {
      "type": "Feature",
      "geometry": {
        "type": "Polygon",
        "coordinates": [
          [
            [
              52.51703377657592,
              29.80670160475444
            ],
            [
              52.51704247738503,
              29.80670643336926
            ],
            [
              52.51690379094875,
              29.80689650255888
            ],
            [
              52.51681661479523,
              29.80684812257871
            ],
            [
              52.51694472562124,
              29.80667254623832
            ],
            [
              52.51695530030363,
              29.8066580534877
            ],
            [
              52.51703377657592,
              29.80670160475444
            ]
          ]
        ]
      },
      "properties": {
        "name": "20",
        "area_m2": 288.48,
        "centroid": [
          52.51693,
          29.806777
        ]
      }
    },
    {
      "type": "Feature",
      "geometry": {
        "type": "Polygon",
        "coordinates": [
          [
            [
              52.51673736758281,
              29.80712458558014
            ],
            [
              52.51665019026689,
              29.80707620550777
            ],
            [
              52.51681661479523,
              29.80684812257871
            ],
            [
              52.51690379094875,
              29.80689650255888
            ],
            [
              52.51673736758281,
              29.80712458558014
            ]
          ]
        ]
      },
      "properties": {
        "name": "5",
        "area_m2": 346.18,
        "centroid": [
          52.516777,
          29.806986
        ]
      }
    },
    {
      "type": "Feature",
      "geometry": {
        "type": "Polygon",
        "coordinates": [
          [
            [
              52.51690379094875,
              29.80689650255888
            ],
            [
              52.51704247738503,
              29.80670643336926
            ],
            [
              52.51712965351436,
              29.80675481320187
            ],
            [
              52.51699096821913,
              29.80694488246635
            ],
            [
              52.51690379094875,
              29.80689650255888
            ]
          ]
        ]
      },
      "properties": {
        "name": "19",
        "area_m2": 288.48,
        "centroid": [
          52.517017,
          29.806826
        ]
      }
    },
    {
      "type": "Feature",
      "geometry": {
        "type": "Polygon",
        "coordinates": [
          [
            [
              52.51682454394663,
              29.80717296560357
            ],
            [
              52.51673736758281,
              29.80712458558014
            ],
            [
              52.51690379094875,
              29.80689650255888
            ],
            [
              52.51699096821913,
              29.80694488246635
            ],
            [
              52.51682454394663,
              29.80717296560357
            ]
          ]
        ]
      },
      "properties": {
        "name": "6",
        "area_m2": 346.18,
        "centroid": [
          52.516864,
          29.807035
        ]
      }
    },
    {
      "type": "Feature",
      "geometry": {
        "type": "Polygon",
        "coordinates": [
          [
            [
              52.51699096821913,
              29.80694488246635
            ],
            [
              52.51712965351436,
              29.80675481320187
            ],
            [
              52.51721683076051,
              29.80680319296179
            ],
            [
              52.51707814453742,
              29.80699326232487
            ],
            [
              52.51699096821913,
              29.80694488246635
            ]
          ]
        ]
      },
      "properties": {
        "name": "18",
        "area_m2": 288.48,
        "centroid": [
          52.517104,
          29.806874
        ]
      }
    },
    {
      "type": "Feature",
      "geometry": {
        "type": "Polygon",
        "coordinates": [
          [
            [
              52.51691172141369,
              29.80722134465212
            ],
            [
              52.51682454394663,
              29.80717296560357
            ],
            [
              52.51699096821913,
              29.80694488246635
            ],
            [
              52.51707814453742,
              29.80699326232487
            ],
            [
              52.51691172141369,
              29.80722134465212
            ]
          ]
        ]
      },
      "properties": {
        "name": "7",
        "area_m2": 346.17,
        "centroid": [
          52.516951,
          29.807083
        ]
      }
    },
    {
      "type": "Feature",
      "geometry": {
        "type": "Polygon",
        "coordinates": [
          [
            [
              52.52634135348961,
              29.80091068368939
            ],
            [
              52.52634601221597,
              29.8009060496795
            ],
            [
              52.52635084898226,
              29.80090155798512
            ],
            [
              52.52635586076747,
              29.8008972140551
            ],
            [
              52.52636103830306,
              29.80089302070342
            ],
            [
              52.526366377561,
              29.80088898519521
            ],
            [
              52.52637187237598,
              29.80088511030862
            ],
            [
              52.52637751560306,
              29.80088140244241
            ],
            [
              52.52638330107693,
              29.80087786437481
            ],
            [
              52.52638922162529,
              29.80087450070018
            ],
            [
              52.5263952711102,
              29.80087131600111
            ],
            [
              52.52640144129756,
              29.80086831307959
            ],
            [
              52.52640772501507,
              29.80086549653013
            ],
            [
              52.52641411609744,
              29.80086286913087
            ],
            [
              52.52642060629684,
              29.8008604327817
            ],
            [
              52.526427188441,
              29.8008581920771
            ],
            [
              52.52643385428211,
              29.80085614891696
            ],
            [
              52.52644059662048,
              29.80085430609139
            ],
            [
              52.52644740719462,
              29.80085266459815
            ],
            [
              52.52645427880486,
              29.80085122722736
            ],
            [
              52.52646120113458,
              29.80084999590282
            ],
            [
              52.52646816902553,
              29.80084897158641
            ],
            [
              52.52647517216109,
              29.80084815620196
            ],
            [
              52.52648220432121,
              29.800847548919
            ],
            [
              52.52648925520299,
              29.80084715256347
            ],
            [
              52.52649631755195,
              29.80084696631687
            ],
            [
              52.52650338310662,
              29.80084699117691
            ],
            [
              52.52651044357811,
              29.80084722633705
            ],
            [
              52.52651749069127,
              29.80084767189288
            ],
            [
              52.52652451615717,
              29.80084832703778
            ],
            [
              52.52653151273508,
              29.80084919185544
            ],
            [
              52.52653847003988,
              29.8008502637588
            ],
            [
              52.52654538187892,
              29.80085154372176
            ],
            [
              52.52655223992219,
              29.80085302823126
            ],
            [
              52.52659626064088,
              29.8008632591956
            ],
            [
              52.52662121235839,
              29.80088169510485
            ],
            [
              52.52642085212086,
              29.80108797196939
            ],
            [
              52.52631767401248,
              29.80101173967867
            ],
            [
              52.52629662407311,
              29.80099618759563
            ],
            [
              52.52629321355889,
              29.800960244064
            ],
            [
              52.52631529713305,
              29.80093750848033
            ],
            [
              52.52634135348961,
              29.80091068368939
            ]
          ]
        ]
      },
      "properties": {
        "name": "651",
        "area_m2": 542.06,
        "centroid": [
          52.526444,
          29.800948
        ]
      }
    },
    {
      "type": "Feature",
      "geometry": {
        "type": "Polygon",
        "coordinates": [
          [
            [
              52.52670004985876,
              29.80093994349241
            ],
            [
              52.52649968969174,
              29.80114622137531
            ],
            [
              52.52642085212086,
              29.80108797196939
            ],
            [
              52.52662121235839,
              29.80088169510485
            ],
            [
              52.52670004985876,
              29.80093994349241
            ]
          ]
        ]
      },
      "properties": {
        "name": "652",
        "area_m2": 346.15,
        "centroid": [
          52.52656,
          29.801014
        ]
      }
    },
    {
      "type": "Feature",
      "geometry": {
        "type": "Polygon",
        "coordinates": [
          [
            [
              52.52670004985876,
              29.80093994349241
            ],
            [
              52.52677888849802,
              29.80099819271941
            ],
            [
              52.52657852733969,
              29.80120446982828
            ],
            [
              52.52649968969174,
              29.80114622137531
            ],
            [
              52.52670004985876,
              29.80093994349241
            ]
          ]
        ]
      },
      "properties": {
        "name": "653",
        "area_m2": 346.15,
        "centroid": [
          52.526639,
          29.801072
        ]
      }
    },
    {
      "type": "Feature",
      "geometry": {
        "type": "Polygon",
        "coordinates": [
          [
            [
              52.51663125211008,
              29.80647821833952
            ],
            [
              52.51669377163621,
              29.8065129143565
            ],
            [
              52.51655508477356,
              29.80670298319919
            ],
            [
              52.51646790894953,
              29.80665460297574
            ],
            [
              52.51659090411636,
              29.80648603810009
            ],
            [
              52.51663125211008,
              29.80647821833952
            ]
          ]
        ]
      },
      "properties": {
        "name": "24",
        "area_m2": 283.86,
        "centroid": [
          52.51658,
          29.806586
        ]
      }
    },
    {
      "type": "Feature",
      "geometry": {
        "type": "Polygon",
        "coordinates": [
          [
            [
              52.52466198668077,
              29.80186707841854
            ],
            [
              52.52486235213171,
              29.80166080406247
            ],
            [
              52.52494118929356,
              29.80171905350743
            ],
            [
              52.52474082391311,
              29.80192532888187
            ],
            [
              52.52466198668077,
              29.80186707841854
            ]
          ]
        ]
      },
      "properties": {
        "name": "533",
        "area_m2": 346.15,
        "centroid": [
          52.524802,
          29.801793
        ]
      }
    },
    {
      "type": "Feature",
      "geometry": {
        "type": "Polygon",
        "coordinates": [
          [
            [
              52.520523696959,
              29.80244014872258
            ],
            [
              52.52054597131193,
              29.80257921970845
            ],
            [
              52.52046735799821,
              29.80258879649361
            ],
            [
              52.5204494903322,
              29.80247723544167
            ],
            [
              52.52048826201185,
              29.80247251231889
            ],
            [
              52.52048966408302,
              29.80247231933089
            ],
            [
              52.52049105726469,
              29.80247208584049
            ],
            [
              52.52049244152958,
              29.80247181004331
            ],
            [
              52.52049381378807,
              29.80247149287728
            ],
            [
              52.52049517198494,
              29.80247113526834
            ],
            [
              52.52049651610655,
              29.80247073631434
            ],
            [
              52.52049784307694,
              29.80247029785531
            ],
            [
              52.52049915187531,
              29.80246982080533
            ],
            [
              52.52050044143996,
              29.80246930337196
            ],
            [
              52.52050171077741,
              29.80246874827362
            ],
            [
              52.52050295678438,
              29.802468155546
            ],
            [
              52.52050417844009,
              29.80246752610319
            ],
            [
              52.52050537471011,
              29.80246685995707
            ],
            [
              52.52050654355291,
              29.8024661589358
            ],
            [
              52.52050768496847,
              29.80246542303939
            ],
            [
              52.52050879690161,
              29.8024646531938
            ],
            [
              52.52050987729712,
              29.80246385032501
            ],
            [
              52.52051092514788,
              29.80246301624924
            ],
            [
              52.52051194045387,
              29.80246215096652
            ],
            [
              52.52051292012549,
              29.8024612554147
            ],
            [
              52.52051386522446,
              29.80246033138625
            ],
            [
              52.52051477266112,
              29.80245937981902
            ],
            [
              52.52051564141475,
              29.80245840162708
            ],
            [
              52.52051647253337,
              29.80245739770071
            ],
            [
              52.52051726294106,
              29.80245636987997
            ],
            [
              52.52051801160334,
              29.80245531817673
            ],
            [
              52.52051871959562,
              29.80245424528561
            ],
            [
              52.52051938486267,
              29.8024531521326
            ],
            [
              52.52052000637009,
              29.80245203872957
            ],
            [
              52.52052058312441,
              29.80245090779496
            ],
            [
              52.52052111618732,
              29.8024497611212
            ],
            [
              52.52052160244192,
              29.80244859784181
            ],
            [
              52.52052204401164,
              29.80244742154169
            ],
            [
              52.52052243779322,
              29.80244623225653
            ],
            [
              52.52052278589645,
              29.80244503266902
            ],
            [
              52.52052308521805,
              29.8024438228149
            ],
            [
              52.52052333785418,
              29.80244260447467
            ],
            [
              52.52052354176328,
              29.80244137947651
            ],
            [
              52.520523696959,
              29.80244014872258
            ]
          ]
        ]
      },
      "properties": {
        "name": "GIS_92624",
        "area_m2": 114.35,
        "centroid": [
          52.520498,
          29.802526
        ]
      }
    },
    {
      "type": "Feature",
      "geometry": {
        "type": "Polygon",
        "coordinates": [
          [
            [
              52.52389186897363,
              29.80115002231457
            ],
            [
              52.52383065038926,
              29.80130795486254
            ],
            [
              52.52378170866822,
              29.80129352434903
            ],
            [
              52.52383134593978,
              29.80116547143171
            ],
            [
              52.52384602822526,
              29.8011698002244
            ],
            [
              52.52384723134825,
              29.80117013464887
            ],
            [
              52.52384844632341,
              29.80117043194131
            ],
            [
              52.52384967315076,
              29.80117069210174
            ],
            [
              52.52385090872705,
              29.80117091516591
            ],
            [
              52.52385215303862,
              29.80117110023167
            ],
            [
              52.52385340401665,
              29.80117124732286
            ],
            [
              52.52385466062673,
              29.80117135645143
            ],
            [
              52.52385591975195,
              29.80117142675098
            ],
            [
              52.523857181406,
              29.80117145912368
            ],
            [
              52.52385844454077,
              29.8011714526793
            ],
            [
              52.52385970503235,
              29.8011714083677
            ],
            [
              52.52386096390143,
              29.8011713252748
            ],
            [
              52.52386221909288,
              29.80117120432662
            ],
            [
              52.5238634674898,
              29.80117104465678
            ],
            [
              52.52386470911954,
              29.80117084806961
            ],
            [
              52.52386594292034,
              29.8011706127727
            ],
            [
              52.52386716581633,
              29.80117034060617
            ],
            [
              52.5238683767731,
              29.80117003158196
            ],
            [
              52.52386957577698,
              29.80116968479788
            ],
            [
              52.52387075873135,
              29.80116930300816
            ],
            [
              52.52387192664327,
              29.80116888439656
            ],
            [
              52.52387307747129,
              29.80116843079124
            ],
            [
              52.52387420812586,
              29.80116794313015
            ],
            [
              52.52387531962769,
              29.80116742049921
            ],
            [
              52.52387640890094,
              29.80116686473853
            ],
            [
              52.52387747595926,
              29.80116627675029
            ],
            [
              52.52387851872016,
              29.80116565565619
            ],
            [
              52.52387953514219,
              29.80116500328439
            ],
            [
              52.52388052627342,
              29.80116432052514
            ],
            [
              52.52388148798991,
              29.80116360832833
            ],
            [
              52.52388242133974,
              29.80116286758419
            ],
            [
              52.52388332425409,
              29.80116209831661
            ],
            [
              52.52388419676031,
              29.80116130232988
            ],
            [
              52.52388503575519,
              29.80116047965981
            ],
            [
              52.52388584126607,
              29.80115963211072
            ],
            [
              52.52388661332032,
              29.80115876148697
            ],
            [
              52.52388734983542,
              29.80115786691025
            ],
            [
              52.52388804981802,
              29.80115695109896
            ],
            [
              52.5238887122337,
              29.80115601406504
            ],
            [
              52.52388933710983,
              29.80115505761285
            ],
            [
              52.52388992342566,
              29.80115408265646
            ],
            [
              52.52389047119487,
              29.80115309009806
            ],
            [
              52.52389097734159,
              29.80115208177775
            ],
            [
              52.52389144394834,
              29.80115105857385
            ],
            [
              52.52389186897363,
              29.80115002231457
            ]
          ]
        ]
      },
      "properties": {
        "name": "GIS_92625",
        "area_m2": 89.57,
        "centroid": [
          52.523832,
          29.801234
        ]
      }
    },
    {
      "type": "Feature",
      "geometry": {
        "type": "Polygon",
        "coordinates": [
          [
            [
              52.52400614279496,
              29.80264142972647
            ],
            [
              52.52384509883019,
              29.80264179443036
            ],
            [
              52.52384634067452,
              29.80264167904979
            ],
            [
              52.52384757677229,
              29.80264152583779
            ],
            [
              52.52384880610278,
              29.80264133570848
            ],
            [
              52.52385002763154,
              29.80264110867379
            ],
            [
              52.52385123930341,
              29.80264084565971
            ],
            [
              52.52385244007029,
              29.80264054577604
            ],
            [
              52.52385362786334,
              29.80264020904664
            ],
            [
              52.52385480168915,
              29.8026398381899
            ],
            [
              52.52385596048595,
              29.80263943141345
            ],
            [
              52.52385710219858,
              29.8026389896433
            ],
            [
              52.52385822581996,
              29.80263851469571
            ],
            [
              52.523859330302,
              29.80263800568045
            ],
            [
              52.52386041358951,
              29.80263746352355
            ],
            [
              52.52386147466176,
              29.80263688913909
            ],
            [
              52.52386251249801,
              29.80263628344119
            ],
            [
              52.5238635260775,
              29.80263564734393
            ],
            [
              52.52386451331772,
              29.802634979969
            ],
            [
              52.52386547322526,
              29.80263428403484
            ],
            [
              52.52386640580012,
              29.80263355954144
            ],
            [
              52.52386730897349,
              29.80263280651268
            ],
            [
              52.52386818175194,
              29.80263202766696
            ],
            [
              52.52386902310106,
              29.80263122301622
            ],
            [
              52.5238698320001,
              29.80263039347457
            ],
            [
              52.52387060742833,
              29.80262953995609
            ],
            [
              52.52387134939941,
              29.80262866336297
            ],
            [
              52.52387205482376,
              29.80262776463315
            ],
            [
              52.52387272579758,
              29.80262684554709
            ],
            [
              52.52387335923128,
              29.80262590704277
            ],
            [
              52.52387395513853,
              29.80262495002236
            ],
            [
              52.52387451249859,
              29.80262397539993
            ],
            [
              52.52387503133882,
              29.80262298497986
            ],
            [
              52.52387551062479,
              29.80262197877404
            ],
            [
              52.52387595039755,
              29.80262095948898
            ],
            [
              52.52387634858824,
              29.80261992714855
            ],
            [
              52.52387670625863,
              29.80261888354515
            ],
            [
              52.52387702135357,
              29.80261782960481
            ],
            [
              52.52387729596925,
              29.80261676710801
            ],
            [
              52.52387752805053,
              29.80261569698075
            ],
            [
              52.52387771657662,
              29.80261462013716
            ],
            [
              52.52387786365744,
              29.80261353925988
            ],
            [
              52.52387796721044,
              29.80261245347057
            ],
            [
              52.52387802727667,
              29.80261136547576
            ],
            [
              52.52387804490423,
              29.80261027616569
            ],
            [
              52.52387794440038,
              29.80258324184995
            ],
            [
              52.52398126988282,
              29.80258294811826
            ],
            [
              52.52398140462382,
              29.80261899446466
            ],
            [
              52.52398142266195,
              29.8026197747681
            ],
            [
              52.52398147173274,
              29.80262055471367
            ],
            [
              52.52398155284327,
              29.80262133248511
            ],
            [
              52.52398166391104,
              29.80262210720409
            ],
            [
              52.52398180595676,
              29.80262287795653
            ],
            [
              52.52398197794602,
              29.80262364475432
            ],
            [
              52.52398218087221,
              29.80262440487908
            ],
            [
              52.5239824137146,
              29.80262515924488
            ],
            [
              52.5239826764458,
              29.80262590604738
            ],
            [
              52.5239829690385,
              29.80262664348224
            ],
            [
              52.52398329047192,
              29.8026273724636
            ],
            [
              52.52398364071871,
              29.80262809118707
            ],
            [
              52.52398401976521,
              29.80262879875051
            ],
            [
              52.52398442552888,
              29.80262949427559
            ],
            [
              52.52398486007857,
              29.80263017773849
            ],
            [
              52.52398532028366,
              29.80263084737063
            ],
            [
              52.52398580819931,
              29.80263150224599
            ],
            [
              52.52398632072227,
              29.80263214240036
            ],
            [
              52.52398685887326,
              29.80263276691965
            ],
            [
              52.52398742056978,
              29.80263337492554
            ],
            [
              52.52398800681887,
              29.80263396460176
            ],
            [
              52.52398861659981,
              29.80263453686243
            ],
            [
              52.52398924781639,
              29.80263508992704
            ],
            [
              52.52398990151671,
              29.80263562468586
            ],
            [
              52.52399057559089,
              29.80263613845624
            ],
            [
              52.52399127003893,
              29.80263663123816
            ],
            [
              52.52399198382641,
              29.80263710304356
            ],
            [
              52.52399271487079,
              29.80263755299412
            ],
            [
              52.52399346420653,
              29.80263798107795
            ],
            [
              52.52399422973738,
              29.80263838551452
            ],
            [
              52.52399501147706,
              29.80263876720604
            ],
            [
              52.52399580734301,
              29.80263912527418
            ],
            [
              52.5239966173079,
              29.80263945791462
            ],
            [
              52.52399743933023,
              29.80263976695552
            ],
            [
              52.52399827338264,
              29.80264005059256
            ],
            [
              52.52399911843072,
              29.8026403088377
            ],
            [
              52.52399997342636,
              29.80264054080067
            ],
            [
              52.5240008373488,
              29.80264074739557
            ],
            [
              52.52400170811555,
              29.8026409277441
            ],
            [
              52.52400258572658,
              29.80264108184625
            ],
            [
              52.5240034691338,
              29.8026412088118
            ],
            [
              52.52400435731645,
              29.80264130955482
            ],
            [
              52.52400524819204,
              29.80264138319701
            ],
            [
              52.52400614279496,
              29.80264142972647
            ]
          ]
        ]
      },
      "properties": {
        "name": "GIS_92634",
        "area_m2": 79.44,
        "centroid": [
          52.523929,
          29.802614
        ]
      }
    },
    {
      "type": "Feature",
      "geometry": {
        "type": "Polygon",
        "coordinates": [
          [
            [
              52.52370685402158,
              29.80194630144368
            ],
            [
              52.52384042196845,
              29.80198728341131
            ],
            [
              52.52383955189149,
              29.80198714816988
            ],
            [
              52.52383867600467,
              29.80198703916288
            ],
            [
              52.5238377974112,
              29.80198695635453
            ],
            [
              52.52383691509037,
              29.80198690065891
            ],
            [
              52.52383603211807,
              29.80198687023592
            ],
            [
              52.52383514748723,
              29.80198686690182
            ],
            [
              52.52383426428742,
              29.80198688971864
            ],
            [
              52.52383338148422,
              29.80198693869833
            ],
            [
              52.52383250116017,
              29.80198701471917
            ],
            [
              52.5238316253567,
              29.80198711595304
            ],
            [
              52.52383075306678,
              29.80198724421611
            ],
            [
              52.52382988633188,
              29.80198739768025
            ],
            [
              52.52382902723449,
              29.80198757722374
            ],
            [
              52.52382817474022,
              29.80198778285855
            ],
            [
              52.52382733089054,
              29.80198801275645
            ],
            [
              52.52382649674721,
              29.80198826870986
            ],
            [
              52.52382567228288,
              29.80198854891446
            ],
            [
              52.5238248606008,
              29.80198885333442
            ],
            [
              52.52382406066656,
              29.80198918198173
            ],
            [
              52.52382327453531,
              29.80198953393032
            ],
            [
              52.52382250222072,
              29.80198991008237
            ],
            [
              52.52382174472986,
              29.80199030862164
            ],
            [
              52.52382100413156,
              29.80199072952424
            ],
            [
              52.52382028041213,
              29.80199117188802
            ],
            [
              52.52381957460602,
              29.80199163570106
            ],
            [
              52.52381888671319,
              29.80199212096336
            ],
            [
              52.52381821877515,
              29.8019926258467
            ],
            [
              52.52381757080556,
              29.80199315125327
            ],
            [
              52.52381694379781,
              29.80199369446464
            ],
            [
              52.52381633881367,
              29.80199425727322
            ],
            [
              52.52381575581212,
              29.8019948369725
            ],
            [
              52.52381519582757,
              29.80199543355055
            ],
            [
              52.52381465989441,
              29.80199604699546
            ],
            [
              52.52381414903343,
              29.80199667639311
            ],
            [
              52.52381366218282,
              29.80199731995109
            ],
            [
              52.52381320141143,
              29.80199797764558
            ],
            [
              52.52381276568484,
              29.80199864948848
            ],
            [
              52.52381235807896,
              29.80199933363969
            ],
            [
              52.52381197651126,
              29.80200002922087
            ],
            [
              52.5238116230369,
              29.80200073530601
            ],
            [
              52.52381129663516,
              29.80200145280922
            ],
            [
              52.52381099933383,
              29.80200217900012
            ],
            [
              52.52380024524596,
              29.80202992409098
            ],
            [
              52.52370236214642,
              29.80200106303839
            ],
            [
              52.52371228886481,
              29.80197545247121
            ],
            [
              52.52371267133359,
              29.80197440677759
            ],
            [
              52.52371301224794,
              29.80197334983287
            ],
            [
              52.52371330956638,
              29.80197228346525
            ],
            [
              52.52371356537142,
              29.801971208553
            ],
            [
              52.52371377760791,
              29.8019701260222
            ],
            [
              52.52371394631688,
              29.80196903857931
            ],
            [
              52.52371407149833,
              29.80196794622436
            ],
            [
              52.52371415319328,
              29.80196685166384
            ],
            [
              52.52371419138806,
              29.80196575399558
            ],
            [
              52.52371418510296,
              29.80196465684017
            ],
            [
              52.5237141353724,
              29.80196356018571
            ],
            [
              52.52371404221005,
              29.80196246493434
            ],
            [
              52.52371390565693,
              29.80196137379259
            ],
            [
              52.52371372469232,
              29.80196028767452
            ],
            [
              52.52371350139873,
              29.80195920745847
            ],
            [
              52.52371323476907,
              29.80195813496069
            ],
            [
              52.52371292585146,
              29.80195707107145
            ],
            [
              52.52371257465956,
              29.80195601669288
            ],
            [
              52.52371218123439,
              29.8019549745315
            ],
            [
              52.52371174661039,
              29.80195394457537
            ],
            [
              52.52371127080122,
              29.80195292772668
            ],
            [
              52.52371075488235,
              29.80195192667998
            ],
            [
              52.52371019988815,
              29.80195094142337
            ],
            [
              52.52370960585967,
              29.80194997466333
            ],
            [
              52.52370897278324,
              29.80194902549772
            ],
            [
              52.52370830276873,
              29.80194809660914
            ],
            [
              52.52370759581611,
              29.80194718799763
            ],
            [
              52.52370685402158,
              29.80194630144368
            ]
          ]
        ]
      },
      "properties": {
        "name": "GIS_92635",
        "area_m2": 70.14,
        "centroid": [
          52.523761,
          29.80199
        ]
      }
    },
    {
      "type": "Feature",
      "geometry": {
        "type": "Polygon",
        "coordinates": [
          [
            [
              52.52052935368741,
              29.79953533448713
            ],
            [
              52.52043273614248,
              29.79950339837506
            ],
            [
              52.5205123770216,
              29.79932011829478
            ],
            [
              52.52060899441025,
              29.79935205435478
            ],
            [
              52.52052935368741,
              29.79953533448713
            ]
          ]
        ]
      },
      "properties": {
        "name": "700",
        "area_m2": 250.96,
        "centroid": [
          52.520521,
          29.799428
        ]
      }
    },
    {
      "type": "Feature",
      "geometry": {
        "type": "Polygon",
        "coordinates": [
          [
            [
              52.52280373333926,
              29.8025120649551
            ],
            [
              52.52281747565689,
              29.80256845354091
            ],
            [
              52.52282906844086,
              29.80262520707172
            ],
            [
              52.52283849835888,
              29.80268226524599
            ],
            [
              52.52284245123453,
              29.80270935352852
            ],
            [
              52.52280797551012,
              29.80274291128157
            ],
            [
              52.52280184008286,
              29.80274214552719
            ],
            [
              52.52279573713361,
              29.80274120164012
            ],
            [
              52.52278967393067,
              29.80274008134125
            ],
            [
              52.52278365669432,
              29.80273878546124
            ],
            [
              52.52277769267921,
              29.8027373148188
            ],
            [
              52.52277178813293,
              29.80273567204894
            ],
            [
              52.52276594928938,
              29.80273385888449
            ],
            [
              52.52276018238245,
              29.80273187705828
            ],
            [
              52.5227544946805,
              29.80272972829119
            ],
            [
              52.52274889347918,
              29.80272741610848
            ],
            [
              52.52274338189545,
              29.80272494137657
            ],
            [
              52.52273796930747,
              29.80272230849904
            ],
            [
              52.52273265989397,
              29.8027195201347
            ],
            [
              52.52272745988885,
              29.80271657801642
            ],
            [
              52.52272237558066,
              29.80271348748567
            ],
            [
              52.52271741113444,
              29.80271025029913
            ],
            [
              52.52271257385954,
              29.80270687088424
            ],
            [
              52.52255716740292,
              29.80259454256945
            ],
            [
              52.52254273001231,
              29.80258446661086
            ],
            [
              52.52252790304092,
              29.80257483096241
            ],
            [
              52.52251270525856,
              29.80256564533333
            ],
            [
              52.52249715339353,
              29.802556921261
            ],
            [
              52.52248126622926,
              29.80254866935682
            ],
            [
              52.52246506356993,
              29.80254089931806
            ],
            [
              52.52244856415797,
              29.80253361904964
            ],
            [
              52.52243178677675,
              29.80252683916296
            ],
            [
              52.52241475222382,
              29.80252056663691
            ],
            [
              52.52239748027598,
              29.80251480936453
            ],
            [
              52.52237999171705,
              29.80250957342256
            ],
            [
              52.52236230629648,
              29.80250486489967
            ],
            [
              52.52234444584615,
              29.80250069076292
            ],
            [
              52.52232643110891,
              29.80249705438259
            ],
            [
              52.52230828390297,
              29.80249396182355
            ],
            [
              52.52229002494381,
              29.80249141465178
            ],
            [
              52.52227167705673,
              29.80248941711595
            ],
            [
              52.52225326097088,
              29.80248797168422
            ],
            [
              52.5222347984361,
              29.80248707991065
            ],
            [
              52.52221631118865,
              29.80248674244721
            ],
            [
              52.52219782303357,
              29.80248695992202
            ],
            [
              52.52217935259014,
              29.80248773212058
            ],
            [
              52.52216092467054,
              29.80248905785481
            ],
            [
              52.52214255996289,
              29.80249093688643
            ],
            [
              52.52212428013514,
              29.80249336535661
            ],
            [
              52.52210610686885,
              29.80249634030864
            ],
            [
              52.52208853839827,
              29.80248685078176
            ],
            [
              52.52176386336144,
              29.80135751309932
            ],
            [
              52.52177409324018,
              29.80134185273294
            ],
            [
              52.52179344679237,
              29.80133628178215
            ],
            [
              52.521812568073,
              29.80133012969835
            ],
            [
              52.52183143339961,
              29.80132340397302
            ],
            [
              52.52185002118588,
              29.80131611387811
            ],
            [
              52.52186830774947,
              29.80130826690507
            ],
            [
              52.52188627253849,
              29.80129987231398
            ],
            [
              52.5219371779661,
              29.80130755769014
            ],
            [
              52.52239817703852,
              29.80179463525932
            ],
            [
              52.52243940424952,
              29.8018396952792
            ],
            [
              52.52247889656503,
              29.80188592212858
            ],
            [
              52.52251661079424,
              29.80193326487405
            ],
            [
              52.52255250478048,
              29.80198167257028
            ],
            [
              52.52258654043614,
              29.80203108971342
            ],
            [
              52.52261867972797,
              29.80208146440824
            ],
            [
              52.52264888662302,
              29.80213274022477
            ],
            [
              52.52267712819135,
              29.80218486069733
            ],
            [
              52.52270337460597,
              29.80223776932435
            ],
            [
              52.52272759599872,
              29.80229140689775
            ],
            [
              52.52274976563181,
              29.80234571597793
            ],
            [
              52.5227698587814,
              29.80240063549273
            ],
            [
              52.52278785487482,
              29.80245610522439
            ],
            [
              52.52280373333926,
              29.8025120649551
            ]
          ]
        ]
      },
      "properties": {
        "name": "484",
        "area_m2": 8410.83,
        "centroid": [
          52.522278,
          29.802059
        ]
      }
    },
    {
      "type": "Feature",
      "geometry": {
        "type": "Polygon",
        "coordinates": [
          [
            [
              52.52278543510895,
              29.80358669115942
            ],
            [
              52.52262395302302,
              29.80341084970839
            ],
            [
              52.52258293631805,
              29.80343949922932
            ],
            [
              52.5225623961696,
              29.80343751887661
            ],
            [
              52.52225725605767,
              29.80310524100195
            ],
            [
              52.52223247130594,
              29.80307732160818
            ],
            [
              52.52220875303758,
              29.80304870505921
            ],
            [
              52.52218612760476,
              29.80301942353583
            ],
            [
              52.52216462031144,
              29.80298950832852
            ],
            [
              52.52214425440631,
              29.80295899165377
            ],
            [
              52.52212505108275,
              29.80292790665406
            ],
            [
              52.52210703153404,
              29.80289628647183
            ],
            [
              52.52209021595997,
              29.80286416696796
            ],
            [
              52.52207462142958,
              29.80283158223471
            ],
            [
              52.52206026501188,
              29.80279856636431
            ],
            [
              52.52204716383043,
              29.80276515705764
            ],
            [
              52.52203532979559,
              29.80273138936864
            ],
            [
              52.52202477691384,
              29.80269730013168
            ],
            [
              52.52201551712277,
              29.80266292620495
            ],
            [
              52.52204452343568,
              29.8026312326903
            ],
            [
              52.52206166979893,
              29.80263013107204
            ],
            [
              52.52207876859246,
              29.8026285526691
            ],
            [
              52.52209580016201,
              29.8026264977079
            ],
            [
              52.52211274694948,
              29.80262396819535
            ],
            [
              52.52212959244484,
              29.80262096702866
            ],
            [
              52.522143053856,
              29.80261858774172
            ],
            [
              52.52215660116049,
              29.80261661982695
            ],
            [
              52.52217021993118,
              29.80261506705981
            ],
            [
              52.52218389258304,
              29.80261392964281
            ],
            [
              52.52219760262011,
              29.80261321137525
            ],
            [
              52.52221133243003,
              29.80261291065537
            ],
            [
              52.52222506652397,
              29.8026130294662
            ],
            [
              52.52223878728957,
              29.80261356620597
            ],
            [
              52.52225247715546,
              29.8026145219794
            ],
            [
              52.52226612159892,
              29.80261589424685
            ],
            [
              52.52227970198681,
              29.80261768232062
            ],
            [
              52.52229320276199,
              29.80261988367296
            ],
            [
              52.52230660731917,
              29.80262249488586
            ],
            [
              52.522319898046,
              29.80262551435762
            ],
            [
              52.52233306037874,
              29.80262893684207
            ],
            [
              52.52234607666399,
              29.802632758031
            ],
            [
              52.52235893236535,
              29.80263697448256
            ],
            [
              52.52237161085017,
              29.80264158097449
            ],
            [
              52.52238409649292,
              29.80264657046823
            ],
            [
              52.52239637474349,
              29.80265193861984
            ],
            [
              52.52240843099707,
              29.80265767747667
            ],
            [
              52.52242024860732,
              29.80266378091428
            ],
            [
              52.52243181503828,
              29.80267024095625
            ],
            [
              52.52244311465071,
              29.80267704966185
            ],
            [
              52.52245413490859,
              29.80268419905466
            ],
            [
              52.52246486119341,
              29.8026916802799
            ],
            [
              52.52262026770714,
              29.80280400870005
            ],
            [
              52.52262917253322,
              29.80281022237717
            ],
            [
              52.52263831846027,
              29.8028161652849
            ],
            [
              52.52264769397294,
              29.80282182853266
            ],
            [
              52.52265728761051,
              29.80282720683846
            ],
            [
              52.52266708789858,
              29.8028322940182
            ],
            [
              52.52267708334907,
              29.8028370829856
            ],
            [
              52.52268726248758,
              29.80284156755655
            ],
            [
              52.52269761284626,
              29.80284574426538
            ],
            [
              52.5227081229507,
              29.80284960692799
            ],
            [
              52.52271877825051,
              29.80285315120036
            ],
            [
              52.52272956833301,
              29.80285637269083
            ],
            [
              52.52274047969592,
              29.80285926794567
            ],
            [
              52.5227514978025,
              29.80286183352303
            ],
            [
              52.52276261225374,
              29.80286406593341
            ],
            [
              52.52277380749212,
              29.80286596264911
            ],
            [
              52.52278507107712,
              29.80286752200881
            ],
            [
              52.52279638950641,
              29.80286874055877
            ],
            [
              52.52280774934601,
              29.80286961935612
            ],
            [
              52.5228191370936,
              29.80287015494717
            ],
            [
              52.52283054033595,
              29.80287034747491
            ],
            [
              52.5228701620666,
              29.80289926338312
            ],
            [
              52.52289236737831,
              29.80305144637344
            ],
            [
              52.5228941282985,
              29.80306203201515
            ],
            [
              52.52289631043177,
              29.8030725577608
            ],
            [
              52.52289891358694,
              29.80308301097998
            ],
            [
              52.52290193342136,
              29.80309337818786
            ],
            [
              52.52290536665418,
              29.80310364769196
            ],
            [
              52.52290920894276,
              29.8031138060074
            ],
            [
              52.5229134549374,
              29.80312384146559
            ],
            [
              52.52291810030909,
              29.80313374148379
            ],
            [
              52.52292313866001,
              29.80314349350318
            ],
            [
              52.52292856465407,
              29.80315308675725
            ],
            [
              52.52293437085898,
              29.80316250869907
            ],
            [
              52.52294055090423,
              29.80317174857409
            ],
            [
              52.52294709632307,
              29.8031807938473
            ],
            [
              52.52295400075864,
              29.80318963466628
            ],
            [
              52.52296125473708,
              29.8031982603123
            ],
            [
              52.52296884878454,
              29.80320666006653
            ],
            [
              52.52297677548232,
              29.80321482228424
            ],
            [
              52.5229850233424,
              29.8032227398791
            ],
            [
              52.52299358286354,
              29.80323040032805
            ],
            [
              52.52300244461284,
              29.80323779561877
            ],
            [
              52.52301159604044,
              29.80324491687262
            ],
            [
              52.52302102769977,
              29.80325175517513
            ],
            [
              52.52303072705462,
              29.80325830254982
            ],
            [
              52.5230406825895,
              29.80326455010608
            ],
            [
              52.52305088178188,
              29.80327049076959
            ],
            [
              52.52306131210917,
              29.80327611746602
            ],
            [
              52.52307196208323,
              29.80328142310911
            ],
            [
              52.52308281816069,
              29.80328640153865
            ],
            [
              52.52309386576378,
              29.8032910466063
            ],
            [
              52.52310509341795,
              29.80329535212801
            ],
            [
              52.52311648655911,
              29.80329931285766
            ],
            [
              52.52312803168487,
              29.80330292534153
            ],
            [
              52.52313971318296,
              29.80330618344322
            ],
            [
              52.52315151858544,
              29.80330908369714
            ],
            [
              52.52316343233473,
              29.80331162357562
            ],
            [
              52.52317544194919,
              29.80331379871085
            ],
            [
              52.52318752981603,
              29.80331560750116
            ],
            [
              52.52319968346728,
              29.80331704648095
            ],
            [
              52.52321188633825,
              29.80331811493883
            ],
            [
              52.52322412598831,
              29.80331881121354
            ],
            [
              52.52323638480467,
              29.80331913370343
            ],
            [
              52.52324864935327,
              29.80331908346568
            ],
            [
              52.52326090513829,
              29.80331865976507
            ],
            [
              52.52327313562237,
              29.80331786369453
            ],
            [
              52.5232853273578,
              29.80331669540914
            ],
            [
              52.52329746484166,
              29.80331515598989
            ],
            [
              52.5233095336465,
              29.80331324921243
            ],
            [
              52.52332151825575,
              29.80331097525569
            ],
            [
              52.52333340425562,
              29.80330833879741
            ],
            [
              52.52334517821208,
              29.80330534089487
            ],
            [
              52.52335682469061,
              29.80330198713993
            ],
            [
              52.52336832925009,
              29.80329828040611
            ],
            [
              52.52337967852488,
              29.80329422626147
            ],
            [
              52.52339085913569,
              29.80328982937193
            ],
            [
              52.52340185768951,
              29.80328509350121
            ],
            [
              52.52341265879289,
              29.80328002694776
            ],
            [
              52.52278543510895,
              29.80358669115942
            ]
          ]
        ]
      },
      "properties": {
        "name": "480",
        "area_m2": 6740.05,
        "centroid": [
          52.522585,
          29.803081
        ]
      }
    },
    {
      "type": "Feature",
      "geometry": {
        "type": "Polygon",
        "coordinates": [
          [
            [
              52.52207396528372,
              29.80306721863367
            ],
            [
              52.5220943354141,
              29.80309439305554
            ],
            [
              52.52211555567864,
              29.80312106771887
            ],
            [
              52.52213760820548,
              29.80314722388027
            ],
            [
              52.52216047821234,
              29.80317284185843
            ],
            [
              52.52246561823026,
              29.8035051199574
            ],
            [
              52.52246334752519,
              29.8035230338215
            ],
            [
              52.52242233074146,
              29.80355168419751
            ],
            [
              52.52258381272375,
              29.80372752589587
            ],
            [
              52.52185427134838,
              29.80407334896973
            ],
            [
              52.52156653112481,
              29.80328544273571
            ],
            [
              52.5215746127796,
              29.80326885516502
            ],
            [
              52.52205408127755,
              29.80306230800911
            ],
            [
              52.52207396528372,
              29.80306721863367
            ]
          ]
        ]
      },
      "properties": {
        "name": "479",
        "area_m2": 7130.59,
        "centroid": [
          52.522032,
          29.803554
        ]
      }
    },
    {
      "type": "Feature",
      "geometry": {
        "type": "Polygon",
        "coordinates": [
          [
            [
              52.52164338503869,
              29.80249989612078
            ],
            [
              52.52165640500629,
              29.8025107293111
            ],
            [
              52.52166983298233,
              29.80252117702038
            ],
            [
              52.5216836553144,
              29.80253122587077
            ],
            [
              52.52169785530145,
              29.80254086612893
            ],
            [
              52.5217124172495,
              29.8025500862452
            ],
            [
              52.52172732547823,
              29.80255887557212
            ],
            [
              52.5217425622521,
              29.80256722438821
            ],
            [
              52.52175811191805,
              29.80257512385039
            ],
            [
              52.52177395570609,
              29.80258256424907
            ],
            [
              52.52179007592157,
              29.80258953856936
            ],
            [
              52.52180645586332,
              29.80259603707787
            ],
            [
              52.52182307476071,
              29.80260205459976
            ],
            [
              52.52183991593986,
              29.80260758320604
            ],
            [
              52.52185696068529,
              29.80261261679586
            ],
            [
              52.52188771335178,
              29.80264303194777
            ],
            [
              52.5218961614834,
              29.80268222553129
            ],
            [
              52.52190612328469,
              29.80272114812787
            ],
            [
              52.52191758566124,
              29.80275975477171
            ],
            [
              52.52193053760102,
              29.80279800137519
            ],
            [
              52.52194496396793,
              29.80283584480056
            ],
            [
              52.5219608465225,
              29.80287324194571
            ],
            [
              52.52197816909398,
              29.80291014968472
            ],
            [
              52.52199691138753,
              29.80294652584141
            ],
            [
              52.52201705105295,
              29.80298232916558
            ],
            [
              52.52203856575363,
              29.80301751930923
            ],
            [
              52.5220323992417,
              29.80303472098824
            ],
            [
              52.52156058237732,
              29.80323467870435
            ],
            [
              52.52154035277177,
              29.80323099643821
            ],
            [
              52.52115099633713,
              29.8028334169128
            ],
            [
              52.5210566820513,
              29.80273711087341
            ],
            [
              52.52103990637477,
              29.80271997930486
            ],
            [
              52.52103971643424,
              29.8027019575287
            ],
            [
              52.52140122346278,
              29.80231298560118
            ],
            [
              52.5214221745487,
              29.8023119196688
            ],
            [
              52.52164338503869,
              29.80249989612078
            ]
          ]
        ]
      },
      "properties": {
        "name": "481",
        "area_m2": 6253.31,
        "centroid": [
          52.521542,
          29.802794
        ]
      }
    },
    {
      "type": "Feature",
      "geometry": {
        "type": "Polygon",
        "coordinates": [
          [
            [
              52.51994715048245,
              29.80046253210935
            ],
            [
              52.51996088710465,
              29.80047186930164
            ],
            [
              52.51997497044491,
              29.80048080457863
            ],
            [
              52.51998938382993,
              29.80048933001104
            ],
            [
              52.52000411364868,
              29.80049743492742
            ],
            [
              52.52001914114537,
              29.80050511052012
            ],
            [
              52.52003445172912,
              29.80051234973824
            ],
            [
              52.52005002869926,
              29.80051914284822
            ],
            [
              52.52006585437531,
              29.80052548373702
            ],
            [
              52.52008191209748,
              29.80053136537759
            ],
            [
              52.52009818312357,
              29.80053677986447
            ],
            [
              52.52011465084838,
              29.80054172377932
            ],
            [
              52.52013129652964,
              29.8005461892167
            ],
            [
              52.52014810254135,
              29.80055017367231
            ],
            [
              52.52016505016856,
              29.80055367104509
            ],
            [
              52.52018212073718,
              29.80055667794051
            ],
            [
              52.52019571424645,
              29.80055908057001
            ],
            [
              52.52020920423536,
              29.80056188953351
            ],
            [
              52.52022257514708,
              29.80056510230302
            ],
            [
              52.52023581243193,
              29.8005687145343
            ],
            [
              52.5202488984233,
              29.80057272101666
            ],
            [
              52.52026181858514,
              29.80057711830808
            ],
            [
              52.52027455731966,
              29.80058190117404
            ],
            [
              52.52028710108424,
              29.80058706345412
            ],
            [
              52.52029943219862,
              29.80059259903548
            ],
            [
              52.52031153918897,
              29.80059850173388
            ],
            [
              52.52032340434775,
              29.80060476363216
            ],
            [
              52.52033501620107,
              29.80061137854609
            ],
            [
              52.52034636116533,
              29.80061833760875
            ],
            [
              52.52035742361539,
              29.80062563378133
            ],
            [
              52.52036819202277,
              29.80063325727097
            ],
            [
              52.52037865280382,
              29.80064119921072
            ],
            [
              52.52038879444368,
              29.80064945070988
            ],
            [
              52.52039860436579,
              29.80065800108531
            ],
            [
              52.52040807105526,
              29.80066684144625
            ],
            [
              52.52041718399065,
              29.80067596018361
            ],
            [
              52.52042593060902,
              29.80068534751641
            ],
            [
              52.5204343024577,
              29.80069499181174
            ],
            [
              52.52044228901525,
              29.80070488146044
            ],
            [
              52.52044987977379,
              29.80071500575558
            ],
            [
              52.52045706727414,
              29.80072535034583
            ],
            [
              52.52046384205645,
              29.80073590541448
            ],
            [
              52.52047019564073,
              29.80074665752432
            ],
            [
              52.52047612266384,
              29.80075759410448
            ],
            [
              52.52048161361133,
              29.80076870172963
            ],
            [
              52.52048666312003,
              29.80077996782894
            ],
            [
              52.52049126477868,
              29.80079137894137
            ],
            [
              52.52049541424487,
              29.80080292158201
            ],
            [
              52.52049910612808,
              29.80081458137569
            ],
            [
              52.52050233506512,
              29.80082634575161
            ],
            [
              52.52047863796043,
              29.80086123524831
            ],
            [
              52.52046542425935,
              29.80086575182969
            ],
            [
              52.52045238692422,
              29.80087064265075
            ],
            [
              52.52043954035474,
              29.80087590213192
            ],
            [
              52.52042689689545,
              29.80088152561958
            ],
            [
              52.52041447196684,
              29.8008875066201
            ],
            [
              52.52040227788618,
              29.80089383867556
            ],
            [
              52.52039032697075,
              29.800900515328
            ],
            [
              52.52037863359302,
              29.80090752919359
            ],
            [
              52.52036720902224,
              29.80091487292408
            ],
            [
              52.52035606554846,
              29.80092253825724
            ],
            [
              52.52032034350992,
              29.80094881801293
            ],
            [
              52.5202856351553,
              29.8009761111407
            ],
            [
              52.52025197833456,
              29.80100438923379
            ],
            [
              52.52021941084324,
              29.8010336202768
            ],
            [
              52.52018796738746,
              29.80106377319219
            ],
            [
              52.52015768161178,
              29.80109481510997
            ],
            [
              52.52012858816802,
              29.80112671134393
            ],
            [
              52.52010071656339,
              29.80115942907169
            ],
            [
              52.52007409932661,
              29.80119293002209
            ],
            [
              52.52004876490345,
              29.8012271795803
            ],
            [
              52.52002473963009,
              29.80126214044873
            ],
            [
              52.5200020508363,
              29.80129777261133
            ],
            [
              52.51998262734987,
              29.80130392520437
            ],
            [
              52.51976267140378,
              29.80122537365309
            ],
            [
              52.51958479070674,
              29.80030090933998
            ],
            [
              52.51962782083454,
              29.80025436070044
            ],
            [
              52.51964836749659,
              29.80025243798741
            ],
            [
              52.51994715048245,
              29.80046253210935
            ]
          ]
        ]
      },
      "properties": {
        "name": "485",
        "area_m2": 6223.39,
        "centroid": [
          52.519979,
          29.800793
        ]
      }
    },
    {
      "type": "Feature",
      "geometry": {
        "type": "Polygon",
        "coordinates": [
          [
            [
              52.51735833820577,
              29.79839870457222
            ],
            [
              52.51734978884057,
              29.79835910122759
            ],
            [
              52.51736610138963,
              29.79834803818792
            ],
            [
              52.51763406042218,
              29.79843661800625
            ],
            [
              52.5176476225228,
              29.79847020118718
            ],
            [
              52.51741373200721,
              29.79854204753072
            ],
            [
              52.51737145306481,
              29.79843734595204
            ],
            [
              52.51735833820577,
              29.79839870457222
            ]
          ]
        ]
      },
      "properties": {
        "name": "247",
        "area_m2": 381.16,
        "centroid": [
          52.517477,
          29.798446
        ]
      }
    },
    {
      "type": "Feature",
      "geometry": {
        "type": "Polygon",
        "coordinates": [
          [
            [
              52.52353488302394,
              29.79939800661411
            ],
            [
              52.52345011883422,
              29.79934647742131
            ],
            [
              52.52362736334277,
              29.79912469067342
            ],
            [
              52.52371212742574,
              29.79917621975757
            ],
            [
              52.52353488302394,
              29.79939800661411
            ]
          ]
        ]
      },
      "properties": {
        "name": "630",
        "area_m2": 346.15,
        "centroid": [
          52.523581,
          29.799261
        ]
      }
    },
    {
      "type": "Feature",
      "geometry": {
        "type": "Polygon",
        "coordinates": [
          [
            [
              52.52345011883422,
              29.79934647742131
            ],
            [
              52.52336535473012,
              29.79929494817068
            ],
            [
              52.52354259934542,
              29.79907316153144
            ],
            [
              52.52362736334277,
              29.79912469067342
            ],
            [
              52.52345011883422,
              29.79934647742131
            ]
          ]
        ]
      },
      "properties": {
        "name": "629",
        "area_m2": 346.15,
        "centroid": [
          52.523496,
          29.79921
        ]
      }
    },
    {
      "type": "Feature",
      "geometry": {
        "type": "Polygon",
        "coordinates": [
          [
            [
              52.52336535473012,
              29.79929494817068
            ],
            [
              52.5232925790121,
              29.7992507059219
            ],
            [
              52.52328894679315,
              29.7992329638452
            ],
            [
              52.52345783542001,
              29.79902163142945
            ],
            [
              52.52354259934542,
              29.79907316153144
            ],
            [
              52.52336535473012,
              29.79929494817068
            ]
          ]
        ]
      },
      "properties": {
        "name": "628",
        "area_m2": 344.99,
        "centroid": [
          52.523412,
          29.799158
        ]
      }
    },
    {
      "type": "Feature",
      "geometry": {
        "type": "Polygon",
        "coordinates": [
          [
            [
              52.52342392967243,
              29.79900101973571
            ],
            [
              52.52325504100488,
              29.79921235211005
            ],
            [
              52.52323469868261,
              29.79921551913488
            ],
            [
              52.52316192205717,
              29.79917127772365
            ],
            [
              52.52333916691495,
              29.79894949044298
            ],
            [
              52.52342392967243,
              29.79900101973571
            ]
          ]
        ]
      },
      "properties": {
        "name": "627",
        "area_m2": 344.99,
        "centroid": [
          52.523293,
          29.799086
        ]
      }
    },
    {
      "type": "Feature",
      "geometry": {
        "type": "Polygon",
        "coordinates": [
          [
            [
              52.52333916691495,
              29.79894949044298
            ],
            [
              52.52316192205717,
              29.79917127772365
            ],
            [
              52.52307715823055,
              29.79911974737418
            ],
            [
              52.52325440320871,
              29.79889796110437
            ],
            [
              52.52333916691495,
              29.79894949044298
            ]
          ]
        ]
      },
      "properties": {
        "name": "626",
        "area_m2": 346.15,
        "centroid": [
          52.523208,
          29.799035
        ]
      }
    },
    {
      "type": "Feature",
      "geometry": {
        "type": "Polygon",
        "coordinates": [
          [
            [
              52.52307715823055,
              29.79911974737418
            ],
            [
              52.5229923945032,
              29.79906821786907
            ],
            [
              52.52316963958811,
              29.7988464317079
            ],
            [
              52.52325440320871,
              29.79889796110437
            ],
            [
              52.52307715823055,
              29.79911974737418
            ]
          ]
        ]
      },
      "properties": {
        "name": "625",
        "area_m2": 346.15,
        "centroid": [
          52.523123,
          29.798983
        ]
      }
    },
    {
      "type": "Feature",
      "geometry": {
        "type": "Polygon",
        "coordinates": [
          [
            [
              52.52290763189586,
              29.79901668829419
            ],
            [
              52.52308487605312,
              29.79879490225359
            ],
            [
              52.52316963958811,
              29.7988464317079
            ],
            [
              52.5229923945032,
              29.79906821786907
            ],
            [
              52.52290763189586,
              29.79901668829419
            ]
          ]
        ]
      },
      "properties": {
        "name": "624",
        "area_m2": 346.14,
        "centroid": [
          52.523039,
          29.798932
        ]
      }
    },
    {
      "type": "Feature",
      "geometry": {
        "type": "Polygon",
        "coordinates": [
          [
            [
              52.52300011259008,
              29.79874337183927
            ],
            [
              52.52308487605312,
              29.79879490225359
            ],
            [
              52.52290763189586,
              29.79901668829419
            ],
            [
              52.52282286833977,
              29.79896515867338
            ],
            [
              52.52300011259008,
              29.79874337183927
            ]
          ]
        ]
      },
      "properties": {
        "name": "623",
        "area_m2": 346.15,
        "centroid": [
          52.522954,
          29.79888
        ]
      }
    },
    {
      "type": "Feature",
      "geometry": {
        "type": "Polygon",
        "coordinates": [
          [
            [
              52.5227381048693,
              29.79891362899475
            ],
            [
              52.52291535026073,
              29.79869184225737
            ],
            [
              52.52300011259008,
              29.79874337183927
            ],
            [
              52.52282286833977,
              29.79896515867338
            ],
            [
              52.5227381048693,
              29.79891362899475
            ]
          ]
        ]
      },
      "properties": {
        "name": "622",
        "area_m2": 346.14,
        "centroid": [
          52.522869,
          29.798829
        ]
      }
    },
    {
      "type": "Feature",
      "geometry": {
        "type": "Polygon",
        "coordinates": [
          [
            [
              52.52291535026073,
              29.79869184225737
            ],
            [
              52.5227381048693,
              29.79891362899475
            ],
            [
              52.52268076685103,
              29.79887877137082
            ],
            [
              52.52266604569296,
              29.79887164567478
            ],
            [
              52.52265106004599,
              29.79886495343391
            ],
            [
              52.52277148728937,
              29.79871426339254
            ],
            [
              52.52283058698259,
              29.79864031262954
            ],
            [
              52.52291535026073,
              29.79869184225737
            ]
          ]
        ]
      },
      "properties": {
        "name": "621",
        "area_m2": 346.82,
        "centroid": [
          52.522784,
          29.798777
        ]
      }
    },
    {
      "type": "Feature",
      "geometry": {
        "type": "Polygon",
        "coordinates": [
          [
            [
              52.51782818419687,
              29.80599956491724
            ],
            [
              52.51783335729031,
              29.80600243534951
            ],
            [
              52.51766693644143,
              29.80623051945736
            ],
            [
              52.51757976053636,
              29.80618213996872
            ],
            [
              52.51773477071304,
              29.8059696926036
            ],
            [
              52.51774618047871,
              29.80595405597682
            ],
            [
              52.51782818419687,
              29.80599956491724
            ]
          ]
        ]
      },
      "properties": {
        "name": "56",
        "area_m2": 346.17,
        "centroid": [
          52.517707,
          29.806092
        ]
      }
    },
    {
      "type": "Feature",
      "geometry": {
        "type": "Polygon",
        "coordinates": [
          [
            [
              52.52011256861356,
              29.7995132136512
            ],
            [
              52.52019556301502,
              29.79954064709252
            ],
            [
              52.52012507540736,
              29.79970286066186
            ],
            [
              52.52005744349257,
              29.7996805047296
            ],
            [
              52.52003944346133,
              29.7996456437421
            ],
            [
              52.520087960975,
              29.79953399123926
            ],
            [
              52.52009378268917,
              29.79952059240084
            ],
            [
              52.52011256861356,
              29.7995132136512
            ]
          ]
        ]
      },
      "properties": {
        "name": "694",
        "area_m2": 215.77,
        "centroid": [
          52.520114,
          29.799605
        ]
      }
    },
    {
      "type": "Feature",
      "geometry": {
        "type": "Polygon",
        "coordinates": [
          [
            [
              52.51927375465748,
              29.80489843133982
            ],
            [
              52.51928647684731,
              29.80485410537723
            ],
            [
              52.51932800335163,
              29.80466127635798
            ],
            [
              52.51934214054234,
              29.80456395404082
            ],
            [
              52.51950607333377,
              29.8045820664414
            ],
            [
              52.51946412907691,
              29.80501031177513
            ],
            [
              52.51926962322447,
              29.80496481334471
            ],
            [
              52.51925916200641,
              29.8049492701403
            ],
            [
              52.51927375465748,
              29.80489843133982
            ]
          ]
        ]
      },
      "properties": {
        "name": "438",
        "area_m2": 951.77,
        "centroid": [
          52.519394,
          29.804789
        ]
      }
    },
    {
      "type": "Feature",
      "geometry": {
        "type": "Polygon",
        "coordinates": [
          [
            [
              52.51964722887052,
              29.80504674638389
            ],
            [
              52.51956818449364,
              29.80503465195924
            ],
            [
              52.51946412907691,
              29.80501031177513
            ],
            [
              52.51950607333377,
              29.8045820664414
            ],
            [
              52.51969074263168,
              29.80460247028397
            ],
            [
              52.51964722887052,
              29.80504674638389
            ]
          ]
        ]
      },
      "properties": {
        "name": "439",
        "area_m2": 1013.29,
        "centroid": [
          52.519578,
          29.804811
        ]
      }
    },
    {
      "type": "Feature",
      "geometry": {
        "type": "Polygon",
        "coordinates": [
          [
            [
              52.51997114392702,
              29.8049705686625
            ],
            [
              52.5199546430071,
              29.80497777675556
            ],
            [
              52.51988957155913,
              29.80500620226407
            ],
            [
              52.51987959991006,
              29.80500915116293
            ],
            [
              52.51982094836507,
              29.80502649712728
            ],
            [
              52.5197716143899,
              29.80504108757762
            ],
            [
              52.51976842785385,
              29.80504123250523
            ],
            [
              52.51964722887052,
              29.80504674638389
            ],
            [
              52.51969074263168,
              29.80460247028397
            ],
            [
              52.51972553621815,
              29.80460631468304
            ],
            [
              52.51983107593854,
              29.8045776954234
            ],
            [
              52.51997114392702,
              29.8049705686625
            ]
          ]
        ]
      },
      "properties": {
        "name": "440",
        "area_m2": 1281.31,
        "centroid": [
          52.519789,
          29.804837
        ]
      }
    },
    {
      "type": "Feature",
      "geometry": {
        "type": "Polygon",
        "coordinates": [
          [
            [
              52.51765900478393,
              29.80590567653143
            ],
            [
              52.51749258367921,
              29.80613376043113
            ],
            [
              52.51740540793889,
              29.80608538082084
            ],
            [
              52.51757182815068,
              29.80585729793926
            ],
            [
              52.51765900478393,
              29.80590567653143
            ]
          ]
        ]
      },
      "properties": {
        "name": "54",
        "area_m2": 346.17,
        "centroid": [
          52.517532,
          29.805996
        ]
      }
    },
    {
      "type": "Feature",
      "geometry": {
        "type": "Polygon",
        "coordinates": [
          [
            [
              52.51748465262064,
              29.80580891837223
            ],
            [
              52.51731823124647,
              29.80603700116161
            ],
            [
              52.51723105568451,
              29.80598862233185
            ],
            [
              52.51739747613851,
              29.80576053875624
            ],
            [
              52.51748465262064,
              29.80580891837223
            ]
          ]
        ]
      },
      "properties": {
        "name": "52",
        "area_m2": 346.17,
        "centroid": [
          52.517358,
          29.805899
        ]
      }
    },
    {
      "type": "Feature",
      "geometry": {
        "type": "Polygon",
        "coordinates": [
          [
            [
              52.51757182815068,
              29.80585729793926
            ],
            [
              52.51740540793889,
              29.80608538082084
            ],
            [
              52.51731823124647,
              29.80603700116161
            ],
            [
              52.51748465262064,
              29.80580891837223
            ],
            [
              52.51757182815068,
              29.80585729793926
            ]
          ]
        ]
      },
      "properties": {
        "name": "53",
        "area_m2": 346.17,
        "centroid": [
          52.517445,
          29.805947
        ]
      }
    },
    {
      "type": "Feature",
      "geometry": {
        "type": "Polygon",
        "coordinates": [
          [
            [
              52.51707814453742,
              29.80699326232487
            ],
            [
              52.51721683076051,
              29.80680319296179
            ],
            [
              52.51730400705457,
              29.80685157267275
            ],
            [
              52.51716532197254,
              29.80704164211069
            ],
            [
              52.51707814453742,
              29.80699326232487
            ]
          ]
        ]
      },
      "properties": {
        "name": "17",
        "area_m2": 288.48,
        "centroid": [
          52.517191,
          29.806922
        ]
      }
    },
    {
      "type": "Feature",
      "geometry": {
        "type": "Polygon",
        "coordinates": [
          [
            [
              52.51721932202274,
              29.806110286891
            ],
            [
              52.51722870620282,
              29.8061154947465
            ],
            [
              52.51709002087832,
              29.80630556320485
            ],
            [
              52.5170028451803,
              29.8062571842307
            ],
            [
              52.51713708057139,
              29.80607321253874
            ],
            [
              52.51714152956331,
              29.8060671149688
            ],
            [
              52.51721932202274,
              29.806110286891
            ]
          ]
        ]
      },
      "properties": {
        "name": "46",
        "area_m2": 288.48,
        "centroid": [
          52.517116,
          29.806186
        ]
      }
    },
    {
      "type": "Feature",
      "geometry": {
        "type": "Polygon",
        "coordinates": [
          [
            [
              52.51717325228101,
              29.80736648416311
            ],
            [
              52.51708607558768,
              29.80731810438298
            ],
            [
              52.51725249844196,
              29.80709002094538
            ],
            [
              52.51733967604185,
              29.80713840060957
            ],
            [
              52.51717325228101,
              29.80736648416311
            ]
          ]
        ]
      },
      "properties": {
        "name": "10",
        "area_m2": 346.18,
        "centroid": [
          52.517213,
          29.807228
        ]
      }
    },
    {
      "type": "Feature",
      "geometry": {
        "type": "Polygon",
        "coordinates": [
          [
            [
              52.52551754724448,
              29.80050333066404
            ],
            [
              52.52548754770147,
              29.80049448136246
            ],
            [
              52.52545732245869,
              29.80048623470556
            ],
            [
              52.52544103402575,
              29.8004828946303
            ],
            [
              52.52542484972314,
              29.80047918971393
            ],
            [
              52.52540878094312,
              29.8004751207273
            ],
            [
              52.52552433573137,
              29.80022685289677
            ],
            [
              52.52557290802016,
              29.80024422861834
            ],
            [
              52.52557413016682,
              29.80024458987741
            ],
            [
              52.52562220128022,
              29.80025879969225
            ],
            [
              52.52551754724448,
              29.80050333066404
            ]
          ]
        ]
      },
      "properties": {
        "name": "650",
        "area_m2": 354.62,
        "centroid": [
          52.525517,
          29.800368
        ]
      }
    },
    {
      "type": "Feature",
      "geometry": {
        "type": "Polygon",
        "coordinates": [
          [
            [
              52.52529485899232,
              29.80043502070958
            ],
            [
              52.5251852406077,
              29.80038657674859
            ],
            [
              52.5253332788484,
              29.80014842371262
            ],
            [
              52.52535623598427,
              29.8001597328673
            ],
            [
              52.52542757605129,
              29.80018991874239
            ],
            [
              52.52529485899232,
              29.80043502070958
            ]
          ]
        ]
      },
      "properties": {
        "name": "648",
        "area_m2": 382.81,
        "centroid": [
          52.525308,
          29.800293
        ]
      }
    },
    {
      "type": "Feature",
      "geometry": {
        "type": "Polygon",
        "coordinates": [
          [
            [
              52.52507888983754,
              29.80033290210202
            ],
            [
              52.52524172430179,
              29.80010249090437
            ],
            [
              52.52525285593678,
              29.800108805034
            ],
            [
              52.5253332788484,
              29.80014842371262
            ],
            [
              52.5251852406077,
              29.80038657674859
            ],
            [
              52.52507888983754,
              29.80033290210202
            ]
          ]
        ]
      },
      "properties": {
        "name": "647",
        "area_m2": 382.8,
        "centroid": [
          52.525208,
          29.800246
        ]
      }
    },
    {
      "type": "Feature",
      "geometry": {
        "type": "Polygon",
        "coordinates": [
          [
            [
              52.52507888983754,
              29.80033290210202
            ],
            [
              52.52497587413513,
              29.80027400953389
            ],
            [
              52.52515311469455,
              29.80005222356066
            ],
            [
              52.52524172430179,
              29.80010249090437
            ],
            [
              52.52507888983754,
              29.80033290210202
            ]
          ]
        ]
      },
      "properties": {
        "name": "646",
        "area_m2": 383.46,
        "centroid": [
          52.52511,
          29.800193
        ]
      }
    },
    {
      "type": "Feature",
      "geometry": {
        "type": "Polygon",
        "coordinates": [
          [
            [
              52.52515311469455,
              29.80005222356066
            ],
            [
              52.52497587413513,
              29.80027400953389
            ],
            [
              52.52489111053121,
              29.8002224794962
            ],
            [
              52.52506245329769,
              29.80000807323673
            ],
            [
              52.52506835016298,
              29.80000069364356
            ],
            [
              52.52515311469455,
              29.80005222356066
            ]
          ]
        ]
      },
      "properties": {
        "name": "645",
        "area_m2": 346.14,
        "centroid": [
          52.525022,
          29.800137
        ]
      }
    },
    {
      "type": "Feature",
      "geometry": {
        "type": "Polygon",
        "coordinates": [
          [
            [
              52.52506245329769,
              29.80000807323673
            ],
            [
              52.52489111053121,
              29.8002224794962
            ],
            [
              52.5248063459922,
              29.80017095031478
            ],
            [
              52.52498358675143,
              29.79994916365667
            ],
            [
              52.52506835016298,
              29.80000069364356
            ],
            [
              52.52506245329769,
              29.80000807323673
            ]
          ]
        ]
      },
      "properties": {
        "name": "644",
        "area_m2": 346.14,
        "centroid": [
          52.524937,
          29.800086
        ]
      }
    },
    {
      "type": "Feature",
      "geometry": {
        "type": "Polygon",
        "coordinates": [
          [
            [
              52.52463681714369,
              29.80006788997406
            ],
            [
              52.52481405915083,
              29.79984610352131
            ],
            [
              52.52489882239112,
              29.79989763362387
            ],
            [
              52.52472158152514,
              29.80011942017334
            ],
            [
              52.52463681714369,
              29.80006788997406
            ]
          ]
        ]
      },
      "properties": {
        "name": "642",
        "area_m2": 346.15,
        "centroid": [
          52.524768,
          29.799983
        ]
      }
    },
    {
      "type": "Feature",
      "geometry": {
        "type": "Polygon",
        "coordinates": [
          [
            [
              52.52446728968578,
              29.7999648302922
            ],
            [
              52.52464453189272,
              29.79974304315459
            ],
            [
              52.52472929496176,
              29.79979457337283
            ],
            [
              52.52455205389597,
              29.80001636060717
            ],
            [
              52.52446728968578,
              29.7999648302922
            ]
          ]
        ]
      },
      "properties": {
        "name": "640",
        "area_m2": 346.15,
        "centroid": [
          52.524598,
          29.79988
        ]
      }
    },
    {
      "type": "Feature",
      "geometry": {
        "type": "Polygon",
        "coordinates": [
          [
            [
              52.52422135360882,
              29.79979978482907
            ],
            [
              52.52439024113055,
              29.79958845217666
            ],
            [
              52.52447500497711,
              29.7996399825565
            ],
            [
              52.52429776153598,
              29.79986177039091
            ],
            [
              52.52422498601632,
              29.79981752687212
            ],
            [
              52.52422135360882,
              29.79979978482907
            ]
          ]
        ]
      },
      "properties": {
        "name": "637",
        "area_m2": 344.99,
        "centroid": [
          52.524344,
          29.799725
        ]
      }
    },
    {
      "type": "Feature",
      "geometry": {
        "type": "Polygon",
        "coordinates": [
          [
            [
              52.52455205389597,
              29.80001636060717
            ],
            [
              52.52472929496176,
              29.79979457337283
            ],
            [
              52.52481405915083,
              29.79984610352131
            ],
            [
              52.52463681714369,
              29.80006788997406
            ],
            [
              52.52455205389597,
              29.80001636060717
            ]
          ]
        ]
      },
      "properties": {
        "name": "641",
        "area_m2": 346.15,
        "centroid": [
          52.524683,
          29.799931
        ]
      }
    },
    {
      "type": "Feature",
      "geometry": {
        "type": "Polygon",
        "coordinates": [
          [
            [
              52.52422071166658,
              29.79948539397381
            ],
            [
              52.52405182395508,
              29.79969672732134
            ],
            [
              52.52403148156629,
              29.79969989447119
            ],
            [
              52.52395870423614,
              29.79965565262459
            ],
            [
              52.52413594810426,
              29.79943386522478
            ],
            [
              52.52422071166658,
              29.79948539397381
            ]
          ]
        ]
      },
      "properties": {
        "name": "636",
        "area_m2": 344.99,
        "centroid": [
          52.52409,
          29.79957
        ]
      }
    },
    {
      "type": "Feature",
      "geometry": {
        "type": "Polygon",
        "coordinates": [
          [
            [
              52.52395870423614,
              29.79965565262459
            ],
            [
              52.52387393961831,
              29.799604123721
            ],
            [
              52.52405118359317,
              29.79938233642984
            ],
            [
              52.52413594810426,
              29.79943386522478
            ],
            [
              52.52395870423614,
              29.79965565262459
            ]
          ]
        ]
      },
      "properties": {
        "name": "635",
        "area_m2": 346.15,
        "centroid": [
          52.524005,
          29.799519
        ]
      }
    },
    {
      "type": "Feature",
      "geometry": {
        "type": "Polygon",
        "coordinates": [
          [
            [
              52.52387393961831,
              29.799604123721
            ],
            [
              52.52378917508609,
              29.79955259475956
            ],
            [
              52.52396641916769,
              29.79933080757705
            ],
            [
              52.52405118359317,
              29.79938233642984
            ],
            [
              52.52387393961831,
              29.799604123721
            ]
          ]
        ]
      },
      "properties": {
        "name": "634",
        "area_m2": 346.15,
        "centroid": [
          52.52392,
          29.799467
        ]
      }
    },
    {
      "type": "Feature",
      "geometry": {
        "type": "Polygon",
        "coordinates": [
          [
            [
              52.52378917508609,
              29.79955259475956
            ],
            [
              52.5237044116739,
              29.79950106572835
            ],
            [
              52.52388165481417,
              29.79927927776426
            ],
            [
              52.52396641916769,
              29.79933080757705
            ],
            [
              52.52378917508609,
              29.79955259475956
            ]
          ]
        ]
      },
      "properties": {
        "name": "633",
        "area_m2": 346.15,
        "centroid": [
          52.523835,
          29.799416
        ]
      }
    },
    {
      "type": "Feature",
      "geometry": {
        "type": "Polygon",
        "coordinates": [
          [
            [
              52.5237044116739,
              29.79950106572835
            ],
            [
              52.52361964731294,
              29.79944953665124
            ],
            [
              52.52379689055995,
              29.7992277487958
            ],
            [
              52.52388165481417,
              29.79927927776426
            ],
            [
              52.5237044116739,
              29.79950106572835
            ]
          ]
        ]
      },
      "properties": {
        "name": "632",
        "area_m2": 346.15,
        "centroid": [
          52.523751,
          29.799364
        ]
      }
    },
    {
      "type": "Feature",
      "geometry": {
        "type": "Polygon",
        "coordinates": [
          [
            [
              52.52361964731294,
              29.79944953665124
            ],
            [
              52.52353488302394,
              29.79939800661411
            ],
            [
              52.52371212742574,
              29.79917621975757
            ],
            [
              52.52379689055995,
              29.7992277487958
            ],
            [
              52.52361964731294,
              29.79944953665124
            ]
          ]
        ]
      },
      "properties": {
        "name": "631",
        "area_m2": 346.15,
        "centroid": [
          52.523666,
          29.799313
        ]
      }
    },
    {
      "type": "Feature",
      "geometry": {
        "type": "Polygon",
        "coordinates": [
          [
            [
              52.52585240254935,
              29.80189626423609
            ],
            [
              52.52601937140352,
              29.80172436707823
            ],
            [
              52.52607312347289,
              29.8017640811941
            ],
            [
              52.52607695772194,
              29.80180449536761
            ],
            [
              52.52593124044871,
              29.8019545130614
            ],
            [
              52.52585240254935,
              29.80189626423609
            ]
          ]
        ]
      },
      "properties": {
        "name": "583",
        "area_m2": 282.62,
        "centroid": [
          52.525973,
          29.801841
        ]
      }
    },
    {
      "type": "Feature",
      "geometry": {
        "type": "Polygon",
        "coordinates": [
          [
            [
              52.51788053272828,
              29.79696844666124
            ],
            [
              52.51786141395724,
              29.7969364901421
            ],
            [
              52.5178653287497,
              29.79692292651219
            ],
            [
              52.51790612357827,
              29.7967816001638
            ],
            [
              52.51795192371203,
              29.79676075643438
            ],
            [
              52.51797217980807,
              29.796767452757
            ],
            [
              52.51808348126376,
              29.79680424535558
            ],
            [
              52.51799559824188,
              29.79700648462219
            ],
            [
              52.51788053272828,
              29.79696844666124
            ]
          ]
        ]
      },
      "properties": {
        "name": "397",
        "area_m2": 430.35,
        "centroid": [
          52.517965,
          29.796878
        ]
      }
    },
    {
      "type": "Feature",
      "geometry": {
        "type": "Polygon",
        "coordinates": [
          [
            [
              52.52536769214203,
              29.80046288844903
            ],
            [
              52.52529485899232,
              29.80043502070958
            ],
            [
              52.52542757605129,
              29.80018991874239
            ],
            [
              52.52546305919402,
              29.80020493261304
            ],
            [
              52.52552433573137,
              29.80022685289677
            ],
            [
              52.52540878094312,
              29.8004751207273
            ],
            [
              52.52538811901349,
              29.80046930461607
            ],
            [
              52.52536769214203,
              29.80046288844903
            ]
          ]
        ]
      },
      "properties": {
        "name": "649",
        "area_m2": 382.05,
        "centroid": [
          52.525412,
          29.800336
        ]
      }
    },
    {
      "type": "Feature",
      "geometry": {
        "type": "Polygon",
        "coordinates": [
          [
            [
              52.52472158152514,
              29.80011942017334
            ],
            [
              52.52489882239112,
              29.79989763362387
            ],
            [
              52.52498358675143,
              29.79994916365667
            ],
            [
              52.5248063459922,
              29.80017095031478
            ],
            [
              52.52472158152514,
              29.80011942017334
            ]
          ]
        ]
      },
      "properties": {
        "name": "643",
        "area_m2": 346.15,
        "centroid": [
          52.524853,
          29.800034
        ]
      }
    },
    {
      "type": "Feature",
      "geometry": {
        "type": "Polygon",
        "coordinates": [
          [
            [
              52.52582561166565,
              29.80108571440485
            ],
            [
              52.5256252988686,
              29.80129245786392
            ],
            [
              52.52554628290082,
              29.80123422261974
            ],
            [
              52.5257465968036,
              29.8010274801673
            ],
            [
              52.52582561166565,
              29.80108571440485
            ]
          ]
        ]
      },
      "properties": {
        "name": "591",
        "area_m2": 346.99,
        "centroid": [
          52.525686,
          29.80116
        ]
      }
    },
    {
      "type": "Feature",
      "geometry": {
        "type": "Polygon",
        "coordinates": [
          [
            [
              52.5255789014937,
              29.80064141087096
            ],
            [
              52.52557489114588,
              29.80064554921164
            ],
            [
              52.52557088184582,
              29.80064968844245
            ],
            [
              52.52556687149735,
              29.80065382678292
            ],
            [
              52.52556286218294,
              29.80065796511132
            ],
            [
              52.52555885183381,
              29.80066210345157
            ],
            [
              52.52555484253244,
              29.80066624268194
            ],
            [
              52.52555083218265,
              29.80067038102194
            ],
            [
              52.52554682183252,
              29.80067451936185
            ],
            [
              52.52554281253017,
              29.80067865859185
            ],
            [
              52.52553880217939,
              29.80068279693154
            ],
            [
              52.52553479286269,
              29.80068693525918
            ],
            [
              52.52553078252496,
              29.80069107450079
            ],
            [
              52.5255267732076,
              29.8006952128282
            ],
            [
              52.52552276285552,
              29.80069935116741
            ],
            [
              52.5255187525031,
              29.80070348950654
            ],
            [
              52.52551474319846,
              29.80070762873577
            ],
            [
              52.52551073284538,
              29.80071176707465
            ],
            [
              52.52550672352639,
              29.8007159054015
            ],
            [
              52.52550271318635,
              29.80072004464233
            ],
            [
              52.5254987038667,
              29.80072418296894
            ],
            [
              52.52549469351231,
              29.80072832130738
            ],
            [
              52.5254906842057,
              29.80073246053593
            ],
            [
              52.52548667385067,
              29.80073659887415
            ],
            [
              52.5254826634953,
              29.80074073721226
            ],
            [
              52.52547865417401,
              29.8007448755383
            ],
            [
              52.52547464383167,
              29.80074901477835
            ],
            [
              52.52547063450972,
              29.80075315310418
            ],
            [
              52.52546662415305,
              29.80075729144182
            ],
            [
              52.52546261484414,
              29.8007614306696
            ],
            [
              52.5254586044868,
              29.80076556900702
            ],
            [
              52.52545459412914,
              29.80076970734433
            ],
            [
              52.52545058481925,
              29.80077384657177
            ],
            [
              52.52544657446092,
              29.80077798490886
            ],
            [
              52.52544256513669,
              29.8007821232339
            ],
            [
              52.52543855477772,
              29.80078626157075
            ],
            [
              52.5254345454665,
              29.80079040079773
            ],
            [
              52.52543053510687,
              29.80079453913438
            ],
            [
              52.52542588749985,
              29.80079111341469
            ],
            [
              52.52542123885876,
              29.80078768770676
            ],
            [
              52.52541659126607,
              29.80078426288889
            ],
            [
              52.52541194366,
              29.80078083716867
            ],
            [
              52.52540729501985,
              29.80077741146021
            ],
            [
              52.52540264741441,
              29.80077398573965
            ],
            [
              52.52539799980929,
              29.8007705600189
            ],
            [
              52.52539335117008,
              29.80076713430991
            ],
            [
              52.52538870357927,
              29.80076370949099
            ],
            [
              52.5253840549407,
              29.80076028378165
            ],
            [
              52.52537940733683,
              29.8007568580602
            ],
            [
              52.52537475973328,
              29.80075343233857
            ],
            [
              52.52537011109565,
              29.80075000662869
            ],
            [
              52.52536546349273,
              29.80074658090673
            ],
            [
              52.52536081590381,
              29.80074315608673
            ],
            [
              52.52535616726713,
              29.80073973037633
            ],
            [
              52.52535151966515,
              29.80073630465383
            ],
            [
              52.52535546279577,
              29.80073223567223
            ],
            [
              52.52535940489167,
              29.80072816670247
            ],
            [
              52.52536334800797,
              29.80072409681851
            ],
            [
              52.52536729010324,
              29.80072002784852
            ],
            [
              52.5253712332326,
              29.80071595886649
            ],
            [
              52.52537517532723,
              29.80071188989631
            ],
            [
              52.52537911844227,
              29.80070782001189
            ],
            [
              52.52538306053626,
              29.80070375104148
            ],
            [
              52.52538700366435,
              29.80069968205902
            ],
            [
              52.52539094575771,
              29.80069561308839
            ],
            [
              52.52539488887148,
              29.80069154320354
            ],
            [
              52.52539883096421,
              29.80068747423269
            ],
            [
              52.52540277409103,
              29.8006834052498
            ],
            [
              52.52540671618311,
              29.80067933627873
            ],
            [
              52.52541065929562,
              29.80067526639345
            ],
            [
              52.52541460242149,
              29.80067119741023
            ],
            [
              52.52541854451263,
              29.80066712843884
            ],
            [
              52.52542248763786,
              29.80066305945539
            ],
            [
              52.52542642971468,
              29.80065898958163
            ],
            [
              52.52543037283929,
              29.80065492059797
            ],
            [
              52.52543431492916,
              29.80065085162614
            ],
            [
              52.52543825805311,
              29.80064678264226
            ],
            [
              52.52544220012867,
              29.80064271276805
            ],
            [
              52.52544614325201,
              29.80063864378396
            ],
            [
              52.52545008534061,
              29.8006345748117
            ],
            [
              52.5254540284633,
              29.80063050582739
            ],
            [
              52.5254579705376,
              29.80062643595274
            ],
            [
              52.52546191365966,
              29.80062236696822
            ],
            [
              52.52546764386531,
              29.80062111697289
            ],
            [
              52.52547337408451,
              29.80061986787948
            ],
            [
              52.52547910428985,
              29.80061861788369
            ],
            [
              52.52548483346065,
              29.80061736789956
            ],
            [
              52.52549056366569,
              29.80061611790326
            ],
            [
              52.52549629388427,
              29.8006148688089
            ],
            [
              52.52550202408901,
              29.80061361881211
            ],
            [
              52.52550758389163,
              29.80061545673476
            ],
            [
              52.5255131326583,
              29.80061731734272
            ],
            [
              52.52551867245784,
              29.80061920061207
            ],
            [
              52.52552420122141,
              29.80062110656672
            ],
            [
              52.52552971998346,
              29.80062303519469
            ],
            [
              52.52553522874397,
              29.80062498649605
            ],
            [
              52.52554072648224,
              29.80062696138485
            ],
            [
              52.5255462131709,
              29.80062895805678
            ],
            [
              52.52555168882363,
              29.80063097741401
            ],
            [
              52.52555715344042,
              29.80063301945652
            ],
            [
              52.52556260804201,
              29.80063508327024
            ],
            [
              52.52556805057329,
              29.8006371697812
            ],
            [
              52.52557348206865,
              29.80063927897745
            ],
            [
              52.5255789014937,
              29.80064141087096
            ]
          ]
        ]
      },
      "properties": {
        "name": "689",
        "area_m2": 235.6,
        "centroid": [
          52.525461,
          29.800696
        ]
      }
    },
    {
      "type": "Feature",
      "geometry": {
        "type": "Polygon",
        "coordinates": [
          [
            [
              52.52567240085151,
              29.80068469701235
            ],
            [
              52.52566799936139,
              29.80068923960153
            ],
            [
              52.52566359787087,
              29.80069378219056
            ],
            [
              52.52565919637996,
              29.80069832477947
            ],
            [
              52.52565479592306,
              29.80070286735629
            ],
            [
              52.52565039443136,
              29.80070740994493
            ],
            [
              52.52564599293925,
              29.80071195253342
            ],
            [
              52.52564159144676,
              29.80071649512178
            ],
            [
              52.52563718995388,
              29.80072103771001
            ],
            [
              52.52563278846059,
              29.8007255802981
            ],
            [
              52.52562838698061,
              29.80073012378822
            ],
            [
              52.52562398548654,
              29.80073466637604
            ],
            [
              52.52561958502647,
              29.80073920895178
            ],
            [
              52.52561518353161,
              29.80074375153932
            ],
            [
              52.52561078203634,
              29.80074829412673
            ],
            [
              52.52560638054069,
              29.80075283671401
            ],
            [
              52.52560197904464,
              29.80075737930115
            ],
            [
              52.5255975775482,
              29.80076192188815
            ],
            [
              52.52559317605136,
              29.80076646447503
            ],
            [
              52.52558877558853,
              29.80077100704982
            ],
            [
              52.5255843740909,
              29.80077554963641
            ],
            [
              52.52557997259288,
              29.80078009222288
            ],
            [
              52.52557557109445,
              29.8007846348092
            ],
            [
              52.52557116959564,
              29.80078917739539
            ],
            [
              52.52556676809643,
              29.80079371998145
            ],
            [
              52.52556236659682,
              29.80079826256738
            ],
            [
              52.52555796613122,
              29.80080280514121
            ],
            [
              52.52555356463083,
              29.80080734772686
            ],
            [
              52.52554916314373,
              29.80081189121454
            ],
            [
              52.52554476164254,
              29.80081643379992
            ],
            [
              52.52554036014096,
              29.80082097638517
            ],
            [
              52.52553595863898,
              29.80082551897026
            ],
            [
              52.52553155713661,
              29.80083006155524
            ],
            [
              52.52552715563385,
              29.80083460414007
            ],
            [
              52.52552275516509,
              29.80083914671283
            ],
            [
              52.52551835366153,
              29.80084368929739
            ],
            [
              52.52551395215758,
              29.80084823188182
            ],
            [
              52.52550955065322,
              29.80085277446612
            ],
            [
              52.52550428260251,
              29.80084889211622
            ],
            [
              52.52549901558659,
              29.80084500975419
            ],
            [
              52.52549374753667,
              29.80084112740384
            ],
            [
              52.52548847948717,
              29.80083724505329
            ],
            [
              52.52548321247247,
              29.80083336269055
            ],
            [
              52.52547794442377,
              29.80082948033954
            ],
            [
              52.52547267637547,
              29.80082559798829
            ],
            [
              52.52546740936198,
              29.80082171562489
            ],
            [
              52.52546214131451,
              29.80081783327319
            ],
            [
              52.52545687326741,
              29.80081395092126
            ],
            [
              52.52545160625514,
              29.80081006855718
            ],
            [
              52.52544633820887,
              29.8008061862048
            ],
            [
              52.52544107016299,
              29.80080230385221
            ],
            [
              52.52543580315193,
              29.80079842148744
            ],
            [
              52.52543053510687,
              29.80079453913438
            ],
            [
              52.52543489892825,
              29.80079003578763
            ],
            [
              52.52543926273555,
              29.80078553153857
            ],
            [
              52.52544362655616,
              29.80078102819153
            ],
            [
              52.52544799036268,
              29.8007765239422
            ],
            [
              52.52545235418252,
              29.80077202059492
            ],
            [
              52.52545671695386,
              29.80076751635727
            ],
            [
              52.52546108077291,
              29.80076301300971
            ],
            [
              52.52546544457789,
              29.80075850875985
            ],
            [
              52.52546980839616,
              29.80075400541204
            ],
            [
              52.52547417220035,
              29.8007495011619
            ],
            [
              52.52547853601786,
              29.8007449978138
            ],
            [
              52.52548289982127,
              29.80074049356341
            ],
            [
              52.525487263638,
              29.80073599021505
            ],
            [
              52.52549162744064,
              29.80073148596439
            ],
            [
              52.52549599125658,
              29.80072698261577
            ],
            [
              52.52550035505845,
              29.80072247836485
            ],
            [
              52.52550471887361,
              29.80071797501596
            ],
            [
              52.52550908165399,
              29.80071347167887
            ],
            [
              52.52551344545469,
              29.80070896742755
            ],
            [
              52.52551780926869,
              29.80070446407824
            ],
            [
              52.52552217306862,
              29.80069995982666
            ],
            [
              52.52552653688183,
              29.8006954564771
            ],
            [
              52.52553090068098,
              29.80069095222525
            ],
            [
              52.52553526449344,
              29.80068644887542
            ],
            [
              52.5255396282918,
              29.8006819446233
            ],
            [
              52.52554399210348,
              29.80067744127321
            ],
            [
              52.52554835590107,
              29.80067293702082
            ],
            [
              52.52555271971196,
              29.80066843367046
            ],
            [
              52.52555708247437,
              29.80066392942974
            ],
            [
              52.52556144628449,
              29.80065942607911
            ],
            [
              52.52556581008054,
              29.80065492182619
            ],
            [
              52.52557017388988,
              29.8006504184753
            ],
            [
              52.52557453768513,
              29.80064591422212
            ],
            [
              52.5255789014937,
              29.80064141087096
            ],
            [
              52.52558488445954,
              29.80064379522606
            ],
            [
              52.52559085230669,
              29.80064620592284
            ],
            [
              52.52559680609693,
              29.80064864475372
            ],
            [
              52.52560274476848,
              29.80065110992628
            ],
            [
              52.52560866936945,
              29.80065360233077
            ],
            [
              52.52561457783102,
              29.80065612199104
            ],
            [
              52.52562047220834,
              29.80065866798108
            ],
            [
              52.52562635044626,
              29.80066124122692
            ],
            [
              52.52563221459992,
              29.80066384080252
            ],
            [
              52.52563806157981,
              29.80066646764588
            ],
            [
              52.52564389344104,
              29.80066912083094
            ],
            [
              52.52564959471008,
              29.80067223570927
            ],
            [
              52.52565529599316,
              29.80067535148949
            ],
            [
              52.5256609982973,
              29.80067846635536
            ],
            [
              52.52566669958107,
              29.80068158213507
            ],
            [
              52.52567240085151,
              29.80068469701235
            ]
          ]
        ]
      },
      "properties": {
        "name": "688",
        "area_m2": 271.2,
        "centroid": [
          52.525549,
          29.800743
        ]
      }
    },
    {
      "type": "Feature",
      "geometry": {
        "type": "Polygon",
        "coordinates": [
          [
            [
              52.52646663424727,
              29.80126283710215
            ],
            [
              52.5265177145546,
              29.8013004830944
            ],
            [
              52.52652204310525,
              29.80134543655515
            ],
            [
              52.52637872350087,
              29.80149335799317
            ],
            [
              52.52629970798846,
              29.80143512321041
            ],
            [
              52.52646663424727,
              29.80126283710215
            ]
          ]
        ]
      },
      "properties": {
        "name": "677",
        "area_m2": 281.93,
        "centroid": [
          52.52642,
          29.80138
        ]
      }
    },
    {
      "type": "Feature",
      "geometry": {
        "type": "Polygon",
        "coordinates": [
          [
            [
              52.52575547871891,
              29.8007387391135
            ],
            [
              52.52558856525613,
              29.80091100975879
            ],
            [
              52.52550955065322,
              29.80085277446612
            ],
            [
              52.52567240085151,
              29.80068469701235
            ],
            [
              52.52571477434656,
              29.8007107415932
            ],
            [
              52.52575547871891,
              29.8007387391135
            ]
          ]
        ]
      },
      "properties": {
        "name": "687",
        "area_m2": 286.4,
        "centroid": [
          52.525632,
          29.800797
        ]
      }
    },
    {
      "type": "Feature",
      "geometry": {
        "type": "Polygon",
        "coordinates": [
          [
            [
              52.52638761783942,
              29.80120460237734
            ],
            [
              52.52622069154631,
              29.80137688929076
            ],
            [
              52.52614167518139,
              29.80131865441796
            ],
            [
              52.52630860257064,
              29.80114636849177
            ],
            [
              52.52638761783942,
              29.80120460237734
            ]
          ]
        ]
      },
      "properties": {
        "name": "679",
        "area_m2": 289.16,
        "centroid": [
          52.526265,
          29.801262
        ]
      }
    },
    {
      "type": "Feature",
      "geometry": {
        "type": "Polygon",
        "coordinates": [
          [
            [
              52.52591352338481,
              29.80085519383591
            ],
            [
              52.5257465968036,
              29.8010274801673
            ],
            [
              52.52566758098438,
              29.80096924498855
            ],
            [
              52.52583450866171,
              29.80079695964438
            ],
            [
              52.52591352338481,
              29.80085519383591
            ]
          ]
        ]
      },
      "properties": {
        "name": "685",
        "area_m2": 289.16,
        "centroid": [
          52.525791,
          29.800912
        ]
      }
    },
    {
      "type": "Feature",
      "geometry": {
        "type": "Polygon",
        "coordinates": [
          [
            [
              52.52583450866171,
              29.80079695964438
            ],
            [
              52.52566758098438,
              29.80096924498855
            ],
            [
              52.52558856525613,
              29.80091100975879
            ],
            [
              52.52575547871891,
              29.8007387391135
            ],
            [
              52.52576054551122,
              29.80074244872582
            ],
            [
              52.52583450866171,
              29.80079695964438
            ]
          ]
        ]
      },
      "properties": {
        "name": "686",
        "area_m2": 289.16,
        "centroid": [
          52.525712,
          29.800854
        ]
      }
    },
    {
      "type": "Feature",
      "geometry": {
        "type": "Polygon",
        "coordinates": [
          [
            [
              52.52615057020969,
              29.80102989878717
            ],
            [
              52.52598364375882,
              29.80120218450742
            ],
            [
              52.52590462766676,
              29.80114394948165
            ],
            [
              52.52607155520005,
              29.80097166384644
            ],
            [
              52.52615057020969,
              29.80102989878717
            ]
          ]
        ]
      },
      "properties": {
        "name": "682",
        "area_m2": 289.16,
        "centroid": [
          52.526028,
          29.801087
        ]
      }
    },
    {
      "type": "Feature",
      "geometry": {
        "type": "Polygon",
        "coordinates": [
          [
            [
              52.52622958634469,
              29.80108813366496
            ],
            [
              52.52606265994183,
              29.80126041948221
            ],
            [
              52.52598364375882,
              29.80120218450742
            ],
            [
              52.52615057020969,
              29.80102989878717
            ],
            [
              52.52622958634469,
              29.80108813366496
            ]
          ]
        ]
      },
      "properties": {
        "name": "681",
        "area_m2": 289.16,
        "centroid": [
          52.526107,
          29.801145
        ]
      }
    },
    {
      "type": "Feature",
      "geometry": {
        "type": "Polygon",
        "coordinates": [
          [
            [
              52.52630860257064,
              29.80114636849177
            ],
            [
              52.52614167518139,
              29.80131865441796
            ],
            [
              52.52606265994183,
              29.80126041948221
            ],
            [
              52.52622958634469,
              29.80108813366496
            ],
            [
              52.52630860257064,
              29.80114636849177
            ]
          ]
        ]
      },
      "properties": {
        "name": "680",
        "area_m2": 289.16,
        "centroid": [
          52.526186,
          29.801203
        ]
      }
    },
    {
      "type": "Feature",
      "geometry": {
        "type": "Polygon",
        "coordinates": [
          [
            [
              52.52646663424727,
              29.80126283710215
            ],
            [
              52.52629970798846,
              29.80143512321041
            ],
            [
              52.52622069154631,
              29.80137688929076
            ],
            [
              52.52638761783942,
              29.80120460237734
            ],
            [
              52.52646663424727,
              29.80126283710215
            ]
          ]
        ]
      },
      "properties": {
        "name": "678",
        "area_m2": 289.16,
        "centroid": [
          52.526344,
          29.80132
        ]
      }
    },
    {
      "type": "Feature",
      "geometry": {
        "type": "Polygon",
        "coordinates": [
          [
            [
              52.52599253924695,
              29.80091342886667
            ],
            [
              52.52582561166565,
              29.80108571440485
            ],
            [
              52.5257465968036,
              29.8010274801673
            ],
            [
              52.52591352338481,
              29.80085519383591
            ],
            [
              52.52599253924695,
              29.80091342886667
            ]
          ]
        ]
      },
      "properties": {
        "name": "684",
        "area_m2": 289.16,
        "centroid": [
          52.52587,
          29.80097
        ]
      }
    },
    {
      "type": "Feature",
      "geometry": {
        "type": "Polygon",
        "coordinates": [
          [
            [
              52.52607155520005,
              29.80097166384644
            ],
            [
              52.52590462766676,
              29.80114394948165
            ],
            [
              52.52582561166565,
              29.80108571440485
            ],
            [
              52.52599253924695,
              29.80091342886667
            ],
            [
              52.52607155520005,
              29.80097166384644
            ]
          ]
        ]
      },
      "properties": {
        "name": "683",
        "area_m2": 289.16,
        "centroid": [
          52.525949,
          29.801029
        ]
      }
    },
    {
      "type": "Feature",
      "geometry": {
        "type": "Polygon",
        "coordinates": [
          [
            [
              52.52637872350087,
              29.80149335799317
            ],
            [
              52.52619965770587,
              29.8016781731197
            ],
            [
              52.52615326848014,
              29.8016815710328
            ],
            [
              52.526099394489,
              29.80164186647768
            ],
            [
              52.52629970798846,
              29.80143512321041
            ],
            [
              52.52637872350087,
              29.80149335799317
            ]
          ]
        ]
      },
      "properties": {
        "name": "584",
        "area_m2": 341.14,
        "centroid": [
          52.52624,
          29.801566
        ]
      }
    },
    {
      "type": "Feature",
      "geometry": {
        "type": "Polygon",
        "coordinates": [
          [
            [
              52.52495644583483,
              29.80044512785366
            ],
            [
              52.52475613239039,
              29.8006518691301
            ],
            [
              52.52469946592554,
              29.80061010460008
            ],
            [
              52.52469600294471,
              29.80057414176551
            ],
            [
              52.52486798820014,
              29.80039663795708
            ],
            [
              52.52488860516728,
              29.80039512778657
            ],
            [
              52.52495644583483,
              29.80044512785366
            ]
          ]
        ]
      },
      "properties": {
        "name": "602",
        "area_m2": 341.21,
        "centroid": [
          52.524818,
          29.800519
        ]
      }
    },
    {
      "type": "Feature",
      "geometry": {
        "type": "Polygon",
        "coordinates": [
          [
            [
              52.52503546082181,
              29.80050336258916
            ],
            [
              52.52483514640058,
              29.80071010399394
            ],
            [
              52.52475613239039,
              29.8006518691301
            ],
            [
              52.52495644583483,
              29.80044512785366
            ],
            [
              52.52503546082181,
              29.80050336258916
            ]
          ]
        ]
      },
      "properties": {
        "name": "601",
        "area_m2": 346.99,
        "centroid": [
          52.524896,
          29.800578
        ]
      }
    },
    {
      "type": "Feature",
      "geometry": {
        "type": "Polygon",
        "coordinates": [
          [
            [
              52.52550955065322,
              29.80085277446612
            ],
            [
              52.52530923657763,
              29.80105951656933
            ],
            [
              52.52523022200806,
              29.80100128110925
            ],
            [
              52.52537505637982,
              29.80085179861886
            ],
            [
              52.52543053510687,
              29.80079453913438
            ],
            [
              52.52550955065322,
              29.80085277446612
            ]
          ]
        ]
      },
      "properties": {
        "name": "595",
        "area_m2": 346.99,
        "centroid": [
          52.52537,
          29.800927
        ]
      }
    },
    {
      "type": "Feature",
      "geometry": {
        "type": "Polygon",
        "coordinates": [
          [
            [
              52.52543053510687,
              29.80079453913438
            ],
            [
              52.52537505637982,
              29.80085179861886
            ],
            [
              52.52523022200806,
              29.80100128110925
            ],
            [
              52.52515120650873,
              29.80094304651228
            ],
            [
              52.52535151966515,
              29.80073630465383
            ],
            [
              52.52543053510687,
              29.80079453913438
            ]
          ]
        ]
      },
      "properties": {
        "name": "596",
        "area_m2": 346.99,
        "centroid": [
          52.525291,
          29.800869
        ]
      }
    },
    {
      "type": "Feature",
      "geometry": {
        "type": "Polygon",
        "coordinates": [
          [
            [
              52.52598364375882,
              29.80120218450742
            ],
            [
              52.52578333002889,
              29.80140892730907
            ],
            [
              52.52570431491363,
              29.80135069215493
            ],
            [
              52.52590462766676,
              29.80114394948165
            ],
            [
              52.52598364375882,
              29.80120218450742
            ]
          ]
        ]
      },
      "properties": {
        "name": "589",
        "area_m2": 346.99,
        "centroid": [
          52.525844,
          29.801276
        ]
      }
    },
    {
      "type": "Feature",
      "geometry": {
        "type": "Polygon",
        "coordinates": [
          [
            [
              52.52590462766676,
              29.80114394948165
            ],
            [
              52.52570431491363,
              29.80135069215493
            ],
            [
              52.5256252988686,
              29.80129245786392
            ],
            [
              52.52582561166565,
              29.80108571440485
            ],
            [
              52.52590462766676,
              29.80114394948165
            ]
          ]
        ]
      },
      "properties": {
        "name": "590",
        "area_m2": 346.99,
        "centroid": [
          52.525765,
          29.801218
        ]
      }
    },
    {
      "type": "Feature",
      "geometry": {
        "type": "Polygon",
        "coordinates": [
          [
            [
              52.5257465968036,
              29.8010274801673
            ],
            [
              52.52554628290082,
              29.80123422261974
            ],
            [
              52.52546726805841,
              29.80117598731263
            ],
            [
              52.52566758098438,
              29.80096924498855
            ],
            [
              52.5257465968036,
              29.8010274801673
            ]
          ]
        ]
      },
      "properties": {
        "name": "592",
        "area_m2": 346.99,
        "centroid": [
          52.525607,
          29.801102
        ]
      }
    },
    {
      "type": "Feature",
      "geometry": {
        "type": "Polygon",
        "coordinates": [
          [
            [
              52.52629970798846,
              29.80143512321041
            ],
            [
              52.526099394489,
              29.80164186647768
            ],
            [
              52.52602037798922,
              29.80158363244163
            ],
            [
              52.52622069154631,
              29.80137688929076
            ],
            [
              52.52629970798846,
              29.80143512321041
            ]
          ]
        ]
      },
      "properties": {
        "name": "585",
        "area_m2": 346.99,
        "centroid": [
          52.52616,
          29.801509
        ]
      }
    },
    {
      "type": "Feature",
      "geometry": {
        "type": "Polygon",
        "coordinates": [
          [
            [
              52.52622069154631,
              29.80137688929076
            ],
            [
              52.52602037798922,
              29.80158363244163
            ],
            [
              52.52594136260109,
              29.80152539744047
            ],
            [
              52.52614167518139,
              29.80131865441796
            ],
            [
              52.52622069154631,
              29.80137688929076
            ]
          ]
        ]
      },
      "properties": {
        "name": "586",
        "area_m2": 346.99,
        "centroid": [
          52.526081,
          29.801451
        ]
      }
    },
    {
      "type": "Feature",
      "geometry": {
        "type": "Polygon",
        "coordinates": [
          [
            [
              52.52527250533509,
              29.80067806920818
            ],
            [
              52.52507219108666,
              29.80088481096217
            ],
            [
              52.52499317678995,
              29.80082657534912
            ],
            [
              52.52519349006158,
              29.80061983372346
            ],
            [
              52.52527250533509,
              29.80067806920818
            ]
          ]
        ]
      },
      "properties": {
        "name": "598",
        "area_m2": 346.99,
        "centroid": [
          52.525133,
          29.800752
        ]
      }
    },
    {
      "type": "Feature",
      "geometry": {
        "type": "Polygon",
        "coordinates": [
          [
            [
              52.52511447487902,
              29.80056159818777
            ],
            [
              52.5249141615498,
              29.80076833969702
            ],
            [
              52.52483514640058,
              29.80071010399394
            ],
            [
              52.52503546082181,
              29.80050336258916
            ],
            [
              52.52511447487902,
              29.80056159818777
            ]
          ]
        ]
      },
      "properties": {
        "name": "600",
        "area_m2": 346.99,
        "centroid": [
          52.524975,
          29.800636
        ]
      }
    },
    {
      "type": "Feature",
      "geometry": {
        "type": "Polygon",
        "coordinates": [
          [
            [
              52.52535151966515,
              29.80073630465383
            ],
            [
              52.52515120650873,
              29.80094304651228
            ],
            [
              52.52507219108666,
              29.80088481096217
            ],
            [
              52.52527250533509,
              29.80067806920818
            ],
            [
              52.52535151966515,
              29.80073630465383
            ]
          ]
        ]
      },
      "properties": {
        "name": "597",
        "area_m2": 346.99,
        "centroid": [
          52.525212,
          29.800811
        ]
      }
    },
    {
      "type": "Feature",
      "geometry": {
        "type": "Polygon",
        "coordinates": [
          [
            [
              52.52566758098438,
              29.80096924498855
            ],
            [
              52.52546726805841,
              29.80117598731263
            ],
            [
              52.52538825227254,
              29.80111775196647
            ],
            [
              52.52558856525613,
              29.80091100975879
            ],
            [
              52.52566758098438,
              29.80096924498855
            ]
          ]
        ]
      },
      "properties": {
        "name": "593",
        "area_m2": 346.99,
        "centroid": [
          52.525528,
          29.801043
        ]
      }
    },
    {
      "type": "Feature",
      "geometry": {
        "type": "Polygon",
        "coordinates": [
          [
            [
              52.52558856525613,
              29.80091100975879
            ],
            [
              52.52538825227254,
              29.80111775196647
            ],
            [
              52.52530923657763,
              29.80105951656933
            ],
            [
              52.52550955065322,
              29.80085277446612
            ],
            [
              52.52558856525613,
              29.80091100975879
            ]
          ]
        ]
      },
      "properties": {
        "name": "594",
        "area_m2": 346.99,
        "centroid": [
          52.525449,
          29.800985
        ]
      }
    },
    {
      "type": "Feature",
      "geometry": {
        "type": "Polygon",
        "coordinates": [
          [
            [
              52.52519349006158,
              29.80061983372346
            ],
            [
              52.52499317678995,
              29.80082657534912
            ],
            [
              52.5249141615498,
              29.80076833969702
            ],
            [
              52.52511447487902,
              29.80056159818777
            ],
            [
              52.52519349006158,
              29.80061983372346
            ]
          ]
        ]
      },
      "properties": {
        "name": "599",
        "area_m2": 346.99,
        "centroid": [
          52.525054,
          29.800694
        ]
      }
    },
    {
      "type": "Feature",
      "geometry": {
        "type": "Polygon",
        "coordinates": [
          [
            [
              52.52614167518139,
              29.80131865441796
            ],
            [
              52.52594136260109,
              29.80152539744047
            ],
            [
              52.52586234626951,
              29.80146716240026
            ],
            [
              52.52606265994183,
              29.80126041948221
            ],
            [
              52.52614167518139,
              29.80131865441796
            ]
          ]
        ]
      },
      "properties": {
        "name": "587",
        "area_m2": 346.99,
        "centroid": [
          52.526002,
          29.801393
        ]
      }
    },
    {
      "type": "Feature",
      "geometry": {
        "type": "Polygon",
        "coordinates": [
          [
            [
              52.52606265994183,
              29.80126041948221
            ],
            [
              52.52586234626951,
              29.80146716240026
            ],
            [
              52.52578333002889,
              29.80140892730907
            ],
            [
              52.52598364375882,
              29.80120218450742
            ],
            [
              52.52606265994183,
              29.80126041948221
            ]
          ]
        ]
      },
      "properties": {
        "name": "588",
        "area_m2": 347.0,
        "centroid": [
          52.525923,
          29.801335
        ]
      }
    }
  ],
  "boundary": [
    [
      52.517128,
      29.79658
    ],
    [
      52.517111,
      29.796589
    ],
    [
      52.516989,
      29.79701
    ],
    [
      52.516977,
      29.797055
    ],
    [
      52.516966,
      29.7971
    ],
    [
      52.516957,
      29.797146
    ],
    [
      52.51695,
      29.797191
    ],
    [
      52.516943,
      29.797245
    ],
    [
      52.516938,
      29.797298
    ],
    [
      52.516337,
      29.806854
    ],
    [
      52.516347,
      29.806895
    ],
    [
      52.51638,
      29.806926
    ],
    [
      52.51665,
      29.807076
    ],
    [
      52.516825,
      29.807173
    ],
    [
      52.517173,
      29.807366
    ],
    [
      52.51726,
      29.807415
    ],
    [
      52.517334,
      29.807456
    ],
    [
      52.517385,
      29.807446
    ],
    [
      52.526428,
      29.803172
    ],
    [
      52.526708,
      29.802883
    ],
    [
      52.526909,
      29.802677
    ],
    [
      52.527076,
      29.802505
    ],
    [
      52.527156,
      29.802422
    ],
    [
      52.52749,
      29.802079
    ],
    [
      52.528105,
      29.801061
    ],
    [
      52.528168,
      29.800856
    ],
    [
      52.52198,
      29.798111
    ],
    [
      52.521625,
      29.797975
    ],
    [
      52.517952,
      29.796761
    ],
    [
      52.517128,
      29.79658
    ]
  ],
  "boundary_count": 30
}