{
  "type": "FeatureCollection",
  "name": "ناحیه سری دوم زمین شهری",
  "centroid": [
    52.428302,
    29.834399
  ],
  "crs": {
    "type": "name",
    "properties": {
      "name": "urn:ogc:def:crs:OGC:1.3:CRS84"
    }
  },
  "features": [
    {
      "type": "Feature",
      "geometry": {
        "type": "Polygon",
        "coordinates": [
          [
            [
              52.42834551025913,
              29.83264187936598
            ],
            [
              52.42826490015285,
              29.83269076562149
            ],
            [
              52.42818456645198,
              29.83259008214913
            ],
            [
              52.4283640222453,
              29.83251516548811
            ],
            [
              52.42842612033711,
              29.83259299667233
            ],
            [
              52.42834551025913,
              29.83264187936598
            ]
          ]
        ]
      },
      "properties": {
        "name": "72",
        "area_m2": 264.61,
        "centroid": [
          52.428306,
          29.832599
        ]
      }
    },
    {
      "type": "Feature",
      "geometry": {
        "type": "Polygon",
        "coordinates": [
          [
            [
              52.42842612033711,
              29.83259299667233
            ],
            [
              52.42856091727151,
              29.83276194134133
            ],
            [
              52.42848043572268,
              29.832810987856
            ],
            [
              52.42834551025913,
              29.83264187936598
            ],
            [
              52.42842612033711,
              29.83259299667233
            ]
          ]
        ]
      },
      "properties": {
        "name": "71",
        "area_m2": 250.54,
        "centroid": [
          52.428453,
          29.832702
        ]
      }
    },
    {
      "type": "Feature",
      "geometry": {
        "type": "Polygon",
        "coordinates": [
          [
            [
              52.42826490015285,
              29.83269076562149
            ],
            [
              52.42834551025913,
              29.83264187936598
            ],
            [
              52.42848043572268,
              29.832810987856
            ],
            [
              52.42839995305933,
              29.83286003433504
            ],
            [
              52.42826490015285,
              29.83269076562149
            ]
          ]
        ]
      },
      "properties": {
        "name": "70",
        "area_m2": 250.79,
        "centroid": [
          52.428373,
          29.832751
        ]
      }
    },
    {
      "type": "Feature",
      "geometry": {
        "type": "Polygon",
        "coordinates": [
          [
            [
              52.42818435047979,
              29.83273961327731
            ],
            [
              52.42826490015285,
              29.83269076562149
            ],
            [
              52.42839995305933,
              29.83286003433504
            ],
            [
              52.42831962732821,
              29.8329089870304
            ],
            [
              52.42818435047979,
              29.83273961327731
            ]
          ]
        ]
      },
      "properties": {
        "name": "69",
        "area_m2": 250.69,
        "centroid": [
          52.428292,
          29.8328
        ]
      }
    },
    {
      "type": "Feature",
      "geometry": {
        "type": "Polygon",
        "coordinates": [
          [
            [
              52.42818435047979,
              29.83273961327731
            ],
            [
              52.42809483947374,
              29.83262753947778
            ],
            [
              52.42818456645198,
              29.83259008214913
            ],
            [
              52.42826490015285,
              29.83269076562149
            ],
            [
              52.42818435047979,
              29.83273961327731
            ]
          ]
        ]
      },
      "properties": {
        "name": "75",
        "area_m2": 157.65,
        "centroid": [
          52.428181,
          29.832662
        ]
      }
    },
    {
      "type": "Feature",
      "geometry": {
        "type": "Polygon",
        "coordinates": [
          [
            [
              52.42810384587243,
              29.83278843332782
            ],
            [
              52.42800531100911,
              29.83266491519428
            ],
            [
              52.42809483947374,
              29.83262753947778
            ],
            [
              52.42818435047979,
              29.83273961327731
            ],
            [
              52.42810384587243,
              29.83278843332782
            ]
          ]
        ]
      },
      "properties": {
        "name": "74",
        "area_m2": 174.32,
        "centroid": [
          52.428096,
          29.832705
        ]
      }
    },
    {
      "type": "Feature",
      "geometry": {
        "type": "Polygon",
        "coordinates": [
          [
            [
              52.42802313495329,
              29.83283737918216
            ],
            [
              52.42810384587243,
              29.83278843332782
            ],
            [
              52.42823914555314,
              29.83295803430691
            ],
            [
              52.4281586626507,
              29.8330070806456
            ],
            [
              52.42802313495329,
              29.83283737918216
            ]
          ]
        ]
      },
      "properties": {
        "name": "67",
        "area_m2": 251.66,
        "centroid": [
          52.428131,
          29.832898
        ]
      }
    },
    {
      "type": "Feature",
      "geometry": {
        "type": "Polygon",
        "coordinates": [
          [
            [
              52.4278789155146,
              29.83662804318071
            ],
            [
              52.42788972542137,
              29.83680598252451
            ],
            [
              52.42788984971848,
              29.83680802678735
            ],
            [
              52.42788774064105,
              29.83680804147051
            ],
            [
              52.4277865006671,
              29.83680873814645
            ],
            [
              52.42777556666091,
              29.83662875542735
            ],
            [
              52.4278789155146,
              29.83662804318071
            ]
          ]
        ]
      },
      "properties": {
        "name": "261",
        "area_m2": 230.6,
        "centroid": [
          52.427833,
          29.836718
        ]
      }
    },
    {
      "type": "Feature",
      "geometry": {
        "type": "Polygon",
        "coordinates": [
          [
            [
              52.42890237241933,
              29.83208323940595
            ],
            [
              52.42890137256768,
              29.8320836680074
            ],
            [
              52.42881099320712,
              29.83192156925569
            ],
            [
              52.42890395061829,
              29.83188216895673
            ],
            [
              52.42899632672954,
              29.83204784908757
            ],
            [
              52.42897726203616,
              29.83205393862664
            ],
            [
              52.42895841448676,
              29.83206052390598
            ],
            [
              52.42893980159515,
              29.83206759932223
            ],
            [
              52.42892143985323,
              29.83207516018529
            ],
            [
              52.42890237241933,
              29.83208323940595
            ]
          ]
        ]
      },
      "properties": {
        "name": "85",
        "area_m2": 232.19,
        "centroid": [
          52.428903,
          29.831983
        ]
      }
    },
    {
      "type": "Feature",
      "geometry": {
        "type": "Polygon",
        "coordinates": [
          [
            [
              52.42862322917434,
              29.83220317734796
            ],
            [
              52.42853285012586,
              29.83204107749521
            ],
            [
              52.42862556352723,
              29.83200124148947
            ],
            [
              52.42871594885413,
              29.83216333850218
            ],
            [
              52.42862322917434,
              29.83220317734796
            ]
          ]
        ]
      },
      "properties": {
        "name": "76",
        "area_m2": 230.86,
        "centroid": [
          52.428624,
          29.832102
        ]
      }
    },
    {
      "type": "Feature",
      "geometry": {
        "type": "Polygon",
        "coordinates": [
          [
            [
              52.42871594885413,
              29.83216333850218
            ],
            [
              52.42862556352723,
              29.83200124148947
            ],
            [
              52.42871827892243,
              29.83196140539844
            ],
            [
              52.42880865818753,
              29.83212350511863
            ],
            [
              52.42871594885413,
              29.83216333850218
            ]
          ]
        ]
      },
      "properties": {
        "name": "77",
        "area_m2": 230.85,
        "centroid": [
          52.428717,
          29.832062
        ]
      }
    },
    {
      "type": "Feature",
      "geometry": {
        "type": "Polygon",
        "coordinates": [
          [
            [
              52.42823963455656,
              29.83689556209817
            ],
            [
              52.42854972713617,
              29.83689580478665
            ],
            [
              52.42854954277266,
              29.83707600783626
            ],
            [
              52.42844617812499,
              29.83707593214322
            ],
            [
              52.4283428134483,
              29.83707585456486
            ],
            [
              52.4282394498159,
              29.83707577779656
            ],
            [
              52.42823963455656,
              29.83689556209817
            ]
          ]
        ]
      },
      "properties": {
        "name": "255",
        "area_m2": 692.49,
        "centroid": [
          52.428395,
          29.836986
        ]
      }
    },
    {
      "type": "Feature",
      "geometry": {
        "type": "Polygon",
        "coordinates": [
          [
            [
              52.42862976403707,
              29.83265885940396
            ],
            [
              52.42847759330269,
              29.83246813792433
            ],
            [
              52.42876122936574,
              29.83234989409228
            ],
            [
              52.42891693822428,
              29.83254507783833
            ],
            [
              52.42877268899262,
              29.83263255846183
            ],
            [
              52.42874022976914,
              29.83259186661541
            ],
            [
              52.42862976403707,
              29.83265885940396
            ]
          ]
        ]
      },
      "properties": {
        "name": "304",
        "area_m2": 916.38,
        "centroid": [
          52.428701,
          29.832506
        ]
      }
    },
    {
      "type": "Feature",
      "geometry": {
        "type": "Polygon",
        "coordinates": [
          [
            [
              52.42680015520556,
              29.83511980178401
            ],
            [
              52.4268160974228,
              29.83511526401933
            ],
            [
              52.42683220684202,
              29.83511120358953
            ],
            [
              52.42684846593589,
              29.83510762519567
            ],
            [
              52.4268648551075,
              29.83510453356105
            ],
            [
              52.42688135781307,
              29.83510192976676
            ],
            [
              52.42689795241174,
              29.83509982036294
            ],
            [
              52.42691461925534,
              29.83509820646419
            ],
            [
              52.42693133973045,
              29.83509708917392
            ],
            [
              52.4269480942146,
              29.83509647141116
            ],
            [
              52.42696486302113,
              29.83509635158392
            ],
            [
              52.42698162652751,
              29.83509673261124
            ],
            [
              52.42699836500865,
              29.83509761019455
            ],
            [
              52.42701506089879,
              29.83509898632833
            ],
            [
              52.42703169141971,
              29.83510086035639
            ],
            [
              52.42704823993788,
              29.83510322704442
            ],
            [
              52.42706468781427,
              29.83510608569154
            ],
            [
              52.42708101014974,
              29.83510943205512
            ],
            [
              52.42709719446275,
              29.83511326175836
            ],
            [
              52.42711321898421,
              29.83511757232954
            ],
            [
              52.42712906501093,
              29.83512235855676
            ],
            [
              52.42714471378841,
              29.83512761161934
            ],
            [
              52.42716014973068,
              29.8351333271741
            ],
            [
              52.42717535000815,
              29.83513950095605
            ],
            [
              52.42719030102744,
              29.83514612318648
            ],
            [
              52.42721537760581,
              29.83531941481666
            ],
            [
              52.4263596841548,
              29.83531918492143
            ],
            [
              52.42635000266305,
              29.8352529412254
            ],
            [
              52.42642036010336,
              29.83523761933213
            ],
            [
              52.42649013573836,
              29.83522039433179
            ],
            [
              52.42655926153668,
              29.83520128590941
            ],
            [
              52.42662767354225,
              29.83518030919442
            ],
            [
              52.42669530377534,
              29.83515748748092
            ],
            [
              52.42676208523997,
              29.83513284044311
            ],
            [
              52.42677463632849,
              29.83512818772605
            ],
            [
              52.4267873283695,
              29.83512384028107
            ],
            [
              52.42680015520556,
              29.83511980178401
            ]
          ]
        ]
      },
      "properties": {
        "name": "250.1",
        "area_m2": 1744.97,
        "centroid": [
          52.426844,
          29.835229
        ]
      }
    },
    {
      "type": "Feature",
      "geometry": {
        "type": "Polygon",
        "coordinates": [
          [
            [
              52.42819535024842,
              29.83583061014308
            ],
            [
              52.42819247557542,
              29.83583180705576
            ],
            [
              52.4281895551733,
              29.83583291783819
            ],
            [
              52.42818659210801,
              29.83583393975017
            ],
            [
              52.42818359051881,
              29.83583487274696
            ],
            [
              52.42818055556687,
              29.83583571587037
            ],
            [
              52.42817748723939,
              29.83583646821823
            ],
            [
              52.42817439377635,
              29.83583712699437
            ],
            [
              52.42817127416861,
              29.83583769401439
            ],
            [
              52.42816813564701,
              29.83583816829778
            ],
            [
              52.42816497922069,
              29.83583854802892
            ],
            [
              52.42816181005088,
              29.83583883224963
            ],
            [
              52.42815863024571,
              29.83583902364418
            ],
            [
              52.42815876293099,
              29.83561992208895
            ],
            [
              52.4282345586706,
              29.83567244247957
            ],
            [
              52.4282370650974,
              29.83567424261356
            ],
            [
              52.42823949805787,
              29.83567611663166
            ],
            [
              52.42824185447327,
              29.83567806637183
            ],
            [
              52.42824412063436,
              29.8356800739355
            ],
            [
              52.42824630392601,
              29.8356821491686
            ],
            [
              52.42824840535734,
              29.83568429025553
            ],
            [
              52.42825041759486,
              29.83568649095918
            ],
            [
              52.42825234274667,
              29.83568875396384
            ],
            [
              52.42825417553605,
              29.83569107210782
            ],
            [
              52.42825591597584,
              29.83569344629329
            ],
            [
              52.42825755983694,
              29.83569587024967
            ],
            [
              52.42825910814132,
              29.83569834306354
            ],
            [
              52.42826055565077,
              29.83570086027984
            ],
            [
              52.42826190130478,
              29.83570342010537
            ],
            [
              52.42826314612533,
              29.83570602162675
            ],
            [
              52.42826428585764,
              29.83570865676893
            ],
            [
              52.42826531945409,
              29.83571132464088
            ],
            [
              52.42826624481934,
              29.83571402346058
            ],
            [
              52.42826706498083,
              29.83571674778129
            ],
            [
              52.42826777473882,
              29.83571949585452
            ],
            [
              52.42826837300714,
              29.83572226408268
            ],
            [
              52.42826886282604,
              29.83572504792117
            ],
            [
              52.42826924105257,
              29.83572784469697
            ],
            [
              52.42826950868302,
              29.83573065169227
            ],
            [
              52.42826966254877,
              29.83573346442964
            ],
            [
              52.42826970470659,
              29.83573628198451
            ],
            [
              52.42826963403182,
              29.83573909805264
            ],
            [
              52.42826945359035,
              29.83574190989386
            ],
            [
              52.42826915920446,
              29.83574471484634
            ],
            [
              52.42826875496198,
              29.83574750925648
            ],
            [
              52.42826823669803,
              29.83575029136464
            ],
            [
              52.42826761154071,
              29.83575305297269
            ],
            [
              52.42826687434166,
              29.83575579594096
            ],
            [
              52.42826602915024,
              29.83575851390929
            ],
            [
              52.42826507592794,
              29.83576120417105
            ],
            [
              52.42826401673151,
              29.83576386580168
            ],
            [
              52.42826285148395,
              29.83576649338793
            ],
            [
              52.42826158323832,
              29.83576908328744
            ],
            [
              52.42826021093415,
              29.835771633707
            ],
            [
              52.42825873867213,
              29.83577414189519
            ],
            [
              52.42825716741007,
              29.83577660242766
            ],
            [
              52.42825550127434,
              29.83577901435741
            ],
            [
              52.42825373712201,
              29.83578137501143
            ],
            [
              52.42825188213256,
              29.83578367980032
            ],
            [
              52.42824993422354,
              29.83578592784429
            ],
            [
              52.42824790058724,
              29.83578811545618
            ],
            [
              52.42824577911555,
              29.83579023995175
            ],
            [
              52.42822294318444,
              29.83581232627605
            ],
            [
              52.42822078298245,
              29.83581434742089
            ],
            [
              52.42821854421982,
              29.83581630264207
            ],
            [
              52.42821622791854,
              29.8358181910262
            ],
            [
              52.4282138433277,
              29.83582000796154
            ],
            [
              52.4282113863209,
              29.83582175439506
            ],
            [
              52.42820886304282,
              29.83582342574859
            ],
            [
              52.42820627658507,
              29.83582502108637
            ],
            [
              52.4282036290044,
              29.83582653948378
            ],
            [
              52.42820092233195,
              29.83582797821185
            ],
            [
              52.4281981627509,
              29.83582933539902
            ],
            [
              52.42819535024842,
              29.83583061014308
            ]
          ]
        ]
      },
      "properties": {
        "name": "232.1",
        "area_m2": 208.28,
        "centroid": [
          52.428204,
          29.835736
        ]
      }
    },
    {
      "type": "Feature",
      "geometry": {
        "type": "Polygon",
        "coordinates": [
          [
            [
              52.42795031777015,
              29.8361297483185
            ],
            [
              52.42793525499959,
              29.83615086264225
            ],
            [
              52.42792100035002,
              29.83617240044789
            ],
            [
              52.42790756898465,
              29.83619433630613
            ],
            [
              52.42789497714007,
              29.83621664748316
            ],
            [
              52.42788323688799,
              29.83623930948547
            ],
            [
              52.42787236235694,
              29.83626229689495
            ],
            [
              52.42786236563153,
              29.8362855861203
            ],
            [
              52.42786344816938,
              29.83612929076319
            ],
            [
              52.42795031777015,
              29.8361297483185
            ]
          ]
        ]
      },
      "properties": {
        "name": "198.1",
        "area_m2": 76.02,
        "centroid": [
          52.427891,
          29.836179
        ]
      }
    },
    {
      "type": "Feature",
      "geometry": {
        "type": "Polygon",
        "coordinates": [
          [
            [
              52.42758545160098,
              29.83502801744992
            ],
            [
              52.42767902199771,
              29.83514457558589
            ],
            [
              52.42768288460033,
              29.8351493875224
            ],
            [
              52.42767722284089,
              29.83514636723362
            ],
            [
              52.42746705511416,
              29.83503426732498
            ],
            [
              52.42754988969482,
              29.8349837197281
            ],
            [
              52.42758545160098,
              29.83502801744992
            ]
          ]
        ]
      },
      "properties": {
        "name": "164.1",
        "area_m2": 126.68,
        "centroid": [
          52.427567,
          29.835056
        ]
      }
    },
    {
      "type": "Feature",
      "geometry": {
        "type": "Polygon",
        "coordinates": [
          [
            [
              52.42991718283211,
              29.83145270609285
            ],
            [
              52.42997846852916,
              29.83164836582994
            ],
            [
              52.42995283687156,
              29.83165609126786
            ],
            [
              52.42992753618256,
              29.83166460176375
            ],
            [
              52.42990259842377,
              29.83167388885067
            ],
            [
              52.42980563427895,
              29.83149998637596
            ],
            [
              52.42991718283211,
              29.83145270609285
            ]
          ]
        ]
      },
      "properties": {
        "name": "184",
        "area_m2": 249.71,
        "centroid": [
          52.429898,
          29.831562
        ]
      }
    },
    {
      "type": "Feature",
      "geometry": {
        "type": "Polygon",
        "coordinates": [
          [
            [
              52.42982014680501,
              29.83171152121307
            ],
            [
              52.42972197409616,
              29.83153544719117
            ],
            [
              52.42980563427895,
              29.83149998637596
            ],
            [
              52.42990259842377,
              29.83167388885067
            ],
            [
              52.42988150161798,
              29.83168247383571
            ],
            [
              52.42986071589673,
              29.83169161038938
            ],
            [
              52.42984025676845,
              29.83170129744161
            ],
            [
              52.42982014680501,
              29.83171152121307
            ]
          ]
        ]
      },
      "properties": {
        "name": "20",
        "area_m2": 223.4,
        "centroid": [
          52.429812,
          29.831605
        ]
      }
    },
    {
      "type": "Feature",
      "geometry": {
        "type": "Polygon",
        "coordinates": [
          [
            [
              52.42974272283842,
              29.83175816853033
            ],
            [
              52.42963831178296,
              29.83157090797754
            ],
            [
              52.42972197409616,
              29.83153544719117
            ],
            [
              52.42982014680501,
              29.83171152121307
            ],
            [
              52.42980018274142,
              29.83172239759942
            ],
            [
              52.42978061020336,
              29.83173380573495
            ],
            [
              52.42976145176284,
              29.83174573184042
            ],
            [
              52.42974272283842,
              29.83175816853033
            ]
          ]
        ]
      },
      "properties": {
        "name": "128",
        "area_m2": 231.93,
        "centroid": [
          52.42973,
          29.831644
        ]
      }
    },
    {
      "type": "Feature",
      "geometry": {
        "type": "Polygon",
        "coordinates": [
          [
            [
              52.42970999303246,
              29.83178191513028
            ],
            [
              52.4296960785784,
              29.83179151777873
            ],
            [
              52.42968244157824,
              29.83180141790196
            ],
            [
              52.42966908606822,
              29.83181160823765
            ],
            [
              52.42955465147841,
              29.83160636869027
            ],
            [
              52.42963831178296,
              29.83157090797754
            ],
            [
              52.42974272283842,
              29.83175816853033
            ],
            [
              52.42972616776679,
              29.83176984176549
            ],
            [
              52.42970999303246,
              29.83178191513028
            ]
          ]
        ]
      },
      "properties": {
        "name": "115",
        "area_m2": 251.3,
        "centroid": [
          52.429651,
          29.831687
        ]
      }
    },
    {
      "type": "Feature",
      "geometry": {
        "type": "Polygon",
        "coordinates": [
          [
            [
              52.42961944975414,
              29.83185440397376
            ],
            [
              52.42961061504034,
              29.83186308538059
            ],
            [
              52.42960153434123,
              29.83187157183673
            ],
            [
              52.42959221381403,
              29.83187985966615
            ],
            [
              52.42946169353284,
              29.83164576763884
            ],
            [
              52.42955465147841,
              29.83160636869027
            ],
            [
              52.42966908606822,
              29.83181160823765
            ],
            [
              52.42965201057019,
              29.83182540038035
            ],
            [
              52.42963545936269,
              29.83183967230528
            ],
            [
              52.42961944975414,
              29.83185440397376
            ]
          ]
        ]
      },
      "properties": {
        "name": "113",
        "area_m2": 311.95,
        "centroid": [
          52.429568,
          29.831736
        ]
      }
    },
    {
      "type": "Feature",
      "geometry": {
        "type": "Polygon",
        "coordinates": [
          [
            [
              52.42959221381403,
              29.83187985966615
            ],
            [
              52.42957944426037,
              29.83189057332483
            ],
            [
              52.42956627198338,
              29.83190091416281
            ],
            [
              52.42955271440711,
              29.8319108702609
            ],
            [
              52.4295387868476,
              29.83192042701578
            ],
            [
              52.42952450160649,
              29.83192957617309
            ],
            [
              52.42950987925079,
              29.83193830848669
            ],
            [
              52.42950654124203,
              29.83193232239085
            ],
            [
              52.42936910194686,
              29.83168582577926
            ],
            [
              52.42936873553781,
              29.83168516832858
            ],
            [
              52.42936879520744,
              29.83168514331958
            ],
            [
              52.42946169353284,
              29.83164576763884
            ],
            [
              52.42959221381403,
              29.83187985966615
            ]
          ]
        ]
      },
      "properties": {
        "name": "112",
        "area_m2": 348.91,
        "centroid": [
          52.429483,
          29.831788
        ]
      }
    },
    {
      "type": "Feature",
      "geometry": {
        "type": "Polygon",
        "coordinates": [
          [
            [
              52.42936910194686,
              29.83168582577926
            ],
            [
              52.42950654124203,
              29.83193232239085
            ],
            [
              52.42950987925079,
              29.83193830848669
            ],
            [
              52.42950901879452,
              29.83193878701737
            ],
            [
              52.42949532336169,
              29.83194640302645
            ],
            [
              52.42948047696143,
              29.83195408292498
            ],
            [
              52.42946535339933,
              29.83196134081899
            ],
            [
              52.42944997016384,
              29.83196816930036
            ],
            [
              52.4294343406043,
              29.83197456100578
            ],
            [
              52.42941848326966,
              29.83198051032037
            ],
            [
              52.42927577953716,
              29.83172456893264
            ],
            [
              52.42936863164297,
              29.83168521276535
            ],
            [
              52.42936873553781,
              29.83168516832858
            ],
            [
              52.42936910194686,
              29.83168582577926
            ]
          ]
        ]
      },
      "properties": {
        "name": "90",
        "area_m2": 364.32,
        "centroid": [
          52.429393,
          29.831833
        ]
      }
    },
    {
      "type": "Feature",
      "geometry": {
        "type": "Polygon",
        "coordinates": [
          [
            [
              52.42931821594207,
              29.83200680146885
            ],
            [
              52.42918282347419,
              29.83176397037566
            ],
            [
              52.42927577953716,
              29.83172456893264
            ],
            [
              52.42941848326966,
              29.83198051032037
            ],
            [
              52.42940221475473,
              29.8319860742718
            ],
            [
              52.42938574297833,
              29.83199117300838
            ],
            [
              52.42936909060281,
              29.83199579906597
            ],
            [
              52.4293522710547,
              29.83199995049456
            ],
            [
              52.42933530800545,
              29.83200361801446
            ],
            [
              52.42931821594207,
              29.83200680146885
            ]
          ]
        ]
      },
      "properties": {
        "name": "89",
        "area_m2": 357.05,
        "centroid": [
          52.4293,
          29.831869
        ]
      }
    },
    {
      "type": "Feature",
      "geometry": {
        "type": "Polygon",
        "coordinates": [
          [
            [
              52.42908986624995,
              29.8318033681578
            ],
            [
              52.42918282347419,
              29.83176397037566
            ],
            [
              52.42931821594207,
              29.83200680146885
            ],
            [
              52.42930005287624,
              29.83200963196562
            ],
            [
              52.4292817867759,
              29.8320119131468
            ],
            [
              52.42926344142818,
              29.83201364385258
            ],
            [
              52.42924504060741,
              29.83201482202094
            ],
            [
              52.42922660087019,
              29.83201544747271
            ],
            [
              52.42920815112615,
              29.83201551538329
            ],
            [
              52.42908986624995,
              29.8318033681578
            ]
          ]
        ]
      },
      "properties": {
        "name": "88",
        "area_m2": 326.19,
        "centroid": [
          52.429201,
          29.831898
        ]
      }
    },
    {
      "type": "Feature",
      "geometry": {
        "type": "Polygon",
        "coordinates": [
          [
            [
              52.42899690796715,
              29.83184276949669
            ],
            [
              52.42908986624995,
              29.8318033681578
            ],
            [
              52.42920815112615,
              29.83201551538329
            ],
            [
              52.42918971929226,
              29.83201575093295
            ],
            [
              52.42917130488215,
              29.83201648348154
            ],
            [
              52.4291529266113,
              29.83201771914293
            ],
            [
              52.429134600933,
              29.83201945052036
            ],
            [
              52.4291163465242,
              29.83202168102112
            ],
            [
              52.42909818195912,
              29.83202440683495
            ],
            [
              52.42899690796715,
              29.83184276949669
            ]
          ]
        ]
      },
      "properties": {
        "name": "87",
        "area_m2": 278.41,
        "centroid": [
          52.429099,
          29.831921
        ]
      }
    },
    {
      "type": "Feature",
      "geometry": {
        "type": "Polygon",
        "coordinates": [
          [
            [
              52.42890395061829,
              29.83188216895673
            ],
            [
              52.42899690796715,
              29.83184276949669
            ],
            [
              52.42909818195912,
              29.83202440683495
            ],
            [
              52.42907749390633,
              29.83202798198425
            ],
            [
              52.42905694631559,
              29.83203211867146
            ],
            [
              52.42903655566586,
              29.83203681130433
            ],
            [
              52.42901634260085,
              29.83204205605017
            ],
            [
              52.42899632672954,
              29.83204784908757
            ],
            [
              52.42890395061829,
              29.83188216895673
            ]
          ]
        ]
      },
      "properties": {
        "name": "86",
        "area_m2": 245.82,
        "centroid": [
          52.428999,
          29.831949
        ]
      }
    },
    {
      "type": "Feature",
      "geometry": {
        "type": "Polygon",
        "coordinates": [
          [
            [
              52.42880865818753,
              29.83212350511863
            ],
            [
              52.42871827892243,
              29.83196140539844
            ],
            [
              52.42881099320712,
              29.83192156925569
            ],
            [
              52.42890137256768,
              29.8320836680074
            ],
            [
              52.42880865818753,
              29.83212350511863
            ]
          ]
        ]
      },
      "properties": {
        "name": "78",
        "area_m2": 230.86,
        "centroid": [
          52.42881,
          29.832023
        ]
      }
    },
    {
      "type": "Feature",
      "geometry": {
        "type": "Polygon",
        "coordinates": [
          [
            [
              52.42853051456698,
              29.83224301427048
            ],
            [
              52.42844013457918,
              29.83208091346045
            ],
            [
              52.42853285012586,
              29.83204107749521
            ],
            [
              52.42862322917434,
              29.83220317734796
            ],
            [
              52.42853051456698,
              29.83224301427048
            ]
          ]
        ]
      },
      "properties": {
        "name": "49",
        "area_m2": 230.86,
        "centroid": [
          52.428532,
          29.832142
        ]
      }
    },
    {
      "type": "Feature",
      "geometry": {
        "type": "Polygon",
        "coordinates": [
          [
            [
              52.42843780090581,
              29.83228285021669
            ],
            [
              52.42834742102633,
              29.83212074934036
            ],
            [
              52.42844013457918,
              29.83208091346045
            ],
            [
              52.42853051456698,
              29.83224301427048
            ],
            [
              52.42843780090581,
              29.83228285021669
            ]
          ]
        ]
      },
      "properties": {
        "name": "48",
        "area_m2": 230.86,
        "centroid": [
          52.428439,
          29.832182
        ]
      }
    },
    {
      "type": "Feature",
      "geometry": {
        "type": "Polygon",
        "coordinates": [
          [
            [
              52.42843780090581,
              29.83228285021669
            ],
            [
              52.42839822383962,
              29.83229985517274
            ],
            [
              52.42834508613414,
              29.83232268611119
            ],
            [
              52.4283445529828,
              29.83232172907889
            ],
            [
              52.42825470534104,
              29.83216058608198
            ],
            [
              52.42834742102633,
              29.83212074934036
            ],
            [
              52.42843780090581,
              29.83228285021669
            ]
          ]
        ]
      },
      "properties": {
        "name": "47",
        "area_m2": 230.86,
        "centroid": [
          52.428346,
          29.832222
        ]
      }
    },
    {
      "type": "Feature",
      "geometry": {
        "type": "Polygon",
        "coordinates": [
          [
            [
              52.4283445529828,
              29.83232172907889
            ],
            [
              52.42834508613414,
              29.83232268611119
            ],
            [
              52.4283441922431,
              29.83232307025018
            ],
            [
              52.42825237025196,
              29.83236252195398
            ],
            [
              52.4281619905891,
              29.8322004209451
            ],
            [
              52.42825470534104,
              29.83216058608198
            ],
            [
              52.4283445529828,
              29.83232172907889
            ]
          ]
        ]
      },
      "properties": {
        "name": "46",
        "area_m2": 230.86,
        "centroid": [
          52.428254,
          29.832262
        ]
      }
    },
    {
      "type": "Feature",
      "geometry": {
        "type": "Polygon",
        "coordinates": [
          [
            [
              52.42815965530316,
              29.83240235591825
            ],
            [
              52.42806927682187,
              29.83224025753853
            ],
            [
              52.4281619905891,
              29.8322004209451
            ],
            [
              52.42825237025196,
              29.83236252195398
            ],
            [
              52.42815965530316,
              29.83240235591825
            ]
          ]
        ]
      },
      "properties": {
        "name": "45",
        "area_m2": 230.86,
        "centroid": [
          52.428161,
          29.832301
        ]
      }
    },
    {
      "type": "Feature",
      "geometry": {
        "type": "Polygon",
        "coordinates": [
          [
            [
              52.42815965530316,
              29.83240235591825
            ],
            [
              52.42806694032993,
              29.83244219342844
            ],
            [
              52.42797655984894,
              29.83228009229822
            ],
            [
              52.42806927682187,
              29.83224025753853
            ],
            [
              52.42815965530316,
              29.83240235591825
            ]
          ]
        ]
      },
      "properties": {
        "name": "44",
        "area_m2": 230.86,
        "centroid": [
          52.428068,
          29.832341
        ]
      }
    },
    {
      "type": "Feature",
      "geometry": {
        "type": "Polygon",
        "coordinates": [
          [
            [
              52.42797422422056,
              29.83248202908251
            ],
            [
              52.42788384488264,
              29.83231992787482
            ],
            [
              52.42797655984894,
              29.83228009229822
            ],
            [
              52.42806694032993,
              29.83244219342844
            ],
            [
              52.42797422422056,
              29.83248202908251
            ]
          ]
        ]
      },
      "properties": {
        "name": "43",
        "area_m2": 230.86,
        "centroid": [
          52.427975,
          29.832381
        ]
      }
    },
    {
      "type": "Feature",
      "geometry": {
        "type": "Polygon",
        "coordinates": [
          [
            [
              52.42788150907021,
              29.83252186466249
            ],
            [
              52.42779113193581,
              29.83235976517054
            ],
            [
              52.42788384488264,
              29.83231992787482
            ],
            [
              52.42797422422056,
              29.83248202908251
            ],
            [
              52.42788150907021,
              29.83252186466249
            ]
          ]
        ]
      },
      "properties": {
        "name": "33",
        "area_m2": 230.86,
        "centroid": [
          52.427883,
          29.832421
        ]
      }
    },
    {
      "type": "Feature",
      "geometry": {
        "type": "Polygon",
        "coordinates": [
          [
            [
              52.4277887948789,
              29.83256170016836
            ],
            [
              52.42769841680521,
              29.83239959971914
            ],
            [
              52.42779113193581,
              29.83235976517054
            ],
            [
              52.42788150907021,
              29.83252186466249
            ],
            [
              52.4277887948789,
              29.83256170016836
            ]
          ]
        ]
      },
      "properties": {
        "name": "32",
        "area_m2": 230.86,
        "centroid": [
          52.42779,
          29.832461
        ]
      }
    },
    {
      "type": "Feature",
      "geometry": {
        "type": "Polygon",
        "coordinates": [
          [
            [
              52.42769607956425,
              29.83260153472032
            ],
            [
              52.42760570161171,
              29.83243943510701
            ],
            [
              52.42769841680521,
              29.83239959971914
            ],
            [
              52.4277887948789,
              29.83256170016836
            ],
            [
              52.42769607956425,
              29.83260153472032
            ]
          ]
        ]
      },
      "properties": {
        "name": "31",
        "area_m2": 230.86,
        "centroid": [
          52.427697,
          29.832501
        ]
      }
    },
    {
      "type": "Feature",
      "geometry": {
        "type": "Polygon",
        "coordinates": [
          [
            [
              52.42769607956425,
              29.83260153472032
            ],
            [
              52.42766101717446,
              29.832616394517
            ],
            [
              52.42761820736391,
              29.83263453775299
            ],
            [
              52.4276031199276,
              29.8326409324092
            ],
            [
              52.4275127431318,
              29.83247883362044
            ],
            [
              52.42760570161171,
              29.83243943510701
            ],
            [
              52.42769607956425,
              29.83260153472032
            ]
          ]
        ]
      },
      "properties": {
        "name": "30",
        "area_m2": 230.86,
        "centroid": [
          52.427604,
          29.83254
        ]
      }
    },
    {
      "type": "Feature",
      "geometry": {
        "type": "Polygon",
        "coordinates": [
          [
            [
              52.4276031199276,
              29.8326409324092
            ],
            [
              52.4275621124666,
              29.83265831351813
            ],
            [
              52.42752875156384,
              29.832672451965
            ],
            [
              52.42752299956742,
              29.83267071757495
            ],
            [
              52.42750112348416,
              29.83266412149593
            ],
            [
              52.4275009896644,
              29.8326638811148
            ],
            [
              52.42742524973212,
              29.83252803559656
            ],
            [
              52.42741978253284,
              29.83251823389737
            ],
            [
              52.42742074851734,
              29.83251782462213
            ],
            [
              52.4275127431318,
              29.83247883362044
            ],
            [
              52.4276031199276,
              29.8326409324092
            ]
          ]
        ]
      },
      "properties": {
        "name": "29",
        "area_m2": 228.55,
        "centroid": [
          52.427511,
          29.832579
        ]
      }
    },
    {
      "type": "Feature",
      "geometry": {
        "type": "Polygon",
        "coordinates": [
          [
            [
              52.42938362594632,
              29.83226205889618
            ],
            [
              52.42922240828504,
              29.83235982805744
            ],
            [
              52.42910659768474,
              29.83221466014786
            ],
            [
              52.42912152342177,
              29.83221160393055
            ],
            [
              52.42913655781592,
              29.83220898326895
            ],
            [
              52.42915168328909,
              29.8322067992556
            ],
            [
              52.42916688435845,
              29.83220505476501
            ],
            [
              52.42918214345874,
              29.83220375179193
            ],
            [
              52.42919744303758,
              29.83220289323329
            ],
            [
              52.429212766526,
              29.83220247836601
            ],
            [
              52.42922810047216,
              29.83220250733568
            ],
            [
              52.42924342005461,
              29.83220298131322
            ],
            [
              52.42925871696968,
              29.83220389858382
            ],
            [
              52.42927396845262,
              29.83220525939382
            ],
            [
              52.42928915999113,
              29.83220706209564
            ],
            [
              52.42930427496486,
              29.83220930235742
            ],
            [
              52.42931929478664,
              29.83221198308737
            ],
            [
              52.42933420691097,
              29.83221509539789
            ],
            [
              52.42934898956932,
              29.83221863681757
            ],
            [
              52.42938362594632,
              29.83226205889618
            ]
          ]
        ]
      },
      "properties": {
        "name": "59",
        "area_m2": 307.84,
        "centroid": [
          52.429245,
          29.832263
        ]
      }
    },
    {
      "type": "Feature",
      "geometry": {
        "type": "Polygon",
        "coordinates": [
          [
            [
              52.42914604166596,
              29.8324061414597
            ],
            [
              52.4290163271249,
              29.83224354451115
            ],
            [
              52.42903086190823,
              29.83223759692097
            ],
            [
              52.42904562245651,
              29.83223209625233
            ],
            [
              52.42906059741308,
              29.83222704443275
            ],
            [
              52.42907576208484,
              29.83222245165509
            ],
            [
              52.42909110100175,
              29.83221832169602
            ],
            [
              52.42910659768474,
              29.83221466014786
            ],
            [
              52.42922240828504,
              29.83235982805744
            ],
            [
              52.42914604166596,
              29.8324061414597
            ]
          ]
        ]
      },
      "properties": {
        "name": "60",
        "area_m2": 217.78,
        "centroid": [
          52.429122,
          29.832306
        ]
      }
    },
    {
      "type": "Feature",
      "geometry": {
        "type": "Polygon",
        "coordinates": [
          [
            [
              52.42906967391497,
              29.8324524530266
            ],
            [
              52.42893129564803,
              29.8322789953155
            ],
            [
              52.4290163271249,
              29.83224354451115
            ],
            [
              52.42914604166596,
              29.8324061414597
            ],
            [
              52.42906967391497,
              29.8324524530266
            ]
          ]
        ]
      },
      "properties": {
        "name": "61",
        "area_m2": 235.94,
        "centroid": [
          52.42904,
          29.832346
        ]
      }
    },
    {
      "type": "Feature",
      "geometry": {
        "type": "Polygon",
        "coordinates": [
          [
            [
              52.42899330611819,
              29.83249876635574
            ],
            [
              52.42884626200118,
              29.83231444338266
            ],
            [
              52.42893129564803,
              29.8322789953155
            ],
            [
              52.42906967391497,
              29.8324524530266
            ],
            [
              52.42899330611819,
              29.83249876635574
            ]
          ]
        ]
      },
      "properties": {
        "name": "62",
        "area_m2": 251.2,
        "centroid": [
          52.42896,
          29.832386
        ]
      }
    },
    {
      "type": "Feature",
      "geometry": {
        "type": "Polygon",
        "coordinates": [
          [
            [
              52.42899330611819,
              29.83249876635574
            ],
            [
              52.42891693822428,
              29.83254507783833
            ],
            [
              52.42876122936574,
              29.83234989409228
            ],
            [
              52.42884626200118,
              29.83231444338266
            ],
            [
              52.42899330611819,
              29.83249876635574
            ]
          ]
        ]
      },
      "properties": {
        "name": "63",
        "area_m2": 266.45,
        "centroid": [
          52.428879,
          29.832427
        ]
      }
    },
    {
      "type": "Feature",
      "geometry": {
        "type": "Polygon",
        "coordinates": [
          [
            [
              52.4297256700029,
              29.8326474045709
            ],
            [
              52.42959582668594,
              29.83248464629562
            ],
            [
              52.42966446273276,
              29.83244302186876
            ],
            [
              52.42980975468503,
              29.8325964134626
            ],
            [
              52.4297256700029,
              29.8326474045709
            ]
          ]
        ]
      },
      "properties": {
        "name": "65",
        "area_m2": 228.52,
        "centroid": [
          52.429701,
          29.832546
        ]
      }
    },
    {
      "type": "Feature",
      "geometry": {
        "type": "Polygon",
        "coordinates": [
          [
            [
              52.42959582668594,
              29.83248464629562
            ],
            [
              52.42946539266549,
              29.83232114803672
            ],
            [
              52.42951851342785,
              29.83228893248832
            ],
            [
              52.42966446273276,
              29.83244302186876
            ],
            [
              52.42959582668594,
              29.83248464629562
            ]
          ]
        ]
      },
      "properties": {
        "name": "35",
        "area_m2": 183.02,
        "centroid": [
          52.429564,
          29.832388
        ]
      }
    },
    {
      "type": "Feature",
      "geometry": {
        "type": "Polygon",
        "coordinates": [
          [
            [
              52.4297256700029,
              29.8326474045709
            ],
            [
              52.42965566715177,
              29.83268986044511
            ],
            [
              52.42952582281409,
              29.83252709940465
            ],
            [
              52.42959582668594,
              29.83248464629562
            ],
            [
              52.4297256700029,
              29.8326474045709
            ]
          ]
        ]
      },
      "properties": {
        "name": "36",
        "area_m2": 209.5,
        "centroid": [
          52.429626,
          29.832587
        ]
      }
    },
    {
      "type": "Feature",
      "geometry": {
        "type": "Polygon",
        "coordinates": [
          [
            [
              52.42959582668594,
              29.83248464629562
            ],
            [
              52.42952582281409,
              29.83252709940465
            ],
            [
              52.42939538884649,
              29.83236360107568
            ],
            [
              52.42946539266549,
              29.83232114803672
            ],
            [
              52.42959582668594,
              29.83248464629562
            ]
          ]
        ]
      },
      "properties": {
        "name": "55",
        "area_m2": 210.45,
        "centroid": [
          52.429496,
          29.832424
        ]
      }
    },
    {
      "type": "Feature",
      "geometry": {
        "type": "Polygon",
        "coordinates": [
          [
            [
              52.42958566418919,
              29.83273231267509
            ],
            [
              52.42945581888219,
              29.83256955247827
            ],
            [
              52.42952582281409,
              29.83252709940465
            ],
            [
              52.42965566715177,
              29.83268986044511
            ],
            [
              52.42958566418919,
              29.83273231267509
            ]
          ]
        ]
      },
      "properties": {
        "name": "37",
        "area_m2": 209.5,
        "centroid": [
          52.429556,
          29.83263
        ]
      }
    },
    {
      "type": "Feature",
      "geometry": {
        "type": "Polygon",
        "coordinates": [
          [
            [
              52.42952582281409,
              29.83252709940465
            ],
            [
              52.42945581888219,
              29.83256955247827
            ],
            [
              52.4293263733998,
              29.83240729492928
            ],
            [
              52.42932538498027,
              29.83240605498142
            ],
            [
              52.42939269540562,
              29.83236523458894
            ],
            [
              52.42939538884649,
              29.83236360107568
            ],
            [
              52.42952582281409,
              29.83252709940465
            ]
          ]
        ]
      },
      "properties": {
        "name": "54",
        "area_m2": 210.45,
        "centroid": [
          52.429426,
          29.832467
        ]
      }
    },
    {
      "type": "Feature",
      "geometry": {
        "type": "Polygon",
        "coordinates": [
          [
            [
              52.42951566221419,
              29.83277476576065
            ],
            [
              52.42938581595071,
              29.83261200730967
            ],
            [
              52.42945581888219,
              29.83256955247827
            ],
            [
              52.42958566418919,
              29.83273231267509
            ],
            [
              52.42951566221419,
              29.83277476576065
            ]
          ]
        ]
      },
      "properties": {
        "name": "38",
        "area_m2": 209.5,
        "centroid": [
          52.429486,
          29.832672
        ]
      }
    },
    {
      "type": "Feature",
      "geometry": {
        "type": "Polygon",
        "coordinates": [
          [
            [
              52.4293263733998,
              29.83240729492928
            ],
            [
              52.42945581888219,
              29.83256955247827
            ],
            [
              52.42938581595071,
              29.83261200730967
            ],
            [
              52.42925538208879,
              29.83244850884053
            ],
            [
              52.42932248940786,
              29.83240781159452
            ],
            [
              52.42932538498027,
              29.83240605498142
            ],
            [
              52.4293263733998,
              29.83240729492928
            ]
          ]
        ]
      },
      "properties": {
        "name": "53",
        "area_m2": 210.45,
        "centroid": [
          52.429356,
          29.832509
        ]
      }
    },
    {
      "type": "Feature",
      "geometry": {
        "type": "Polygon",
        "coordinates": [
          [
            [
              52.42944565604002,
              29.83281721885558
            ],
            [
              52.42931581293349,
              29.83265446030124
            ],
            [
              52.42938581595071,
              29.83261200730967
            ],
            [
              52.42951566221419,
              29.83277476576065
            ],
            [
              52.42944565604002,
              29.83281721885558
            ]
          ]
        ]
      },
      "properties": {
        "name": "39",
        "area_m2": 209.5,
        "centroid": [
          52.429416,
          29.832715
        ]
      }
    },
    {
      "type": "Feature",
      "geometry": {
        "type": "Polygon",
        "coordinates": [
          [
            [
              52.42931581293349,
              29.83265446030124
            ],
            [
              52.42918537911157,
              29.83249096085981
            ],
            [
              52.42925538208879,
              29.83244850884053
            ],
            [
              52.42938581595071,
              29.83261200730967
            ],
            [
              52.42931581293349,
              29.83265446030124
            ]
          ]
        ]
      },
      "properties": {
        "name": "52",
        "area_m2": 210.45,
        "centroid": [
          52.429286,
          29.832551
        ]
      }
    },
    {
      "type": "Feature",
      "geometry": {
        "type": "Polygon",
        "coordinates": [
          [
            [
              52.42937565395776,
              29.83285967277249
            ],
            [
              52.42924580778666,
              29.83269691327978
            ],
            [
              52.42931581293349,
              29.83265446030124
            ],
            [
              52.42944565604002,
              29.83281721885558
            ],
            [
              52.42937565395776,
              29.83285967277249
            ]
          ]
        ]
      },
      "properties": {
        "name": "40",
        "area_m2": 209.5,
        "centroid": [
          52.429346,
          29.832757
        ]
      }
    },
    {
      "type": "Feature",
      "geometry": {
        "type": "Polygon",
        "coordinates": [
          [
            [
              52.42931581293349,
              29.83265446030124
            ],
            [
              52.42924580778666,
              29.83269691327978
            ],
            [
              52.42911687557923,
              29.83253529514377
            ],
            [
              52.42911537506522,
              29.83253341465928
            ],
            [
              52.42918226291994,
              29.8324928506968
            ],
            [
              52.42918537911157,
              29.83249096085981
            ],
            [
              52.42931581293349,
              29.83265446030124
            ]
          ]
        ]
      },
      "properties": {
        "name": "51",
        "area_m2": 210.46,
        "centroid": [
          52.429216,
          29.832594
        ]
      }
    },
    {
      "type": "Feature",
      "geometry": {
        "type": "Polygon",
        "coordinates": [
          [
            [
              52.42930565075499,
              29.83290212486078
            ],
            [
              52.42917580464934,
              29.83273936620051
            ],
            [
              52.42924580778666,
              29.83269691327978
            ],
            [
              52.42937565395776,
              29.83285967277249
            ],
            [
              52.42930565075499,
              29.83290212486078
            ]
          ]
        ]
      },
      "properties": {
        "name": "41",
        "area_m2": 209.5,
        "centroid": [
          52.429276,
          29.8328
        ]
      }
    },
    {
      "type": "Feature",
      "geometry": {
        "type": "Polygon",
        "coordinates": [
          [
            [
              52.42911687557923,
              29.83253529514377
            ],
            [
              52.42924580778666,
              29.83269691327978
            ],
            [
              52.42917580464934,
              29.83273936620051
            ],
            [
              52.42904665858224,
              29.83257747960745
            ],
            [
              52.42904537198075,
              29.83257586750995
            ],
            [
              52.42911537506522,
              29.83253341465928
            ],
            [
              52.42911687557923,
              29.83253529514377
            ]
          ]
        ]
      },
      "properties": {
        "name": "50",
        "area_m2": 210.45,
        "centroid": [
          52.429146,
          29.832636
        ]
      }
    },
    {
      "type": "Feature",
      "geometry": {
        "type": "Polygon",
        "coordinates": [
          [
            [
              52.429235647505,
              29.83294457781586
            ],
            [
              52.42910580353436,
              29.83278181996561
            ],
            [
              52.42917580464934,
              29.83273936620051
            ],
            [
              52.42930565075499,
              29.83290212486078
            ],
            [
              52.429235647505,
              29.83294457781586
            ]
          ]
        ]
      },
      "properties": {
        "name": "42",
        "area_m2": 209.5,
        "centroid": [
          52.429206,
          29.832842
        ]
      }
    },
    {
      "type": "Feature",
      "geometry": {
        "type": "Polygon",
        "coordinates": [
          [
            [
              52.42904665858224,
              29.83257747960745
            ],
            [
              52.42917580464934,
              29.83273936620051
            ],
            [
              52.42910580353436,
              29.83278181996561
            ],
            [
              52.42897536883623,
              29.83261832032517
            ],
            [
              52.4290425943959,
              29.83257755245781
            ],
            [
              52.42904537198075,
              29.83257586750995
            ],
            [
              52.42904665858224,
              29.83257747960745
            ]
          ]
        ]
      },
      "properties": {
        "name": "49.1",
        "area_m2": 210.45,
        "centroid": [
          52.429076,
          29.832679
        ]
      }
    },
    {
      "type": "Feature",
      "geometry": {
        "type": "Polygon",
        "coordinates": [
          [
            [
              52.429235647505,
              29.83294457781586
            ],
            [
              52.42916352019464,
              29.83298831789973
            ],
            [
              52.42903367834776,
              29.83282555995522
            ],
            [
              52.42910580353436,
              29.83278181996561
            ],
            [
              52.429235647505,
              29.83294457781586
            ]
          ]
        ]
      },
      "properties": {
        "name": "10.1",
        "area_m2": 215.85,
        "centroid": [
          52.429135,
          29.832885
        ]
      }
    },
    {
      "type": "Feature",
      "geometry": {
        "type": "Polygon",
        "coordinates": [
          [
            [
              52.42897536883623,
              29.83261832032517
            ],
            [
              52.42910580353436,
              29.83278181996561
            ],
            [
              52.42903367834776,
              29.83282555995522
            ],
            [
              52.42890324472601,
              29.83266205932917
            ],
            [
              52.42897536883623,
              29.83261832032517
            ]
          ]
        ]
      },
      "properties": {
        "name": "15.1",
        "area_m2": 216.83,
        "centroid": [
          52.429005,
          29.832722
        ]
      }
    },
    {
      "type": "Feature",
      "geometry": {
        "type": "Polygon",
        "coordinates": [
          [
            [
              52.42896155204979,
              29.83286929901621
            ],
            [
              52.42903367834776,
              29.83282555995522
            ],
            [
              52.42916352019464,
              29.83298831789973
            ],
            [
              52.42909157550879,
              29.83303195039528
            ],
            [
              52.42909121687519,
              29.83303162131206
            ],
            [
              52.42909087466965,
              29.83303128302766
            ],
            [
              52.42909054264496,
              29.83303093290268
            ],
            [
              52.42909022398253,
              29.8330305763167
            ],
            [
              52.42908992172247,
              29.83303020872515
            ],
            [
              52.42907664143464,
              29.83301356256453
            ],
            [
              52.42896155204979,
              29.83286929901621
            ]
          ]
        ]
      },
      "properties": {
        "name": "8.1",
        "area_m2": 215.85,
        "centroid": [
          52.429063,
          29.832929
        ]
      }
    },
    {
      "type": "Feature",
      "geometry": {
        "type": "Polygon",
        "coordinates": [
          [
            [
              52.42903367834776,
              29.83282555995522
            ],
            [
              52.42896155204979,
              29.83286929901621
            ],
            [
              52.42884587392857,
              29.8327242945881
            ],
            [
              52.42883374966076,
              29.83270909678427
            ],
            [
              52.42883111849534,
              29.83270579922015
            ],
            [
              52.42890010902978,
              29.83266396110112
            ],
            [
              52.42890324472601,
              29.83266205932917
            ],
            [
              52.42903367834776,
              29.83282555995522
            ]
          ]
        ]
      },
      "properties": {
        "name": "14.1",
        "area_m2": 216.83,
        "centroid": [
          52.428932,
          29.832766
        ]
      }
    },
    {
      "type": "Feature",
      "geometry": {
        "type": "Polygon",
        "coordinates": [
          [
            [
              52.42896155204979,
              29.83286929901621
            ],
            [
              52.42907664143464,
              29.83301356256453
            ],
            [
              52.42900875891919,
              29.83305472917724
            ],
            [
              52.42896633140008,
              29.83308045740085
            ],
            [
              52.42885124519305,
              29.83293619372155
            ],
            [
              52.42896155204979,
              29.83286929901621
            ]
          ]
        ]
      },
      "properties": {
        "name": "22.1",
        "area_m2": 292.61,
        "centroid": [
          52.428964,
          29.832975
        ]
      }
    },
    {
      "type": "Feature",
      "geometry": {
        "type": "Polygon",
        "coordinates": [
          [
            [
              52.42896155204979,
              29.83286929901621
            ],
            [
              52.42885124519305,
              29.83293619372155
            ],
            [
              52.42873831640101,
              29.83279463978434
            ],
            [
              52.42873556508899,
              29.83279119012008
            ],
            [
              52.42877799150379,
              29.83276546108058
            ],
            [
              52.42884316815425,
              29.83272593544264
            ],
            [
              52.42884587392857,
              29.8327242945881
            ],
            [
              52.42896155204979,
              29.83286929901621
            ]
          ]
        ]
      },
      "properties": {
        "name": "23.1",
        "area_m2": 294.11,
        "centroid": [
          52.428849,
          29.83283
        ]
      }
    },
    {
      "type": "Feature",
      "geometry": {
        "type": "Polygon",
        "coordinates": [
          [
            [
              52.42993485662036,
              29.83286084268767
            ],
            [
              52.42981032359968,
              29.83270474417402
            ],
            [
              52.4298746296558,
              29.83266574450276
            ],
            [
              52.43001397617604,
              29.83281286127572
            ],
            [
              52.42993485662036,
              29.83286084268767
            ]
          ]
        ]
      },
      "properties": {
        "name": "21",
        "area_m2": 205.84,
        "centroid": [
          52.429911,
          29.832764
        ]
      }
    },
    {
      "type": "Feature",
      "geometry": {
        "type": "Polygon",
        "coordinates": [
          [
            [
              52.42988479444762,
              29.83289120436635
            ],
            [
              52.429861035675,
              29.83290561300648
            ],
            [
              52.4297365037166,
              29.83274951260666
            ],
            [
              52.42981032359968,
              29.83270474417402
            ],
            [
              52.42993485662036,
              29.83286084268767
            ],
            [
              52.42988479444762,
              29.83289120436635
            ]
          ]
        ]
      },
      "properties": {
        "name": "22",
        "area_m2": 211.89,
        "centroid": [
          52.429836,
          29.832805
        ]
      }
    },
    {
      "type": "Feature",
      "geometry": {
        "type": "Polygon",
        "coordinates": [
          [
            [
              52.42979145849306,
              29.83294780808054
            ],
            [
              52.42978721358953,
              29.8329503805905
            ],
            [
              52.42966268067525,
              29.83279428193573
            ],
            [
              52.4297365037166,
              29.83274951260666
            ],
            [
              52.429861035675,
              29.83290561300648
            ],
            [
              52.42979145849306,
              29.83294780808054
            ]
          ]
        ]
      },
      "properties": {
        "name": "23",
        "area_m2": 211.89,
        "centroid": [
          52.429762,
          29.83285
        ]
      }
    },
    {
      "type": "Feature",
      "geometry": {
        "type": "Polygon",
        "coordinates": [
          [
            [
              52.42971339249776,
              29.83299514992833
            ],
            [
              52.42958885962385,
              29.8328390503008
            ],
            [
              52.42966268067525,
              29.83279428193573
            ],
            [
              52.42978721358953,
              29.8329503805905
            ],
            [
              52.42971339249776,
              29.83299514992833
            ]
          ]
        ]
      },
      "properties": {
        "name": "24",
        "area_m2": 211.89,
        "centroid": [
          52.429688,
          29.832895
        ]
      }
    },
    {
      "type": "Feature",
      "geometry": {
        "type": "Polygon",
        "coordinates": [
          [
            [
              52.42969811934028,
              29.83300441266756
            ],
            [
              52.42963957030443,
              29.83303991923798
            ],
            [
              52.42951503644894,
              29.83288381955109
            ],
            [
              52.42958885962385,
              29.8328390503008
            ],
            [
              52.42971339249776,
              29.83299514992833
            ],
            [
              52.42969811934028,
              29.83300441266756
            ]
          ]
        ]
      },
      "properties": {
        "name": "25",
        "area_m2": 211.89,
        "centroid": [
          52.429614,
          29.832939
        ]
      }
    },
    {
      "type": "Feature",
      "geometry": {
        "type": "Polygon",
        "coordinates": [
          [
            [
              52.42960478215029,
              29.83306101716921
            ],
            [
              52.42956574805716,
              29.83308468941045
            ],
            [
              52.4294412163116,
              29.83292858872838
            ],
            [
              52.42951503644894,
              29.83288381955109
            ],
            [
              52.42963957030443,
              29.83303991923798
            ],
            [
              52.42960478215029,
              29.83306101716921
            ]
          ]
        ]
      },
      "properties": {
        "name": "26",
        "area_m2": 211.89,
        "centroid": [
          52.42954,
          29.832984
        ]
      }
    },
    {
      "type": "Feature",
      "geometry": {
        "type": "Polygon",
        "coordinates": [
          [
            [
              52.42956574805716,
              29.83308468941045
            ],
            [
              52.42951144176203,
              29.83311762254367
            ],
            [
              52.42949192676504,
              29.8331294586301
            ],
            [
              52.42936941510832,
              29.83297589054272
            ],
            [
              52.42936739402506,
              29.83297335698647
            ],
            [
              52.42936880693175,
              29.83297249981067
            ],
            [
              52.4294412163116,
              29.83292858872838
            ],
            [
              52.42956574805716,
              29.83308468941045
            ]
          ]
        ]
      },
      "properties": {
        "name": "27",
        "area_m2": 211.89,
        "centroid": [
          52.429467,
          29.833029
        ]
      }
    },
    {
      "type": "Feature",
      "geometry": {
        "type": "Polygon",
        "coordinates": [
          [
            [
              52.42941810538045,
              29.83317422600597
            ],
            [
              52.42949192676504,
              29.8331294586301
            ],
            [
              52.42951144176203,
              29.83311762254367
            ],
            [
              52.42964719095251,
              29.83328777749687
            ],
            [
              52.42955385247942,
              29.83334438468761
            ],
            [
              52.42941810538045,
              29.83317422600597
            ]
          ]
        ]
      },
      "properties": {
        "name": "57",
        "area_m2": 292.03,
        "centroid": [
          52.429533,
          29.833231
        ]
      }
    },
    {
      "type": "Feature",
      "geometry": {
        "type": "Polygon",
        "coordinates": [
          [
            [
              52.42936941510832,
              29.83297589054272
            ],
            [
              52.42949192676504,
              29.8331294586301
            ],
            [
              52.42941810538045,
              29.83317422600597
            ],
            [
              52.42929357167174,
              29.83301812520518
            ],
            [
              52.42929457414863,
              29.83301751700635
            ],
            [
              52.42936739402506,
              29.83297335698647
            ],
            [
              52.42936941510832,
              29.83297589054272
            ]
          ]
        ]
      },
      "properties": {
        "name": "28",
        "area_m2": 211.89,
        "centroid": [
          52.429393,
          29.833074
        ]
      }
    },
    {
      "type": "Feature",
      "geometry": {
        "type": "Polygon",
        "coordinates": [
          [
            [
              52.42914134124388,
              29.8331104452384
            ],
            [
              52.42921720457396,
              29.83306443685519
            ],
            [
              52.42934173618374,
              29.83322053955577
            ],
            [
              52.42926536895944,
              29.83326685123661
            ],
            [
              52.42915559093809,
              29.83312924742263
            ],
            [
              52.42914083745608,
              29.83311075207186
            ],
            [
              52.42914134124388,
              29.8331104452384
            ]
          ]
        ]
      },
      "properties": {
        "name": "18.1",
        "area_m2": 219.2,
        "centroid": [
          52.429241,
          29.833166
        ]
      }
    },
    {
      "type": "Feature",
      "geometry": {
        "type": "Polygon",
        "coordinates": [
          [
            [
              52.42934173618374,
              29.83322053955577
            ],
            [
              52.42947748527941,
              29.83339069739238
            ],
            [
              52.42940111800796,
              29.833437010055
            ],
            [
              52.42926536895944,
              29.83326685123661
            ],
            [
              52.42934173618374,
              29.83322053955577
            ]
          ]
        ]
      },
      "properties": {
        "name": "4.1",
        "area_m2": 238.94,
        "centroid": [
          52.429371,
          29.833329
        ]
      }
    },
    {
      "type": "Feature",
      "geometry": {
        "type": "Polygon",
        "coordinates": [
          [
            [
              52.42916354763714,
              29.83332860216531
            ],
            [
              52.42905376864571,
              29.83319099827674
            ],
            [
              52.42909669996204,
              29.83316496228913
            ],
            [
              52.42915559093809,
              29.83312924742263
            ],
            [
              52.42926536895944,
              29.83326685123661
            ],
            [
              52.42916354763714,
              29.83332860216531
            ]
          ]
        ]
      },
      "properties": {
        "name": "2.1",
        "area_m2": 257.63,
        "centroid": [
          52.42916,
          29.833229
        ]
      }
    },
    {
      "type": "Feature",
      "geometry": {
        "type": "Polygon",
        "coordinates": [
          [
            [
              52.43008807462005,
              29.83350003975881
            ],
            [
              52.43022628275852,
              29.83367327962092
            ],
            [
              52.43013278725727,
              29.83372968950195
            ],
            [
              52.42996596752199,
              29.83352058358555
            ],
            [
              52.43005930390421,
              29.83346398064062
            ],
            [
              52.43008807462005,
              29.83350003975881
            ]
          ]
        ]
      },
      "properties": {
        "name": "129",
        "area_m2": 359.05,
        "centroid": [
          52.430096,
          29.833597
        ]
      }
    },
    {
      "type": "Feature",
      "geometry": {
        "type": "Polygon",
        "coordinates": [
          [
            [
              52.43003929369328,
              29.83378609749295
            ],
            [
              52.42987262796723,
              29.83357718920774
            ],
            [
              52.42996596752199,
              29.83352058358555
            ],
            [
              52.43013278725727,
              29.83372968950195
            ],
            [
              52.43003929369328,
              29.83378609749295
            ]
          ]
        ]
      },
      "properties": {
        "name": "137",
        "area_m2": 358.71,
        "centroid": [
          52.430003,
          29.833653
        ]
      }
    },
    {
      "type": "Feature",
      "geometry": {
        "type": "Polygon",
        "coordinates": [
          [
            [
              52.42994579796599,
              29.83384250634538
            ],
            [
              52.42977929037526,
              29.83363379474454
            ],
            [
              52.42987262796723,
              29.83357718920774
            ],
            [
              52.43003929369328,
              29.83378609749295
            ],
            [
              52.42994579796599,
              29.83384250634538
            ]
          ]
        ]
      },
      "properties": {
        "name": "136",
        "area_m2": 358.38,
        "centroid": [
          52.429909,
          29.83371
        ]
      }
    },
    {
      "type": "Feature",
      "geometry": {
        "type": "Polygon",
        "coordinates": [
          [
            [
              52.42987367242328,
              29.83388624680012
            ],
            [
              52.42970716591116,
              29.83367753329149
            ],
            [
              52.42977929037526,
              29.83363379474454
            ],
            [
              52.42994579796599,
              29.83384250634538
            ],
            [
              52.42987367242328,
              29.83388624680012
            ]
          ]
        ]
      },
      "properties": {
        "name": "133",
        "area_m2": 276.79,
        "centroid": [
          52.429826,
          29.83376
        ]
      }
    },
    {
      "type": "Feature",
      "geometry": {
        "type": "Polygon",
        "coordinates": [
          [
            [
              52.42961278137867,
              29.83342508022022
            ],
            [
              52.42977929037526,
              29.83363379474454
            ],
            [
              52.42970716591116,
              29.83367753329149
            ],
            [
              52.42954065702261,
              29.83346882138161
            ],
            [
              52.42961278137867,
              29.83342508022022
            ]
          ]
        ]
      },
      "properties": {
        "name": "132",
        "area_m2": 276.8,
        "centroid": [
          52.42966,
          29.833551
        ]
      }
    },
    {
      "type": "Feature",
      "geometry": {
        "type": "Polygon",
        "coordinates": [
          [
            [
              52.42987367242328,
              29.83388624680012
            ],
            [
              52.42980841339077,
              29.83392582346886
            ],
            [
              52.42980154785163,
              29.83392998720606
            ],
            [
              52.42980106101597,
              29.83392937708019
            ],
            [
              52.42963503935227,
              29.83372127452986
            ],
            [
              52.42970716591116,
              29.83367753329149
            ],
            [
              52.42987367242328,
              29.83388624680012
            ]
          ]
        ]
      },
      "properties": {
        "name": "134",
        "area_m2": 276.8,
        "centroid": [
          52.429754,
          29.833804
        ]
      }
    },
    {
      "type": "Feature",
      "geometry": {
        "type": "Polygon",
        "coordinates": [
          [
            [
              52.42954065702261,
              29.83346882138161
            ],
            [
              52.42970716591116,
              29.83367753329149
            ],
            [
              52.42963503935227,
              29.83372127452986
            ],
            [
              52.42946853257713,
              29.83351256070099
            ],
            [
              52.42954065702261,
              29.83346882138161
            ]
          ]
        ]
      },
      "properties": {
        "name": "131",
        "area_m2": 276.8,
        "centroid": [
          52.429588,
          29.833595
        ]
      }
    },
    {
      "type": "Feature",
      "geometry": {
        "type": "Polygon",
        "coordinates": [
          [
            [
              52.42980106101597,
              29.83392937708019
            ],
            [
              52.42980154785163,
              29.83392998720606
            ],
            [
              52.42972942425101,
              29.8339737275632
            ],
            [
              52.42972890157744,
              29.83397307180563
            ],
            [
              52.42956291373874,
              29.83376501391502
            ],
            [
              52.42963503935227,
              29.83372127452986
            ],
            [
              52.42980106101597,
              29.83392937708019
            ]
          ]
        ]
      },
      "properties": {
        "name": "135",
        "area_m2": 276.8,
        "centroid": [
          52.429682,
          29.833848
        ]
      }
    },
    {
      "type": "Feature",
      "geometry": {
        "type": "Polygon",
        "coordinates": [
          [
            [
              52.42946853257713,
              29.83351256070099
            ],
            [
              52.42963503935227,
              29.83372127452986
            ],
            [
              52.42956291373874,
              29.83376501391502
            ],
            [
              52.4293964059983,
              29.83355630000517
            ],
            [
              52.42946853257713,
              29.83351256070099
            ]
          ]
        ]
      },
      "properties": {
        "name": "130",
        "area_m2": 276.8,
        "centroid": [
          52.429516,
          29.833639
        ]
      }
    },
    {
      "type": "Feature",
      "geometry": {
        "type": "Polygon",
        "coordinates": [
          [
            [
              52.42911904015565,
              29.83336656884032
            ],
            [
              52.42924888600536,
              29.83352932843106
            ],
            [
              52.42913857660042,
              29.83359622521438
            ],
            [
              52.42900873186839,
              29.83343346550252
            ],
            [
              52.42911904015565,
              29.83336656884032
            ]
          ]
        ]
      },
      "properties": {
        "name": "13.1",
        "area_m2": 330.13,
        "centroid": [
          52.429129,
          29.833481
        ]
      }
    },
    {
      "type": "Feature",
      "geometry": {
        "type": "Polygon",
        "coordinates": [
          [
            [
              52.42911904015565,
              29.83336656884032
            ],
            [
              52.42900873186839,
              29.83343346550252
            ],
            [
              52.42889305196038,
              29.83328846116267
            ],
            [
              52.42896093469263,
              29.83324729550628
            ],
            [
              52.42900336018661,
              29.83322156550062
            ],
            [
              52.42911904015565,
              29.83336656884032
            ]
          ]
        ]
      },
      "properties": {
        "name": "20.1",
        "area_m2": 294.11,
        "centroid": [
          52.429006,
          29.833328
        ]
      }
    },
    {
      "type": "Feature",
      "geometry": {
        "type": "Polygon",
        "coordinates": [
          [
            [
              52.42893660825082,
              29.83347720542939
            ],
            [
              52.42900873186839,
              29.83343346550252
            ],
            [
              52.42913857660042,
              29.83359622521438
            ],
            [
              52.42906645084623,
              29.83363996433332
            ],
            [
              52.42893660825082,
              29.83347720542939
            ]
          ]
        ]
      },
      "properties": {
        "name": "7.1",
        "area_m2": 215.85,
        "centroid": [
          52.429038,
          29.833537
        ]
      }
    },
    {
      "type": "Feature",
      "geometry": {
        "type": "Polygon",
        "coordinates": [
          [
            [
              52.42893660825082,
              29.83347720542939
            ],
            [
              52.42880565969684,
              29.83331306242771
            ],
            [
              52.4288776515621,
              29.83326915886974
            ],
            [
              52.42889305196038,
              29.83328846116267
            ],
            [
              52.42900873186839,
              29.83343346550252
            ],
            [
              52.42893660825082,
              29.83347720542939
            ]
          ]
        ]
      },
      "properties": {
        "name": "1.1",
        "area_m2": 217.79,
        "centroid": [
          52.428907,
          29.833373
        ]
      }
    },
    {
      "type": "Feature",
      "geometry": {
        "type": "Polygon",
        "coordinates": [
          [
            [
              52.42899432502829,
              29.83368370341466
            ],
            [
              52.42886447939557,
              29.83352094537463
            ],
            [
              52.42886617757051,
              29.83351991547754
            ],
            [
              52.42893660825082,
              29.83347720542939
            ],
            [
              52.42906645084623,
              29.83363996433332
            ],
            [
              52.42899432502829,
              29.83368370341466
            ]
          ]
        ]
      },
      "properties": {
        "name": "6.1",
        "area_m2": 215.85,
        "centroid": [
          52.428965,
          29.83358
        ]
      }
    },
    {
      "type": "Feature",
      "geometry": {
        "type": "Polygon",
        "coordinates": [
          [
            [
              52.42893660825082,
              29.83347720542939
            ],
            [
              52.42886617757051,
              29.83351991547754
            ],
            [
              52.42873988238667,
              29.83336160532954
            ],
            [
              52.42873535762459,
              29.83335593343578
            ],
            [
              52.42873841213653,
              29.83335407044395
            ],
            [
              52.42880565969684,
              29.83331306242771
            ],
            [
              52.42893660825082,
              29.83347720542939
            ]
          ]
        ]
      },
      "properties": {
        "name": "3.1",
        "area_m2": 212.46,
        "centroid": [
          52.428836,
          29.833417
        ]
      }
    },
    {
      "type": "Feature",
      "geometry": {
        "type": "Polygon",
        "coordinates": [
          [
            [
              52.42899432502829,
              29.83368370341466
            ],
            [
              52.42892389734999,
              29.8337264143649
            ],
            [
              52.42879405277932,
              29.83356365443909
            ],
            [
              52.42886447939557,
              29.83352094537463
            ],
            [
              52.42899432502829,
              29.83368370341466
            ]
          ]
        ]
      },
      "properties": {
        "name": "111",
        "area_m2": 210.77,
        "centroid": [
          52.428894,
          29.833624
        ]
      }
    },
    {
      "type": "Feature",
      "geometry": {
        "type": "Polygon",
        "coordinates": [
          [
            [
              52.42873988238667,
              29.83336160532954
            ],
            [
              52.42886617757051,
              29.83351991547754
            ],
            [
              52.42886447939557,
              29.83352094537463
            ],
            [
              52.42879405277932,
              29.83356365443909
            ],
            [
              52.42866336461117,
              29.83339983783311
            ],
            [
              52.42866610208658,
              29.83339816866644
            ],
            [
              52.42873535762459,
              29.83335593343578
            ],
            [
              52.42873988238667,
              29.83336160532954
            ]
          ]
        ]
      },
      "properties": {
        "name": "91",
        "area_m2": 217.36,
        "centroid": [
          52.428765,
          29.83346
        ]
      }
    },
    {
      "type": "Feature",
      "geometry": {
        "type": "Polygon",
        "coordinates": [
          [
            [
              52.42879405277932,
              29.83356365443909
            ],
            [
              52.42892389734999,
              29.8337264143649
            ],
            [
              52.42885346958524,
              29.83376912347489
            ],
            [
              52.42872362302361,
              29.83360636530568
            ],
            [
              52.42879405277932,
              29.83356365443909
            ]
          ]
        ]
      },
      "properties": {
        "name": "110",
        "area_m2": 210.77,
        "centroid": [
          52.428824,
          29.833666
        ]
      }
    },
    {
      "type": "Feature",
      "geometry": {
        "type": "Polygon",
        "coordinates": [
          [
            [
              52.42879405277932,
              29.83356365443909
            ],
            [
              52.42872362302361,
              29.83360636530568
            ],
            [
              52.4285930644724,
              29.8334427078443
            ],
            [
              52.42866336461117,
              29.83339983783311
            ],
            [
              52.42879405277932,
              29.83356365443909
            ]
          ]
        ]
      },
      "properties": {
        "name": "92",
        "area_m2": 212.04,
        "centroid": [
          52.428694,
          29.833503
        ]
      }
    },
    {
      "type": "Feature",
      "geometry": {
        "type": "Polygon",
        "coordinates": [
          [
            [
              52.42872362302361,
              29.83360636530568
            ],
            [
              52.42885346958524,
              29.83376912347489
            ],
            [
              52.42878303972863,
              29.833811835278
            ],
            [
              52.42865319526383,
              29.8336490752118
            ],
            [
              52.42872362302361,
              29.83360636530568
            ]
          ]
        ]
      },
      "properties": {
        "name": "109",
        "area_m2": 210.77,
        "centroid": [
          52.428753,
          29.833709
        ]
      }
    },
    {
      "type": "Feature",
      "geometry": {
        "type": "Polygon",
        "coordinates": [
          [
            [
              52.42872362302361,
              29.83360636530568
            ],
            [
              52.42865319526383,
              29.8336490752118
            ],
            [
              52.42852276429843,
              29.83348557962415
            ],
            [
              52.4285930644724,
              29.8334427078443
            ],
            [
              52.42872362302361,
              29.83360636530568
            ]
          ]
        ]
      },
      "properties": {
        "name": "93",
        "area_m2": 211.83,
        "centroid": [
          52.428623,
          29.833546
        ]
      }
    },
    {
      "type": "Feature",
      "geometry": {
        "type": "Polygon",
        "coordinates": [
          [
            [
              52.42865319526383,
              29.8336490752118
            ],
            [
              52.42878303972863,
              29.833811835278
            ],
            [
              52.42871261082036,
              29.83385454522966
            ],
            [
              52.42858276538654,
              29.83369178600668
            ],
            [
              52.42865319526383,
              29.8336490752118
            ]
          ]
        ]
      },
      "properties": {
        "name": "108",
        "area_m2": 210.77,
        "centroid": [
          52.428683,
          29.833752
        ]
      }
    },
    {
      "type": "Feature",
      "geometry": {
        "type": "Polygon",
        "coordinates": [
          [
            [
              52.42865319526383,
              29.8336490752118
            ],
            [
              52.42858276538654,
              29.83369178600668
            ],
            [
              52.42845246508552,
              29.83352845045491
            ],
            [
              52.42852276429843,
              29.83348557962415
            ],
            [
              52.42865319526383,
              29.8336490752118
            ]
          ]
        ]
      },
      "properties": {
        "name": "94",
        "area_m2": 211.62,
        "centroid": [
          52.428553,
          29.833589
        ]
      }
    },
    {
      "type": "Feature",
      "geometry": {
        "type": "Polygon",
        "coordinates": [
          [
            [
              52.42858276538654,
              29.83369178600668
            ],
            [
              52.42871261082036,
              29.83385454522966
            ],
            [
              52.42864218390804,
              29.8338972542209
            ],
            [
              52.42851233853999,
              29.83373449582993
            ],
            [
              52.42858276538654,
              29.83369178600668
            ]
          ]
        ]
      },
      "properties": {
        "name": "107",
        "area_m2": 210.77,
        "centroid": [
          52.428612,
          29.833795
        ]
      }
    },
    {
      "type": "Feature",
      "geometry": {
        "type": "Polygon",
        "coordinates": [
          [
            [
              52.42858276538654,
              29.83369178600668
            ],
            [
              52.42851233853999,
              29.83373449582993
            ],
            [
              52.42838940610165,
              29.83358040080382
            ],
            [
              52.4283821258352,
              29.83357127566292
            ],
            [
              52.42838394830105,
              29.83357017945908
            ],
            [
              52.42839061937411,
              29.83356616588187
            ],
            [
              52.42845246508552,
              29.83352845045491
            ],
            [
              52.42858276538654,
              29.83369178600668
            ]
          ]
        ]
      },
      "properties": {
        "name": "95",
        "area_m2": 211.42,
        "centroid": [
          52.428482,
          29.833632
        ]
      }
    },
    {
      "type": "Feature",
      "geometry": {
        "type": "Polygon",
        "coordinates": [
          [
            [
              52.42851233853999,
              29.83373449582993
            ],
            [
              52.42864218390804,
              29.8338972542209
            ],
            [
              52.42857175386908,
              29.83393996591646
            ],
            [
              52.42844190956309,
              29.83377720563968
            ],
            [
              52.42851233853999,
              29.83373449582993
            ]
          ]
        ]
      },
      "properties": {
        "name": "106",
        "area_m2": 210.78,
        "centroid": [
          52.428542,
          29.833837
        ]
      }
    },
    {
      "type": "Feature",
      "geometry": {
        "type": "Polygon",
        "coordinates": [
          [
            [
              52.42838940610165,
              29.83358040080382
            ],
            [
              52.42851233853999,
              29.83373449582993
            ],
            [
              52.42844190956309,
              29.83377720563968
            ],
            [
              52.42832291921581,
              29.83362805244691
            ],
            [
              52.42831742398192,
              29.8336211647527
            ],
            [
              52.42832589506403,
              29.83361331210125
            ],
            [
              52.42833463750461,
              29.83360569202556
            ],
            [
              52.42834364202909,
              29.83359830733295
            ],
            [
              52.42835290359192,
              29.83359116710127
            ],
            [
              52.42836240881788,
              29.83358427688924
            ],
            [
              52.42837215263575,
              29.83357764397035
            ],
            [
              52.4283821258352,
              29.83357127566292
            ],
            [
              52.42838940610165,
              29.83358040080382
            ]
          ]
        ]
      },
      "properties": {
        "name": "96",
        "area_m2": 208.13,
        "centroid": [
          52.428413,
          29.833675
        ]
      }
    },
    {
      "type": "Feature",
      "geometry": {
        "type": "Polygon",
        "coordinates": [
          [
            [
              52.42844190956309,
              29.83377720563968
            ],
            [
              52.42857175386908,
              29.83393996591646
            ],
            [
              52.42850132374367,
              29.83398267577174
            ],
            [
              52.42837148157302,
              29.83381991630461
            ],
            [
              52.42844190956309,
              29.83377720563968
            ]
          ]
        ]
      },
      "properties": {
        "name": "105",
        "area_m2": 210.77,
        "centroid": [
          52.428472,
          29.83388
        ]
      }
    },
    {
      "type": "Feature",
      "geometry": {
        "type": "Polygon",
        "coordinates": [
          [
            [
              52.42832291921581,
              29.83362805244691
            ],
            [
              52.42844190956309,
              29.83377720563968
            ],
            [
              52.42837148157302,
              29.83381991630461
            ],
            [
              52.4283629957563,
              29.83382506119254
            ],
            [
              52.42826139844034,
              29.83369770898496
            ],
            [
              52.42825655968736,
              29.83369164434266
            ],
            [
              52.42828509506339,
              29.83365635107213
            ],
            [
              52.42829268689212,
              29.83364722029068
            ],
            [
              52.42830061194829,
              29.83363830607625
            ],
            [
              52.42830886208191,
              29.83362961754038
            ],
            [
              52.42831742398192,
              29.8336211647527
            ],
            [
              52.42832291921581,
              29.83362805244691
            ]
          ]
        ]
      },
      "properties": {
        "name": "97",
        "area_m2": 211.14,
        "centroid": [
          52.428345,
          29.833728
        ]
      }
    },
    {
      "type": "Feature",
      "geometry": {
        "type": "Polygon",
        "coordinates": [
          [
            [
              52.4283629957563,
              29.83382506119254
            ],
            [
              52.42837148157302,
              29.83381991630461
            ],
            [
              52.42850132374367,
              29.83398267577174
            ],
            [
              52.42843089667467,
              29.8340253864598
            ],
            [
              52.42830105142692,
              29.83386262515166
            ],
            [
              52.4283629957563,
              29.83382506119254
            ]
          ]
        ]
      },
      "properties": {
        "name": "104",
        "area_m2": 210.77,
        "centroid": [
          52.428401,
          29.833923
        ]
      }
    },
    {
      "type": "Feature",
      "geometry": {
        "type": "Polygon",
        "coordinates": [
          [
            [
              52.42826139844034,
              29.83369770898496
            ],
            [
              52.4283629957563,
              29.83382506119254
            ],
            [
              52.42830105142692,
              29.83386262515166
            ],
            [
              52.42826965602015,
              29.83388166660923
            ],
            [
              52.4281868490192,
              29.83377786887458
            ],
            [
              52.42818836137369,
              29.83377599820874
            ],
            [
              52.42825655968736,
              29.83369164434266
            ],
            [
              52.42826139844034,
              29.83369770898496
            ]
          ]
        ]
      },
      "properties": {
        "name": "98",
        "area_m2": 203.56,
        "centroid": [
          52.428271,
          29.833793
        ]
      }
    },
    {
      "type": "Feature",
      "geometry": {
        "type": "Polygon",
        "coordinates": [
          [
            [
              52.42826965602015,
              29.83388166660923
            ],
            [
              52.42830105142692,
              29.83386262515166
            ],
            [
              52.42843089667467,
              29.8340253864598
            ],
            [
              52.42836046642769,
              29.83406809624339
            ],
            [
              52.42823062125856,
              29.83390533666945
            ],
            [
              52.42826965602015,
              29.83388166660923
            ]
          ]
        ]
      },
      "properties": {
        "name": "103",
        "area_m2": 210.78,
        "centroid": [
          52.428331,
          29.833965
        ]
      }
    },
    {
      "type": "Feature",
      "geometry": {
        "type": "Polygon",
        "coordinates": [
          [
            [
              52.42823062125856,
              29.83390533666945
            ],
            [
              52.42816019410809,
              29.83394804631341
            ],
            [
              52.42808976481444,
              29.8339907550417
            ],
            [
              52.42805250041135,
              29.83394404404556
            ],
            [
              52.4281868490192,
              29.83377786887458
            ],
            [
              52.42826965602015,
              29.83388166660923
            ],
            [
              52.42823062125856,
              29.83390533666945
            ]
          ]
        ]
      },
      "properties": {
        "name": "99",
        "area_m2": 248.92,
        "centroid": [
          52.42816,
          29.83389
        ]
      }
    },
    {
      "type": "Feature",
      "geometry": {
        "type": "Polygon",
        "coordinates": [
          [
            [
              52.42823062125856,
              29.83390533666945
            ],
            [
              52.42836046642769,
              29.83406809624339
            ],
            [
              52.4282900381895,
              29.83411080596873
            ],
            [
              52.42816019410809,
              29.83394804631341
            ],
            [
              52.42823062125856,
              29.83390533666945
            ]
          ]
        ]
      },
      "properties": {
        "name": "102",
        "area_m2": 210.77,
        "centroid": [
          52.42826,
          29.834008
        ]
      }
    },
    {
      "type": "Feature",
      "geometry": {
        "type": "Polygon",
        "coordinates": [
          [
            [
              52.42816019410809,
              29.83394804631341
            ],
            [
              52.4282900381895,
              29.83411080596873
            ],
            [
              52.4282196088429,
              29.8341535147672
            ],
            [
              52.42820780483783,
              29.83413871950076
            ],
            [
              52.42808976481444,
              29.8339907550417
            ],
            [
              52.42816019410809,
              29.83394804631341
            ]
          ]
        ]
      },
      "properties": {
        "name": "101",
        "area_m2": 210.77,
        "centroid": [
          52.42819,
          29.834051
        ]
      }
    },
    {
      "type": "Feature",
      "geometry": {
        "type": "Polygon",
        "coordinates": [
          [
            [
              52.42808976481444,
              29.8339907550417
            ],
            [
              52.42820780483783,
              29.83413871950076
            ],
            [
              52.42815455850838,
              29.83417100899171
            ],
            [
              52.42799758339475,
              29.83407453618969
            ],
            [
              52.42799641363597,
              29.83407378996888
            ],
            [
              52.42799527549375,
              29.83407301092192
            ],
            [
              52.4279941699387,
              29.83407219452663
            ],
            [
              52.42799309707349,
              29.83407134800058
            ],
            [
              52.42799205889071,
              29.83407046590822
            ],
            [
              52.42799105652782,
              29.83406955545596
            ],
            [
              52.42799009200305,
              29.83406861301262
            ],
            [
              52.42798916538058,
              29.83406764308921
            ],
            [
              52.42798827768237,
              29.83406664477236
            ],
            [
              52.4279874341337,
              29.83406562161491
            ],
            [
              52.42798662850017,
              29.83406457187961
            ],
            [
              52.42798586596854,
              29.8340634964127
            ],
            [
              52.42798514869825,
              29.83406240150723
            ],
            [
              52.42798447455554,
              29.83406128267456
            ],
            [
              52.42798384568699,
              29.83406014530555
            ],
            [
              52.42798326416217,
              29.8340589893778
            ],
            [
              52.42798272897199,
              29.8340578167069
            ],
            [
              52.42798224012924,
              29.83405662819507
            ],
            [
              52.42798179971635,
              29.83405542472213
            ],
            [
              52.42798141099168,
              29.83405421708095
            ],
            [
              52.42798107074822,
              29.83405299808747
            ],
            [
              52.42798077692919,
              29.83405176866627
            ],
            [
              52.42798053576901,
              29.83405053055461
            ],
            [
              52.42798034111026,
              29.83404928742846
            ],
            [
              52.4279801981269,
              29.83404803923187
            ],
            [
              52.42798010579696,
              29.83404678687821
            ],
            [
              52.42798006105458,
              29.83404553310769
            ],
            [
              52.4279800690737,
              29.83404427786433
            ],
            [
              52.42798012676278,
              29.83404302208391
            ],
            [
              52.42798023316402,
              29.83404177119084
            ],
            [
              52.42798039032136,
              29.83404052335834
            ],
            [
              52.42798059620368,
              29.83403928131537
            ],
            [
              52.42798085187145,
              29.8340380468552
            ],
            [
              52.42798115733751,
              29.83403682087997
            ],
            [
              52.42798150949749,
              29.83403560342329
            ],
            [
              52.42798191255468,
              29.83403439895138
            ],
            [
              52.4279823633919,
              29.83403320659564
            ],
            [
              52.42798285996524,
              29.83403202818285
            ],
            [
              52.4279834043956,
              29.8340308672994
            ],
            [
              52.42798399667015,
              29.83402972304313
            ],
            [
              52.42798463161493,
              29.83402859546997
            ],
            [
              52.42798531034173,
              29.83402748998194
            ],
            [
              52.4279860349073,
              29.83402640565445
            ],
            [
              52.42798680013767,
              29.83402534254346
            ],
            [
              52.42798761023619,
              29.83402430511524
            ],
            [
              52.42805250041135,
              29.83394404404556
            ],
            [
              52.42808976481444,
              29.8339907550417
            ]
          ]
        ]
      },
      "properties": {
        "name": "100",
        "area_m2": 285.47,
        "centroid": [
          52.428085,
          29.834066
        ]
      }
    },
    {
      "type": "Feature",
      "geometry": {
        "type": "Polygon",
        "coordinates": [
          [
            [
              52.42947540272498,
              29.83381203737881
            ],
            [
              52.42964191212039,
              29.83402075205274
            ],
            [
              52.42956978525283,
              29.83406449055575
            ],
            [
              52.42940327697458,
              29.83385577668064
            ],
            [
              52.42947540272498,
              29.83381203737881
            ]
          ]
        ]
      },
      "properties": {
        "name": "138",
        "area_m2": 276.8,
        "centroid": [
          52.429523,
          29.833938
        ]
      }
    },
    {
      "type": "Feature",
      "geometry": {
        "type": "Polygon",
        "coordinates": [
          [
            [
              52.42931200154077,
              29.83360721762748
            ],
            [
              52.42947540272498,
              29.83381203737881
            ],
            [
              52.42940327697458,
              29.83385577668064
            ],
            [
              52.42923949969676,
              29.83365048718061
            ],
            [
              52.42923676942426,
              29.83364706437066
            ],
            [
              52.42930889613993,
              29.83360332514981
            ],
            [
              52.42931200154077,
              29.83360721762748
            ]
          ]
        ]
      },
      "properties": {
        "name": "127",
        "area_m2": 276.8,
        "centroid": [
          52.429356,
          29.83373
        ]
      }
    },
    {
      "type": "Feature",
      "geometry": {
        "type": "Polygon",
        "coordinates": [
          [
            [
              52.42940327697458,
              29.83385577668064
            ],
            [
              52.42956978525283,
              29.83406449055575
            ],
            [
              52.42949765936917,
              29.83410822991216
            ],
            [
              52.42933115223375,
              29.83389951864027
            ],
            [
              52.42940327697458,
              29.83385577668064
            ]
          ]
        ]
      },
      "properties": {
        "name": "139",
        "area_m2": 276.8,
        "centroid": [
          52.42945,
          29.833982
        ]
      }
    },
    {
      "type": "Feature",
      "geometry": {
        "type": "Polygon",
        "coordinates": [
          [
            [
              52.42923949969676,
              29.83365048718061
            ],
            [
              52.42940327697458,
              29.83385577668064
            ],
            [
              52.42933115223375,
              29.83389951864027
            ],
            [
              52.42916464470156,
              29.83369080262931
            ],
            [
              52.429170187625,
              29.8336874409812
            ],
            [
              52.42923676942426,
              29.83364706437066
            ],
            [
              52.42923949969676,
              29.83365048718061
            ]
          ]
        ]
      },
      "properties": {
        "name": "126",
        "area_m2": 276.8,
        "centroid": [
          52.429284,
          29.833773
        ]
      }
    },
    {
      "type": "Feature",
      "geometry": {
        "type": "Polygon",
        "coordinates": [
          [
            [
              52.42933115223375,
              29.83389951864027
            ],
            [
              52.42949765936917,
              29.83410822991216
            ],
            [
              52.42942553344744,
              29.83415197103536
            ],
            [
              52.42925902739064,
              29.83394325785569
            ],
            [
              52.42933115223375,
              29.83389951864027
            ]
          ]
        ]
      },
      "properties": {
        "name": "140",
        "area_m2": 276.8,
        "centroid": [
          52.429378,
          29.834026
        ]
      }
    },
    {
      "type": "Feature",
      "geometry": {
        "type": "Polygon",
        "coordinates": [
          [
            [
              52.42933115223375,
              29.83389951864027
            ],
            [
              52.42925902739064,
              29.83394325785569
            ],
            [
              52.42909251995365,
              29.83373454355696
            ],
            [
              52.42909740003466,
              29.83373158430972
            ],
            [
              52.42914559641238,
              29.83370235479314
            ],
            [
              52.42916464470156,
              29.83369080262931
            ],
            [
              52.42933115223375,
              29.83389951864027
            ]
          ]
        ]
      },
      "properties": {
        "name": "125",
        "area_m2": 276.8,
        "centroid": [
          52.429212,
          29.833817
        ]
      }
    },
    {
      "type": "Feature",
      "geometry": {
        "type": "Polygon",
        "coordinates": [
          [
            [
              52.42925902739064,
              29.83394325785569
            ],
            [
              52.42942553344744,
              29.83415197103536
            ],
            [
              52.42935340847107,
              29.83419571030537
            ],
            [
              52.42918690042703,
              29.83398699795811
            ],
            [
              52.42925902739064,
              29.83394325785569
            ]
          ]
        ]
      },
      "properties": {
        "name": "141",
        "area_m2": 276.8,
        "centroid": [
          52.429306,
          29.834069
        ]
      }
    },
    {
      "type": "Feature",
      "geometry": {
        "type": "Polygon",
        "coordinates": [
          [
            [
              52.42909251995365,
              29.83373454355696
            ],
            [
              52.42925902739064,
              29.83394325785569
            ],
            [
              52.42918690042703,
              29.83398699795811
            ],
            [
              52.42902039304673,
              29.83377828266501
            ],
            [
              52.42909251995365,
              29.83373454355696
            ]
          ]
        ]
      },
      "properties": {
        "name": "124",
        "area_m2": 276.8,
        "centroid": [
          52.42914,
          29.833861
        ]
      }
    },
    {
      "type": "Feature",
      "geometry": {
        "type": "Polygon",
        "coordinates": [
          [
            [
              52.42918690042703,
              29.83398699795811
            ],
            [
              52.42935340847107,
              29.83419571030537
            ],
            [
              52.42928128343095,
              29.83423944953776
            ],
            [
              52.42911477442164,
              29.83403073710953
            ],
            [
              52.42918690042703,
              29.83398699795811
            ]
          ]
        ]
      },
      "properties": {
        "name": "142",
        "area_m2": 276.8,
        "centroid": [
          52.429234,
          29.834113
        ]
      }
    },
    {
      "type": "Feature",
      "geometry": {
        "type": "Polygon",
        "coordinates": [
          [
            [
              52.42902039304673,
              29.83377828266501
            ],
            [
              52.42918690042703,
              29.83398699795811
            ],
            [
              52.42911477442164,
              29.83403073710953
            ],
            [
              52.428948267098,
              29.83382202082205
            ],
            [
              52.42902039304673,
              29.83377828266501
            ]
          ]
        ]
      },
      "properties": {
        "name": "123",
        "area_m2": 276.8,
        "centroid": [
          52.429068,
          29.833905
        ]
      }
    },
    {
      "type": "Feature",
      "geometry": {
        "type": "Polygon",
        "coordinates": [
          [
            [
              52.42911477442164,
              29.83403073710953
            ],
            [
              52.42928128343095,
              29.83423944953776
            ],
            [
              52.42920915731796,
              29.83428319054815
            ],
            [
              52.42904264937444,
              29.83407447530995
            ],
            [
              52.42911477442164,
              29.83403073710953
            ]
          ]
        ]
      },
      "properties": {
        "name": "143",
        "area_m2": 276.8,
        "centroid": [
          52.429162,
          29.834157
        ]
      }
    },
    {
      "type": "Feature",
      "geometry": {
        "type": "Polygon",
        "coordinates": [
          [
            [
              52.42911477442164,
              29.83403073710953
            ],
            [
              52.42904264937444,
              29.83407447530995
            ],
            [
              52.42887614217168,
              29.83386576253908
            ],
            [
              52.42888254703063,
              29.83386187814515
            ],
            [
              52.42892343161918,
              29.83383708341591
            ],
            [
              52.428948267098,
              29.83382202082205
            ],
            [
              52.42911477442164,
              29.83403073710953
            ]
          ]
        ]
      },
      "properties": {
        "name": "122",
        "area_m2": 276.8,
        "centroid": [
          52.428995,
          29.833948
        ]
      }
    },
    {
      "type": "Feature",
      "geometry": {
        "type": "Polygon",
        "coordinates": [
          [
            [
              52.42904264937444,
              29.83407447530995
            ],
            [
              52.42920915731796,
              29.83428319054815
            ],
            [
              52.4291370321375,
              29.83432692880312
            ],
            [
              52.42897052430202,
              29.83411821617936
            ],
            [
              52.42904264937444,
              29.83407447530995
            ]
          ]
        ]
      },
      "properties": {
        "name": "144",
        "area_m2": 276.8,
        "centroid": [
          52.42909,
          29.834201
        ]
      }
    },
    {
      "type": "Feature",
      "geometry": {
        "type": "Polygon",
        "coordinates": [
          [
            [
              52.42887614217168,
              29.83386576253908
            ],
            [
              52.42904264937444,
              29.83407447530995
            ],
            [
              52.42897052430202,
              29.83411821617936
            ],
            [
              52.42880401612114,
              29.83390950242532
            ],
            [
              52.42887614217168,
              29.83386576253908
            ]
          ]
        ]
      },
      "properties": {
        "name": "121",
        "area_m2": 276.8,
        "centroid": [
          52.428923,
          29.833992
        ]
      }
    },
    {
      "type": "Feature",
      "geometry": {
        "type": "Polygon",
        "coordinates": [
          [
            [
              52.42897052430202,
              29.83411821617936
            ],
            [
              52.4291370321375,
              29.83432692880312
            ],
            [
              52.42906490589702,
              29.83437066973831
            ],
            [
              52.42889839708341,
              29.83416195613135
            ],
            [
              52.42897052430202,
              29.83411821617936
            ]
          ]
        ]
      },
      "properties": {
        "name": "145",
        "area_m2": 276.8,
        "centroid": [
          52.429018,
          29.834244
        ]
      }
    },
    {
      "type": "Feature",
      "geometry": {
        "type": "Polygon",
        "coordinates": [
          [
            [
              52.42880401612114,
              29.83390950242532
            ],
            [
              52.42897052430202,
              29.83411821617936
            ],
            [
              52.42889839708341,
              29.83416195613135
            ],
            [
              52.42873189102881,
              29.83395324136055
            ],
            [
              52.42880401612114,
              29.83390950242532
            ]
          ]
        ]
      },
      "properties": {
        "name": "120",
        "area_m2": 276.8,
        "centroid": [
          52.428851,
          29.834036
        ]
      }
    },
    {
      "type": "Feature",
      "geometry": {
        "type": "Polygon",
        "coordinates": [
          [
            [
              52.42889839708341,
              29.83416195613135
            ],
            [
              52.42906490589702,
              29.83437066973831
            ],
            [
              52.42899277853232,
              29.83441440884268
            ],
            [
              52.42882627184496,
              29.83420569421896
            ],
            [
              52.42889839708341,
              29.83416195613135
            ]
          ]
        ]
      },
      "properties": {
        "name": "146",
        "area_m2": 276.8,
        "centroid": [
          52.428946,
          29.834288
        ]
      }
    },
    {
      "type": "Feature",
      "geometry": {
        "type": "Polygon",
        "coordinates": [
          [
            [
              52.42873189102881,
              29.83395324136055
            ],
            [
              52.42889839708341,
              29.83416195613135
            ],
            [
              52.42882627184496,
              29.83420569421896
            ],
            [
              52.42865976483792,
              29.83399698026936
            ],
            [
              52.42873189102881,
              29.83395324136055
            ]
          ]
        ]
      },
      "properties": {
        "name": "119",
        "area_m2": 276.8,
        "centroid": [
          52.428779,
          29.834079
        ]
      }
    },
    {
      "type": "Feature",
      "geometry": {
        "type": "Polygon",
        "coordinates": [
          [
            [
              52.42882627184496,
              29.83420569421896
            ],
            [
              52.42899277853232,
              29.83441440884268
            ],
            [
              52.42892065213864,
              29.83445814789826
            ],
            [
              52.42875414658129,
              29.83424943497555
            ],
            [
              52.42882627184496,
              29.83420569421896
            ]
          ]
        ]
      },
      "properties": {
        "name": "147",
        "area_m2": 276.8,
        "centroid": [
          52.428873,
          29.834332
        ]
      }
    },
    {
      "type": "Feature",
      "geometry": {
        "type": "Polygon",
        "coordinates": [
          [
            [
              52.42865976483792,
              29.83399698026936
            ],
            [
              52.42882627184496,
              29.83420569421896
            ],
            [
              52.42875414658129,
              29.83424943497555
            ],
            [
              52.42858764065288,
              29.83404071911819
            ],
            [
              52.42865976483792,
              29.83399698026936
            ]
          ]
        ]
      },
      "properties": {
        "name": "118",
        "area_m2": 276.8,
        "centroid": [
          52.428707,
          29.834123
        ]
      }
    },
    {
      "type": "Feature",
      "geometry": {
        "type": "Polygon",
        "coordinates": [
          [
            [
              52.42875414658129,
              29.83424943497555
            ],
            [
              52.42892065213864,
              29.83445814789826
            ],
            [
              52.42884852776367,
              29.83450188779604
            ],
            [
              52.42868202122819,
              29.83429317389016
            ],
            [
              52.42875414658129,
              29.83424943497555
            ]
          ]
        ]
      },
      "properties": {
        "name": "148",
        "area_m2": 276.79,
        "centroid": [
          52.428801,
          29.834376
        ]
      }
    },
    {
      "type": "Feature",
      "geometry": {
        "type": "Polygon",
        "coordinates": [
          [
            [
              52.42851551226493,
              29.83408445797419
            ],
            [
              52.42858764065288,
              29.83404071911819
            ],
            [
              52.42875414658129,
              29.83424943497555
            ],
            [
              52.42868202122819,
              29.83429317389016
            ],
            [
              52.42851551226493,
              29.83408445797419
            ]
          ]
        ]
      },
      "properties": {
        "name": "117.1",
        "area_m2": 276.8,
        "centroid": [
          52.428635,
          29.834167
        ]
      }
    },
    {
      "type": "Feature",
      "geometry": {
        "type": "Polygon",
        "coordinates": [
          [
            [
              52.42868202122819,
              29.83429317389016
            ],
            [
              52.42884852776367,
              29.83450188779604
            ],
            [
              52.42877640125533,
              29.83454562767861
            ],
            [
              52.42860989271979,
              29.83433691370293
            ],
            [
              52.42868202122819,
              29.83429317389016
            ]
          ]
        ]
      },
      "properties": {
        "name": "149",
        "area_m2": 276.8,
        "centroid": [
          52.428729,
          29.834419
        ]
      }
    },
    {
      "type": "Feature",
      "geometry": {
        "type": "Polygon",
        "coordinates": [
          [
            [
              52.42851551226493,
              29.83408445797419
            ],
            [
              52.42868202122819,
              29.83429317389016
            ],
            [
              52.42860989271979,
              29.83433691370293
            ],
            [
              52.42844338590847,
              29.83412819857461
            ],
            [
              52.42851551226493,
              29.83408445797419
            ]
          ]
        ]
      },
      "properties": {
        "name": "117",
        "area_m2": 276.81,
        "centroid": [
          52.428563,
          29.834211
        ]
      }
    },
    {
      "type": "Feature",
      "geometry": {
        "type": "Polygon",
        "coordinates": [
          [
            [
              52.42849979029317,
              29.83440368321181
            ],
            [
              52.4285377662044,
              29.83438065255352
            ],
            [
              52.42860989271979,
              29.83433691370293
            ],
            [
              52.42877640125533,
              29.83454562767861
            ],
            [
              52.42875342792318,
              29.83455955931581
            ],
            [
              52.42849979029317,
              29.83440368321181
            ]
          ]
        ]
      },
      "properties": {
        "name": "150",
        "area_m2": 255.35,
        "centroid": [
          52.428637,
          29.834442
        ]
      }
    },
    {
      "type": "Feature",
      "geometry": {
        "type": "Polygon",
        "coordinates": [
          [
            [
              52.42844338590847,
              29.83412819857461
            ],
            [
              52.42860989271979,
              29.83433691370293
            ],
            [
              52.4285377662044,
              29.83438065255352
            ],
            [
              52.42837126051024,
              29.83417193822402
            ],
            [
              52.42844338590847,
              29.83412819857461
            ]
          ]
        ]
      },
      "properties": {
        "name": "116",
        "area_m2": 276.8,
        "centroid": [
          52.428491,
          29.834254
        ]
      }
    },
    {
      "type": "Feature",
      "geometry": {
        "type": "Polygon",
        "coordinates": [
          [
            [
              52.42827039094979,
              29.83423310971958
            ],
            [
              52.42837126051024,
              29.83417193822402
            ],
            [
              52.4285377662044,
              29.83438065255352
            ],
            [
              52.42849979029317,
              29.83440368321181
            ],
            [
              52.42827028527123,
              29.83426263636717
            ],
            [
              52.42826975889651,
              29.83426230187715
            ],
            [
              52.4282692468292,
              29.83426195459965
            ],
            [
              52.42826874697404,
              29.83426159275258
            ],
            [
              52.4282682593567,
              29.83426121814042
            ],
            [
              52.42826778705587,
              29.83426082892513
            ],
            [
              52.42826732907531,
              29.83426042782454
            ],
            [
              52.42826683925514,
              29.83425997112314
            ],
            [
              52.42826636995113,
              29.83425950156708
            ],
            [
              52.42826591803324,
              29.83425901738555
            ],
            [
              52.42826548765346,
              29.83425851943596
            ],
            [
              52.42826507675507,
              29.8342580086429
            ],
            [
              52.42826468638567,
              29.83425748589741
            ],
            [
              52.42826431657095,
              29.83425695300386
            ],
            [
              52.42826396623758,
              29.83425640726685
            ],
            [
              52.42826364058523,
              29.83425585043482
            ],
            [
              52.42826333759564,
              29.83425528613898
            ],
            [
              52.42826305415161,
              29.83425471351068
            ],
            [
              52.42826279436661,
              29.83425413070077
            ],
            [
              52.4282625593268,
              29.83425354130686
            ],
            [
              52.42826234801023,
              29.83425294624234
            ],
            [
              52.42826215832162,
              29.83425234372517
            ],
            [
              52.42826199443864,
              29.83425173641725
            ],
            [
              52.42826185531369,
              29.83425112342752
            ],
            [
              52.42826173789373,
              29.83425050839837
            ],
            [
              52.42826164836183,
              29.83424988945826
            ],
            [
              52.42826158154403,
              29.83424926666315
            ],
            [
              52.42826153958693,
              29.83424864540384
            ],
            [
              52.42826152241352,
              29.83424802026715
            ],
            [
              52.42826153011364,
              29.83424739756848
            ],
            [
              52.42826156158833,
              29.83424677280803
            ],
            [
              52.42826162105376,
              29.83424615135421
            ],
            [
              52.42826170124072,
              29.83424553148097
            ],
            [
              52.42826180733601,
              29.83424491403459
            ],
            [
              52.42826193936529,
              29.83424430081944
            ],
            [
              52.4282620942242,
              29.8342436918691
            ],
            [
              52.42826227399514,
              29.83424308806339
            ],
            [
              52.42826247764333,
              29.8342424894135
            ],
            [
              52.4282627041468,
              29.83424189683282
            ],
            [
              52.42826295456604,
              29.83424131211457
            ],
            [
              52.42826322891386,
              29.83424073616096
            ],
            [
              52.4282635240602,
              29.83424016720115
            ],
            [
              52.42826384212602,
              29.83423960882156
            ],
            [
              52.42826418309846,
              29.83423906012
            ],
            [
              52.42826454387316,
              29.83423852113003
            ],
            [
              52.42826492759299,
              29.83423799452469
            ],
            [
              52.4282653311279,
              29.83423747853315
            ],
            [
              52.42826575553837,
              29.83423697494862
            ],
            [
              52.42826619880614,
              29.8342364874023
            ],
            [
              52.428266661889,
              29.83423601046978
            ],
            [
              52.42826714486396,
              29.83423554956426
            ],
            [
              52.42826764355334,
              29.83423510202392
            ],
            [
              52.42826816108718,
              29.83423466961958
            ],
            [
              52.42826869336484,
              29.8342342551026
            ],
            [
              52.42826924448696,
              29.83423385572163
            ],
            [
              52.42826981034006,
              29.83423347332583
            ],
            [
              52.42827039094979,
              29.83423310971958
            ]
          ]
        ]
      },
      "properties": {
        "name": "114",
        "area_m2": 310.77,
        "centroid": [
          52.428396,
          29.834285
        ]
      }
    },
    {
      "type": "Feature",
      "geometry": {
        "type": "Polygon",
        "coordinates": [
          [
            [
              52.42879569028334,
              29.83296125090375
            ],
            [
              52.42869387212671,
              29.83302300594977
            ],
            [
              52.42858430587949,
              29.83288566462991
            ],
            [
              52.42864370171116,
              29.83284964314711
            ],
            [
              52.42868612817486,
              29.83282391413577
            ],
            [
              52.42879569028334,
              29.83296125090375
            ]
          ]
        ]
      },
      "properties": {
        "name": "24.1",
        "area_m2": 257.13,
        "centroid": [
          52.42869,
          29.832923
        ]
      }
    },
    {
      "type": "Feature",
      "geometry": {
        "type": "Polygon",
        "coordinates": [
          [
            [
              52.42861750174472,
              29.83306932541555
            ],
            [
              52.42849316104014,
              29.83291345544523
            ],
            [
              52.42856955048101,
              29.83286717013454
            ],
            [
              52.42858430587949,
              29.83288566462991
            ],
            [
              52.42869387212671,
              29.83302300594977
            ],
            [
              52.42861750174472,
              29.83306932541555
            ]
          ]
        ]
      },
      "properties": {
        "name": "16.1",
        "area_m2": 218.86,
        "centroid": [
          52.428594,
          29.832968
        ]
      }
    },
    {
      "type": "Feature",
      "geometry": {
        "type": "Polygon",
        "coordinates": [
          [
            [
              52.42861750174472,
              29.83306932541555
            ],
            [
              52.42854100409527,
              29.83311572471869
            ],
            [
              52.42841662689472,
              29.83295983160981
            ],
            [
              52.42849316104014,
              29.83291345544523
            ],
            [
              52.42861750174472,
              29.83306932541555
            ]
          ]
        ]
      },
      "properties": {
        "name": "17.1",
        "area_m2": 219.29,
        "centroid": [
          52.428517,
          29.833015
        ]
      }
    },
    {
      "type": "Feature",
      "geometry": {
        "type": "Polygon",
        "coordinates": [
          [
            [
              52.42844767238924,
              29.83317233287026
            ],
            [
              52.42835433645015,
              29.83322894190585
            ],
            [
              52.42822992258906,
              29.83307300841132
            ],
            [
              52.42832326162948,
              29.8330164039423
            ],
            [
              52.42844767238924,
              29.83317233287026
            ]
          ]
        ]
      },
      "properties": {
        "name": "64",
        "area_m2": 267.63,
        "centroid": [
          52.428339,
          29.833123
        ]
      }
    },
    {
      "type": "Feature",
      "geometry": {
        "type": "Polygon",
        "coordinates": [
          [
            [
              52.4282632015842,
              29.8332844496784
            ],
            [
              52.42813840413938,
              29.83312890193584
            ],
            [
              52.42822992258906,
              29.83307300841132
            ],
            [
              52.42835433645015,
              29.83322894190585
            ],
            [
              52.42833194926869,
              29.83324251972619
            ],
            [
              52.4282632015842,
              29.8332844496784
            ]
          ]
        ]
      },
      "properties": {
        "name": "962",
        "area_m2": 262.23,
        "centroid": [
          52.428246,
          29.833179
        ]
      }
    },
    {
      "type": "Feature",
      "geometry": {
        "type": "Polygon",
        "coordinates": [
          [
            [
              52.42848858091858,
              29.83339719057073
            ],
            [
              52.42839798466645,
              29.83345244356485
            ],
            [
              52.4282632015842,
              29.8332844496784
            ],
            [
              52.42833194926869,
              29.83324251972619
            ],
            [
              52.42835433645015,
              29.83322894190585
            ],
            [
              52.42848858091858,
              29.83339719057073
            ]
          ]
        ]
      },
      "properties": {
        "name": "945",
        "area_m2": 281.65,
        "centroid": [
          52.428376,
          29.833341
        ]
      }
    },
    {
      "type": "Feature",
      "geometry": {
        "type": "Polygon",
        "coordinates": [
          [
            [
              52.42834567747807,
              29.83448435726708
            ],
            [
              52.42855335344617,
              29.83461119451067
            ],
            [
              52.42855525314982,
              29.83461239753611
            ],
            [
              52.42855710192252,
              29.8346136579599
            ],
            [
              52.428558897669,
              29.83461497400006
            ],
            [
              52.42856064137269,
              29.83461634203657
            ],
            [
              52.42856232996773,
              29.83461776480966
            ],
            [
              52.42856396027269,
              29.83461923693964
            ],
            [
              52.42856553021798,
              29.83462075844895
            ],
            [
              52.42856703768266,
              29.83462232575114
            ],
            [
              52.42856848163192,
              29.83462393885742
            ],
            [
              52.42856985994483,
              29.83462559418135
            ],
            [
              52.42857117157374,
              29.83462729083195
            ],
            [
              52.42857241442338,
              29.83462902702719
            ],
            [
              52.42857358535084,
              29.83463080009407
            ],
            [
              52.42857468740914,
              29.83463260639014
            ],
            [
              52.42857571334189,
              29.83463444509162
            ],
            [
              52.42857666832307,
              29.83463631614251
            ],
            [
              52.42857754500637,
              29.83463821240358
            ],
            [
              52.4285783465347,
              29.83464013654781
            ],
            [
              52.42857906972664,
              29.83464208319563
            ],
            [
              52.4285797155913,
              29.8346440505314
            ],
            [
              52.42858028202057,
              29.83464603587089
            ],
            [
              52.42858076794112,
              29.83464803651873
            ],
            [
              52.42858117336581,
              29.83465005337709
            ],
            [
              52.4285814981919,
              29.83465207922837
            ],
            [
              52.42858174139744,
              29.83465411498597
            ],
            [
              52.42858190290539,
              29.83465615523665
            ],
            [
              52.42858198271575,
              29.83465819998046
            ],
            [
              52.42858198182479,
              29.83466024649956
            ],
            [
              52.42858189811157,
              29.83466229120755
            ],
            [
              52.42858173052842,
              29.8346643332134
            ],
            [
              52.42858148313751,
              29.83466636705913
            ],
            [
              52.4285811548912,
              29.83466839185373
            ],
            [
              52.42858074475469,
              29.83467040760842
            ],
            [
              52.42858025472053,
              29.83467240888756
            ],
            [
              52.42857968476304,
              29.83467439388677
            ],
            [
              52.42857903586567,
              29.83467635898604
            ],
            [
              52.42857830699359,
              29.83467830419657
            ],
            [
              52.42857750224749,
              29.83468022676695
            ],
            [
              52.42857662157602,
              29.83468212308842
            ],
            [
              52.42857566390583,
              29.83468399046552
            ],
            [
              52.42857463131939,
              29.83468582977809
            ],
            [
              52.42857352786598,
              29.83468763466592
            ],
            [
              52.42857235251081,
              29.83468940514019
            ],
            [
              52.42857110522822,
              29.83469113939654
            ],
            [
              52.42856979112798,
              29.83469283286797
            ],
            [
              52.42856840815334,
              29.83469448647906
            ],
            [
              52.4285669614526,
              29.83469609836942
            ],
            [
              52.42856545808962,
              29.8346976558299
            ],
            [
              52.42856389300593,
              29.83469916703625
            ],
            [
              52.42856227030222,
              29.83470062923712
            ],
            [
              52.42856059000417,
              29.83470204423688
            ],
            [
              52.42855885096142,
              29.83470340392694
            ],
            [
              52.42855706357332,
              29.83470471180413
            ],
            [
              52.42855522159256,
              29.83470596522902
            ],
            [
              52.42855333221137,
              29.83470716051447
            ],
            [
              52.42849462668465,
              29.83474296786941
            ],
            [
              52.42834927618215,
              29.83456191065665
            ],
            [
              52.42830630604357,
              29.8345083838091
            ],
            [
              52.42834567747807,
              29.83448435726708
            ]
          ]
        ]
      },
      "properties": {
        "name": "151",
        "area_m2": 359.77,
        "centroid": [
          52.428458,
          29.834615
        ]
      }
    },
    {
      "type": "Feature",
      "geometry": {
        "type": "Polygon",
        "coordinates": [
          [
            [
              52.42834927618215,
              29.83456191065665
            ],
            [
              52.42849462668465,
              29.83474296786941
            ],
            [
              52.42842517732476,
              29.83478532870605
            ],
            [
              52.42827983844202,
              29.83460428392356
            ],
            [
              52.42834927618215,
              29.83456191065665
            ]
          ]
        ]
      },
      "properties": {
        "name": "152",
        "area_m2": 232.11,
        "centroid": [
          52.428387,
          29.834674
        ]
      }
    },
    {
      "type": "Feature",
      "geometry": {
        "type": "Polygon",
        "coordinates": [
          [
            [
              52.42842517732476,
              29.83478532870605
            ],
            [
              52.42835697555339,
              29.83482692616843
            ],
            [
              52.42835572684495,
              29.8348276877146
            ],
            [
              52.42835433710629,
              29.83482595671537
            ],
            [
              52.42820299049374,
              29.83463742783827
            ],
            [
              52.42823008948761,
              29.83462089354096
            ],
            [
              52.42823749754216,
              29.83463012107477
            ],
            [
              52.42827983844202,
              29.83460428392356
            ],
            [
              52.42842517732476,
              29.83478532870605
            ]
          ]
        ]
      },
      "properties": {
        "name": "153",
        "area_m2": 236.71,
        "centroid": [
          52.428316,
          29.834714
        ]
      }
    },
    {
      "type": "Feature",
      "geometry": {
        "type": "Polygon",
        "coordinates": [
          [
            [
              52.42835433710629,
              29.83482595671537
            ],
            [
              52.42835572684495,
              29.8348276877146
            ],
            [
              52.42828627736618,
              29.83487004848151
            ],
            [
              52.42828470008357,
              29.83486808399882
            ],
            [
              52.42813355161567,
              29.83467980194495
            ],
            [
              52.42820299049374,
              29.83463742783827
            ],
            [
              52.42835433710629,
              29.83482595671537
            ]
          ]
        ]
      },
      "properties": {
        "name": "154",
        "area_m2": 243.91,
        "centroid": [
          52.428245,
          29.834754
        ]
      }
    },
    {
      "type": "Feature",
      "geometry": {
        "type": "Polygon",
        "coordinates": [
          [
            [
              52.42828470008357,
              29.83486808399882
            ],
            [
              52.42828627736618,
              29.83487004848151
            ],
            [
              52.4282168288371,
              29.83491240739798
            ],
            [
              52.42821500816515,
              29.83491013965296
            ],
            [
              52.428064112691,
              29.83472217691897
            ],
            [
              52.42813355161567,
              29.83467980194495
            ],
            [
              52.42828470008357,
              29.83486808399882
            ]
          ]
        ]
      },
      "properties": {
        "name": "155",
        "area_m2": 243.89,
        "centroid": [
          52.428175,
          29.834796
        ]
      }
    },
    {
      "type": "Feature",
      "geometry": {
        "type": "Polygon",
        "coordinates": [
          [
            [
              52.42821500816515,
              29.83491013965296
            ],
            [
              52.4282168288371,
              29.83491240739798
            ],
            [
              52.42814737820466,
              29.83495476810636
            ],
            [
              52.42814635512391,
              29.83495349333387
            ],
            [
              52.42799467470317,
              29.83476454914036
            ],
            [
              52.428064112691,
              29.83472217691897
            ],
            [
              52.42821500816515,
              29.83491013965296
            ]
          ]
        ]
      },
      "properties": {
        "name": "156",
        "area_m2": 243.87,
        "centroid": [
          52.428106,
          29.834838
        ]
      }
    },
    {
      "type": "Feature",
      "geometry": {
        "type": "Polygon",
        "coordinates": [
          [
            [
              52.42814635512391,
              29.83495349333387
            ],
            [
              52.42814737820466,
              29.83495476810636
            ],
            [
              52.42810566284717,
              29.83498021134909
            ],
            [
              52.42807859957025,
              29.83499671816617
            ],
            [
              52.42807792853474,
              29.8349971278665
            ],
            [
              52.42807728265105,
              29.83499632274375
            ],
            [
              52.42792523668157,
              29.83480692313129
            ],
            [
              52.42799467470317,
              29.83476454914036
            ],
            [
              52.42814635512391,
              29.83495349333387
            ]
          ]
        ]
      },
      "properties": {
        "name": "157",
        "area_m2": 243.86,
        "centroid": [
          52.428036,
          29.834881
        ]
      }
    },
    {
      "type": "Feature",
      "geometry": {
        "type": "Polygon",
        "coordinates": [
          [
            [
              52.42807728265105,
              29.83499632274375
            ],
            [
              52.42807792853474,
              29.8349971278665
            ],
            [
              52.42800909958539,
              29.83503911001714
            ],
            [
              52.42800847881823,
              29.83503948849398
            ],
            [
              52.42785579755289,
              29.83484929619639
            ],
            [
              52.42792523668157,
              29.83480692313129
            ],
            [
              52.42807728265105,
              29.83499632274375
            ]
          ]
        ]
      },
      "properties": {
        "name": "158",
        "area_m2": 243.84,
        "centroid": [
          52.427967,
          29.834923
        ]
      }
    },
    {
      "type": "Feature",
      "geometry": {
        "type": "Polygon",
        "coordinates": [
          [
            [
              52.42785579755289,
              29.83484929619639
            ],
            [
              52.42800847881823,
              29.83503948849398
            ],
            [
              52.4279390300514,
              29.83508184727101
            ],
            [
              52.42778636043438,
              29.83489166920422
            ],
            [
              52.42785579755289,
              29.83484929619639
            ]
          ]
        ]
      },
      "properties": {
        "name": "159",
        "area_m2": 243.82,
        "centroid": [
          52.427897,
          29.834966
        ]
      }
    },
    {
      "type": "Feature",
      "geometry": {
        "type": "Polygon",
        "coordinates": [
          [
            [
              52.42778636043438,
              29.83489166920422
            ],
            [
              52.4279390300514,
              29.83508184727101
            ],
            [
              52.42786957916838,
              29.83512420693775
            ],
            [
              52.42771692119963,
              29.83493404310181
            ],
            [
              52.42778636043438,
              29.83489166920422
            ]
          ]
        ]
      },
      "properties": {
        "name": "162",
        "area_m2": 243.81,
        "centroid": [
          52.427828,
          29.835008
        ]
      }
    },
    {
      "type": "Feature",
      "geometry": {
        "type": "Polygon",
        "coordinates": [
          [
            [
              52.42786957916838,
              29.83512420693775
            ],
            [
              52.42780029139934,
              29.83516646915735
            ],
            [
              52.42780012927356,
              29.83516656746064
            ],
            [
              52.4277999406691,
              29.835166332184
            ],
            [
              52.42765488992272,
              29.83498564362926
            ],
            [
              52.42769213369622,
              29.83496291799184
            ],
            [
              52.42768472459127,
              29.83495368773162
            ],
            [
              52.42771692119963,
              29.83493404310181
            ],
            [
              52.42786957916838,
              29.83512420693775
            ]
          ]
        ]
      },
      "properties": {
        "name": "163",
        "area_m2": 237.44,
        "centroid": [
          52.427761,
          29.835052
        ]
      }
    },
    {
      "type": "Feature",
      "geometry": {
        "type": "Polygon",
        "coordinates": [
          [
            [
              52.4277999406691,
              29.835166332184
            ],
            [
              52.42780012927356,
              29.83516656746064
            ],
            [
              52.42779769176275,
              29.83516779212249
            ],
            [
              52.42779520768119,
              29.83516894419813
            ],
            [
              52.42779268012046,
              29.83517002275184
            ],
            [
              52.42779011214647,
              29.83517102504342
            ],
            [
              52.42778750582882,
              29.8351719510505
            ],
            [
              52.42778486207401,
              29.83517279173987
            ],
            [
              52.42778219153803,
              29.83517356865248
            ],
            [
              52.4277794907572,
              29.83517425656027
            ],
            [
              52.42777676505951,
              29.83517486623372
            ],
            [
              52.42777401749804,
              29.83517539403043
            ],
            [
              52.42777125012958,
              29.83517583902584
            ],
            [
              52.42776846812815,
              29.83517620116401
            ],
            [
              52.42776567051028,
              29.83517648406492
            ],
            [
              52.42776286649938,
              29.83517668131249
            ],
            [
              52.42776005612111,
              29.83517679471111
            ],
            [
              52.42775724250555,
              29.83517682603162
            ],
            [
              52.42775442871863,
              29.83517677253388
            ],
            [
              52.42775161893806,
              29.83517663687971
            ],
            [
              52.42774881624258,
              29.83517641723115
            ],
            [
              52.42774602374946,
              29.83517611445686
            ],
            [
              52.42774324354112,
              29.83517572943665
            ],
            [
              52.42774048077876,
              29.8351752612124
            ],
            [
              52.42773773860528,
              29.83517471245713
            ],
            [
              52.42773501907747,
              29.8351740822463
            ],
            [
              52.4277323242906,
              29.8351733723619
            ],
            [
              52.42772966147548,
              29.83517258182345
            ],
            [
              52.42772702858814,
              29.83517171245774
            ],
            [
              52.42772443394552,
              29.83517076688184
            ],
            [
              52.42772187444322,
              29.83516974512934
            ],
            [
              52.42771935834683,
              29.83516864620855
            ],
            [
              52.42771688572049,
              29.83516747463048
            ],
            [
              52.42771446070346,
              29.83516623035037
            ],
            [
              52.42768849943473,
              29.83515238305268
            ],
            [
              52.42768288460033,
              29.8351493875224
            ],
            [
              52.42767902199771,
              29.83514457558589
            ],
            [
              52.42758545160098,
              29.83502801744992
            ],
            [
              52.42765488992272,
              29.83498564362926
            ],
            [
              52.4277999406691,
              29.835166332184
            ]
          ]
        ]
      },
      "properties": {
        "name": "164",
        "area_m2": 210.13,
        "centroid": [
          52.427689,
          29.835088
        ]
      }
    },
    {
      "type": "Feature",
      "geometry": {
        "type": "Polygon",
        "coordinates": [
          [
            [
              52.42823162584141,
              29.83447368794539
            ],
            [
              52.4281213751628,
              29.83433472406426
            ],
            [
              52.42817611200169,
              29.83430171283607
            ],
            [
              52.42834437505789,
              29.83440569262269
            ],
            [
              52.42823162584141,
              29.83447368794539
            ]
          ]
        ]
      },
      "properties": {
        "name": "175",
        "area_m2": 213.21,
        "centroid": [
          52.428226,
          29.834386
        ]
      }
    },
    {
      "type": "Feature",
      "geometry": {
        "type": "Polygon",
        "coordinates": [
          [
            [
              52.42790956280783,
              29.83422616714984
            ],
            [
              52.42791896335133,
              29.83421460307033
            ],
            [
              52.4279203119177,
              29.83421300397835
            ],
            [
              52.42792172104097,
              29.83421144212992
            ],
            [
              52.42792319083661,
              29.83420992564491
            ],
            [
              52.4279247202442,
              29.83420845273007
            ],
            [
              52.4279263041154,
              29.83420702524574
            ],
            [
              52.42792794352354,
              29.83420564588734
            ],
            [
              52.42792963538987,
              29.83420431649287
            ],
            [
              52.42793137867963,
              29.83420303707345
            ],
            [
              52.4279331682445,
              29.83420180948949
            ],
            [
              52.42793500721453,
              29.83420063551181
            ],
            [
              52.42793689044144,
              29.83419951700072
            ],
            [
              52.4279388138117,
              29.83419845580542
            ],
            [
              52.42794078041687,
              29.83419745099012
            ],
            [
              52.4279427830519,
              29.83419650533975
            ],
            [
              52.42794482170397,
              29.8341956179521
            ],
            [
              52.42794689229806,
              29.83419479338294
            ],
            [
              52.42794899585614,
              29.83419403071887
            ],
            [
              52.42795112719143,
              29.83419332911366
            ],
            [
              52.4279532853076,
              29.83419269128506
            ],
            [
              52.42795546398313,
              29.83419211639802
            ],
            [
              52.42795766740847,
              29.83419160801658
            ],
            [
              52.42795991618966,
              29.83419115960156
            ],
            [
              52.42796218247715,
              29.83419077777049
            ],
            [
              52.42796446218309,
              29.83419046617689
            ],
            [
              52.42796675318657,
              29.83419022123435
            ],
            [
              52.42796905137411,
              29.83419004479203
            ],
            [
              52.42797135674567,
              29.83418993684992
            ],
            [
              52.42797366313106,
              29.83418990018177
            ],
            [
              52.42797597046607,
              29.83418993027655
            ],
            [
              52.42797827465006,
              29.83419002988565
            ],
            [
              52.42798057466106,
              29.83419019992245
            ],
            [
              52.42798286633425,
              29.83419043862727
            ],
            [
              52.42798514653961,
              29.83419074422932
            ],
            [
              52.42798741426797,
              29.83419111854416
            ],
            [
              52.42798966539304,
              29.83419156251875
            ],
            [
              52.42799189673343,
              29.83419207077346
            ],
            [
              52.42799410832765,
              29.8341926460149
            ],
            [
              52.4279962960237,
              29.83419328738561
            ],
            [
              52.4279984567172,
              29.83419399491915
            ],
            [
              52.42800058830008,
              29.83419476593129
            ],
            [
              52.42800268663317,
              29.83419560046683
            ],
            [
              52.42800475272559,
              29.83419649671013
            ],
            [
              52.42800678348581,
              29.83419745559698
            ],
            [
              52.42800877265375,
              29.8341984735857
            ],
            [
              52.42801072127702,
              29.83419955156731
            ],
            [
              52.42801262621276,
              29.83420068686877
            ],
            [
              52.42817611200169,
              29.83430171283607
            ],
            [
              52.4281213751628,
              29.83433472406426
            ],
            [
              52.42803636272448,
              29.83438599216281
            ],
            [
              52.42790956280783,
              29.83422616714984
            ]
          ]
        ]
      },
      "properties": {
        "name": "171",
        "area_m2": 314.74,
        "centroid": [
          52.428033,
          29.834281
        ]
      }
    },
    {
      "type": "Feature",
      "geometry": {
        "type": "Polygon",
        "coordinates": [
          [
            [
              52.42817081873793,
              29.83454706249429
            ],
            [
              52.42817822784193,
              29.83455629182508
            ],
            [
              52.42812004782761,
              29.83459179465732
            ],
            [
              52.42800150870579,
              29.83444413420979
            ],
            [
              52.42808619454655,
              29.83439245639199
            ],
            [
              52.42819732463305,
              29.83453088833543
            ],
            [
              52.42817081873793,
              29.83454706249429
            ]
          ]
        ]
      },
      "properties": {
        "name": "176",
        "area_m2": 226.36,
        "centroid": [
          52.428101,
          29.834491
        ]
      }
    },
    {
      "type": "Feature",
      "geometry": {
        "type": "Polygon",
        "coordinates": [
          [
            [
              52.42803537107768,
              29.83464346698638
            ],
            [
              52.42791683199996,
              29.83449580555964
            ],
            [
              52.42800150870579,
              29.83444413420979
            ],
            [
              52.42812004782761,
              29.83459179465732
            ],
            [
              52.42803537107768,
              29.83464346698638
            ]
          ]
        ]
      },
      "properties": {
        "name": "177",
        "area_m2": 230.85,
        "centroid": [
          52.428018,
          29.834544
        ]
      }
    },
    {
      "type": "Feature",
      "geometry": {
        "type": "Polygon",
        "coordinates": [
          [
            [
              52.4278736970313,
              29.83428492286788
            ],
            [
              52.42800150870579,
              29.83444413420979
            ],
            [
              52.42791683199996,
              29.83449580555964
            ],
            [
              52.42781059218119,
              29.83436346454132
            ],
            [
              52.4278736970313,
              29.83428492286788
            ]
          ]
        ]
      },
      "properties": {
        "name": "172",
        "area_m2": 227.9,
        "centroid": [
          52.427902,
          29.834396
        ]
      }
    },
    {
      "type": "Feature",
      "geometry": {
        "type": "Polygon",
        "coordinates": [
          [
            [
              52.42781059218119,
              29.83436346454132
            ],
            [
              52.42791683199996,
              29.83449580555964
            ],
            [
              52.42783215111788,
              29.83454748051123
            ],
            [
              52.42774748419346,
              29.83444201073154
            ],
            [
              52.42781059218119,
              29.83436346454132
            ]
          ]
        ]
      },
      "properties": {
        "name": "173",
        "area_m2": 185.9,
        "centroid": [
          52.427828,
          29.834461
        ]
      }
    },
    {
      "type": "Feature",
      "geometry": {
        "type": "Polygon",
        "coordinates": [
          [
            [
              52.42795069012581,
              29.83469514111277
            ],
            [
              52.42783215111788,
              29.83454748051123
            ],
            [
              52.42791683199996,
              29.83449580555964
            ],
            [
              52.42803537107768,
              29.83464346698638
            ],
            [
              52.42795069012581,
              29.83469514111277
            ]
          ]
        ]
      },
      "properties": {
        "name": "178",
        "area_m2": 230.86,
        "centroid": [
          52.427934,
          29.834595
        ]
      }
    },
    {
      "type": "Feature",
      "geometry": {
        "type": "Polygon",
        "coordinates": [
          [
            [
              52.42795069012581,
              29.83469514111277
            ],
            [
              52.42788290200947,
              29.83473650737346
            ],
            [
              52.4278541116738,
              29.8347320759436
            ],
            [
              52.42774742704521,
              29.83459918114253
            ],
            [
              52.42783215111788,
              29.83454748051123
            ],
            [
              52.42795069012581,
              29.83469514111277
            ]
          ]
        ]
      },
      "properties": {
        "name": "179",
        "area_m2": 228.67,
        "centroid": [
          52.427849,
          29.834646
        ]
      }
    },
    {
      "type": "Feature",
      "geometry": {
        "type": "Polygon",
        "coordinates": [
          [
            [
              52.42770094438551,
              29.83454127510434
            ],
            [
              52.42770013679674,
              29.83454023350957
            ],
            [
              52.42769937228451,
              29.8345391643789
            ],
            [
              52.42769865096428,
              29.83453807583213
            ],
            [
              52.42769797278474,
              29.83453696426046
            ],
            [
              52.42769734194921,
              29.83453583413012
            ],
            [
              52.42769675430569,
              29.83453468458371
            ],
            [
              52.42769621401902,
              29.83453351738085
            ],
            [
              52.42769572112768,
              29.83453233522818
            ],
            [
              52.4276952745969,
              29.83453113813687
            ],
            [
              52.42769487653474,
              29.83452992879114
            ],
            [
              52.42769452902362,
              29.83452870807083
            ],
            [
              52.42769422795002,
              29.83452747782513
            ],
            [
              52.42769397745314,
              29.83452623800923
            ],
            [
              52.42769377861906,
              29.8345249922208
            ],
            [
              52.42769362834343,
              29.83452374049337
            ],
            [
              52.4276935276995,
              29.83452248552239
            ],
            [
              52.42769347670012,
              29.83452122821004
            ],
            [
              52.42769347742772,
              29.83451996943617
            ],
            [
              52.42769352888596,
              29.83451871191855
            ],
            [
              52.42769362903094,
              29.83451745748398
            ],
            [
              52.4276937799194,
              29.83451620520787
            ],
            [
              52.42769398161551,
              29.83451495960122
            ],
            [
              52.42769423204965,
              29.83451372068644
            ],
            [
              52.42769453229514,
              29.83451249115893
            ],
            [
              52.42769488232629,
              29.83451126921429
            ],
            [
              52.42769528013766,
              29.83451005938589
            ],
            [
              52.42769572678972,
              29.83450886346697
            ],
            [
              52.42769622124767,
              29.83450768146869
            ],
            [
              52.42769676043277,
              29.83450651522905
            ],
            [
              52.42769734849704,
              29.83450536560546
            ],
            [
              52.42769798030501,
              29.83450423536051
            ],
            [
              52.42769865792624,
              29.83450312447178
            ],
            [
              52.42769938033877,
              29.8345020338527
            ],
            [
              52.42770014448956,
              29.83450096714561
            ],
            [
              52.42770095348296,
              29.83449992431695
            ],
            [
              52.42770250941663,
              29.83449798731442
            ],
            [
              52.42774748419346,
              29.83444201073154
            ],
            [
              52.42783215111788,
              29.83454748051123
            ],
            [
              52.42774742704521,
              29.83459918114253
            ],
            [
              52.42770094438551,
              29.83454127510434
            ]
          ]
        ]
      },
      "properties": {
        "name": "174",
        "area_m2": 142.3,
        "centroid": [
          52.427755,
          29.834526
        ]
      }
    },
    {
      "type": "Feature",
      "geometry": {
        "type": "Polygon",
        "coordinates": [
          [
            [
              52.42769554478317,
              29.83485083741213
            ],
            [
              52.42754116386759,
              29.83465852725819
            ],
            [
              52.42757947270508,
              29.83462271431416
            ],
            [
              52.42758020615689,
              29.83462203594631
            ],
            [
              52.42758096581218,
              29.83462138075608
            ],
            [
              52.42758175062333,
              29.83462074785245
            ],
            [
              52.42758255958121,
              29.83462013905101
            ],
            [
              52.42758339269865,
              29.83461955525397
            ],
            [
              52.42758424894083,
              29.83461899647249
            ],
            [
              52.42758512522905,
              29.83461846454459
            ],
            [
              52.42758602362004,
              29.83461795854562
            ],
            [
              52.42758693998748,
              29.83461747942258
            ],
            [
              52.42758787641376,
              29.83461702805528
            ],
            [
              52.42758882877254,
              29.83461660539068
            ],
            [
              52.42758979812428,
              29.83461621322197
            ],
            [
              52.4275907813261,
              29.83461584887612
            ],
            [
              52.42759177840365,
              29.83461551415755
            ],
            [
              52.42759278936975,
              29.83461520996841
            ],
            [
              52.42759381008524,
              29.83461493635349
            ],
            [
              52.42759484365451,
              29.83461469327924
            ],
            [
              52.42759588491639,
              29.83461448170376
            ],
            [
              52.42759693282326,
              29.83461430073603
            ],
            [
              52.42759798843558,
              29.83461415216928
            ],
            [
              52.42759904863613,
              29.83461403513488
            ],
            [
              52.42760011241575,
              29.83461395144841
            ],
            [
              52.42760117972317,
              29.83461389750104
            ],
            [
              52.42760224957488,
              29.83461387691282
            ],
            [
              52.42760331780605,
              29.83461388792401
            ],
            [
              52.42760438442948,
              29.83461393143687
            ],
            [
              52.42760545048,
              29.83461400744021
            ],
            [
              52.42760651180559,
              29.83461411507655
            ],
            [
              52.42760756840624,
              29.83461425434591
            ],
            [
              52.42760861924716,
              29.83461442525946
            ],
            [
              52.42760966329355,
              29.83461462782839
            ],
            [
              52.42761069846299,
              29.83461486117286
            ],
            [
              52.42761172269871,
              29.83461512621748
            ],
            [
              52.42761273597507,
              29.83461542115781
            ],
            [
              52.42761373829204,
              29.83461574599387
            ],
            [
              52.42761472657093,
              29.83461610256359
            ],
            [
              52.42761569869079,
              29.83461648728058
            ],
            [
              52.42761665673407,
              29.83461690102465
            ],
            [
              52.42761759656157,
              29.83461734384054
            ],
            [
              52.42761852021723,
              29.83461781390146
            ],
            [
              52.42761942356185,
              29.8346183112522
            ],
            [
              52.42762030660828,
              29.83461883679491
            ],
            [
              52.42762116931802,
              29.83461938782299
            ],
            [
              52.42762200753904,
              29.83461996347903
            ],
            [
              52.42762282441426,
              29.83462056643603
            ],
            [
              52.42762361676227,
              29.83462119131436
            ],
            [
              52.42762438358677,
              29.83462184083182
            ],
            [
              52.42762512589691,
              29.83462251317276
            ],
            [
              52.42762583849304,
              29.83462320658879
            ],
            [
              52.42762652551435,
              29.83462392103511
            ],
            [
              52.42762718177401,
              29.83462465566547
            ],
            [
              52.4276278103636,
              29.83462540954411
            ],
            [
              52.42775969126151,
              29.83478969339773
            ],
            [
              52.42775460955379,
              29.83481479462003
            ],
            [
              52.42769554478317,
              29.83485083741213
            ]
          ]
        ]
      },
      "properties": {
        "name": "180",
        "area_m2": 273.84,
        "centroid": [
          52.427654,
          29.834729
        ]
      }
    },
    {
      "type": "Feature",
      "geometry": {
        "type": "Polygon",
        "coordinates": [
          [
            [
              52.42769554478317,
              29.83485083741213
            ],
            [
              52.42763248965935,
              29.83488931632337
            ],
            [
              52.42762500719734,
              29.8348800940712
            ],
            [
              52.42760351024153,
              29.83489335174647
            ],
            [
              52.42746694195025,
              29.83472323242954
            ],
            [
              52.42750447523635,
              29.83469124749971
            ],
            [
              52.42754116386759,
              29.83465852725819
            ],
            [
              52.42769554478317,
              29.83485083741213
            ]
          ]
        ]
      },
      "properties": {
        "name": "181",
        "area_m2": 286.47,
        "centroid": [
          52.427579,
          29.834782
        ]
      }
    },
    {
      "type": "Feature",
      "geometry": {
        "type": "Polygon",
        "coordinates": [
          [
            [
              52.42738997207617,
              29.83478451309883
            ],
            [
              52.42742885570689,
              29.83475425240653
            ],
            [
              52.42746694195025,
              29.83472323242954
            ],
            [
              52.42760351024153,
              29.83489335174647
            ],
            [
              52.42751912809597,
              29.83494539955229
            ],
            [
              52.42738997207617,
              29.83478451309883
            ]
          ]
        ]
      },
      "properties": {
        "name": "182",
        "area_m2": 258.42,
        "centroid": [
          52.427495,
          29.834836
        ]
      }
    },
    {
      "type": "Feature",
      "geometry": {
        "type": "Polygon",
        "coordinates": [
          [
            [
              52.42754988969482,
              29.8349837197281
            ],
            [
              52.42746705511416,
              29.83503426732498
            ],
            [
              52.42734786243942,
              29.83497069080413
            ],
            [
              52.4273448413865,
              29.83496901622572
            ],
            [
              52.42734188941736,
              29.83496725066648
            ],
            [
              52.42733900553568,
              29.83496539684418
            ],
            [
              52.42733620011511,
              29.83496345645142
            ],
            [
              52.42733347321983,
              29.8349614339992
            ],
            [
              52.42733082690658,
              29.83495932856294
            ],
            [
              52.42732826747398,
              29.83495714639099
            ],
            [
              52.42732579595683,
              29.83495488747214
            ],
            [
              52.42732341345405,
              29.83495255630623
            ],
            [
              52.42732112824405,
              29.83495015280382
            ],
            [
              52.42731893833422,
              29.8349476824005
            ],
            [
              52.42731684790221,
              29.8349451477581
            ],
            [
              52.42731485904327,
              29.83494255065871
            ],
            [
              52.42731297597359,
              29.83493989647078
            ],
            [
              52.42731119767117,
              29.83493718610775
            ],
            [
              52.42730952936132,
              29.83493442312246
            ],
            [
              52.42730797214299,
              29.83493161201478
            ],
            [
              52.42730652602898,
              29.83492875368688
            ],
            [
              52.42730519632156,
              29.83492585710492
            ],
            [
              52.42730398194743,
              29.83492291957346
            ],
            [
              52.42730288299642,
              29.8349199474079
            ],
            [
              52.42730190470659,
              29.83491694506338
            ],
            [
              52.42730104606883,
              29.83491391435544
            ],
            [
              52.42730030816924,
              29.83491085888177
            ],
            [
              52.42729969107192,
              29.83490778315332
            ],
            [
              52.42729919793259,
              29.83490469074541
            ],
            [
              52.42729882776774,
              29.834901585278
            ],
            [
              52.42729858062867,
              29.83489847035991
            ],
            [
              52.42729845656668,
              29.83489534959996
            ],
            [
              52.42729845979791,
              29.83489222836663
            ],
            [
              52.42729858413922,
              29.83488910853142
            ],
            [
              52.42729883274629,
              29.83488599366958
            ],
            [
              52.4272992067309,
              29.83488288918317
            ],
            [
              52.42729970197946,
              29.83487979692132
            ],
            [
              52.42730032062572,
              29.83487672137266
            ],
            [
              52.42730105962939,
              29.83487366708176
            ],
            [
              52.42730192108572,
              29.83487063583065
            ],
            [
              52.4273029019801,
              29.83486763396832
            ],
            [
              52.42730400127771,
              29.83486466150593
            ],
            [
              52.42730522014161,
              29.83486172745432
            ],
            [
              52.42730655231168,
              29.83485882827181
            ],
            [
              52.42730799893817,
              29.83485597206699
            ],
            [
              52.42730956007238,
              29.83485316244869
            ],
            [
              52.42731122951833,
              29.83485040038621
            ],
            [
              52.42731300940975,
              29.8348476903682
            ],
            [
              52.4273148946496,
              29.83484503786377
            ],
            [
              52.42731688522504,
              29.83484244197074
            ],
            [
              52.42731897707384,
              29.83483990814704
            ],
            [
              52.42732116918685,
              29.83483743820825
            ],
            [
              52.42732345853663,
              29.83483503760114
            ],
            [
              52.42732583996202,
              29.83483270728383
            ],
            [
              52.42732831347583,
              29.8348304481585
            ],
            [
              52.42733087504148,
              29.83482826748753
            ],
            [
              52.42733352154177,
              29.83482616440224
            ],
            [
              52.42733625097121,
              29.83482414343602
            ],
            [
              52.42738997207617,
              29.83478451309883
            ],
            [
              52.42751912809597,
              29.83494539955229
            ],
            [
              52.42754988969482,
              29.8349837197281
            ]
          ]
        ]
      },
      "properties": {
        "name": "183",
        "area_m2": 413.49,
        "centroid": [
          52.427411,
          29.834918
        ]
      }
    },
    {
      "type": "Feature",
      "geometry": {
        "type": "Polygon",
        "coordinates": [
          [
            [
              52.42815863024571,
              29.83583902364418
            ],
            [
              52.42807490707169,
              29.83583899329246
            ],
            [
              52.42807503235442,
              29.83562772503563
            ],
            [
              52.42807507342698,
              29.83556193400584
            ],
            [
              52.42815876293099,
              29.83561992208895
            ],
            [
              52.42815863024571,
              29.83583902364418
            ]
          ]
        ]
      },
      "properties": {
        "name": "232",
        "area_m2": 257.39,
        "centroid": [
          52.428115,
          29.835714
        ]
      }
    },
    {
      "type": "Feature",
      "geometry": {
        "type": "Polygon",
        "coordinates": [
          [
            [
              52.42799130936723,
              29.8356276955273
            ],
            [
              52.42790758535583,
              29.83562766687927
            ],
            [
              52.42790769570286,
              29.83544595495162
            ],
            [
              52.42807507342698,
              29.83556193400584
            ],
            [
              52.42807503235442,
              29.83562772503563
            ],
            [
              52.42799130936723,
              29.8356276955273
            ]
          ]
        ]
      },
      "properties": {
        "name": "148.1",
        "area_m2": 256.79,
        "centroid": [
          52.427978,
          29.835561
        ]
      }
    },
    {
      "type": "Feature",
      "geometry": {
        "type": "Polygon",
        "coordinates": [
          [
            [
              52.4279911818258,
              29.83583896291007
            ],
            [
              52.42799130936723,
              29.8356276955273
            ],
            [
              52.42807503235442,
              29.83562772503563
            ],
            [
              52.42807490707169,
              29.83583899329246
            ],
            [
              52.4279911818258,
              29.83583896291007
            ]
          ]
        ]
      },
      "properties": {
        "name": "231",
        "area_m2": 219.19,
        "centroid": [
          52.428033,
          29.835733
        ]
      }
    },
    {
      "type": "Feature",
      "geometry": {
        "type": "Polygon",
        "coordinates": [
          [
            [
              52.42790745863444,
              29.83583893154998
            ],
            [
              52.42790758535583,
              29.83562766687927
            ],
            [
              52.42799130936723,
              29.8356276955273
            ],
            [
              52.4279911818258,
              29.83583896291007
            ],
            [
              52.42790745863444,
              29.83583893154998
            ]
          ]
        ]
      },
      "properties": {
        "name": "230",
        "area_m2": 219.19,
        "centroid": [
          52.427949,
          29.835733
        ]
      }
    },
    {
      "type": "Feature",
      "geometry": {
        "type": "Polygon",
        "coordinates": [
          [
            [
              52.42782769296925,
              29.8354054990318
            ],
            [
              52.42782977369718,
              29.83540553067618
            ],
            [
              52.42783185216762,
              29.83540562189943
            ],
            [
              52.42783392426703,
              29.83540577455074
            ],
            [
              52.42783599103022,
              29.8354059886189
            ],
            [
              52.42783804830513,
              29.83540626324646
            ],
            [
              52.42784009504415,
              29.83540659754241
            ],
            [
              52.42784212499993,
              29.83540698886728
            ],
            [
              52.42784414134106,
              29.8354074416985
            ],
            [
              52.42784613886786,
              29.83540795428763
            ],
            [
              52.42784811441175,
              29.83540852215719
            ],
            [
              52.42785006700209,
              29.83540914982941
            ],
            [
              52.42785199555275,
              29.83540983370666
            ],
            [
              52.42785389589885,
              29.8354105720293
            ],
            [
              52.42785576599644,
              29.83541136662409
            ],
            [
              52.42785760583271,
              29.83541221658885
            ],
            [
              52.42785941018227,
              29.83541311837069
            ],
            [
              52.42786118010562,
              29.83541407376286
            ],
            [
              52.42786291244702,
              29.83541507919007
            ],
            [
              52.42786460411487,
              29.83541613558813
            ],
            [
              52.4278662561055,
              29.83541724023923
            ],
            [
              52.42790769570286,
              29.83544595495162
            ],
            [
              52.42790758535583,
              29.83562766687927
            ],
            [
              52.42782386032017,
              29.83562763909154
            ],
            [
              52.42782399606844,
              29.83540549839595
            ],
            [
              52.42782769296925,
              29.8354054990318
            ]
          ]
        ]
      },
      "properties": {
        "name": "235",
        "area_m2": 215.3,
        "centroid": [
          52.427864,
          29.835523
        ]
      }
    },
    {
      "type": "Feature",
      "geometry": {
        "type": "Polygon",
        "coordinates": [
          [
            [
              52.42782373338404,
              29.83583890106137
            ],
            [
              52.42782386032017,
              29.83562763909154
            ],
            [
              52.42790758535583,
              29.83562766687927
            ],
            [
              52.42790745863444,
              29.83583893154998
            ],
            [
              52.42782373338404,
              29.83583890106137
            ]
          ]
        ]
      },
      "properties": {
        "name": "229",
        "area_m2": 219.19,
        "centroid": [
          52.427866,
          29.835733
        ]
      }
    },
    {
      "type": "Feature",
      "geometry": {
        "type": "Polygon",
        "coordinates": [
          [
            [
              52.42774013733906,
              29.83562761032614
            ],
            [
              52.42774027223783,
              29.8354054696357
            ],
            [
              52.42782399606844,
              29.83540549839595
            ],
            [
              52.42782386032017,
              29.83562763909154
            ],
            [
              52.42774013733906,
              29.83562761032614
            ]
          ]
        ]
      },
      "properties": {
        "name": "236",
        "area_m2": 230.47,
        "centroid": [
          52.427782,
          29.835517
        ]
      }
    },
    {
      "type": "Feature",
      "geometry": {
        "type": "Polygon",
        "coordinates": [
          [
            [
              52.427740010201,
              29.8358388704973
            ],
            [
              52.42774013733906,
              29.83562761032614
            ],
            [
              52.42782386032017,
              29.83562763909154
            ],
            [
              52.42782373338404,
              29.83583890106137
            ],
            [
              52.427740010201,
              29.8358388704973
            ]
          ]
        ]
      },
      "properties": {
        "name": "228",
        "area_m2": 219.18,
        "centroid": [
          52.427782,
          29.835733
        ]
      }
    },
    {
      "type": "Feature",
      "geometry": {
        "type": "Polygon",
        "coordinates": [
          [
            [
              52.42765641332085,
              29.83562758151882
            ],
            [
              52.42765654633536,
              29.83540544084475
            ],
            [
              52.42774027223783,
              29.8354054696357
            ],
            [
              52.42774013733906,
              29.83562761032614
            ],
            [
              52.42765641332085,
              29.83562758151882
            ]
          ]
        ]
      },
      "properties": {
        "name": "237",
        "area_m2": 230.48,
        "centroid": [
          52.427698,
          29.835517
        ]
      }
    },
    {
      "type": "Feature",
      "geometry": {
        "type": "Polygon",
        "coordinates": [
          [
            [
              52.42765628493326,
              29.8358388390003
            ],
            [
              52.42765641332085,
              29.83562758151882
            ],
            [
              52.42774013733906,
              29.83562761032614
            ],
            [
              52.427740010201,
              29.8358388704973
            ],
            [
              52.42765628493326,
              29.8358388390003
            ]
          ]
        ]
      },
      "properties": {
        "name": "227",
        "area_m2": 219.19,
        "centroid": [
          52.427698,
          29.835733
        ]
      }
    },
    {
      "type": "Feature",
      "geometry": {
        "type": "Polygon",
        "coordinates": [
          [
            [
              52.42757268827844,
              29.83562755357181
            ],
            [
              52.42757282354788,
              29.8354054128693
            ],
            [
              52.42765654633536,
              29.83540544084475
            ],
            [
              52.42765641332085,
              29.83562758151882
            ],
            [
              52.42757268827844,
              29.83562755357181
            ]
          ]
        ]
      },
      "properties": {
        "name": "238",
        "area_m2": 230.47,
        "centroid": [
          52.427615,
          29.835516
        ]
      }
    },
    {
      "type": "Feature",
      "geometry": {
        "type": "Polygon",
        "coordinates": [
          [
            [
              52.4275725607109,
              29.83583880834122
            ],
            [
              52.42757268827844,
              29.83562755357181
            ],
            [
              52.42765641332085,
              29.83562758151882
            ],
            [
              52.42765628493326,
              29.8358388390003
            ],
            [
              52.4275725607109,
              29.83583880834122
            ]
          ]
        ]
      },
      "properties": {
        "name": "226",
        "area_m2": 219.18,
        "centroid": [
          52.427614,
          29.835733
        ]
      }
    },
    {
      "type": "Feature",
      "geometry": {
        "type": "Polygon",
        "coordinates": [
          [
            [
              52.42748896526489,
              29.83562752284271
            ],
            [
              52.42748909969766,
              29.83540538304758
            ],
            [
              52.42757282354788,
              29.8354054128693
            ],
            [
              52.42757268827844,
              29.83562755357181
            ],
            [
              52.42748896526489,
              29.83562752284271
            ]
          ]
        ]
      },
      "properties": {
        "name": "239",
        "area_m2": 230.47,
        "centroid": [
          52.427531,
          29.835516
        ]
      }
    },
    {
      "type": "Feature",
      "geometry": {
        "type": "Polygon",
        "coordinates": [
          [
            [
              52.42748883648629,
              29.83583877762907
            ],
            [
              52.42748896526489,
              29.83562752284271
            ],
            [
              52.42757268827844,
              29.83562755357181
            ],
            [
              52.4275725607109,
              29.83583880834122
            ],
            [
              52.42748883648629,
              29.83583877762907
            ]
          ]
        ]
      },
      "properties": {
        "name": "225",
        "area_m2": 219.18,
        "centroid": [
          52.427531,
          29.835733
        ]
      }
    },
    {
      "type": "Feature",
      "geometry": {
        "type": "Polygon",
        "coordinates": [
          [
            [
              52.42740523919596,
              29.83562749570289
            ],
            [
              52.42740537483606,
              29.83540535498834
            ],
            [
              52.42748909969766,
              29.83540538304758
            ],
            [
              52.42748896526489,
              29.83562752284271
            ],
            [
              52.42740523919596,
              29.83562749570289
            ]
          ]
        ]
      },
      "properties": {
        "name": "240",
        "area_m2": 230.48,
        "centroid": [
          52.427447,
          29.835516
        ]
      }
    },
    {
      "type": "Feature",
      "geometry": {
        "type": "Polygon",
        "coordinates": [
          [
            [
              52.42748896526489,
              29.83562752284271
            ],
            [
              52.42748883648629,
              29.83583877762907
            ],
            [
              52.42740649802347,
              29.83583874271381
            ],
            [
              52.42740511105784,
              29.83583873514635
            ],
            [
              52.42740523919596,
              29.83562749570289
            ],
            [
              52.42748896526489,
              29.83562752284271
            ]
          ]
        ]
      },
      "properties": {
        "name": "224",
        "area_m2": 219.18,
        "centroid": [
          52.427447,
          29.835733
        ]
      }
    },
    {
      "type": "Feature",
      "geometry": {
        "type": "Polygon",
        "coordinates": [
          [
            [
              52.42732151516874,
              29.83562746668321
            ],
            [
              52.42732165202897,
              29.83540532595143
            ],
            [
              52.42740537483606,
              29.83540535498834
            ],
            [
              52.42740523919596,
              29.83562749570289
            ],
            [
              52.42732151516874,
              29.83562746668321
            ]
          ]
        ]
      },
      "properties": {
        "name": "241",
        "area_m2": 230.47,
        "centroid": [
          52.427363,
          29.835516
        ]
      }
    },
    {
      "type": "Feature",
      "geometry": {
        "type": "Polygon",
        "coordinates": [
          [
            [
              52.42740523919596,
              29.83562749570289
            ],
            [
              52.42740511105784,
              29.83583873514635
            ],
            [
              52.42732138698268,
              29.83583871515443
            ],
            [
              52.4273213872393,
              29.83583851483191
            ],
            [
              52.42732151516874,
              29.83562746668321
            ],
            [
              52.42740523919596,
              29.83562749570289
            ]
          ]
        ]
      },
      "properties": {
        "name": "223",
        "area_m2": 219.17,
        "centroid": [
          52.427363,
          29.835733
        ]
      }
    },
    {
      "type": "Feature",
      "geometry": {
        "type": "Polygon",
        "coordinates": [
          [
            [
              52.42723779217408,
              29.83562743759923
            ],
            [
              52.42723792819764,
              29.83540529777483
            ],
            [
              52.42732165202897,
              29.83540532595143
            ],
            [
              52.42732151516874,
              29.83562746668321
            ],
            [
              52.42723779217408,
              29.83562743759923
            ]
          ]
        ]
      },
      "properties": {
        "name": "242",
        "area_m2": 230.47,
        "centroid": [
          52.42728,
          29.835516
        ]
      }
    },
    {
      "type": "Feature",
      "geometry": {
        "type": "Polygon",
        "coordinates": [
          [
            [
              52.42732151516874,
              29.83562746668321
            ],
            [
              52.4273213872393,
              29.83583851483191
            ],
            [
              52.42732138698268,
              29.83583871515443
            ],
            [
              52.42731951161252,
              29.83583871466938
            ],
            [
              52.4272376617165,
              29.83583868429415
            ],
            [
              52.42723779217408,
              29.83562743759923
            ],
            [
              52.42732151516874,
              29.83562746668321
            ]
          ]
        ]
      },
      "properties": {
        "name": "222",
        "area_m2": 219.17,
        "centroid": [
          52.42728,
          29.835733
        ]
      }
    },
    {
      "type": "Feature",
      "geometry": {
        "type": "Polygon",
        "coordinates": [
          [
            [
              52.42715406710754,
              29.83562740848454
            ],
            [
              52.4271542033036,
              29.83540526775188
            ],
            [
              52.42723792819764,
              29.83540529777483
            ],
            [
              52.42723779217408,
              29.83562743759923
            ],
            [
              52.42715406710754,
              29.83562740848454
            ]
          ]
        ]
      },
      "properties": {
        "name": "243",
        "area_m2": 230.48,
        "centroid": [
          52.427196,
          29.835516
        ]
      }
    },
    {
      "type": "Feature",
      "geometry": {
        "type": "Polygon",
        "coordinates": [
          [
            [
              52.42715393747004,
              29.8358386524674
            ],
            [
              52.42715406710754,
              29.83562740848454
            ],
            [
              52.42723779217408,
              29.83562743759923
            ],
            [
              52.4272376617165,
              29.83583868429415
            ],
            [
              52.42715393747004,
              29.8358386524674
            ]
          ]
        ]
      },
      "properties": {
        "name": "221",
        "area_m2": 219.17,
        "centroid": [
          52.427196,
          29.835733
        ]
      }
    },
    {
      "type": "Feature",
      "geometry": {
        "type": "Polygon",
        "coordinates": [
          [
            [
              52.42707034307355,
              29.83562737930558
            ],
            [
              52.42707048050257,
              29.83540523945791
            ],
            [
              52.4271542033036,
              29.83540526775188
            ],
            [
              52.42715406710754,
              29.83562740848454
            ],
            [
              52.42707034307355,
              29.83562737930558
            ]
          ]
        ]
      },
      "properties": {
        "name": "244",
        "area_m2": 230.47,
        "centroid": [
          52.427112,
          29.835516
        ]
      }
    },
    {
      "type": "Feature",
      "geometry": {
        "type": "Polygon",
        "coordinates": [
          [
            [
              52.4270702142818,
              29.83583862238078
            ],
            [
              52.42707034307355,
              29.83562737930558
            ],
            [
              52.42715406710754,
              29.83562740848454
            ],
            [
              52.42715393747004,
              29.8358386524674
            ],
            [
              52.4270702142818,
              29.83583862238078
            ]
          ]
        ]
      },
      "properties": {
        "name": "220",
        "area_m2": 219.17,
        "centroid": [
          52.427112,
          29.835733
        ]
      }
    },
    {
      "type": "Feature",
      "geometry": {
        "type": "Polygon",
        "coordinates": [
          [
            [
              52.42698661905013,
              29.8356273509757
            ],
            [
              52.42698675561685,
              29.835405210231
            ],
            [
              52.42707048050257,
              29.83540523945791
            ],
            [
              52.42707034307355,
              29.83562737930558
            ],
            [
              52.42698661905013,
              29.8356273509757
            ]
          ]
        ]
      },
      "properties": {
        "name": "245",
        "area_m2": 230.48,
        "centroid": [
          52.427029,
          29.835516
        ]
      }
    },
    {
      "type": "Feature",
      "geometry": {
        "type": "Polygon",
        "coordinates": [
          [
            [
              52.42698648899604,
              29.83583859045902
            ],
            [
              52.42698661905013,
              29.8356273509757
            ],
            [
              52.42707034307355,
              29.83562737930558
            ],
            [
              52.4270702142818,
              29.83583862238078
            ],
            [
              52.42698648899604,
              29.83583859045902
            ]
          ]
        ]
      },
      "properties": {
        "name": "219",
        "area_m2": 219.17,
        "centroid": [
          52.427028,
          29.835733
        ]
      }
    },
    {
      "type": "Feature",
      "geometry": {
        "type": "Polygon",
        "coordinates": [
          [
            [
              52.42690289501163,
              29.83562732169055
            ],
            [
              52.42690303072887,
              29.83540518095099
            ],
            [
              52.42698675561685,
              29.835405210231
            ],
            [
              52.42698661905013,
              29.8356273509757
            ],
            [
              52.42690289501163,
              29.83562732169055
            ]
          ]
        ]
      },
      "properties": {
        "name": "246",
        "area_m2": 230.48,
        "centroid": [
          52.426945,
          29.835516
        ]
      }
    },
    {
      "type": "Feature",
      "geometry": {
        "type": "Polygon",
        "coordinates": [
          [
            [
              52.42690276577764,
              29.83583855846181
            ],
            [
              52.42690289501163,
              29.83562732169055
            ],
            [
              52.42698661905013,
              29.8356273509757
            ],
            [
              52.42698648899604,
              29.83583859045902
            ],
            [
              52.42690276577764,
              29.83583855846181
            ]
          ]
        ]
      },
      "properties": {
        "name": "218",
        "area_m2": 219.16,
        "centroid": [
          52.426945,
          29.835733
        ]
      }
    },
    {
      "type": "Feature",
      "geometry": {
        "type": "Polygon",
        "coordinates": [
          [
            [
              52.42803290343669,
              29.83689540293838
            ],
            [
              52.42813626071975,
              29.83689548264827
            ],
            [
              52.42813608411051,
              29.83707570096973
            ],
            [
              52.42803272045856,
              29.83707562313739
            ],
            [
              52.42803290343669,
              29.83689540293838
            ]
          ]
        ]
      },
      "properties": {
        "name": "253",
        "area_m2": 230.83,
        "centroid": [
          52.428084,
          29.836986
        ]
      }
    },
    {
      "type": "Feature",
      "geometry": {
        "type": "Polygon",
        "coordinates": [
          [
            [
              52.42792953162429,
              29.83689532059762
            ],
            [
              52.42803290343669,
              29.83689540293838
            ],
            [
              52.42803272045856,
              29.83707562313739
            ],
            [
              52.42792935576844,
              29.83707554523529
            ],
            [
              52.42792953162429,
              29.83689532059762
            ]
          ]
        ]
      },
      "properties": {
        "name": "252",
        "area_m2": 230.86,
        "centroid": [
          52.427981,
          29.836985
        ]
      }
    },
    {
      "type": "Feature",
      "geometry": {
        "type": "Polygon",
        "coordinates": [
          [
            [
              52.42782616707797,
              29.836895239902
            ],
            [
              52.42792953162429,
              29.83689532059762
            ],
            [
              52.42792935576844,
              29.83707554523529
            ],
            [
              52.42782599110063,
              29.83707546905666
            ],
            [
              52.42782616707797,
              29.836895239902
            ]
          ]
        ]
      },
      "properties": {
        "name": "251",
        "area_m2": 230.85,
        "centroid": [
          52.427878,
          29.836985
        ]
      }
    },
    {
      "type": "Feature",
      "geometry": {
        "type": "Polygon",
        "coordinates": [
          [
            [
              52.43005795006189,
              29.8373100869451
            ],
            [
              52.43005942107294,
              29.83731025328837
            ],
            [
              52.43026317454861,
              29.8373333122224
            ],
            [
              52.43019848891814,
              29.83745744031328
            ],
            [
              52.43001027468833,
              29.83738288879809
            ],
            [
              52.43004875287333,
              29.83730904688477
            ],
            [
              52.43005795006189,
              29.8373100869451
            ]
          ]
        ]
      },
      "properties": {
        "name": "234",
        "area_m2": 278.53,
        "centroid": [
          52.430139,
          29.837373
        ]
      }
    },
    {
      "type": "Feature",
      "geometry": {
        "type": "Polygon",
        "coordinates": [
          [
            [
              52.43001027468833,
              29.83738288879809
            ],
            [
              52.43019848891814,
              29.83745744031328
            ],
            [
              52.43015573313857,
              29.83753948665193
            ],
            [
              52.42996751671169,
              29.83746493510315
            ],
            [
              52.43001027468833,
              29.83738288879809
            ]
          ]
        ]
      },
      "properties": {
        "name": "170",
        "area_m2": 230.86,
        "centroid": [
          52.430083,
          29.837461
        ]
      }
    },
    {
      "type": "Feature",
      "geometry": {
        "type": "Polygon",
        "coordinates": [
          [
            [
              52.42996751671169,
              29.83746493510315
            ],
            [
              52.43015573313857,
              29.83753948665193
            ],
            [
              52.43011297731711,
              29.83762153478246
            ],
            [
              52.4299247607628,
              29.83754698317764
            ],
            [
              52.42996751671169,
              29.83746493510315
            ]
          ]
        ]
      },
      "properties": {
        "name": "169",
        "area_m2": 230.87,
        "centroid": [
          52.43004,
          29.837543
        ]
      }
    },
    {
      "type": "Feature",
      "geometry": {
        "type": "Polygon",
        "coordinates": [
          [
            [
              52.4299247607628,
              29.83754698317764
            ],
            [
              52.43011297731711,
              29.83762153478246
            ],
            [
              52.43007022036751,
              29.83770358110726
            ],
            [
              52.4298820047206,
              29.83762902943522
            ],
            [
              52.4299247607628,
              29.83754698317764
            ]
          ]
        ]
      },
      "properties": {
        "name": "168",
        "area_m2": 230.87,
        "centroid": [
          52.429997,
          29.837625
        ]
      }
    },
    {
      "type": "Feature",
      "geometry": {
        "type": "Polygon",
        "coordinates": [
          [
            [
              52.4298820047206,
              29.83762902943522
            ],
            [
              52.43007022036751,
              29.83770358110726
            ],
            [
              52.43002746544568,
              29.83778562920154
            ],
            [
              52.42983924964563,
              29.83771107566908
            ],
            [
              52.4298820047206,
              29.83762902943522
            ]
          ]
        ]
      },
      "properties": {
        "name": "167",
        "area_m2": 230.87,
        "centroid": [
          52.429955,
          29.837707
        ]
      }
    },
    {
      "type": "Feature",
      "geometry": {
        "type": "Polygon",
        "coordinates": [
          [
            [
              52.42983924964563,
              29.83771107566908
            ],
            [
              52.43002746544568,
              29.83778562920154
            ],
            [
              52.4299847093957,
              29.8378676754901
            ],
            [
              52.42979649244627,
              29.83779312281503
            ],
            [
              52.42983924964563,
              29.83771107566908
            ]
          ]
        ]
      },
      "properties": {
        "name": "83",
        "area_m2": 230.87,
        "centroid": [
          52.429912,
          29.837789
        ]
      }
    },
    {
      "type": "Feature",
      "geometry": {
        "type": "Polygon",
        "coordinates": [
          [
            [
              52.42979649244627,
              29.83779312281503
            ],
            [
              52.4299847093957,
              29.8378676754901
            ],
            [
              52.42994195329098,
              29.83794972266832
            ],
            [
              52.42982673185649,
              29.83790408285027
            ],
            [
              52.4297537372361,
              29.83787516902383
            ],
            [
              52.42979649244627,
              29.83779312281503
            ]
          ]
        ]
      },
      "properties": {
        "name": "58",
        "area_m2": 230.87,
        "centroid": [
          52.429869,
          29.837871
        ]
      }
    },
    {
      "type": "Feature",
      "geometry": {
        "type": "Polygon",
        "coordinates": [
          [
            [
              52.42681917097087,
              29.83562729235231
            ],
            [
              52.42681930687344,
              29.83540515160672
            ],
            [
              52.42690303072887,
              29.83540518095099
            ],
            [
              52.42690289501163,
              29.83562732169055
            ],
            [
              52.42681917097087,
              29.83562729235231
            ]
          ]
        ]
      },
      "properties": {
        "name": "247",
        "area_m2": 230.47,
        "centroid": [
          52.426861,
          29.835516
        ]
      }
    },
    {
      "type": "Feature",
      "geometry": {
        "type": "Polygon",
        "coordinates": [
          [
            [
              52.42681904048737,
              29.83583852643385
            ],
            [
              52.42681917097087,
              29.83562729235231
            ],
            [
              52.42690289501163,
              29.83562732169055
            ],
            [
              52.42690276577764,
              29.83583855846181
            ],
            [
              52.42681904048737,
              29.83583852643385
            ]
          ]
        ]
      },
      "properties": {
        "name": "217",
        "area_m2": 219.16,
        "centroid": [
          52.426861,
          29.835733
        ]
      }
    },
    {
      "type": "Feature",
      "geometry": {
        "type": "Polygon",
        "coordinates": [
          [
            [
              52.42673544692786,
              29.83562726296094
            ],
            [
              52.42673558199377,
              29.83540512312273
            ],
            [
              52.42681930687344,
              29.83540515160672
            ],
            [
              52.42681917097087,
              29.83562729235231
            ],
            [
              52.42673544692786,
              29.83562726296094
            ]
          ]
        ]
      },
      "properties": {
        "name": "248",
        "area_m2": 230.48,
        "centroid": [
          52.426777,
          29.835516
        ]
      }
    },
    {
      "type": "Feature",
      "geometry": {
        "type": "Polygon",
        "coordinates": [
          [
            [
              52.4267353172773,
              29.83583849523266
            ],
            [
              52.42673544692786,
              29.83562726296094
            ],
            [
              52.42681917097087,
              29.83562729235231
            ],
            [
              52.42681904048737,
              29.83583852643385
            ],
            [
              52.4267353172773,
              29.83583849523266
            ]
          ]
        ]
      },
      "properties": {
        "name": "216",
        "area_m2": 219.16,
        "centroid": [
          52.426777,
          29.835733
        ]
      }
    },
    {
      "type": "Feature",
      "geometry": {
        "type": "Polygon",
        "coordinates": [
          [
            [
              52.42665172081298,
              29.83562723353887
            ],
            [
              52.426651858121,
              29.83540509277004
            ],
            [
              52.42673558199377,
              29.83540512312273
            ],
            [
              52.42673544692786,
              29.83562726296094
            ],
            [
              52.42665172081298,
              29.83562723353887
            ]
          ]
        ]
      },
      "properties": {
        "name": "249",
        "area_m2": 230.48,
        "centroid": [
          52.426694,
          29.835516
        ]
      }
    },
    {
      "type": "Feature",
      "geometry": {
        "type": "Polygon",
        "coordinates": [
          [
            [
              52.42665159742015,
              29.83582945135755
            ],
            [
              52.42665172081298,
              29.83562723353887
            ],
            [
              52.42673544692786,
              29.83562726296094
            ],
            [
              52.4267353172773,
              29.83583849523266
            ],
            [
              52.42667123166487,
              29.83583847110431
            ],
            [
              52.42667123606591,
              29.83582945937457
            ],
            [
              52.42665159742015,
              29.83582945135755
            ]
          ]
        ]
      },
      "properties": {
        "name": "215",
        "area_m2": 216.97,
        "centroid": [
          52.426694,
          29.835732
        ]
      }
    },
    {
      "type": "Feature",
      "geometry": {
        "type": "Polygon",
        "coordinates": [
          [
            [
              52.42656813425881,
              29.83540506326649
            ],
            [
              52.426651858121,
              29.83540509277004
            ],
            [
              52.42665172081298,
              29.83562723353887
            ],
            [
              52.42656799780027,
              29.83562720403014
            ],
            [
              52.42656813425881,
              29.83540506326649
            ]
          ]
        ]
      },
      "properties": {
        "name": "250",
        "area_m2": 230.47,
        "centroid": [
          52.42661,
          29.835516
        ]
      }
    },
    {
      "type": "Feature",
      "geometry": {
        "type": "Polygon",
        "coordinates": [
          [
            [
              52.42656787201526,
              29.83582941105023
            ],
            [
              52.42656799780027,
              29.83562720403014
            ],
            [
              52.42665172081298,
              29.83562723353887
            ],
            [
              52.42665159742015,
              29.83582945135755
            ],
            [
              52.42656787201526,
              29.83582941105023
            ]
          ]
        ]
      },
      "properties": {
        "name": "214",
        "area_m2": 209.8,
        "centroid": [
          52.42661,
          29.835728
        ]
      }
    },
    {
      "type": "Feature",
      "geometry": {
        "type": "Polygon",
        "coordinates": [
          [
            [
              52.42795166093328,
              29.8359357602613
            ],
            [
              52.42795031777015,
              29.8361297483185
            ],
            [
              52.42786344816938,
              29.83612929076319
            ],
            [
              52.427864791385,
              29.83593529458151
            ],
            [
              52.42795166093328,
              29.8359357602613
            ]
          ]
        ]
      },
      "properties": {
        "name": "200",
        "area_m2": 208.84,
        "centroid": [
          52.427908,
          29.836033
        ]
      }
    },
    {
      "type": "Feature",
      "geometry": {
        "type": "Polygon",
        "coordinates": [
          [
            [
              52.42786344816938,
              29.83612929076319
            ],
            [
              52.42777920862847,
              29.83612884712604
            ],
            [
              52.42778055187867,
              29.8359348419178
            ],
            [
              52.427864791385,
              29.83593529458151
            ],
            [
              52.42786344816938,
              29.83612929076319
            ]
          ]
        ]
      },
      "properties": {
        "name": "201",
        "area_m2": 202.53,
        "centroid": [
          52.427822,
          29.836032
        ]
      }
    },
    {
      "type": "Feature",
      "geometry": {
        "type": "Polygon",
        "coordinates": [
          [
            [
              52.42777920862847,
              29.83612884712604
            ],
            [
              52.42769496908596,
              29.83612840343512
            ],
            [
              52.4276963123836,
              29.83593439010252
            ],
            [
              52.42778055187867,
              29.8359348419178
            ],
            [
              52.42777920862847,
              29.83612884712604
            ]
          ]
        ]
      },
      "properties": {
        "name": "202",
        "area_m2": 202.53,
        "centroid": [
          52.427738,
          29.836032
        ]
      }
    },
    {
      "type": "Feature",
      "geometry": {
        "type": "Polygon",
        "coordinates": [
          [
            [
              52.42769496908596,
              29.83612840343512
            ],
            [
              52.42761072645028,
              29.83612796062617
            ],
            [
              52.42761207186498,
              29.83593393914686
            ],
            [
              52.4276963123836,
              29.83593439010252
            ],
            [
              52.42769496908596,
              29.83612840343512
            ]
          ]
        ]
      },
      "properties": {
        "name": "203",
        "area_m2": 202.55,
        "centroid": [
          52.427654,
          29.836031
        ]
      }
    },
    {
      "type": "Feature",
      "geometry": {
        "type": "Polygon",
        "coordinates": [
          [
            [
              52.42761072645028,
              29.83612796062617
            ],
            [
              52.42752648691742,
              29.83612751772989
            ],
            [
              52.42752783235392,
              29.83593348632183
            ],
            [
              52.42761207186498,
              29.83593393914686
            ],
            [
              52.42761072645028,
              29.83612796062617
            ]
          ]
        ]
      },
      "properties": {
        "name": "204",
        "area_m2": 202.55,
        "centroid": [
          52.427569,
          29.836031
        ]
      }
    },
    {
      "type": "Feature",
      "geometry": {
        "type": "Polygon",
        "coordinates": [
          [
            [
              52.42752648691742,
              29.83612751772989
            ],
            [
              52.42744224737015,
              29.83612707387764
            ],
            [
              52.42744359284129,
              29.83593303344302
            ],
            [
              52.42752783235392,
              29.83593348632183
            ],
            [
              52.42752648691742,
              29.83612751772989
            ]
          ]
        ]
      },
      "properties": {
        "name": "205",
        "area_m2": 202.56,
        "centroid": [
          52.427485,
          29.83603
        ]
      }
    },
    {
      "type": "Feature",
      "geometry": {
        "type": "Polygon",
        "coordinates": [
          [
            [
              52.42744224737015,
              29.83612707387764
            ],
            [
              52.42735800782129,
              29.83612662997162
            ],
            [
              52.42735935438756,
              29.83593258230365
            ],
            [
              52.42744359284129,
              29.83593303344302
            ],
            [
              52.42744224737015,
              29.83612707387764
            ]
          ]
        ]
      },
      "properties": {
        "name": "206",
        "area_m2": 202.57,
        "centroid": [
          52.427401,
          29.83603
        ]
      }
    },
    {
      "type": "Feature",
      "geometry": {
        "type": "Polygon",
        "coordinates": [
          [
            [
              52.42735800782129,
              29.83612662997162
            ],
            [
              52.42727376828367,
              29.83612618691403
            ],
            [
              52.42727511280217,
              29.83593212933968
            ],
            [
              52.42735935438756,
              29.83593258230365
            ],
            [
              52.42735800782129,
              29.83612662997162
            ]
          ]
        ]
      },
      "properties": {
        "name": "207",
        "area_m2": 202.58,
        "centroid": [
          52.427317,
          29.836029
        ]
      }
    },
    {
      "type": "Feature",
      "geometry": {
        "type": "Polygon",
        "coordinates": [
          [
            [
              52.42727376828367,
              29.83612618691403
            ],
            [
              52.42718952874446,
              29.83612574380267
            ],
            [
              52.42719087329765,
              29.83593167720176
            ],
            [
              52.42727511280217,
              29.83593212933968
            ],
            [
              52.42727376828367,
              29.83612618691403
            ]
          ]
        ]
      },
      "properties": {
        "name": "208",
        "area_m2": 202.59,
        "centroid": [
          52.427232,
          29.836029
        ]
      }
    },
    {
      "type": "Feature",
      "geometry": {
        "type": "Polygon",
        "coordinates": [
          [
            [
              52.42718952874446,
              29.83612574380267
            ],
            [
              52.42710529022565,
              29.83612529972413
            ],
            [
              52.42710663379156,
              29.83593122501006
            ],
            [
              52.42719087329765,
              29.83593167720176
            ],
            [
              52.42718952874446,
              29.83612574380267
            ]
          ]
        ]
      },
      "properties": {
        "name": "209",
        "area_m2": 202.6,
        "centroid": [
          52.427148,
          29.836028
        ]
      }
    },
    {
      "type": "Feature",
      "geometry": {
        "type": "Polygon",
        "coordinates": [
          [
            [
              52.42710529022565,
              29.83612529972413
            ],
            [
              52.42702104861363,
              29.83612485652759
            ],
            [
              52.42702239428389,
              29.83593077276458
            ],
            [
              52.42710663379156,
              29.83593122501006
            ],
            [
              52.42710529022565,
              29.83612529972413
            ]
          ]
        ]
      },
      "properties": {
        "name": "210",
        "area_m2": 202.61,
        "centroid": [
          52.427064,
          29.836028
        ]
      }
    },
    {
      "type": "Feature",
      "geometry": {
        "type": "Polygon",
        "coordinates": [
          [
            [
              52.42702104861363,
              29.83612485652759
            ],
            [
              52.42693680803484,
              29.83612441326607
            ],
            [
              52.42693815477465,
              29.83593032046535
            ],
            [
              52.42702239428389,
              29.83593077276458
            ],
            [
              52.42702104861363,
              29.83612485652759
            ]
          ]
        ]
      },
      "properties": {
        "name": "211",
        "area_m2": 202.62,
        "centroid": [
          52.42698,
          29.836028
        ]
      }
    },
    {
      "type": "Feature",
      "geometry": {
        "type": "Polygon",
        "coordinates": [
          [
            [
              52.42693680803484,
              29.83612441326607
            ],
            [
              52.42685256847644,
              29.8361239690374
            ],
            [
              52.42685391523818,
              29.83592986630793
            ],
            [
              52.42693815477465,
              29.83593032046535
            ],
            [
              52.42693680803484,
              29.83612441326607
            ]
          ]
        ]
      },
      "properties": {
        "name": "212",
        "area_m2": 202.63,
        "centroid": [
          52.426895,
          29.836027
        ]
      }
    },
    {
      "type": "Feature",
      "geometry": {
        "type": "Polygon",
        "coordinates": [
          [
            [
              52.42786236563153,
              29.8362855861203
            ],
            [
              52.42785834538073,
              29.83629567083786
            ],
            [
              52.42785761704761,
              29.83629743737519
            ],
            [
              52.42785682109223,
              29.83629917937811
            ],
            [
              52.42785595338815,
              29.83630089779356
            ],
            [
              52.42785501905812,
              29.8363025889568
            ],
            [
              52.42785401908561,
              29.83630424924782
            ],
            [
              52.42785295243579,
              29.83630587867783
            ],
            [
              52.42785182221311,
              29.83630747721324
            ],
            [
              52.42785062832774,
              29.83630903853865
            ],
            [
              52.42784937389696,
              29.83631056352267
            ],
            [
              52.42784805991708,
              29.83631204944754
            ],
            [
              52.4278466863496,
              29.83631349360663
            ],
            [
              52.42784525631178,
              29.83631489686857
            ],
            [
              52.42784377284391,
              29.83631625468879
            ],
            [
              52.42784223493685,
              29.83631756888288
            ],
            [
              52.42784064560519,
              29.83631883310186
            ],
            [
              52.42783900592227,
              29.83632005004114
            ],
            [
              52.42783731996316,
              29.83632121514496
            ],
            [
              52.42783558880119,
              29.83632233110874
            ],
            [
              52.42783381340701,
              29.83632339341026
            ],
            [
              52.42783199788136,
              29.83632439929819
            ],
            [
              52.42783014329759,
              29.83632535146791
            ],
            [
              52.42782825063916,
              29.83632624629945
            ],
            [
              52.42782632612779,
              29.83632708462788
            ],
            [
              52.42782436659489,
              29.83632786197572
            ],
            [
              52.427822378275,
              29.83632858008028
            ],
            [
              52.4278203632506,
              29.83632923982137
            ],
            [
              52.42781832351431,
              29.83632983576341
            ],
            [
              52.42781626013945,
              29.83633037060179
            ],
            [
              52.42781417619198,
              29.83633084159636
            ],
            [
              52.42781207584965,
              29.83633125140898
            ],
            [
              52.42780996111794,
              29.83633159550623
            ],
            [
              52.42780783307014,
              29.83633187658357
            ],
            [
              52.42780569478506,
              29.836332092803
            ],
            [
              52.42780354936714,
              29.83633224413096
            ],
            [
              52.42780139889884,
              29.83633233144728
            ],
            [
              52.42779924643327,
              29.83633235110959
            ],
            [
              52.42777780017406,
              29.83633223828251
            ],
            [
              52.42777920862847,
              29.83612884712604
            ],
            [
              52.42786344816938,
              29.83612929076319
            ],
            [
              52.42786236563153,
              29.8362855861203
            ]
          ]
        ]
      },
      "properties": {
        "name": "198",
        "area_m2": 203.02,
        "centroid": [
          52.427819,
          29.836227
        ]
      }
    },
    {
      "type": "Feature",
      "geometry": {
        "type": "Polygon",
        "coordinates": [
          [
            [
              52.42777780017406,
              29.83633223828251
            ],
            [
              52.42769355943877,
              29.83633179550972
            ],
            [
              52.42769496908596,
              29.83612840343512
            ],
            [
              52.42777920862847,
              29.83612884712604
            ],
            [
              52.42777780017406,
              29.83633223828251
            ]
          ]
        ]
      },
      "properties": {
        "name": "199",
        "area_m2": 212.33,
        "centroid": [
          52.427736,
          29.83623
        ]
      }
    },
    {
      "type": "Feature",
      "geometry": {
        "type": "Polygon",
        "coordinates": [
          [
            [
              52.42769355943877,
              29.83633179550972
            ],
            [
              52.42760931972388,
              29.83633135176977
            ],
            [
              52.42761072645028,
              29.83612796062617
            ],
            [
              52.42769496908596,
              29.83612840343512
            ],
            [
              52.42769355943877,
              29.83633179550972
            ]
          ]
        ]
      },
      "properties": {
        "name": "195",
        "area_m2": 212.33,
        "centroid": [
          52.427652,
          29.83623
        ]
      }
    },
    {
      "type": "Feature",
      "geometry": {
        "type": "Polygon",
        "coordinates": [
          [
            [
              52.42760931972388,
              29.83633135176977
            ],
            [
              52.4275250800074,
              29.83633090797603
            ],
            [
              52.42752648691742,
              29.83612751772989
            ],
            [
              52.42761072645028,
              29.83612796062617
            ],
            [
              52.42760931972388,
              29.83633135176977
            ]
          ]
        ]
      },
      "properties": {
        "name": "194",
        "area_m2": 212.33,
        "centroid": [
          52.427568,
          29.836229
        ]
      }
    },
    {
      "type": "Feature",
      "geometry": {
        "type": "Polygon",
        "coordinates": [
          [
            [
              52.4275250800074,
              29.83633090797603
            ],
            [
              52.42744084028933,
              29.83633046412853
            ],
            [
              52.42744224737015,
              29.83612707387764
            ],
            [
              52.42752648691742,
              29.83612751772989
            ],
            [
              52.4275250800074,
              29.83633090797603
            ]
          ]
        ]
      },
      "properties": {
        "name": "193",
        "area_m2": 212.33,
        "centroid": [
          52.427484,
          29.836229
        ]
      }
    },
    {
      "type": "Feature",
      "geometry": {
        "type": "Polygon",
        "coordinates": [
          [
            [
              52.42744084028933,
              29.83633046412853
            ],
            [
              52.42735659851287,
              29.83633002115184
            ],
            [
              52.42735800782129,
              29.83612662997162
            ],
            [
              52.42744224737015,
              29.83612707387764
            ],
            [
              52.42744084028933,
              29.83633046412853
            ]
          ]
        ]
      },
      "properties": {
        "name": "192",
        "area_m2": 212.33,
        "centroid": [
          52.427399,
          29.836229
        ]
      }
    },
    {
      "type": "Feature",
      "geometry": {
        "type": "Polygon",
        "coordinates": [
          [
            [
              52.42735659851287,
              29.83633002115184
            ],
            [
              52.42727235877879,
              29.8363295762946
            ],
            [
              52.42727376828367,
              29.83612618691403
            ],
            [
              52.42735800782129,
              29.83612662997162
            ],
            [
              52.42735659851287,
              29.83633002115184
            ]
          ]
        ]
      },
      "properties": {
        "name": "191",
        "area_m2": 212.33,
        "centroid": [
          52.427315,
          29.836228
        ]
      }
    },
    {
      "type": "Feature",
      "geometry": {
        "type": "Polygon",
        "coordinates": [
          [
            [
              52.42727235877879,
              29.8363295762946
            ],
            [
              52.42718811803397,
              29.83632913319915
            ],
            [
              52.42718952874446,
              29.83612574380267
            ],
            [
              52.42727376828367,
              29.83612618691403
            ],
            [
              52.42727235877879,
              29.8363295762946
            ]
          ]
        ]
      },
      "properties": {
        "name": "190",
        "area_m2": 212.33,
        "centroid": [
          52.427231,
          29.836228
        ]
      }
    },
    {
      "type": "Feature",
      "geometry": {
        "type": "Polygon",
        "coordinates": [
          [
            [
              52.42718811803397,
              29.83632913319915
            ],
            [
              52.42710387830955,
              29.83632868913656
            ],
            [
              52.42710529022565,
              29.83612529972413
            ],
            [
              52.42718952874446,
              29.83612574380267
            ],
            [
              52.42718811803397,
              29.83632913319915
            ]
          ]
        ]
      },
      "properties": {
        "name": "189",
        "area_m2": 212.33,
        "centroid": [
          52.427147,
          29.836227
        ]
      }
    },
    {
      "type": "Feature",
      "geometry": {
        "type": "Polygon",
        "coordinates": [
          [
            [
              52.42710387830955,
              29.83632868913656
            ],
            [
              52.42701963858353,
              29.83632824502018
            ],
            [
              52.42702104861363,
              29.83612485652759
            ],
            [
              52.42710529022565,
              29.83612529972413
            ],
            [
              52.42710387830955,
              29.83632868913656
            ]
          ]
        ]
      },
      "properties": {
        "name": "188",
        "area_m2": 212.33,
        "centroid": [
          52.427062,
          29.836227
        ]
      }
    },
    {
      "type": "Feature",
      "geometry": {
        "type": "Polygon",
        "coordinates": [
          [
            [
              52.4269860203336,
              29.83631905519964
            ],
            [
              52.42693546015902,
              29.83631878940894
            ],
            [
              52.42693680803484,
              29.83612441326607
            ],
            [
              52.42702104861363,
              29.83612485652759
            ],
            [
              52.42701963858353,
              29.83632824502018
            ],
            [
              52.42698595595628,
              29.83632806847852
            ],
            [
              52.4269860203336,
              29.83631905519964
            ]
          ]
        ]
      },
      "properties": {
        "name": "187",
        "area_m2": 206.68,
        "centroid": [
          52.426979,
          29.836224
        ]
      }
    },
    {
      "type": "Feature",
      "geometry": {
        "type": "Polygon",
        "coordinates": [
          [
            [
              52.4268767911437,
              29.83632749205389
            ],
            [
              52.42685115913957,
              29.83632735752832
            ],
            [
              52.42685256847644,
              29.8361239690374
            ],
            [
              52.42693680803484,
              29.83612441326607
            ],
            [
              52.42693546015902,
              29.83631878940894
            ],
            [
              52.42687685453449,
              29.83631848149251
            ],
            [
              52.4268767911437,
              29.83632749205389
            ]
          ]
        ]
      },
      "properties": {
        "name": "186",
        "area_m2": 205.78,
        "centroid": [
          52.426894,
          29.836223
        ]
      }
    },
    {
      "type": "Feature",
      "geometry": {
        "type": "Polygon",
        "coordinates": [
          [
            [
              52.42685256847644,
              29.8361239690374
            ],
            [
              52.42676832892929,
              29.83612352565718
            ],
            [
              52.42676967573863,
              29.83592941480334
            ],
            [
              52.42685391523818,
              29.83592986630793
            ],
            [
              52.42685256847644,
              29.8361239690374
            ]
          ]
        ]
      },
      "properties": {
        "name": "165",
        "area_m2": 202.64,
        "centroid": [
          52.426811,
          29.836027
        ]
      }
    },
    {
      "type": "Feature",
      "geometry": {
        "type": "Polygon",
        "coordinates": [
          [
            [
              52.42676832892929,
              29.83612352565718
            ],
            [
              52.42668408935491,
              29.83612308041877
            ],
            [
              52.42668543415504,
              29.83592896236512
            ],
            [
              52.42676967573863,
              29.83592941480334
            ],
            [
              52.42676832892929,
              29.83612352565718
            ]
          ]
        ]
      },
      "properties": {
        "name": "166",
        "area_m2": 202.65,
        "centroid": [
          52.426727,
          29.836026
        ]
      }
    },
    {
      "type": "Feature",
      "geometry": {
        "type": "Polygon",
        "coordinates": [
          [
            [
              52.42660609433595,
              29.83610730907926
            ],
            [
              52.42660282571015,
              29.83610365471533
            ],
            [
              52.42659970269455,
              29.83609990493488
            ],
            [
              52.42659672742286,
              29.83609606422657
            ],
            [
              52.42659390719005,
              29.83609213612096
            ],
            [
              52.4265912431207,
              29.8360881269223
            ],
            [
              52.42658873733567,
              29.83608404021708
            ],
            [
              52.42658639300352,
              29.83607988048277
            ],
            [
              52.42658421435321,
              29.83607565399007
            ],
            [
              52.42658220350567,
              29.83607136432547
            ],
            [
              52.42658036158542,
              29.8360670177932
            ],
            [
              52.42657869174818,
              29.83606261796857
            ],
            [
              52.42657719615328,
              29.8360581711446
            ],
            [
              52.42657587696009,
              29.83605368361441
            ],
            [
              52.42657473419424,
              29.83604915718241
            ],
            [
              52.4265737700279,
              29.83604459904383
            ],
            [
              52.42657298559841,
              29.83604001640514
            ],
            [
              52.42657238199186,
              29.83603541286398
            ],
            [
              52.42657195925951,
              29.83603079202917
            ],
            [
              52.42657171959916,
              29.83602616290035
            ],
            [
              52.4265716610053,
              29.83602153001093
            ],
            [
              52.42657232298225,
              29.8359283543198
            ],
            [
              52.42668543415504,
              29.83592896236512
            ],
            [
              52.42668408935491,
              29.83612308041877
            ],
            [
              52.42662039658124,
              29.83612274613219
            ],
            [
              52.42660609433595,
              29.83610730907926
            ]
          ]
        ]
      },
      "properties": {
        "name": "213",
        "area_m2": 252.32,
        "centroid": [
          52.426632,
          29.83602
        ]
      }
    },
    {
      "type": "Feature",
      "geometry": {
        "type": "Polygon",
        "coordinates": [
          [
            [
              52.42680977364869,
              29.83632713964353
            ],
            [
              52.42662039658124,
              29.83612274613219
            ],
            [
              52.42668408935491,
              29.83612308041877
            ],
            [
              52.42676832892929,
              29.83612352565718
            ],
            [
              52.42685256847644,
              29.8361239690374
            ],
            [
              52.42685115913957,
              29.83632735752832
            ],
            [
              52.42680977364869,
              29.83632713964353
            ]
          ]
        ]
      },
      "properties": {
        "name": "185",
        "area_m2": 344.75,
        "centroid": [
          52.426773,
          29.836202
        ]
      }
    },
    {
      "type": "Feature",
      "geometry": {
        "type": "Polygon",
        "coordinates": [
          [
            [
              52.42871462207602,
              29.83670302969955
            ],
            [
              52.42871520570455,
              29.83670484069974
            ],
            [
              52.42871571504453,
              29.83670666784342
            ],
            [
              52.42871615213986,
              29.83670850930379
            ],
            [
              52.42871651386044,
              29.83671036331005
            ],
            [
              52.42871680327217,
              29.836712227122
            ],
            [
              52.42871701825407,
              29.83671409715323
            ],
            [
              52.4287171588318,
              29.83671597520812
            ],
            [
              52.42871722182386,
              29.83671785590708
            ],
            [
              52.42871721235298,
              29.83671973558531
            ],
            [
              52.42871712836234,
              29.8367216151674
            ],
            [
              52.42871696773096,
              29.83672349106695
            ],
            [
              52.42871673248995,
              29.83672536055492
            ],
            [
              52.4287164226136,
              29.83672722182695
            ],
            [
              52.42871603911105,
              29.83672907306744
            ],
            [
              52.42871558295293,
              29.83673090975416
            ],
            [
              52.4287150541649,
              29.83673273369153
            ],
            [
              52.42871445164793,
              29.83673454037973
            ],
            [
              52.42871377638548,
              29.83673632619873
            ],
            [
              52.42871303046002,
              29.8367380920284
            ],
            [
              52.42871221688613,
              29.83673983151969
            ],
            [
              52.42871133259784,
              29.83674154741281
            ],
            [
              52.42871038063543,
              29.83674323516318
            ],
            [
              52.42870936202085,
              29.83674489385735
            ],
            [
              52.42870827878524,
              29.83674652076639
            ],
            [
              52.42870712984239,
              29.83674811229263
            ],
            [
              52.42870591829676,
              29.83674966840251
            ],
            [
              52.42870464619232,
              29.83675118726923
            ],
            [
              52.42870331452534,
              29.83675266617498
            ],
            [
              52.42870192329583,
              29.83675410511977
            ],
            [
              52.428700477588,
              29.8367554977322
            ],
            [
              52.42869897437443,
              29.83675684945907
            ],
            [
              52.42869742080897,
              29.83675815390662
            ],
            [
              52.42869581478345,
              29.83675940839058
            ],
            [
              52.42869415944087,
              29.83676061558401
            ],
            [
              52.42869245780863,
              29.8367617700401
            ],
            [
              52.42869071096006,
              29.83676287445424
            ],
            [
              52.4286889209006,
              29.83676392429309
            ],
            [
              52.42868708968705,
              29.83676491863198
            ],
            [
              52.42868522042388,
              29.83676585743736
            ],
            [
              52.42868331410737,
              29.83676673799143
            ],
            [
              52.42868137490249,
              29.83676756205381
            ],
            [
              52.42867940377986,
              29.83676832510228
            ],
            [
              52.42867740282194,
              29.83676902801667
            ],
            [
              52.42867537616802,
              29.83676967075219
            ],
            [
              52.42867332380528,
              29.83677025240662
            ],
            [
              52.42867125190409,
              29.83677077020621
            ],
            [
              52.42866915736,
              29.83677122418454
            ],
            [
              52.4286670474296,
              29.83677161516543
            ],
            [
              52.42866492313485,
              29.8367719422355
            ],
            [
              52.42866278653257,
              29.83677220447013
            ],
            [
              52.42866064174919,
              29.83677240092236
            ],
            [
              52.42865848984521,
              29.8367725333854
            ],
            [
              52.42860949618409,
              29.83677479679767
            ],
            [
              52.4285985555371,
              29.83659481425041
            ],
            [
              52.42868408769706,
              29.83659086340962
            ],
            [
              52.42868993750669,
              29.83661755994163
            ],
            [
              52.42869662144898,
              29.83664410668398
            ],
            [
              52.42870510391201,
              29.83667368839187
            ],
            [
              52.42871462207602,
              29.83670302969955
            ]
          ]
        ]
      },
      "properties": {
        "name": "84",
        "area_m2": 218.28,
        "centroid": [
          52.428653,
          29.836684
        ]
      }
    },
    {
      "type": "Feature",
      "geometry": {
        "type": "Polygon",
        "coordinates": [
          [
            [
              52.4285985555371,
              29.83659481425041
            ],
            [
              52.42860949618409,
              29.83677479679767
            ],
            [
              52.42850916922254,
              29.83677942828187
            ],
            [
              52.42849823392833,
              29.83659944566453
            ],
            [
              52.4285985555371,
              29.83659481425041
            ]
          ]
        ]
      },
      "properties": {
        "name": "56",
        "area_m2": 224.39,
        "centroid": [
          52.428554,
          29.836687
        ]
      }
    },
    {
      "type": "Feature",
      "geometry": {
        "type": "Polygon",
        "coordinates": [
          [
            [
              52.42839501319114,
              29.83660421212936
            ],
            [
              52.42849823392833,
              29.83659944566453
            ],
            [
              52.42850916922254,
              29.83677942828187
            ],
            [
              52.42840594831433,
              29.83678419566344
            ],
            [
              52.42839501319114,
              29.83660421212936
            ]
          ]
        ]
      },
      "properties": {
        "name": "160",
        "area_m2": 230.87,
        "centroid": [
          52.428452,
          29.836692
        ]
      }
    },
    {
      "type": "Feature",
      "geometry": {
        "type": "Polygon",
        "coordinates": [
          [
            [
              52.42829179452313,
              29.83660897939364
            ],
            [
              52.42839501319114,
              29.83660421212936
            ],
            [
              52.42840594831433,
              29.83678419566344
            ],
            [
              52.42830273051012,
              29.83678896383323
            ],
            [
              52.42829179452313,
              29.83660897939364
            ]
          ]
        ]
      },
      "properties": {
        "name": "161",
        "area_m2": 230.86,
        "centroid": [
          52.428349,
          29.836697
        ]
      }
    },
    {
      "type": "Feature",
      "geometry": {
        "type": "Polygon",
        "coordinates": [
          [
            [
              52.42818857373366,
              29.83661374389331
            ],
            [
              52.42829179452313,
              29.83660897939364
            ],
            [
              52.42830273051012,
              29.83678896383323
            ],
            [
              52.42819950953678,
              29.83679372834743
            ],
            [
              52.42818857373366,
              29.83661374389331
            ]
          ]
        ]
      },
      "properties": {
        "name": "265",
        "area_m2": 230.87,
        "centroid": [
          52.428246,
          29.836701
        ]
      }
    },
    {
      "type": "Feature",
      "geometry": {
        "type": "Polygon",
        "coordinates": [
          [
            [
              52.4280853560867,
              29.83661851188784
            ],
            [
              52.42818857373366,
              29.83661374389331
            ],
            [
              52.42819950953678,
              29.83679372834743
            ],
            [
              52.42809629065831,
              29.83679849546547
            ],
            [
              52.4280853560867,
              29.83661851188784
            ]
          ]
        ]
      },
      "properties": {
        "name": "264",
        "area_m2": 230.86,
        "centroid": [
          52.428142,
          29.836706
        ]
      }
    },
    {
      "type": "Feature",
      "geometry": {
        "type": "Polygon",
        "coordinates": [
          [
            [
              52.42798213529631,
              29.83662327803117
            ],
            [
              52.4280853560867,
              29.83661851188784
            ],
            [
              52.42809629065831,
              29.83679849546547
            ],
            [
              52.42799306967121,
              29.83680326072111
            ],
            [
              52.42798213529631,
              29.83662327803117
            ]
          ]
        ]
      },
      "properties": {
        "name": "263",
        "area_m2": 230.87,
        "centroid": [
          52.428039,
          29.836711
        ]
      }
    },
    {
      "type": "Feature",
      "geometry": {
        "type": "Polygon",
        "coordinates": [
          [
            [
              52.42799306967121,
              29.83680326072111
            ],
            [
              52.42795996071629,
              29.83680478906672
            ],
            [
              52.42788984971848,
              29.83680802678735
            ],
            [
              52.42788972542137,
              29.83680598252451
            ],
            [
              52.4278789155146,
              29.83662804318071
            ],
            [
              52.42798213529631,
              29.83662327803117
            ],
            [
              52.42799306967121,
              29.83680326072111
            ]
          ]
        ]
      },
      "properties": {
        "name": "262",
        "area_m2": 230.86,
        "centroid": [
          52.427936,
          29.836716
        ]
      }
    },
    {
      "type": "Feature",
      "geometry": {
        "type": "Polygon",
        "coordinates": [
          [
            [
              52.42745277649473,
              29.83642012165327
            ],
            [
              52.42755618154561,
              29.83641995497294
            ],
            [
              52.42756883837326,
              29.83662861264219
            ],
            [
              52.42746541832499,
              29.83662854037894
            ],
            [
              52.42745277649473,
              29.83642012165327
            ]
          ]
        ]
      },
      "properties": {
        "name": "82",
        "area_m2": 267.25,
        "centroid": [
          52.427511,
          29.836524
        ]
      }
    },
    {
      "type": "Feature",
      "geometry": {
        "type": "Polygon",
        "coordinates": [
          [
            [
              52.42757977098743,
              29.83680859630406
            ],
            [
              52.42756883837326,
              29.83662861264219
            ],
            [
              52.42767220149037,
              29.83662868453752
            ],
            [
              52.42768313531154,
              29.83680866727131
            ],
            [
              52.42757977098743,
              29.83680859630406
            ]
          ]
        ]
      },
      "properties": {
        "name": "259",
        "area_m2": 230.53,
        "centroid": [
          52.427626,
          29.836719
        ]
      }
    },
    {
      "type": "Feature",
      "geometry": {
        "type": "Polygon",
        "coordinates": [
          [
            [
              52.42768313531154,
              29.83680866727131
            ],
            [
              52.42767220149037,
              29.83662868453752
            ],
            [
              52.42777556666091,
              29.83662875542735
            ],
            [
              52.4277865006671,
              29.83680873814645
            ],
            [
              52.42768313531154,
              29.83680866727131
            ]
          ]
        ]
      },
      "properties": {
        "name": "260",
        "area_m2": 230.53,
        "centroid": [
          52.427729,
          29.836719
        ]
      }
    },
    {
      "type": "Feature",
      "geometry": {
        "type": "Polygon",
        "coordinates": [
          [
            [
              52.42747634498535,
              29.83680840952054
            ],
            [
              52.42746541832499,
              29.83662854037894
            ],
            [
              52.42756883837326,
              29.83662861264219
            ],
            [
              52.42757977098743,
              29.83680859630406
            ],
            [
              52.42747634498535,
              29.83680840952054
            ]
          ]
        ]
      },
      "properties": {
        "name": "258",
        "area_m2": 230.58,
        "centroid": [
          52.427523,
          29.836719
        ]
      }
    },
    {
      "type": "Feature",
      "geometry": {
        "type": "Polygon",
        "coordinates": [
          [
            [
              52.42734948220374,
              29.83642028976246
            ],
            [
              52.42745277649473,
              29.83642012165327
            ],
            [
              52.42746541832499,
              29.83662854037894
            ],
            [
              52.42736212765122,
              29.83662846844098
            ],
            [
              52.42734948220374,
              29.83642028976246
            ]
          ]
        ]
      },
      "properties": {
        "name": "287",
        "area_m2": 266.63,
        "centroid": [
          52.427407,
          29.836524
        ]
      }
    },
    {
      "type": "Feature",
      "geometry": {
        "type": "Polygon",
        "coordinates": [
          [
            [
              52.42823963455656,
              29.83689556209817
            ],
            [
              52.4282394498159,
              29.83707577779656
            ],
            [
              52.42813608411051,
              29.83707570096973
            ],
            [
              52.42813626071975,
              29.83689548264827
            ],
            [
              52.42823963455656,
              29.83689556209817
            ]
          ]
        ]
      },
      "properties": {
        "name": "254",
        "area_m2": 230.85,
        "centroid": [
          52.428188,
          29.836986
        ]
      }
    },
    {
      "type": "Feature",
      "geometry": {
        "type": "Polygon",
        "coordinates": [
          [
            [
              52.42656229907225,
              29.83612373736994
            ],
            [
              52.42664259375755,
              29.83620948932923
            ],
            [
              52.42649046510614,
              29.8363177839835
            ],
            [
              52.42643253737101,
              29.83625592977623
            ],
            [
              52.42633478310852,
              29.8361515497369
            ],
            [
              52.42633149398682,
              29.83614790912258
            ],
            [
              52.42632834841884,
              29.83614417401655
            ],
            [
              52.42632535059511,
              29.83614034798297
            ],
            [
              52.42632250676294,
              29.83613643366137
            ],
            [
              52.42631981698643,
              29.8361324355628
            ],
            [
              52.42631728756417,
              29.83612835993563
            ],
            [
              52.42631491857308,
              29.83612421219305
            ],
            [
              52.42631271419085,
              29.83611999499698
            ],
            [
              52.42631067763726,
              29.83611571643378
            ],
            [
              52.4263088099343,
              29.83611137559002
            ],
            [
              52.42630711331822,
              29.836106984172
            ],
            [
              52.4263055919539,
              29.83610254393946
            ],
            [
              52.42630424492185,
              29.83609806302337
            ],
            [
              52.42630307532652,
              29.83609354139025
            ],
            [
              52.42630208434369,
              29.83608898895312
            ],
            [
              52.4263012709898,
              29.83608440933199
            ],
            [
              52.42630064051583,
              29.8360798078842
            ],
            [
              52.42630018989419,
              29.8360751900565
            ],
            [
              52.42629992128424,
              29.83607056214196
            ],
            [
              52.42629983680685,
              29.83606592772705
            ],
            [
              52.42629168776048,
              29.83561650988895
            ],
            [
              52.42629757612429,
              29.83561246155473
            ],
            [
              52.42630330267886,
              29.83560824262063
            ],
            [
              52.42630886228859,
              29.83560385584914
            ],
            [
              52.42631424778674,
              29.83559930673173
            ],
            [
              52.42631945200657,
              29.83559460075989
            ],
            [
              52.42632447088577,
              29.83558974339154
            ],
            [
              52.4263292962228,
              29.83558474012936
            ],
            [
              52.42633392396815,
              29.83557959733347
            ],
            [
              52.4263383500339,
              29.83557431865742
            ],
            [
              52.42634256731743,
              29.83556891410368
            ],
            [
              52.42634657067035,
              29.83556338553257
            ],
            [
              52.42635035715492,
              29.83555774470629
            ],
            [
              52.42635392160993,
              29.8355519925829
            ],
            [
              52.42635725795477,
              29.83554613825155
            ],
            [
              52.42636036629202,
              29.83554018892985
            ],
            [
              52.42636324050262,
              29.83553415100031
            ],
            [
              52.42636587863234,
              29.8355280326051
            ],
            [
              52.42636827451086,
              29.83552183651795
            ],
            [
              52.42637042935247,
              29.83551557535848
            ],
            [
              52.42637233806011,
              29.83550925459584
            ],
            [
              52.42637399967595,
              29.83550287965441
            ],
            [
              52.42637541224576,
              29.83549645867638
            ],
            [
              52.4263765727934,
              29.83549000071732
            ],
            [
              52.42637748138297,
              29.83548351028825
            ],
            [
              52.42637813713358,
              29.8354769982268
            ],
            [
              52.42637853805257,
              29.8354704699685
            ],
            [
              52.42637868426818,
              29.83546393453543
            ],
            [
              52.426378576905,
              29.8354573982318
            ],
            [
              52.42637821398321,
              29.83545086739541
            ],
            [
              52.42637759565669,
              29.83544435285265
            ],
            [
              52.42637672407201,
              29.8354378599944
            ],
            [
              52.42652791258809,
              29.83543799375753
            ],
            [
              52.42652726678644,
              29.83603804957961
            ],
            [
              52.42652735545197,
              29.83604268665597
            ],
            [
              52.42652762725363,
              29.83604731994941
            ],
            [
              52.42652808104123,
              29.83605194135128
            ],
            [
              52.42652871572872,
              29.83605654726397
            ],
            [
              52.42652953019155,
              29.83606113138321
            ],
            [
              52.42653052434001,
              29.83606568739359
            ],
            [
              52.42653169914483,
              29.83607021077293
            ],
            [
              52.42653304939351,
              29.83607469887047
            ],
            [
              52.42653457494502,
              29.83607914176199
            ],
            [
              52.42653627576094,
              29.83608353674087
            ],
            [
              52.42653814763792,
              29.83608787934081
            ],
            [
              52.42654019048624,
              29.8360921632464
            ],
            [
              52.42654239800729,
              29.83609638220924
            ],
            [
              52.42654477016263,
              29.83610053352275
            ],
            [
              52.4265473068625,
              29.83610461087146
            ],
            [
              52.42654999978998,
              29.83610861163823
            ],
            [
              52.42655285091213,
              29.83611252858303
            ],
            [
              52.42655585191199,
              29.83611635908867
            ],
            [
              52.42655900267417,
              29.83612009503534
            ],
            [
              52.42656229907225,
              29.83612373736994
            ]
          ]
        ]
      },
      "properties": {
        "name": "365",
        "area_m2": 2280.66,
        "centroid": [
          52.426432,
          29.835877
        ]
      }
    },
    {
      "type": "Feature",
      "geometry": {
        "type": "Polygon",
        "coordinates": [
          [
            [
              52.42941810538045,
              29.83317422600597
            ],
            [
              52.42934173618374,
              29.83322053955577
            ],
            [
              52.42921720457396,
              29.83306443685519
            ],
            [
              52.42929357167174,
              29.83301812520518
            ],
            [
              52.42941810538045,
              29.83317422600597
            ]
          ]
        ]
      },
      "properties": {
        "name": "11.1",
        "area_m2": 219.2,
        "centroid": [
          52.429318,
          29.833119
        ]
      }
    },
    {
      "type": "Feature",
      "geometry": {
        "type": "Polygon",
        "coordinates": [
          [
            [
              52.42941810538045,
              29.83317422600597
            ],
            [
              52.42955385247942,
              29.83334438468761
            ],
            [
              52.42947748527941,
              29.83339069739238
            ],
            [
              52.42934173618374,
              29.83322053955577
            ],
            [
              52.42941810538045,
              29.83317422600597
            ]
          ]
        ]
      },
      "properties": {
        "name": "5.1",
        "area_m2": 238.94,
        "centroid": [
          52.429448,
          29.833282
        ]
      }
    },
    {
      "type": "Feature",
      "geometry": {
        "type": "Polygon",
        "coordinates": [
          [
            [
              52.42835433645015,
              29.83322894190585
            ],
            [
              52.42844767238924,
              29.83317233287026
            ],
            [
              52.42858157769606,
              29.83334016100808
            ],
            [
              52.42848858091858,
              29.83339719057073
            ],
            [
              52.42835433645015,
              29.83322894190585
            ]
          ]
        ]
      },
      "properties": {
        "name": "81",
        "area_m2": 288.41,
        "centroid": [
          52.428468,
          29.833285
        ]
      }
    },
    {
      "type": "Feature",
      "geometry": {
        "type": "Polygon",
        "coordinates": [
          [
            [
              52.42916354763714,
              29.83332860216531
            ],
            [
              52.42926536895944,
              29.83326685123661
            ],
            [
              52.42940111800796,
              29.833437010055
            ],
            [
              52.42929929348846,
              29.83349876022118
            ],
            [
              52.42916354763714,
              29.83332860216531
            ]
          ]
        ]
      },
      "properties": {
        "name": "12.1",
        "area_m2": 318.58,
        "centroid": [
          52.429282,
          29.833383
        ]
      }
    },
    {
      "type": "Feature",
      "geometry": {
        "type": "Polygon",
        "coordinates": [
          [
            [
              52.42854100409527,
              29.83311572471869
            ],
            [
              52.42867457338299,
              29.83328313500294
            ],
            [
              52.42858157769606,
              29.83334016100808
            ],
            [
              52.42844767238924,
              29.83317233287026
            ],
            [
              52.42854100409527,
              29.83311572471869
            ]
          ]
        ]
      },
      "properties": {
        "name": "80",
        "area_m2": 287.68,
        "centroid": [
          52.428561,
          29.833228
        ]
      }
    },
    {
      "type": "Feature",
      "geometry": {
        "type": "Polygon",
        "coordinates": [
          [
            [
              52.42802313495329,
              29.83283737918216
            ],
            [
              52.4281586626507,
              29.8330070806456
            ],
            [
              52.42807956793288,
              29.83305528267445
            ],
            [
              52.42794350544926,
              29.83288566902458
            ],
            [
              52.42802313495329,
              29.83283737918216
            ]
          ]
        ]
      },
      "properties": {
        "name": "66",
        "area_m2": 248.04,
        "centroid": [
          52.428051,
          29.832946
        ]
      }
    },
    {
      "type": "Feature",
      "geometry": {
        "type": "Polygon",
        "coordinates": [
          [
            [
              52.42844767238924,
              29.83317233287026
            ],
            [
              52.42832326162948,
              29.8330164039423
            ],
            [
              52.42841662689472,
              29.83295983160981
            ],
            [
              52.42854100409527,
              29.83311572471869
            ],
            [
              52.42844767238924,
              29.83317233287026
            ]
          ]
        ]
      },
      "properties": {
        "name": "79",
        "area_m2": 267.59,
        "centroid": [
          52.428432,
          29.833066
        ]
      }
    },
    {
      "type": "Feature",
      "geometry": {
        "type": "Polygon",
        "coordinates": [
          [
            [
              52.42802313495329,
              29.83283737918216
            ],
            [
              52.42794350544926,
              29.83288566902458
            ],
            [
              52.42782635158739,
              29.83273962388703
            ],
            [
              52.42791538534871,
              29.83270245666479
            ],
            [
              52.42802313495329,
              29.83283737918216
            ]
          ]
        ]
      },
      "properties": {
        "name": "34",
        "area_m2": 206.36,
        "centroid": [
          52.427926,
          29.832792
        ]
      }
    },
    {
      "type": "Feature",
      "geometry": {
        "type": "Polygon",
        "coordinates": [
          [
            [
              52.42802313495329,
              29.83283737918216
            ],
            [
              52.42791538534871,
              29.83270245666479
            ],
            [
              52.42800531100911,
              29.83266491519428
            ],
            [
              52.42810384587243,
              29.83278843332782
            ],
            [
              52.42802313495329,
              29.83283737918216
            ]
          ]
        ]
      },
      "properties": {
        "name": "73",
        "area_m2": 191.89,
        "centroid": [
          52.428011,
          29.832749
        ]
      }
    },
    {
      "type": "Feature",
      "geometry": {
        "type": "Polygon",
        "coordinates": [
          [
            [
              52.42810384587243,
              29.83278843332782
            ],
            [
              52.42818435047979,
              29.83273961327731
            ],
            [
              52.42831962732821,
              29.8329089870304
            ],
            [
              52.42823914555314,
              29.83295803430691
            ],
            [
              52.42810384587243,
              29.83278843332782
            ]
          ]
        ]
      },
      "properties": {
        "name": "68",
        "area_m2": 251.1,
        "centroid": [
          52.428212,
          29.832849
        ]
      }
    },
    {
      "type": "Feature",
      "geometry": {
        "type": "Polygon",
        "coordinates": [
          [
            [
              52.42861750174472,
              29.83306932541555
            ],
            [
              52.42875078063836,
              29.83323639767857
            ],
            [
              52.42867457338299,
              29.83328313500294
            ],
            [
              52.42854100409527,
              29.83311572471869
            ],
            [
              52.42861750174472,
              29.83306932541555
            ]
          ]
        ]
      },
      "properties": {
        "name": "19.1",
        "area_m2": 235.23,
        "centroid": [
          52.428646,
          29.833176
        ]
      }
    },
    {
      "type": "Feature",
      "geometry": {
        "type": "Polygon",
        "coordinates": [
          [
            [
              52.42861750174472,
              29.83306932541555
            ],
            [
              52.42869387212671,
              29.83302300594977
            ],
            [
              52.42881359676078,
              29.83317308299906
            ],
            [
              52.42882687806315,
              29.83318972917531
            ],
            [
              52.42875078063836,
              29.83323639767857
            ],
            [
              52.42861750174472,
              29.83306932541555
            ]
          ]
        ]
      },
      "properties": {
        "name": "9.1",
        "area_m2": 234.38,
        "centroid": [
          52.428722,
          29.83313
        ]
      }
    },
    {
      "type": "Feature",
      "geometry": {
        "type": "Polygon",
        "coordinates": [
          [
            [
              52.42879569028334,
              29.83296125090375
            ],
            [
              52.42891542127369,
              29.83311133320554
            ],
            [
              52.42887299475367,
              29.83313706229155
            ],
            [
              52.42883488596437,
              29.83316017207714
            ],
            [
              52.42881359676078,
              29.83317308299906
            ],
            [
              52.42869387212671,
              29.83302300594977
            ],
            [
              52.42879569028334,
              29.83296125090375
            ]
          ]
        ]
      },
      "properties": {
        "name": "21.1",
        "area_m2": 280.99,
        "centroid": [
          52.428805,
          29.833067
        ]
      }
    },
    {
      "type": "Feature",
      "geometry": {
        "type": "Polygon",
        "coordinates": [
          [
            [
              52.42795031777015,
              29.8361297483185
            ],
            [
              52.42795166093328,
              29.8359357602613
            ],
            [
              52.42795449354767,
              29.83593582618356
            ],
            [
              52.42795732115958,
              29.83593597697992
            ],
            [
              52.42796014272135,
              29.83593621175935
            ],
            [
              52.42796295305897,
              29.83593653057777
            ],
            [
              52.42796574803317,
              29.83593693347999
            ],
            [
              52.42796852763115,
              29.83593741956377
            ],
            [
              52.42797128460922,
              29.83593798890743
            ],
            [
              52.42797401790692,
              29.8359386397178
            ],
            [
              52.427976724407,
              29.83593937112622
            ],
            [
              52.42797940101785,
              29.83594018406845
            ],
            [
              52.42798204253977,
              29.83594107679605
            ],
            [
              52.42798464894709,
              29.83594204750461
            ],
            [
              52.42798721607491,
              29.8359430944345
            ],
            [
              52.427989739784,
              29.83594421763045
            ],
            [
              52.42799221695709,
              29.83594541622385
            ],
            [
              52.4279946475685,
              29.8359466884103
            ],
            [
              52.42799702538373,
              29.83594803245253
            ],
            [
              52.42799934932946,
              29.83594944565512
            ],
            [
              52.42800161527928,
              29.83595092896503
            ],
            [
              52.42800382316904,
              29.83595247787127
            ],
            [
              52.42800596782466,
              29.83595409242978
            ],
            [
              52.42800804920766,
              29.83595576993396
            ],
            [
              52.42801006211831,
              29.83595750863535
            ],
            [
              52.4280120044485,
              29.8359593058497
            ],
            [
              52.42801387723303,
              29.83596116156588
            ],
            [
              52.42801567522084,
              29.83596307042659
            ],
            [
              52.42801739738994,
              29.83596503334524
            ],
            [
              52.42801904058459,
              29.83596704674658
            ],
            [
              52.42802060370578,
              29.8359691061308
            ],
            [
              52.42802208676635,
              29.83597121240011
            ],
            [
              52.42802348350611,
              29.83597336201283
            ],
            [
              52.42802479800011,
              29.8359755504132
            ],
            [
              52.42802602406515,
              29.83597777947276
            ],
            [
              52.42802716053808,
              29.83598004018069
            ],
            [
              52.42802820953985,
              29.83598233612341
            ],
            [
              52.4280291668542,
              29.83598466193247
            ],
            [
              52.42803003241696,
              29.83598701309686
            ],
            [
              52.42803080521898,
              29.83598939143221
            ],
            [
              52.42803148308796,
              29.83599178974323
            ],
            [
              52.42803206704587,
              29.83599420711656
            ],
            [
              52.42803255394976,
              29.83599664087915
            ],
            [
              52.42803294893518,
              29.83599908826847
            ],
            [
              52.42803324354397,
              29.83600153674318
            ],
            [
              52.42803344200516,
              29.83600399257395
            ],
            [
              52.42803354636276,
              29.83600645393402
            ],
            [
              52.4280335513528,
              29.83600891456388
            ],
            [
              52.42803346217505,
              29.83601137621202
            ],
            [
              52.42803327564804,
              29.83601383349876
            ],
            [
              52.42803299377723,
              29.83601628189075
            ],
            [
              52.42803261554061,
              29.83601872230135
            ],
            [
              52.42803214086118,
              29.83602114931737
            ],
            [
              52.42803157487448,
              29.83602356017624
            ],
            [
              52.42803091239362,
              29.83602595403171
            ],
            [
              52.4280301564717,
              29.83602832724141
            ],
            [
              52.4280293080665,
              29.83603067438093
            ],
            [
              52.42802836926047,
              29.83603299633007
            ],
            [
              52.42802733793265,
              29.83603528950242
            ],
            [
              52.42802621815812,
              29.83603754934221
            ],
            [
              52.42802501200648,
              29.83603977582705
            ],
            [
              52.42802371837875,
              29.83604196445713
            ],
            [
              52.42802233931887,
              29.83604411340563
            ],
            [
              52.42802087891477,
              29.83604621901902
            ],
            [
              52.42801933404915,
              29.83604828042866
            ],
            [
              52.42801771192719,
              29.83605029484958
            ],
            [
              52.42801600943162,
              29.83605226141318
            ],
            [
              52.42801423269432,
              29.83605417463907
            ],
            [
              52.42799724631232,
              29.83607240513439
            ],
            [
              52.42798092257885,
              29.83609109136334
            ],
            [
              52.42796527359096,
              29.83611021063685
            ],
            [
              52.42795031777015,
              29.8361297483185
            ]
          ]
        ]
      },
      "properties": {
        "name": "200.1",
        "area_m2": 129.87,
        "centroid": [
          52.427984,
          29.836017
        ]
      }
    },
    {
      "type": "Feature",
      "geometry": {
        "type": "Polygon",
        "coordinates": [
          [
            [
              52.42736212765122,
              29.83662846844098
            ],
            [
              52.42678034409693,
              29.83662779373459
            ],
            [
              52.42660638369123,
              29.83644183993728
            ],
            [
              52.42664151003286,
              29.83640967460546
            ],
            [
              52.42673757632682,
              29.83632170522917
            ],
            [
              52.42682801858109,
              29.83641942436979
            ],
            [
              52.42683916543309,
              29.83641943657969
            ],
            [
              52.4268412809558,
              29.83641943898833
            ],
            [
              52.42694171449762,
              29.83641955574563
            ],
            [
              52.42734948220374,
              29.83642028976246
            ],
            [
              52.42736212765122,
              29.83662846844098
            ]
          ]
        ]
      },
      "properties": {
        "name": "364",
        "area_m2": 1850.35,
        "centroid": [
          52.427,
          29.836511
        ]
      }
    },
    {
      "type": "Feature",
      "geometry": {
        "type": "Polygon",
        "coordinates": [
          [
            [
              52.42673757632682,
              29.83632170522917
            ],
            [
              52.42664151003286,
              29.83640967460546
            ],
            [
              52.42660638369123,
              29.83644183993728
            ],
            [
              52.42649046510614,
              29.8363177839835
            ],
            [
              52.42664259375755,
              29.83620948932923
            ],
            [
              52.42673757632682,
              29.83632170522917
            ]
          ]
        ]
      },
      "properties": {
        "name": "32924",
        "area_m2": 356.64,
        "centroid": [
          52.426617,
          29.836324
        ]
      }
    }
  ],
  "boundary": [
    [
      52.429917,
      29.831453
    ],
    [
      52.429806,
      29.8315
    ],
    [
      52.428811,
      29.831922
    ],
    [
      52.42742,
      29.832518
    ],
    [
      52.42635,
      29.835253
    ],
    [
      52.426292,
      29.835617
    ],
    [
      52.4263,
      29.836066
    ],
    [
      52.4263,
      29.836071
    ],
    [
      52.4263,
      29.836075
    ],
    [
      52.426301,
      29.83608
    ],
    [
      52.426301,
      29.836084
    ],
    [
      52.426302,
      29.836089
    ],
    [
      52.426303,
      29.836094
    ],
    [
      52.426304,
      29.836098
    ],
    [
      52.426306,
      29.836103
    ],
    [
      52.426307,
      29.836107
    ],
    [
      52.426309,
      29.836111
    ],
    [
      52.426311,
      29.836116
    ],
    [
      52.426313,
      29.83612
    ],
    [
      52.426315,
      29.836124
    ],
    [
      52.426317,
      29.836128
    ],
    [
      52.42632,
      29.836132
    ],
    [
      52.426323,
      29.836136
    ],
    [
      52.426325,
      29.83614
    ],
    [
      52.426328,
      29.836144
    ],
    [
      52.426331,
      29.836148
    ],
    [
      52.426335,
      29.836152
    ],
    [
      52.42678,
      29.836628
    ],
    [
      52.427826,
      29.837075
    ],
    [
      52.429754,
      29.837875
    ],
    [
      52.429827,
      29.837904
    ],
    [
      52.429942,
      29.83795
    ],
    [
      52.430027,
      29.837786
    ],
    [
      52.430263,
      29.837333
    ],
    [
      52.430226,
      29.833673
    ],
    [
      52.429978,
      29.831648
    ],
    [
      52.429917,
      29.831453
    ]
  ],
  "boundary_count": 37
}