// static/data/bagheshahri/negarestan/negarestan_3.geojson
{
  "type": "FeatureCollection",
  "name": "_3",
  "crs": {
    "type": "name",
    "properties": { "name": "urn:ogc:def:crs:OGC:1.3:CRS84" }
  },
  "features": [
    {
      "type": "Feature",
      "properties": {
        "fid": 4.0,
        "handle": "3019",
        "block": "-1",
        "etype": "25",
        "space": "0",
        "layer": "TEXT",
        "olinetype": "BYLAYER",
        "linetype": null,
        "color": "0,0,255,255",
        "ocolor": "5",
        "color24": "-1",
        "transparen": "0",
        "lweight": "-1",
        "linewidth": 0.0,
        "ltscale": 1.0,
        "visible": "1",
        "thickness": 0.0,
        "ext": "(3:0,0,1)",
        "height": 3.0,
        "text": "1318.57",
        "angle": 329.37141,
        "widthscale": 1.0,
        "oblique": 0.0,
        "style": "new1",
        "textgen": "0",
        "alignh": "0",
        "alignv": "0",
        "interlin": -1.0
      },
      "geometry": {
        "type": "Point",
        "coordinates": [52.425562130670272, 29.817279706981473]
      }
    },
    {
      "type": "Feature",
      "properties": {
        "fid": 6.0,
        "handle": "3021",
        "block": "-1",
        "etype": "25",
        "space": "0",
        "layer": "TEXT",
        "olinetype": "BYLAYER",
        "linetype": null,
        "color": "0,0,255,255",
        "ocolor": "5",
        "color24": "-1",
        "transparen": "0",
        "lweight": "-1",
        "linewidth": 0.0,
        "ltscale": 1.0,
        "visible": "1",
        "thickness": 0.0,
        "ext": "(3:0,0,1)",
        "height": 3.0,
        "text": "1305.24",
        "angle": 329.37141,
        "widthscale": 1.0,
        "oblique": 0.0,
        "style": "new1",
        "textgen": "0",
        "alignh": "0",
        "alignv": "0",
        "interlin": -1.0
      },
      "geometry": {
        "type": "Point",
        "coordinates": [52.425727511829365, 29.817388642937832]
      }
    },
    {
      "type": "Feature",
      "properties": {
        "fid": 8.0,
        "handle": "3023",
        "block": "-1",
        "etype": "25",
        "space": "0",
        "layer": "TEXT",
        "olinetype": "BYLAYER",
        "linetype": null,
        "color": "0,0,255,255",
        "ocolor": "5",
        "color24": "-1",
        "transparen": "0",
        "lweight": "-1",
        "linewidth": 0.0,
        "ltscale": 1.0,
        "visible": "1",
        "thickness": 0.0,
        "ext": "(3:0,0,1)",
        "height": 3.0,
        "text": "1295.31",
        "angle": 329.37141,
        "widthscale": 1.0,
        "oblique": 0.0,
        "style": "new1",
        "textgen": "0",
        "alignh": "0",
        "alignv": "0",
        "interlin": -1.0
      },
      "geometry": {
        "type": "Point",
        "coordinates": [52.425890157249619, 29.817490539804353]
      }
    },
    {
      "type": "Feature",
      "properties": {
        "fid": 10.0,
        "handle": "3025",
        "block": "-1",
        "etype": "25",
        "space": "0",
        "layer": "TEXT",
        "olinetype": "BYLAYER",
        "linetype": null,
        "color": "0,0,255,255",
        "ocolor": "5",
        "color24": "-1",
        "transparen": "0",
        "lweight": "-1",
        "linewidth": 0.0,
        "ltscale": 1.0,
        "visible": "1",
        "thickness": 0.0,
        "ext": "(3:0,0,1)",
        "height": 3.0,
        "text": "1292.46",
        "angle": 329.37141,
        "widthscale": 1.0,
        "oblique": 0.0,
        "style": "new1",
        "textgen": "0",
        "alignh": "0",
        "alignv": "0",
        "interlin": -1.0
      },
      "geometry": {
        "type": "Point",
        "coordinates": [52.426049350459429, 29.817604455368837]
      }
    },
    {
      "type": "Feature",
      "properties": {
        "fid": 12.0,
        "handle": "3027",
        "block": "-1",
        "etype": "25",
        "space": "0",
        "layer": "TEXT",
        "olinetype": "BYLAYER",
        "linetype": null,
        "color": "0,0,255,255",
        "ocolor": "5",
        "color24": "-1",
        "transparen": "0",
        "lweight": "-1",
        "linewidth": 0.0,
        "ltscale": 1.0,
        "visible": "1",
        "thickness": 0.0,
        "ext": "(3:0,0,1)",
        "height": 3.0,
        "text": "1277.93",
        "angle": 329.37141,
        "widthscale": 1.0,
        "oblique": 0.0,
        "style": "new1",
        "textgen": "0",
        "alignh": "0",
        "alignv": "0",
        "interlin": -1.0
      },
      "geometry": {
        "type": "Point",
        "coordinates": [52.426218724523906, 29.81771498355921]
      }
    },
    {
      "type": "Feature",
      "properties": {
        "fid": 14.0,
        "handle": "3029",
        "block": "-1",
        "etype": "25",
        "space": "0",
        "layer": "TEXT",
        "olinetype": "BYLAYER",
        "linetype": null,
        "color": "0,0,255,255",
        "ocolor": "5",
        "color24": "-1",
        "transparen": "0",
        "lweight": "-1",
        "linewidth": 0.0,
        "ltscale": 1.0,
        "visible": "1",
        "thickness": 0.0,
        "ext": "(3:0,0,1)",
        "height": 3.0,
        "text": "1258.06",
        "angle": 329.37141,
        "widthscale": 1.0,
        "oblique": 0.0,
        "style": "new1",
        "textgen": "0",
        "alignh": "0",
        "alignv": "0",
        "interlin": -1.0
      },
      "geometry": {
        "type": "Point",
        "coordinates": [52.426372262357788, 29.817852335984487]
      }
    },
    {
      "type": "Feature",
      "properties": {
        "fid": 16.0,
        "handle": "3031",
        "block": "-1",
        "etype": "25",
        "space": "0",
        "layer": "TEXT",
        "olinetype": "BYLAYER",
        "linetype": null,
        "color": "0,0,255,255",
        "ocolor": "5",
        "color24": "-1",
        "transparen": "0",
        "lweight": "-1",
        "linewidth": 0.0,
        "ltscale": 1.0,
        "visible": "1",
        "thickness": 0.0,
        "ext": "(3:0,0,1)",
        "height": 3.0,
        "text": "1242.08",
        "angle": 329.60602,
        "widthscale": 1.0,
        "oblique": 0.0,
        "style": "new1",
        "textgen": "0",
        "alignh": "0",
        "alignv": "0",
        "interlin": -1.0
      },
      "geometry": {
        "type": "Point",
        "coordinates": [52.42653912191124, 29.817953721745521]
      }
    },
    {
      "type": "Feature",
      "properties": {
        "fid": 18.0,
        "handle": "3033",
        "block": "-1",
        "etype": "25",
        "space": "0",
        "layer": "TEXT",
        "olinetype": "BYLAYER",
        "linetype": null,
        "color": "0,0,255,255",
        "ocolor": "5",
        "color24": "-1",
        "transparen": "0",
        "lweight": "-1",
        "linewidth": 0.0,
        "ltscale": 1.0,
        "visible": "1",
        "thickness": 0.0,
        "ext": "(3:0,0,1)",
        "height": 3.0,
        "text": "1216.98",
        "angle": 329.60602,
        "widthscale": 1.0,
        "oblique": 0.0,
        "style": "new1",
        "textgen": "0",
        "alignh": "0",
        "alignv": "0",
        "interlin": -1.0
      },
      "geometry": {
        "type": "Point",
        "coordinates": [52.426695745127958, 29.818071705858809]
      }
    },
    {
      "type": "Feature",
      "properties": {
        "fid": 20.0,
        "handle": "3035",
        "block": "-1",
        "etype": "25",
        "space": "0",
        "layer": "TEXT",
        "olinetype": "BYLAYER",
        "linetype": null,
        "color": "0,0,255,255",
        "ocolor": "5",
        "color24": "-1",
        "transparen": "0",
        "lweight": "-1",
        "linewidth": 0.0,
        "ltscale": 1.0,
        "visible": "1",
        "thickness": 0.0,
        "ext": "(3:0,0,1)",
        "height": 3.0,
        "text": "1204.22",
        "angle": 329.60602,
        "widthscale": 1.0,
        "oblique": 0.0,
        "style": "new1",
        "textgen": "0",
        "alignh": "0",
        "alignv": "0",
        "interlin": -1.0
      },
      "geometry": {
        "type": "Point",
        "coordinates": [52.426845134231208, 29.818191511065031]
      }
    },
    {
      "type": "Feature",
      "properties": {
        "fid": 22.0,
        "handle": "3037",
        "block": "-1",
        "etype": "25",
        "space": "0",
        "layer": "TEXT",
        "olinetype": "BYLAYER",
        "linetype": null,
        "color": "0,0,255,255",
        "ocolor": "5",
        "color24": "-1",
        "transparen": "0",
        "lweight": "-1",
        "linewidth": 0.0,
        "ltscale": 1.0,
        "visible": "1",
        "thickness": 0.0,
        "ext": "(3:0,0,1)",
        "height": 3.0,
        "text": "1198.73",
        "angle": 329.60602,
        "widthscale": 1.0,
        "oblique": 0.0,
        "style": "new1",
        "textgen": "0",
        "alignh": "0",
        "alignv": "0",
        "interlin": -1.0
      },
      "geometry": {
        "type": "Point",
        "coordinates": [52.427017752758246, 29.818298624056592]
      }
    },
    {
      "type": "Feature",
      "properties": {
        "fid": 24.0,
        "handle": "3039",
        "block": "-1",
        "etype": "25",
        "space": "0",
        "layer": "TEXT",
        "olinetype": "BYLAYER",
        "linetype": null,
        "color": "0,0,255,255",
        "ocolor": "5",
        "color24": "-1",
        "transparen": "0",
        "lweight": "-1",
        "linewidth": 0.0,
        "ltscale": 1.0,
        "visible": "1",
        "thickness": 0.0,
        "ext": "(3:0,0,1)",
        "height": 3.0,
        "text": "1173.63",
        "angle": 329.60602,
        "widthscale": 1.0,
        "oblique": 0.0,
        "style": "new1",
        "textgen": "0",
        "alignh": "0",
        "alignv": "0",
        "interlin": -1.0
      },
      "geometry": {
        "type": "Point",
        "coordinates": [52.427167818126762, 29.818426494378059]
      }
    },
    {
      "type": "Feature",
      "properties": {
        "fid": 26.0,
        "handle": "3041",
        "block": "-1",
        "etype": "25",
        "space": "0",
        "layer": "TEXT",
        "olinetype": "BYLAYER",
        "linetype": null,
        "color": "0,0,255,255",
        "ocolor": "5",
        "color24": "-1",
        "transparen": "0",
        "lweight": "-1",
        "linewidth": 0.0,
        "ltscale": 1.0,
        "visible": "1",
        "thickness": 0.0,
        "ext": "(3:0,0,1)",
        "height": 3.0,
        "text": "1164.00",
        "angle": 329.60602,
        "widthscale": 1.0,
        "oblique": 0.0,
        "style": "new1",
        "textgen": "0",
        "alignh": "0",
        "alignv": "0",
        "interlin": -1.0
      },
      "geometry": {
        "type": "Point",
        "coordinates": [52.42733237319149, 29.818536429546786]
      }
    },
    {
      "type": "Feature",
      "properties": {
        "fid": 28.0,
        "handle": "3043",
        "block": "-1",
        "etype": "25",
        "space": "0",
        "layer": "TEXT",
        "olinetype": "BYLAYER",
        "linetype": null,
        "color": "0,0,255,255",
        "ocolor": "5",
        "color24": "-1",
        "transparen": "0",
        "lweight": "-1",
        "linewidth": 0.0,
        "ltscale": 1.0,
        "visible": "1",
        "thickness": 0.0,
        "ext": "(3:0,0,1)",
        "height": 3.0,
        "text": "1154.53",
        "angle": 329.60602,
        "widthscale": 1.0,
        "oblique": 0.0,
        "style": "new1",
        "textgen": "0",
        "alignh": "0",
        "alignv": "0",
        "interlin": -1.0
      },
      "geometry": {
        "type": "Point",
        "coordinates": [52.427490738460726, 29.818654762058081]
      }
    },
    {
      "type": "Feature",
      "properties": {
        "fid": 30.0,
        "handle": "3045",
        "block": "-1",
        "etype": "25",
        "space": "0",
        "layer": "TEXT",
        "olinetype": "BYLAYER",
        "linetype": null,
        "color": "0,0,255,255",
        "ocolor": "5",
        "color24": "-1",
        "transparen": "0",
        "lweight": "-1",
        "linewidth": 0.0,
        "ltscale": 1.0,
        "visible": "1",
        "thickness": 0.0,
        "ext": "(3:0,0,1)",
        "height": 3.0,
        "text": "1147.38",
        "angle": 329.60602,
        "widthscale": 1.0,
        "oblique": 0.0,
        "style": "new1",
        "textgen": "0",
        "alignh": "0",
        "alignv": "0",
        "interlin": -1.0
      },
      "geometry": {
        "type": "Point",
        "coordinates": [52.42764386950715, 29.818770328621625]
      }
    },
    {
      "type": "Feature",
      "properties": {
        "fid": 32.0,
        "handle": "3047",
        "block": "-1",
        "etype": "25",
        "space": "0",
        "layer": "TEXT",
        "olinetype": "BYLAYER",
        "linetype": null,
        "color": "0,0,255,255",
        "ocolor": "5",
        "color24": "-1",
        "transparen": "0",
        "lweight": "-1",
        "linewidth": 0.0,
        "ltscale": 1.0,
        "visible": "1",
        "thickness": 0.0,
        "ext": "(3:0,0,1)",
        "height": 3.0,
        "text": "1175.11",
        "angle": 329.60602,
        "widthscale": 1.0,
        "oblique": 0.0,
        "style": "new1",
        "textgen": "0",
        "alignh": "0",
        "alignv": "0",
        "interlin": -1.0
      },
      "geometry": {
        "type": "Point",
        "coordinates": [52.427798448402285, 29.818894127930616]
      }
    },
    {
      "type": "Feature",
      "properties": {
        "fid": 34.0,
        "handle": "3049",
        "block": "-1",
        "etype": "25",
        "space": "0",
        "layer": "TEXT",
        "olinetype": "BYLAYER",
        "linetype": null,
        "color": "0,0,255,255",
        "ocolor": "5",
        "color24": "-1",
        "transparen": "0",
        "lweight": "-1",
        "linewidth": 0.0,
        "ltscale": 1.0,
        "visible": "1",
        "thickness": 0.0,
        "ext": "(3:0,0,1)",
        "height": 3.0,
        "text": "1177.12",
        "angle": 329.60602,
        "widthscale": 1.0,
        "oblique": 0.0,
        "style": "new1",
        "textgen": "0",
        "alignh": "0",
        "alignv": "0",
        "interlin": -1.0
      },
      "geometry": {
        "type": "Point",
        "coordinates": [52.427986845576783, 29.819009379349417]
      }
    },
    {
      "type": "Feature",
      "properties": {
        "fid": 36.0,
        "handle": "3051",
        "block": "-1",
        "etype": "25",
        "space": "0",
        "layer": "TEXT",
        "olinetype": "BYLAYER",
        "linetype": null,
        "color": "0,0,255,255",
        "ocolor": "5",
        "color24": "-1",
        "transparen": "0",
        "lweight": "-1",
        "linewidth": 0.0,
        "ltscale": 1.0,
        "visible": "1",
        "thickness": 0.0,
        "ext": "(3:0,0,1)",
        "height": 3.0,
        "text": "1132.00",
        "angle": 329.60602,
        "widthscale": 1.0,
        "oblique": 0.0,
        "style": "new1",
        "textgen": "0",
        "alignh": "0",
        "alignv": "0",
        "interlin": -1.0
      },
      "geometry": {
        "type": "Point",
        "coordinates": [52.428137215060779, 29.819136828403668]
      }
    },
    {
      "type": "Feature",
      "properties": {
        "fid": 38.0,
        "handle": "3053",
        "block": "-1",
        "etype": "25",
        "space": "0",
        "layer": "TEXT",
        "olinetype": "BYLAYER",
        "linetype": null,
        "color": "0,0,255,255",
        "ocolor": "5",
        "color24": "-1",
        "transparen": "0",
        "lweight": "-1",
        "linewidth": 0.0,
        "ltscale": 1.0,
        "visible": "1",
        "thickness": 0.0,
        "ext": "(3:0,0,1)",
        "height": 3.0,
        "text": "1132.00",
        "angle": 329.60602,
        "widthscale": 1.0,
        "oblique": 0.0,
        "style": "new1",
        "textgen": "0",
        "alignh": "0",
        "alignv": "0",
        "interlin": -1.0
      },
      "geometry": {
        "type": "Point",
        "coordinates": [52.428269842026893, 29.819245598572852]
      }
    },
    {
      "type": "Feature",
      "properties": {
        "fid": 40.0,
        "handle": "3055",
        "block": "-1",
        "etype": "25",
        "space": "0",
        "layer": "TEXT",
        "olinetype": "BYLAYER",
        "linetype": null,
        "color": "0,0,255,255",
        "ocolor": "5",
        "color24": "-1",
        "transparen": "0",
        "lweight": "-1",
        "linewidth": 0.0,
        "ltscale": 1.0,
        "visible": "1",
        "thickness": 0.0,
        "ext": "(3:0,0,1)",
        "height": 3.0,
        "text": "1132.00",
        "angle": 329.60602,
        "widthscale": 1.0,
        "oblique": 0.0,
        "style": "new1",
        "textgen": "0",
        "alignh": "0",
        "alignv": "0",
        "interlin": -1.0
      },
      "geometry": {
        "type": "Point",
        "coordinates": [52.428425391562122, 29.81937961504082]
      }
    },
    {
      "type": "Feature",
      "properties": {
        "fid": 42.0,
        "handle": "3057",
        "block": "-1",
        "etype": "25",
        "space": "0",
        "layer": "TEXT",
        "olinetype": "BYLAYER",
        "linetype": null,
        "color": "0,0,255,255",
        "ocolor": "5",
        "color24": "-1",
        "transparen": "0",
        "lweight": "-1",
        "linewidth": 0.0,
        "ltscale": 1.0,
        "visible": "1",
        "thickness": 0.0,
        "ext": "(3:0,0,1)",
        "height": 3.0,
        "text": "1132.00",
        "angle": 329.60602,
        "widthscale": 1.0,
        "oblique": 0.0,
        "style": "new1",
        "textgen": "0",
        "alignh": "0",
        "alignv": "0",
        "interlin": -1.0
      },
      "geometry": {
        "type": "Point",
        "coordinates": [52.42857292217537, 29.819489411150709]
      }
    },
    {
      "type": "Feature",
      "properties": {
        "fid": 44.0,
        "handle": "3059",
        "block": "-1",
        "etype": "25",
        "space": "0",
        "layer": "TEXT",
        "olinetype": "BYLAYER",
        "linetype": null,
        "color": "0,0,255,255",
        "ocolor": "5",
        "color24": "-1",
        "transparen": "0",
        "lweight": "-1",
        "linewidth": 0.0,
        "ltscale": 1.0,
        "visible": "1",
        "thickness": 0.0,
        "ext": "(3:0,0,1)",
        "height": 3.0,
        "text": "1137.66",
        "angle": 329.60602,
        "widthscale": 1.0,
        "oblique": 0.0,
        "style": "new1",
        "textgen": "0",
        "alignh": "0",
        "alignv": "0",
        "interlin": -1.0
      },
      "geometry": {
        "type": "Point",
        "coordinates": [52.428744787495376, 29.819598461188644]
      }
    },
    {
      "type": "Feature",
      "properties": {
        "fid": 46.0,
        "handle": "3061",
        "block": "-1",
        "etype": "25",
        "space": "0",
        "layer": "TEXT",
        "olinetype": "BYLAYER",
        "linetype": null,
        "color": "0,0,255,255",
        "ocolor": "5",
        "color24": "-1",
        "transparen": "0",
        "lweight": "-1",
        "linewidth": 0.0,
        "ltscale": 1.0,
        "visible": "1",
        "thickness": 0.0,
        "ext": "(3:0,0,1)",
        "height": 3.0,
        "text": "999.01",
        "angle": 329.60602,
        "widthscale": 1.0,
        "oblique": 0.0,
        "style": "new1",
        "textgen": "0",
        "alignh": "0",
        "alignv": "0",
        "interlin": -1.0
      },
      "geometry": {
        "type": "Point",
        "coordinates": [52.427576861842361, 29.819400556407466]
      }
    },
    {
      "type": "Feature",
      "properties": {
        "fid": 48.0,
        "handle": "3063",
        "block": "-1",
        "etype": "25",
        "space": "0",
        "layer": "TEXT",
        "olinetype": "BYLAYER",
        "linetype": null,
        "color": "0,0,255,255",
        "ocolor": "5",
        "color24": "-1",
        "transparen": "0",
        "lweight": "-1",
        "linewidth": 0.0,
        "ltscale": 1.0,
        "visible": "1",
        "thickness": 0.0,
        "ext": "(3:0,0,1)",
        "height": 3.0,
        "text": "1022.72",
        "angle": 329.60602,
        "widthscale": 1.0,
        "oblique": 0.0,
        "style": "new1",
        "textgen": "0",
        "alignh": "0",
        "alignv": "0",
        "interlin": -1.0
      },
      "geometry": {
        "type": "Point",
        "coordinates": [52.427429448680115, 29.819558376933799]
      }
    },
    {
      "type": "Feature",
      "properties": {
        "fid": 50.0,
        "handle": "3065",
        "block": "-1",
        "etype": "25",
        "space": "0",
        "layer": "TEXT",
        "olinetype": "BYLAYER",
        "linetype": null,
        "color": "0,0,255,255",
        "ocolor": "5",
        "color24": "-1",
        "transparen": "0",
        "lweight": "-1",
        "linewidth": 0.0,
        "ltscale": 1.0,
        "visible": "1",
        "thickness": 0.0,
        "ext": "(3:0,0,1)",
        "height": 3.0,
        "text": "1015.77",
        "angle": 329.60602,
        "widthscale": 1.0,
        "oblique": 0.0,
        "style": "new1",
        "textgen": "0",
        "alignh": "0",
        "alignv": "0",
        "interlin": -1.0
      },
      "geometry": {
        "type": "Point",
        "coordinates": [52.427284084464411, 29.819722387315796]
      }
    },
    {
      "type": "Feature",
      "properties": {
        "fid": 52.0,
        "handle": "3067",
        "block": "-1",
        "etype": "25",
        "space": "0",
        "layer": "TEXT",
        "olinetype": "BYLAYER",
        "linetype": null,
        "color": "0,0,255,255",
        "ocolor": "5",
        "color24": "-1",
        "transparen": "0",
        "lweight": "-1",
        "linewidth": 0.0,
        "ltscale": 1.0,
        "visible": "1",
        "thickness": 0.0,
        "ext": "(3:0,0,1)",
        "height": 3.0,
        "text": "1086.03",
        "angle": 329.60602,
        "widthscale": 1.0,
        "oblique": 0.0,
        "style": "new1",
        "textgen": "0",
        "alignh": "0",
        "alignv": "0",
        "interlin": -1.0
      },
      "geometry": {
        "type": "Point",
        "coordinates": [52.42721732609948, 29.819296144352297]
      }
    },
    {
      "type": "Feature",
      "properties": {
        "fid": 54.0,
        "handle": "3069",
        "block": "-1",
        "etype": "25",
        "space": "0",
        "layer": "TEXT",
        "olinetype": "BYLAYER",
        "linetype": null,
        "color": "0,0,255,255",
        "ocolor": "5",
        "color24": "-1",
        "transparen": "0",
        "lweight": "-1",
        "linewidth": 0.0,
        "ltscale": 1.0,
        "visible": "1",
        "thickness": 0.0,
        "ext": "(3:0,0,1)",
        "height": 3.0,
        "text": "1096.71",
        "angle": 329.60602,
        "widthscale": 1.0,
        "oblique": 0.0,
        "style": "new1",
        "textgen": "0",
        "alignh": "0",
        "alignv": "0",
        "interlin": -1.0
      },
      "geometry": {
        "type": "Point",
        "coordinates": [52.426976201723079, 29.819240442229489]
      }
    },
    {
      "type": "Feature",
      "properties": {
        "fid": 56.0,
        "handle": "3071",
        "block": "-1",
        "etype": "25",
        "space": "0",
        "layer": "TEXT",
        "olinetype": "BYLAYER",
        "linetype": null,
        "color": "0,0,255,255",
        "ocolor": "5",
        "color24": "-1",
        "transparen": "0",
        "lweight": "-1",
        "linewidth": 0.0,
        "ltscale": 1.0,
        "visible": "1",
        "thickness": 0.0,
        "ext": "(3:0,0,1)",
        "height": 3.0,
        "text": "1091.70",
        "angle": 329.60602,
        "widthscale": 1.0,
        "oblique": 0.0,
        "style": "new1",
        "textgen": "0",
        "alignh": "0",
        "alignv": "0",
        "interlin": -1.0
      },
      "geometry": {
        "type": "Point",
        "coordinates": [52.426816672101509, 29.819129718232102]
      }
    },
    {
      "type": "Feature",
      "properties": {
        "fid": 58.0,
        "handle": "3073",
        "block": "-1",
        "etype": "25",
        "space": "0",
        "layer": "TEXT",
        "olinetype": "BYLAYER",
        "linetype": null,
        "color": "0,0,255,255",
        "ocolor": "5",
        "color24": "-1",
        "transparen": "0",
        "lweight": "-1",
        "linewidth": 0.0,
        "ltscale": 1.0,
        "visible": "1",
        "thickness": 0.0,
        "ext": "(3:0,0,1)",
        "height": 3.0,
        "text": "1097.84",
        "angle": 329.60602,
        "widthscale": 1.0,
        "oblique": 0.0,
        "style": "new1",
        "textgen": "0",
        "alignh": "0",
        "alignv": "0",
        "interlin": -1.0
      },
      "geometry": {
        "type": "Point",
        "coordinates": [52.426711069129539, 29.818992030476323]
      }
    },
    {
      "type": "Feature",
      "properties": {
        "fid": 60.0,
        "handle": "3075",
        "block": "-1",
        "etype": "25",
        "space": "0",
        "layer": "TEXT",
        "olinetype": "BYLAYER",
        "linetype": null,
        "color": "0,0,255,255",
        "ocolor": "5",
        "color24": "-1",
        "transparen": "0",
        "lweight": "-1",
        "linewidth": 0.0,
        "ltscale": 1.0,
        "visible": "1",
        "thickness": 0.0,
        "ext": "(3:0,0,1)",
        "height": 3.0,
        "text": "1093.23",
        "angle": 329.60602,
        "widthscale": 1.0,
        "oblique": 0.0,
        "style": "new1",
        "textgen": "0",
        "alignh": "0",
        "alignv": "0",
        "interlin": -1.0
      },
      "geometry": {
        "type": "Point",
        "coordinates": [52.426555824865815, 29.818875977892883]
      }
    },
    {
      "type": "Feature",
      "properties": {
        "fid": 62.0,
        "handle": "3077",
        "block": "-1",
        "etype": "25",
        "space": "0",
        "layer": "TEXT",
        "olinetype": "BYLAYER",
        "linetype": null,
        "color": "0,0,255,255",
        "ocolor": "5",
        "color24": "-1",
        "transparen": "0",
        "lweight": "-1",
        "linewidth": 0.0,
        "ltscale": 1.0,
        "visible": "1",
        "thickness": 0.0,
        "ext": "(3:0,0,1)",
        "height": 3.0,
        "text": "1091.79",
        "angle": 329.60602,
        "widthscale": 1.0,
        "oblique": 0.0,
        "style": "new1",
        "textgen": "0",
        "alignh": "0",
        "alignv": "0",
        "interlin": -1.0
      },
      "geometry": {
        "type": "Point",
        "coordinates": [52.426415042431756, 29.818763887148819]
      }
    },
    {
      "type": "Feature",
      "properties": {
        "fid": 64.0,
        "handle": "3079",
        "block": "-1",
        "etype": "25",
        "space": "0",
        "layer": "TEXT",
        "olinetype": "BYLAYER",
        "linetype": null,
        "color": "0,0,255,255",
        "ocolor": "5",
        "color24": "-1",
        "transparen": "0",
        "lweight": "-1",
        "linewidth": 0.0,
        "ltscale": 1.0,
        "visible": "1",
        "thickness": 0.0,
        "ext": "(3:0,0,1)",
        "height": 3.0,
        "text": "1099.60",
        "angle": 329.60602,
        "widthscale": 1.0,
        "oblique": 0.0,
        "style": "new1",
        "textgen": "0",
        "alignh": "0",
        "alignv": "0",
        "interlin": -1.0
      },
      "geometry": {
        "type": "Point",
        "coordinates": [52.426248895837723, 29.818644769598368]
      }
    },
    {
      "type": "Feature",
      "properties": {
        "fid": 66.0,
        "handle": "3081",
        "block": "-1",
        "etype": "25",
        "space": "0",
        "layer": "TEXT",
        "olinetype": "BYLAYER",
        "linetype": null,
        "color": "0,0,255,255",
        "ocolor": "5",
        "color24": "-1",
        "transparen": "0",
        "lweight": "-1",
        "linewidth": 0.0,
        "ltscale": 1.0,
        "visible": "1",
        "thickness": 0.0,
        "ext": "(3:0,0,1)",
        "height": 3.0,
        "text": "1074.43",
        "angle": 329.60602,
        "widthscale": 1.0,
        "oblique": 0.0,
        "style": "new1",
        "textgen": "0",
        "alignh": "0",
        "alignv": "0",
        "interlin": -1.0
      },
      "geometry": {
        "type": "Point",
        "coordinates": [52.426072671232404, 29.818541600991317]
      }
    },
    {
      "type": "Feature",
      "properties": {
        "fid": 68.0,
        "handle": "3083",
        "block": "-1",
        "etype": "25",
        "space": "0",
        "layer": "TEXT",
        "olinetype": "BYLAYER",
        "linetype": null,
        "color": "0,0,255,255",
        "ocolor": "5",
        "color24": "-1",
        "transparen": "0",
        "lweight": "-1",
        "linewidth": 0.0,
        "ltscale": 1.0,
        "visible": "1",
        "thickness": 0.0,
        "ext": "(3:0,0,1)",
        "height": 3.0,
        "text": "1105.82",
        "angle": 329.60602,
        "widthscale": 1.0,
        "oblique": 0.0,
        "style": "new1",
        "textgen": "0",
        "alignh": "0",
        "alignv": "0",
        "interlin": -1.0
      },
      "geometry": {
        "type": "Point",
        "coordinates": [52.425928607718355, 29.818422844763628]
      }
    },
    {
      "type": "Feature",
      "properties": {
        "fid": 70.0,
        "handle": "3085",
        "block": "-1",
        "etype": "25",
        "space": "0",
        "layer": "TEXT",
        "olinetype": "BYLAYER",
        "linetype": null,
        "color": "0,0,255,255",
        "ocolor": "5",
        "color24": "-1",
        "transparen": "0",
        "lweight": "-1",
        "linewidth": 0.0,
        "ltscale": 1.0,
        "visible": "1",
        "thickness": 0.0,
        "ext": "(3:0,0,1)",
        "height": 3.0,
        "text": "1107.88",
        "angle": 329.60602,
        "widthscale": 1.0,
        "oblique": 0.0,
        "style": "new1",
        "textgen": "0",
        "alignh": "0",
        "alignv": "0",
        "interlin": -1.0
      },
      "geometry": {
        "type": "Point",
        "coordinates": [52.425706153783217, 29.818168916817395]
      }
    },
    {
      "type": "Feature",
      "properties": {
        "fid": 72.0,
        "handle": "3087",
        "block": "-1",
        "etype": "25",
        "space": "0",
        "layer": "TEXT",
        "olinetype": "BYLAYER",
        "linetype": null,
        "color": "0,0,255,255",
        "ocolor": "5",
        "color24": "-1",
        "transparen": "0",
        "lweight": "-1",
        "linewidth": 0.0,
        "ltscale": 1.0,
        "visible": "1",
        "thickness": 0.0,
        "ext": "(3:0,0,1)",
        "height": 3.0,
        "text": "1109.05",
        "angle": 329.60602,
        "widthscale": 1.0,
        "oblique": 0.0,
        "style": "new1",
        "textgen": "0",
        "alignh": "0",
        "alignv": "0",
        "interlin": -1.0
      },
      "geometry": {
        "type": "Point",
        "coordinates": [52.425529300004136, 29.8180843776518]
      }
    },
    {
      "type": "Feature",
      "properties": {
        "fid": 74.0,
        "handle": "3089",
        "block": "-1",
        "etype": "25",
        "space": "0",
        "layer": "TEXT",
        "olinetype": "BYLAYER",
        "linetype": null,
        "color": "0,0,255,255",
        "ocolor": "5",
        "color24": "-1",
        "transparen": "0",
        "lweight": "-1",
        "linewidth": 0.0,
        "ltscale": 1.0,
        "visible": "1",
        "thickness": 0.0,
        "ext": "(3:0,0,1)",
        "height": 3.0,
        "text": "1111.75",
        "angle": 329.60602,
        "widthscale": 1.0,
        "oblique": 0.0,
        "style": "new1",
        "textgen": "0",
        "alignh": "0",
        "alignv": "0",
        "interlin": -1.0
      },
      "geometry": {
        "type": "Point",
        "coordinates": [52.425376308880914, 29.817958187603608]
      }
    },
    {
      "type": "Feature",
      "properties": {
        "fid": 76.0,
        "handle": "3091",
        "block": "-1",
        "etype": "25",
        "space": "0",
        "layer": "TEXT",
        "olinetype": "BYLAYER",
        "linetype": null,
        "color": "0,0,255,255",
        "ocolor": "5",
        "color24": "-1",
        "transparen": "0",
        "lweight": "-1",
        "linewidth": 0.0,
        "ltscale": 1.0,
        "visible": "1",
        "thickness": 0.0,
        "ext": "(3:0,0,1)",
        "height": 3.0,
        "text": "964.44",
        "angle": 329.60602,
        "widthscale": 1.0,
        "oblique": 0.0,
        "style": "new1",
        "textgen": "0",
        "alignh": "0",
        "alignv": "0",
        "interlin": -1.0
      },
      "geometry": {
        "type": "Point",
        "coordinates": [52.425223426695261, 29.817869149249024]
      }
    },
    {
      "type": "Feature",
      "properties": {
        "fid": 78.0,
        "handle": "3093",
        "block": "-1",
        "etype": "25",
        "space": "0",
        "layer": "TEXT",
        "olinetype": "BYLAYER",
        "linetype": null,
        "color": "0,0,255,255",
        "ocolor": "5",
        "color24": "-1",
        "transparen": "0",
        "lweight": "-1",
        "linewidth": 0.0,
        "ltscale": 1.0,
        "visible": "1",
        "thickness": 0.0,
        "ext": "(3:0,0,1)",
        "height": 3.0,
        "text": "1003.32",
        "angle": 329.60602,
        "widthscale": 1.0,
        "oblique": 0.0,
        "style": "new1",
        "textgen": "0",
        "alignh": "0",
        "alignv": "0",
        "interlin": -1.0
      },
      "geometry": {
        "type": "Point",
        "coordinates": [52.42509603961453, 29.817759929644215]
      }
    },
    {
      "type": "Feature",
      "properties": {
        "fid": 80.0,
        "handle": "3095",
        "block": "-1",
        "etype": "25",
        "space": "0",
        "layer": "TEXT",
        "olinetype": "BYLAYER",
        "linetype": null,
        "color": "0,0,255,255",
        "ocolor": "5",
        "color24": "-1",
        "transparen": "0",
        "lweight": "-1",
        "linewidth": 0.0,
        "ltscale": 1.0,
        "visible": "1",
        "thickness": 0.0,
        "ext": "(3:0,0,1)",
        "height": 3.0,
        "text": "837.42",
        "angle": 329.60602,
        "widthscale": 1.0,
        "oblique": 0.0,
        "style": "new1",
        "textgen": "0",
        "alignh": "0",
        "alignv": "0",
        "interlin": -1.0
      },
      "geometry": {
        "type": "Point",
        "coordinates": [52.424740949773799, 29.81818604120415]
      }
    },
    {
      "type": "Feature",
      "properties": {
        "fid": 82.0,
        "handle": "3097",
        "block": "-1",
        "etype": "25",
        "space": "0",
        "layer": "TEXT",
        "olinetype": "BYLAYER",
        "linetype": null,
        "color": "0,0,255,255",
        "ocolor": "5",
        "color24": "-1",
        "transparen": "0",
        "lweight": "-1",
        "linewidth": 0.0,
        "ltscale": 1.0,
        "visible": "1",
        "thickness": 0.0,
        "ext": "(3:0,0,1)",
        "height": 3.0,
        "text": "850.12",
        "angle": 329.60602,
        "widthscale": 1.0,
        "oblique": 0.0,
        "style": "new1",
        "textgen": "0",
        "alignh": "0",
        "alignv": "0",
        "interlin": -1.0
      },
      "geometry": {
        "type": "Point",
        "coordinates": [52.424868477812062, 29.818269095060089]
      }
    },
    {
      "type": "Feature",
      "properties": {
        "fid": 84.0,
        "handle": "3099",
        "block": "-1",
        "etype": "25",
        "space": "0",
        "layer": "TEXT",
        "olinetype": "BYLAYER",
        "linetype": null,
        "color": "0,0,255,255",
        "ocolor": "5",
        "color24": "-1",
        "transparen": "0",
        "lweight": "-1",
        "linewidth": 0.0,
        "ltscale": 1.0,
        "visible": "1",
        "thickness": 0.0,
        "ext": "(3:0,0,1)",
        "height": 3.0,
        "text": "1100.59",
        "angle": 329.60602,
        "widthscale": 1.0,
        "oblique": 0.0,
        "style": "new1",
        "textgen": "0",
        "alignh": "0",
        "alignv": "0",
        "interlin": -1.0
      },
      "geometry": {
        "type": "Point",
        "coordinates": [52.425041948148738, 29.818338719777024]
      }
    },
    {
      "type": "Feature",
      "properties": {
        "fid": 86.0,
        "handle": "3101",
        "block": "-1",
        "etype": "25",
        "space": "0",
        "layer": "TEXT",
        "olinetype": "BYLAYER",
        "linetype": null,
        "color": "0,0,255,255",
        "ocolor": "5",
        "color24": "-1",
        "transparen": "0",
        "lweight": "-1",
        "linewidth": 0.0,
        "ltscale": 1.0,
        "visible": "1",
        "thickness": 0.0,
        "ext": "(3:0,0,1)",
        "height": 3.0,
        "text": "1108.76",
        "angle": 329.60602,
        "widthscale": 1.0,
        "oblique": 0.0,
        "style": "new1",
        "textgen": "0",
        "alignh": "0",
        "alignv": "0",
        "interlin": -1.0
      },
      "geometry": {
        "type": "Point",
        "coordinates": [52.425180431211537, 29.818442863818543]
      }
    },
    {
      "type": "Feature",
      "properties": {
        "fid": 88.0,
        "handle": "3103",
        "block": "-1",
        "etype": "25",
        "space": "0",
        "layer": "TEXT",
        "olinetype": "BYLAYER",
        "linetype": null,
        "color": "0,0,255,255",
        "ocolor": "5",
        "color24": "-1",
        "transparen": "0",
        "lweight": "-1",
        "linewidth": 0.0,
        "ltscale": 1.0,
        "visible": "1",
        "thickness": 0.0,
        "ext": "(3:0,0,1)",
        "height": 3.0,
        "text": "1106.09",
        "angle": 329.60602,
        "widthscale": 1.0,
        "oblique": 0.0,
        "style": "new1",
        "textgen": "0",
        "alignh": "0",
        "alignv": "0",
        "interlin": -1.0
      },
      "geometry": {
        "type": "Point",
        "coordinates": [52.42534667383994, 29.818560392273504]
      }
    },
    {
      "type": "Feature",
      "properties": {
        "fid": 90.0,
        "handle": "3105",
        "block": "-1",
        "etype": "25",
        "space": "0",
        "layer": "TEXT",
        "olinetype": "BYLAYER",
        "linetype": null,
        "color": "0,0,255,255",
        "ocolor": "5",
        "color24": "-1",
        "transparen": "0",
        "lweight": "-1",
        "linewidth": 0.0,
        "ltscale": 1.0,
        "visible": "1",
        "thickness": 0.0,
        "ext": "(3:0,0,1)",
        "height": 3.0,
        "text": "1097.50",
        "angle": 329.60602,
        "widthscale": 1.0,
        "oblique": 0.0,
        "style": "new1",
        "textgen": "0",
        "alignh": "0",
        "alignv": "0",
        "interlin": -1.0
      },
      "geometry": {
        "type": "Point",
        "coordinates": [52.425556459063181, 29.818838020905531]
      }
    },
    {
      "type": "Feature",
      "properties": {
        "fid": 92.0,
        "handle": "3107",
        "block": "-1",
        "etype": "25",
        "space": "0",
        "layer": "TEXT",
        "olinetype": "BYLAYER",
        "linetype": null,
        "color": "0,0,255,255",
        "ocolor": "5",
        "color24": "-1",
        "transparen": "0",
        "lweight": "-1",
        "linewidth": 0.0,
        "ltscale": 1.0,
        "visible": "1",
        "thickness": 0.0,
        "ext": "(3:0,0,1)",
        "height": 3.0,
        "text": "1101.06",
        "angle": 329.60602,
        "widthscale": 1.0,
        "oblique": 0.0,
        "style": "new1",
        "textgen": "0",
        "alignh": "0",
        "alignv": "0",
        "interlin": -1.0
      },
      "geometry": {
        "type": "Point",
        "coordinates": [52.425709974425693, 29.818957050384064]
      }
    },
    {
      "type": "Feature",
      "properties": {
        "fid": 94.0,
        "handle": "3109",
        "block": "-1",
        "etype": "25",
        "space": "0",
        "layer": "TEXT",
        "olinetype": "BYLAYER",
        "linetype": null,
        "color": "0,0,255,255",
        "ocolor": "5",
        "color24": "-1",
        "transparen": "0",
        "lweight": "-1",
        "linewidth": 0.0,
        "ltscale": 1.0,
        "visible": "1",
        "thickness": 0.0,
        "ext": "(3:0,0,1)",
        "height": 3.0,
        "text": "1079.78",
        "angle": 329.60602,
        "widthscale": 1.0,
        "oblique": 0.0,
        "style": "new1",
        "textgen": "0",
        "alignh": "0",
        "alignv": "0",
        "interlin": -1.0
      },
      "geometry": {
        "type": "Point",
        "coordinates": [52.425883856188086, 29.819062040009072]
      }
    },
    {
      "type": "Feature",
      "properties": {
        "fid": 96.0,
        "handle": "3111",
        "block": "-1",
        "etype": "25",
        "space": "0",
        "layer": "TEXT",
        "olinetype": "BYLAYER",
        "linetype": null,
        "color": "0,0,255,255",
        "ocolor": "5",
        "color24": "-1",
        "transparen": "0",
        "lweight": "-1",
        "linewidth": 0.0,
        "ltscale": 1.0,
        "visible": "1",
        "thickness": 0.0,
        "ext": "(3:0,0,1)",
        "height": 3.0,
        "text": "1097.73",
        "angle": 329.60602,
        "widthscale": 1.0,
        "oblique": 0.0,
        "style": "new1",
        "textgen": "0",
        "alignh": "0",
        "alignv": "0",
        "interlin": -1.0
      },
      "geometry": {
        "type": "Point",
        "coordinates": [52.426038090476595, 29.819162494795926]
      }
    },
    {
      "type": "Feature",
      "properties": {
        "fid": 98.0,
        "handle": "3113",
        "block": "-1",
        "etype": "25",
        "space": "0",
        "layer": "TEXT",
        "olinetype": "BYLAYER",
        "linetype": null,
        "color": "0,0,255,255",
        "ocolor": "5",
        "color24": "-1",
        "transparen": "0",
        "lweight": "-1",
        "linewidth": 0.0,
        "ltscale": 1.0,
        "visible": "1",
        "thickness": 0.0,
        "ext": "(3:0,0,1)",
        "height": 3.0,
        "text": "1098.37",
        "angle": 329.60602,
        "widthscale": 1.0,
        "oblique": 0.0,
        "style": "new1",
        "textgen": "0",
        "alignh": "0",
        "alignv": "0",
        "interlin": -1.0
      },
      "geometry": {
        "type": "Point",
        "coordinates": [52.426197094229515, 29.81929006836204]
      }
    },
    {
      "type": "Feature",
      "properties": {
        "fid": 100.0,
        "handle": "3115",
        "block": "-1",
        "etype": "25",
        "space": "0",
        "layer": "TEXT",
        "olinetype": "BYLAYER",
        "linetype": null,
        "color": "0,0,255,255",
        "ocolor": "5",
        "color24": "-1",
        "transparen": "0",
        "lweight": "-1",
        "linewidth": 0.0,
        "ltscale": 1.0,
        "visible": "1",
        "thickness": 0.0,
        "ext": "(3:0,0,1)",
        "height": 3.0,
        "text": "1101.07",
        "angle": 329.60602,
        "widthscale": 1.0,
        "oblique": 0.0,
        "style": "new1",
        "textgen": "0",
        "alignh": "0",
        "alignv": "0",
        "interlin": -1.0
      },
      "geometry": {
        "type": "Point",
        "coordinates": [52.426373531307036, 29.819387810961349]
      }
    },
    {
      "type": "Feature",
      "properties": {
        "fid": 102.0,
        "handle": "3117",
        "block": "-1",
        "etype": "25",
        "space": "0",
        "layer": "TEXT",
        "olinetype": "BYLAYER",
        "linetype": null,
        "color": "0,0,255,255",
        "ocolor": "5",
        "color24": "-1",
        "transparen": "0",
        "lweight": "-1",
        "linewidth": 0.0,
        "ltscale": 1.0,
        "visible": "1",
        "thickness": 0.0,
        "ext": "(3:0,0,1)",
        "height": 3.0,
        "text": "1035.07",
        "angle": 329.60602,
        "widthscale": 1.0,
        "oblique": 0.0,
        "style": "new1",
        "textgen": "0",
        "alignh": "0",
        "alignv": "0",
        "interlin": -1.0
      },
      "geometry": {
        "type": "Point",
        "coordinates": [52.426604608921636, 29.819397599456376]
      }
    },
    {
      "type": "Feature",
      "properties": {
        "fid": 104.0,
        "handle": "3119",
        "block": "-1",
        "etype": "25",
        "space": "0",
        "layer": "TEXT",
        "olinetype": "BYLAYER",
        "linetype": null,
        "color": "0,0,255,255",
        "ocolor": "5",
        "color24": "-1",
        "transparen": "0",
        "lweight": "-1",
        "linewidth": 0.0,
        "ltscale": 1.0,
        "visible": "1",
        "thickness": 0.0,
        "ext": "(3:0,0,1)",
        "height": 3.0,
        "text": "1015.59",
        "angle": 329.60602,
        "widthscale": 1.0,
        "oblique": 0.0,
        "style": "new1",
        "textgen": "0",
        "alignh": "0",
        "alignv": "0",
        "interlin": -1.0
      },
      "geometry": {
        "type": "Point",
        "coordinates": [52.426754561209201, 29.819521943458849]
      }
    },
    {
      "type": "Feature",
      "properties": {
        "fid": 106.0,
        "handle": "3121",
        "block": "-1",
        "etype": "25",
        "space": "0",
        "layer": "TEXT",
        "olinetype": "BYLAYER",
        "linetype": null,
        "color": "0,0,255,255",
        "ocolor": "5",
        "color24": "-1",
        "transparen": "0",
        "lweight": "-1",
        "linewidth": 0.0,
        "ltscale": 1.0,
        "visible": "1",
        "thickness": 0.0,
        "ext": "(3:0,0,1)",
        "height": 3.0,
        "text": "1048.03",
        "angle": 329.60602,
        "widthscale": 1.0,
        "oblique": 0.0,
        "style": "new1",
        "textgen": "0",
        "alignh": "0",
        "alignv": "0",
        "interlin": -1.0
      },
      "geometry": {
        "type": "Point",
        "coordinates": [52.426913470742377, 29.819644702148718]
      }
    },
    {
      "type": "Feature",
      "properties": {
        "fid": 108.0,
        "handle": "3123",
        "block": "-1",
        "etype": "25",
        "space": "0",
        "layer": "TEXT",
        "olinetype": "BYLAYER",
        "linetype": null,
        "color": "0,0,255,255",
        "ocolor": "5",
        "color24": "-1",
        "transparen": "0",
        "lweight": "-1",
        "linewidth": 0.0,
        "ltscale": 1.0,
        "visible": "1",
        "thickness": 0.0,
        "ext": "(3:0,0,1)",
        "height": 3.0,
        "text": "1191.10",
        "angle": 329.60602,
        "widthscale": 1.0,
        "oblique": 0.0,
        "style": "new1",
        "textgen": "0",
        "alignh": "0",
        "alignv": "0",
        "interlin": -1.0
      },
      "geometry": {
        "type": "Point",
        "coordinates": [52.427097887295695, 29.819870122972212]
      }
    },
    {
      "type": "Feature",
      "properties": {
        "fid": 110.0,
        "handle": "3125",
        "block": "-1",
        "etype": "25",
        "space": "0",
        "layer": "TEXT",
        "olinetype": "BYLAYER",
        "linetype": null,
        "color": "0,0,255,255",
        "ocolor": "5",
        "color24": "-1",
        "transparen": "0",
        "lweight": "-1",
        "linewidth": 0.0,
        "ltscale": 1.0,
        "visible": "1",
        "thickness": 0.0,
        "ext": "(3:0,0,1)",
        "height": 3.0,
        "text": "1147.53",
        "angle": 329.60602,
        "widthscale": 1.0,
        "oblique": 0.0,
        "style": "new1",
        "textgen": "0",
        "alignh": "0",
        "alignv": "0",
        "interlin": -1.0
      },
      "geometry": {
        "type": "Point",
        "coordinates": [52.42699907510417, 29.820081380125856]
      }
    },
    {
      "type": "Feature",
      "properties": {
        "fid": 112.0,
        "handle": "3127",
        "block": "-1",
        "etype": "25",
        "space": "0",
        "layer": "TEXT",
        "olinetype": "BYLAYER",
        "linetype": null,
        "color": "0,0,255,255",
        "ocolor": "5",
        "color24": "-1",
        "transparen": "0",
        "lweight": "-1",
        "linewidth": 0.0,
        "ltscale": 1.0,
        "visible": "1",
        "thickness": 0.0,
        "ext": "(3:0,0,1)",
        "height": 3.0,
        "text": "1004.00",
        "angle": 329.60602,
        "widthscale": 1.0,
        "oblique": 0.0,
        "style": "new1",
        "textgen": "0",
        "alignh": "0",
        "alignv": "0",
        "interlin": -1.0
      },
      "geometry": {
        "type": "Point",
        "coordinates": [52.425657792324195, 29.819407525098036]
      }
    },
    {
      "type": "Feature",
      "properties": {
        "fid": 114.0,
        "handle": "3129",
        "block": "-1",
        "etype": "25",
        "space": "0",
        "layer": "TEXT",
        "olinetype": "BYLAYER",
        "linetype": null,
        "color": "0,0,255,255",
        "ocolor": "5",
        "color24": "-1",
        "transparen": "0",
        "lweight": "-1",
        "linewidth": 0.0,
        "ltscale": 1.0,
        "visible": "1",
        "thickness": 0.0,
        "ext": "(3:0,0,1)",
        "height": 3.0,
        "text": "1011.58",
        "angle": 329.60602,
        "widthscale": 1.0,
        "oblique": 0.0,
        "style": "new1",
        "textgen": "0",
        "alignh": "0",
        "alignv": "0",
        "interlin": -1.0
      },
      "geometry": {
        "type": "Point",
        "coordinates": [52.425532896969479, 29.819548697869227]
      }
    },
    {
      "type": "Feature",
      "properties": {
        "fid": 116.0,
        "handle": "3131",
        "block": "-1",
        "etype": "25",
        "space": "0",
        "layer": "TEXT",
        "olinetype": "BYLAYER",
        "linetype": null,
        "color": "0,0,255,255",
        "ocolor": "5",
        "color24": "-1",
        "transparen": "0",
        "lweight": "-1",
        "linewidth": 0.0,
        "ltscale": 1.0,
        "visible": "1",
        "thickness": 0.0,
        "ext": "(3:0,0,1)",
        "height": 3.0,
        "text": "1051.28",
        "angle": 329.60602,
        "widthscale": 1.0,
        "oblique": 0.0,
        "style": "new1",
        "textgen": "0",
        "alignh": "0",
        "alignv": "0",
        "interlin": -1.0
      },
      "geometry": {
        "type": "Point",
        "coordinates": [52.425427392088217, 29.819710070330125]
      }
    },
    {
      "type": "Feature",
      "properties": {
        "fid": 118.0,
        "handle": "3133",
        "block": "-1",
        "etype": "25",
        "space": "0",
        "layer": "TEXT",
        "olinetype": "BYLAYER",
        "linetype": null,
        "color": "0,0,255,255",
        "ocolor": "5",
        "color24": "-1",
        "transparen": "0",
        "lweight": "-1",
        "linewidth": 0.0,
        "ltscale": 1.0,
        "visible": "1",
        "thickness": 0.0,
        "ext": "(3:0,0,1)",
        "height": 3.0,
        "text": "1100.80",
        "angle": 329.60602,
        "widthscale": 1.0,
        "oblique": 0.0,
        "style": "new1",
        "textgen": "0",
        "alignh": "0",
        "alignv": "0",
        "interlin": -1.0
      },
      "geometry": {
        "type": "Point",
        "coordinates": [52.425299357711658, 29.819857965251913]
      }
    },
    {
      "type": "Feature",
      "properties": {
        "fid": 120.0,
        "handle": "3135",
        "block": "-1",
        "etype": "25",
        "space": "0",
        "layer": "TEXT",
        "olinetype": "BYLAYER",
        "linetype": null,
        "color": "0,0,255,255",
        "ocolor": "5",
        "color24": "-1",
        "transparen": "0",
        "lweight": "-1",
        "linewidth": 0.0,
        "ltscale": 1.0,
        "visible": "1",
        "thickness": 0.0,
        "ext": "(3:0,0,1)",
        "height": 3.0,
        "text": "1168.02",
        "angle": 329.60602,
        "widthscale": 1.0,
        "oblique": 0.0,
        "style": "new1",
        "textgen": "0",
        "alignh": "0",
        "alignv": "0",
        "interlin": -1.0
      },
      "geometry": {
        "type": "Point",
        "coordinates": [52.425177544572556, 29.820006194523405]
      }
    },
    {
      "type": "Feature",
      "properties": {
        "fid": 124.0,
        "handle": "3139",
        "block": "-1",
        "etype": "25",
        "space": "0",
        "layer": "TEXT",
        "olinetype": "BYLAYER",
        "linetype": null,
        "color": "0,0,255,255",
        "ocolor": "5",
        "color24": "-1",
        "transparen": "0",
        "lweight": "-1",
        "linewidth": 0.0,
        "ltscale": 1.0,
        "visible": "1",
        "thickness": 0.0,
        "ext": "(3:0,0,1)",
        "height": 3.0,
        "text": "1000.08",
        "angle": 329.60602,
        "widthscale": 1.0,
        "oblique": 0.0,
        "style": "new1",
        "textgen": "0",
        "alignh": "0",
        "alignv": "0",
        "interlin": -1.0
      },
      "geometry": {
        "type": "Point",
        "coordinates": [52.425236627709999, 29.819224668166655]
      }
    },
    {
      "type": "Feature",
      "properties": {
        "fid": 126.0,
        "handle": "3141",
        "block": "-1",
        "etype": "25",
        "space": "0",
        "layer": "TEXT",
        "olinetype": "BYLAYER",
        "linetype": null,
        "color": "0,0,255,255",
        "ocolor": "5",
        "color24": "-1",
        "transparen": "0",
        "lweight": "-1",
        "linewidth": 0.0,
        "ltscale": 1.0,
        "visible": "1",
        "thickness": 0.0,
        "ext": "(3:0,0,1)",
        "height": 3.0,
        "text": "998.15",
        "angle": 329.60602,
        "widthscale": 1.0,
        "oblique": 0.0,
        "style": "new1",
        "textgen": "0",
        "alignh": "0",
        "alignv": "0",
        "interlin": -1.0
      },
      "geometry": {
        "type": "Point",
        "coordinates": [52.425005394119445, 29.81901627917431]
      }
    },
    {
      "type": "Feature",
      "properties": {
        "fid": 128.0,
        "handle": "3143",
        "block": "-1",
        "etype": "25",
        "space": "0",
        "layer": "TEXT",
        "olinetype": "BYLAYER",
        "linetype": null,
        "color": "0,0,255,255",
        "ocolor": "5",
        "color24": "-1",
        "transparen": "0",
        "lweight": "-1",
        "linewidth": 0.0,
        "ltscale": 1.0,
        "visible": "1",
        "thickness": 0.0,
        "ext": "(3:0,0,1)",
        "height": 3.0,
        "text": "994.75",
        "angle": 329.60602,
        "widthscale": 1.0,
        "oblique": 0.0,
        "style": "new1",
        "textgen": "0",
        "alignh": "0",
        "alignv": "0",
        "interlin": -1.0
      },
      "geometry": {
        "type": "Point",
        "coordinates": [52.424836220726654, 29.818914725012512]
      }
    },
    {
      "type": "Feature",
      "properties": {
        "fid": 130.0,
        "handle": "3145",
        "block": "-1",
        "etype": "25",
        "space": "0",
        "layer": "TEXT",
        "olinetype": "BYLAYER",
        "linetype": null,
        "color": "0,0,255,255",
        "ocolor": "5",
        "color24": "-1",
        "transparen": "0",
        "lweight": "-1",
        "linewidth": 0.0,
        "ltscale": 1.0,
        "visible": "1",
        "thickness": 0.0,
        "ext": "(3:0,0,1)",
        "height": 3.0,
        "text": "998.36",
        "angle": 329.60602,
        "widthscale": 1.0,
        "oblique": 0.0,
        "style": "new1",
        "textgen": "0",
        "alignh": "0",
        "alignv": "0",
        "interlin": -1.0
      },
      "geometry": {
        "type": "Point",
        "coordinates": [52.424692877080091, 29.818784742891797]
      }
    },
    {
      "type": "Feature",
      "properties": {
        "fid": 132.0,
        "handle": "3147",
        "block": "-1",
        "etype": "25",
        "space": "0",
        "layer": "TEXT",
        "olinetype": "BYLAYER",
        "linetype": null,
        "color": "0,0,255,255",
        "ocolor": "5",
        "color24": "-1",
        "transparen": "0",
        "lweight": "-1",
        "linewidth": 0.0,
        "ltscale": 1.0,
        "visible": "1",
        "thickness": 0.0,
        "ext": "(3:0,0,1)",
        "height": 3.0,
        "text": "1344.75",
        "angle": 329.60602,
        "widthscale": 1.0,
        "oblique": 0.0,
        "style": "new1",
        "textgen": "0",
        "alignh": "0",
        "alignv": "0",
        "interlin": -1.0
      },
      "geometry": {
        "type": "Point",
        "coordinates": [52.424480285051928, 29.818668411795901]
      }
    },
    {
      "type": "Feature",
      "properties": {
        "fid": 134.0,
        "handle": "3149",
        "block": "-1",
        "etype": "25",
        "space": "0",
        "layer": "TEXT",
        "olinetype": "BYLAYER",
        "linetype": null,
        "color": "0,0,255,255",
        "ocolor": "5",
        "color24": "-1",
        "transparen": "0",
        "lweight": "-1",
        "linewidth": 0.0,
        "ltscale": 1.0,
        "visible": "1",
        "thickness": 0.0,
        "ext": "(3:0,0,1)",
        "height": 3.0,
        "text": "1349.32",
        "angle": 329.60602,
        "widthscale": 1.0,
        "oblique": 0.0,
        "style": "new1",
        "textgen": "0",
        "alignh": "0",
        "alignv": "0",
        "interlin": -1.0
      },
      "geometry": {
        "type": "Point",
        "coordinates": [52.424169635196968, 29.818998931103131]
      }
    },
    {
      "type": "Feature",
      "properties": {
        "fid": 135.0,
        "handle": "3150",
        "block": "-1",
        "etype": "25",
        "space": "0",
        "layer": "TEXT",
        "olinetype": "BYLAYER",
        "linetype": null,
        "color": "0,0,255,255",
        "ocolor": "5",
        "color24": "-1",
        "transparen": "0",
        "lweight": "-1",
        "linewidth": 0.0,
        "ltscale": 1.0,
        "visible": "1",
        "thickness": 0.0,
        "ext": "(3:0,0,1)",
        "height": 3.0,
        "text": "992.98",
        "angle": 329.60602,
        "widthscale": 1.0,
        "oblique": 0.0,
        "style": "new1",
        "textgen": "0",
        "alignh": "0",
        "alignv": "0",
        "interlin": -1.0
      },
      "geometry": {
        "type": "Point",
        "coordinates": [52.424362716340795, 29.819142721601434]
      }
    },
    {
      "type": "Feature",
      "properties": {
        "fid": 137.0,
        "handle": "3152",
        "block": "-1",
        "etype": "25",
        "space": "0",
        "layer": "TEXT",
        "olinetype": "BYLAYER",
        "linetype": null,
        "color": "0,0,255,255",
        "ocolor": "5",
        "color24": "-1",
        "transparen": "0",
        "lweight": "-1",
        "linewidth": 0.0,
        "ltscale": 1.0,
        "visible": "1",
        "thickness": 0.0,
        "ext": "(3:0,0,1)",
        "height": 3.0,
        "text": "999.96",
        "angle": 329.60602,
        "widthscale": 1.0,
        "oblique": 0.0,
        "style": "new1",
        "textgen": "0",
        "alignh": "0",
        "alignv": "0",
        "interlin": -1.0
      },
      "geometry": {
        "type": "Point",
        "coordinates": [52.42451744914527, 29.819261452198656]
      }
    },
    {
      "type": "Feature",
      "properties": {
        "fid": 139.0,
        "handle": "3154",
        "block": "-1",
        "etype": "25",
        "space": "0",
        "layer": "TEXT",
        "olinetype": "BYLAYER",
        "linetype": null,
        "color": "0,0,255,255",
        "ocolor": "5",
        "color24": "-1",
        "transparen": "0",
        "lweight": "-1",
        "linewidth": 0.0,
        "ltscale": 1.0,
        "visible": "1",
        "thickness": 0.0,
        "ext": "(3:0,0,1)",
        "height": 3.0,
        "text": "999.97",
        "angle": 329.60602,
        "widthscale": 1.0,
        "oblique": 0.0,
        "style": "new1",
        "textgen": "0",
        "alignh": "0",
        "alignv": "0",
        "interlin": -1.0
      },
      "geometry": {
        "type": "Point",
        "coordinates": [52.424684311737856, 29.819367624586704]
      }
    },
    {
      "type": "Feature",
      "properties": {
        "fid": 141.0,
        "handle": "3156",
        "block": "-1",
        "etype": "25",
        "space": "0",
        "layer": "TEXT",
        "olinetype": "BYLAYER",
        "linetype": null,
        "color": "0,0,255,255",
        "ocolor": "5",
        "color24": "-1",
        "transparen": "0",
        "lweight": "-1",
        "linewidth": 0.0,
        "ltscale": 1.0,
        "visible": "1",
        "thickness": 0.0,
        "ext": "(3:0,0,1)",
        "height": 3.0,
        "text": "1396.62",
        "angle": 329.60602,
        "widthscale": 1.0,
        "oblique": 0.0,
        "style": "new1",
        "textgen": "0",
        "alignh": "0",
        "alignv": "0",
        "interlin": -1.0
      },
      "geometry": {
        "type": "Point",
        "coordinates": [52.423764929451906, 29.819406115721982]
      }
    },
    {
      "type": "Feature",
      "properties": {
        "fid": 143.0,
        "handle": "3158",
        "block": "-1",
        "etype": "25",
        "space": "0",
        "layer": "TEXT",
        "olinetype": "BYLAYER",
        "linetype": null,
        "color": "0,0,255,255",
        "ocolor": "5",
        "color24": "-1",
        "transparen": "0",
        "lweight": "-1",
        "linewidth": 0.0,
        "ltscale": 1.0,
        "visible": "1",
        "thickness": 0.0,
        "ext": "(3:0,0,1)",
        "height": 3.0,
        "text": "1006.23",
        "angle": 329.60602,
        "widthscale": 1.0,
        "oblique": 0.0,
        "style": "new1",
        "textgen": "0",
        "alignh": "0",
        "alignv": "0",
        "interlin": -1.0
      },
      "geometry": {
        "type": "Point",
        "coordinates": [52.423961179071576, 29.819558175126758]
      }
    },
    {
      "type": "Feature",
      "properties": {
        "fid": 145.0,
        "handle": "3160",
        "block": "-1",
        "etype": "25",
        "space": "0",
        "layer": "TEXT",
        "olinetype": "BYLAYER",
        "linetype": null,
        "color": "0,0,255,255",
        "ocolor": "5",
        "color24": "-1",
        "transparen": "0",
        "lweight": "-1",
        "linewidth": 0.0,
        "ltscale": 1.0,
        "visible": "1",
        "thickness": 0.0,
        "ext": "(3:0,0,1)",
        "height": 3.0,
        "text": "998.26",
        "angle": 329.60602,
        "widthscale": 1.0,
        "oblique": 0.0,
        "style": "new1",
        "textgen": "0",
        "alignh": "0",
        "alignv": "0",
        "interlin": -1.0
      },
      "geometry": {
        "type": "Point",
        "coordinates": [52.42411176878943, 29.819667395090782]
      }
    },
    {
      "type": "Feature",
      "properties": {
        "fid": 147.0,
        "handle": "3162",
        "block": "-1",
        "etype": "25",
        "space": "0",
        "layer": "TEXT",
        "olinetype": "BYLAYER",
        "linetype": null,
        "color": "0,0,255,255",
        "ocolor": "5",
        "color24": "-1",
        "transparen": "0",
        "lweight": "-1",
        "linewidth": 0.0,
        "ltscale": 1.0,
        "visible": "1",
        "thickness": 0.0,
        "ext": "(3:0,0,1)",
        "height": 3.0,
        "text": "998.79",
        "angle": 329.60602,
        "widthscale": 1.0,
        "oblique": 0.0,
        "style": "new1",
        "textgen": "0",
        "alignh": "0",
        "alignv": "0",
        "interlin": -1.0
      },
      "geometry": {
        "type": "Point",
        "coordinates": [52.42428051411386, 29.81978461366155]
      }
    },
    {
      "type": "Feature",
      "properties": {
        "fid": 149.0,
        "handle": "3164",
        "block": "-1",
        "etype": "25",
        "space": "0",
        "layer": "TEXT",
        "olinetype": "BYLAYER",
        "linetype": null,
        "color": "0,0,255,255",
        "ocolor": "5",
        "color24": "-1",
        "transparen": "0",
        "lweight": "-1",
        "linewidth": 0.0,
        "ltscale": 1.0,
        "visible": "1",
        "thickness": 0.0,
        "ext": "(3:0,0,1)",
        "height": 3.0,
        "text": "987.09",
        "angle": 329.60602,
        "widthscale": 1.0,
        "oblique": 0.0,
        "style": "new1",
        "textgen": "0",
        "alignh": "0",
        "alignv": "0",
        "interlin": -1.0
      },
      "geometry": {
        "type": "Point",
        "coordinates": [52.424548496052161, 29.819944962936891]
      }
    },
    {
      "type": "Feature",
      "properties": {
        "fid": 154.0,
        "handle": "3169",
        "block": "-1",
        "etype": "25",
        "space": "0",
        "layer": "TEXT",
        "olinetype": "BYLAYER",
        "linetype": null,
        "color": "0,0,255,255",
        "ocolor": "5",
        "color24": "-1",
        "transparen": "0",
        "lweight": "-1",
        "linewidth": 0.0,
        "ltscale": 1.0,
        "visible": "1",
        "thickness": 0.0,
        "ext": "(3:0,0,1)",
        "height": 3.0,
        "text": "1002.70",
        "angle": 329.60602,
        "widthscale": 1.0,
        "oblique": 0.0,
        "style": "new1",
        "textgen": "0",
        "alignh": "0",
        "alignv": "0",
        "interlin": -1.0
      },
      "geometry": {
        "type": "Point",
        "coordinates": [52.425154226111616, 29.820427404451795]
      }
    },
    {
      "type": "Feature",
      "properties": {
        "fid": 156.0,
        "handle": "3171",
        "block": "-1",
        "etype": "25",
        "space": "0",
        "layer": "TEXT",
        "olinetype": "BYLAYER",
        "linetype": null,
        "color": "0,0,255,255",
        "ocolor": "5",
        "color24": "-1",
        "transparen": "0",
        "lweight": "-1",
        "linewidth": 0.0,
        "ltscale": 1.0,
        "visible": "1",
        "thickness": 0.0,
        "ext": "(3:0,0,1)",
        "height": 3.0,
        "text": "1042.07",
        "angle": 329.60602,
        "widthscale": 1.0,
        "oblique": 0.0,
        "style": "new1",
        "textgen": "0",
        "alignh": "0",
        "alignv": "0",
        "interlin": -1.0
      },
      "geometry": {
        "type": "Point",
        "coordinates": [52.425345715214085, 29.820491862387687]
      }
    },
    {
      "type": "Feature",
      "properties": {
        "fid": 158.0,
        "handle": "3173",
        "block": "-1",
        "etype": "25",
        "space": "0",
        "layer": "TEXT",
        "olinetype": "BYLAYER",
        "linetype": null,
        "color": "0,0,255,255",
        "ocolor": "5",
        "color24": "-1",
        "transparen": "0",
        "lweight": "-1",
        "linewidth": 0.0,
        "ltscale": 1.0,
        "visible": "1",
        "thickness": 0.0,
        "ext": "(3:0,0,1)",
        "height": 3.0,
        "text": "1093.13",
        "angle": 329.60602,
        "widthscale": 1.0,
        "oblique": 0.0,
        "style": "new1",
        "textgen": "0",
        "alignh": "0",
        "alignv": "0",
        "interlin": -1.0
      },
      "geometry": {
        "type": "Point",
        "coordinates": [52.425512027396138, 29.820617427478037]
      }
    },
    {
      "type": "Feature",
      "properties": {
        "fid": 160.0,
        "handle": "3175",
        "block": "-1",
        "etype": "25",
        "space": "0",
        "layer": "TEXT",
        "olinetype": "BYLAYER",
        "linetype": null,
        "color": "0,0,255,255",
        "ocolor": "5",
        "color24": "-1",
        "transparen": "0",
        "lweight": "-1",
        "linewidth": 0.0,
        "ltscale": 1.0,
        "visible": "1",
        "thickness": 0.0,
        "ext": "(3:0,0,1)",
        "height": 3.0,
        "text": "1144.68",
        "angle": 329.60602,
        "widthscale": 1.0,
        "oblique": 0.0,
        "style": "new1",
        "textgen": "0",
        "alignh": "0",
        "alignv": "0",
        "interlin": -1.0
      },
      "geometry": {
        "type": "Point",
        "coordinates": [52.425660249694076, 29.820736110804202]
      }
    },
    {
      "type": "Feature",
      "properties": {
        "fid": 162.0,
        "handle": "3177",
        "block": "-1",
        "etype": "25",
        "space": "0",
        "layer": "TEXT",
        "olinetype": "BYLAYER",
        "linetype": null,
        "color": "0,0,255,255",
        "ocolor": "5",
        "color24": "-1",
        "transparen": "0",
        "lweight": "-1",
        "linewidth": 0.0,
        "ltscale": 1.0,
        "visible": "1",
        "thickness": 0.0,
        "ext": "(3:0,0,1)",
        "height": 3.0,
        "text": "1239.18",
        "angle": 329.60602,
        "widthscale": 1.0,
        "oblique": 0.0,
        "style": "new1",
        "textgen": "0",
        "alignh": "0",
        "alignv": "0",
        "interlin": -1.0
      },
      "geometry": {
        "type": "Point",
        "coordinates": [52.425838870023853, 29.82082372842256]
      }
    },
    {
      "type": "Feature",
      "properties": {
        "fid": 164.0,
        "handle": "3179",
        "block": "-1",
        "etype": "25",
        "space": "0",
        "layer": "TEXT",
        "olinetype": "BYLAYER",
        "linetype": null,
        "color": "0,0,255,255",
        "ocolor": "5",
        "color24": "-1",
        "transparen": "0",
        "lweight": "-1",
        "linewidth": 0.0,
        "ltscale": 1.0,
        "visible": "1",
        "thickness": 0.0,
        "ext": "(3:0,0,1)",
        "height": 3.0,
        "text": "1000.00",
        "angle": 329.60602,
        "widthscale": 1.0,
        "oblique": 0.0,
        "style": "new1",
        "textgen": "0",
        "alignh": "0",
        "alignv": "0",
        "interlin": -1.0
      },
      "geometry": {
        "type": "Point",
        "coordinates": [52.425479991546545, 29.821220249404504]
      }
    },
    {
      "type": "Feature",
      "properties": {
        "fid": 166.0,
        "handle": "3181",
        "block": "-1",
        "etype": "25",
        "space": "0",
        "layer": "TEXT",
        "olinetype": "BYLAYER",
        "linetype": null,
        "color": "0,0,255,255",
        "ocolor": "5",
        "color24": "-1",
        "transparen": "0",
        "lweight": "-1",
        "linewidth": 0.0,
        "ltscale": 1.0,
        "visible": "1",
        "thickness": 0.0,
        "ext": "(3:0,0,1)",
        "height": 3.0,
        "text": "1000.00",
        "angle": 329.60602,
        "widthscale": 1.0,
        "oblique": 0.0,
        "style": "new1",
        "textgen": "0",
        "alignh": "0",
        "alignv": "0",
        "interlin": -1.0
      },
      "geometry": {
        "type": "Point",
        "coordinates": [52.425297944948184, 29.821117982630795]
      }
    },
    {
      "type": "Feature",
      "properties": {
        "fid": 168.0,
        "handle": "3183",
        "block": "-1",
        "etype": "25",
        "space": "0",
        "layer": "TEXT",
        "olinetype": "BYLAYER",
        "linetype": null,
        "color": "0,0,255,255",
        "ocolor": "5",
        "color24": "-1",
        "transparen": "0",
        "lweight": "-1",
        "linewidth": 0.0,
        "ltscale": 1.0,
        "visible": "1",
        "thickness": 0.0,
        "ext": "(3:0,0,1)",
        "height": 3.0,
        "text": "1000.00",
        "angle": 329.60602,
        "widthscale": 1.0,
        "oblique": 0.0,
        "style": "new1",
        "textgen": "0",
        "alignh": "0",
        "alignv": "0",
        "interlin": -1.0
      },
      "geometry": {
        "type": "Point",
        "coordinates": [52.425134921484677, 29.821000230855887]
      }
    },
    {
      "type": "Feature",
      "properties": {
        "fid": 170.0,
        "handle": "3185",
        "block": "-1",
        "etype": "25",
        "space": "0",
        "layer": "TEXT",
        "olinetype": "BYLAYER",
        "linetype": null,
        "color": "0,0,255,255",
        "ocolor": "5",
        "color24": "-1",
        "transparen": "0",
        "lweight": "-1",
        "linewidth": 0.0,
        "ltscale": 1.0,
        "visible": "1",
        "thickness": 0.0,
        "ext": "(3:0,0,1)",
        "height": 3.0,
        "text": "1000.00",
        "angle": 329.60602,
        "widthscale": 1.0,
        "oblique": 0.0,
        "style": "new1",
        "textgen": "0",
        "alignh": "0",
        "alignv": "0",
        "interlin": -1.0
      },
      "geometry": {
        "type": "Point",
        "coordinates": [52.424978750314551, 29.820904583618834]
      }
    },
    {
      "type": "Feature",
      "properties": {
        "fid": 175.0,
        "handle": "3190",
        "block": "-1",
        "etype": "25",
        "space": "0",
        "layer": "TEXT",
        "olinetype": "BYLAYER",
        "linetype": null,
        "color": "0,0,255,255",
        "ocolor": "5",
        "color24": "-1",
        "transparen": "0",
        "lweight": "-1",
        "linewidth": 0.0,
        "ltscale": 1.0,
        "visible": "1",
        "thickness": 0.0,
        "ext": "(3:0,0,1)",
        "height": 3.0,
        "text": "1000.00",
        "angle": 329.60602,
        "widthscale": 1.0,
        "oblique": 0.0,
        "style": "new1",
        "textgen": "0",
        "alignh": "0",
        "alignv": "0",
        "interlin": -1.0
      },
      "geometry": {
        "type": "Point",
        "coordinates": [52.424358215121309, 29.820447890243791]
      }
    },
    {
      "type": "Feature",
      "properties": {
        "fid": 177.0,
        "handle": "3192",
        "block": "-1",
        "etype": "25",
        "space": "0",
        "layer": "TEXT",
        "olinetype": "BYLAYER",
        "linetype": null,
        "color": "0,0,255,255",
        "ocolor": "5",
        "color24": "-1",
        "transparen": "0",
        "lweight": "-1",
        "linewidth": 0.0,
        "ltscale": 1.0,
        "visible": "1",
        "thickness": 0.0,
        "ext": "(3:0,0,1)",
        "height": 3.0,
        "text": "997.82",
        "angle": 329.60602,
        "widthscale": 1.0,
        "oblique": 0.0,
        "style": "new1",
        "textgen": "0",
        "alignh": "0",
        "alignv": "0",
        "interlin": -1.0
      },
      "geometry": {
        "type": "Point",
        "coordinates": [52.424202051720144, 29.820328293783348]
      }
    },
    {
      "type": "Feature",
      "properties": {
        "fid": 179.0,
        "handle": "3194",
        "block": "-1",
        "etype": "25",
        "space": "0",
        "layer": "TEXT",
        "olinetype": "BYLAYER",
        "linetype": null,
        "color": "0,0,255,255",
        "ocolor": "5",
        "color24": "-1",
        "transparen": "0",
        "lweight": "-1",
        "linewidth": 0.0,
        "ltscale": 1.0,
        "visible": "1",
        "thickness": 0.0,
        "ext": "(3:0,0,1)",
        "height": 3.0,
        "text": "997.79",
        "angle": 329.60602,
        "widthscale": 1.0,
        "oblique": 0.0,
        "style": "new1",
        "textgen": "0",
        "alignh": "0",
        "alignv": "0",
        "interlin": -1.0
      },
      "geometry": {
        "type": "Point",
        "coordinates": [52.423959414786736, 29.820125782752573]
      }
    },
    {
      "type": "Feature",
      "properties": {
        "fid": 181.0,
        "handle": "3196",
        "block": "-1",
        "etype": "25",
        "space": "0",
        "layer": "TEXT",
        "olinetype": "BYLAYER",
        "linetype": null,
        "color": "0,0,255,255",
        "ocolor": "5",
        "color24": "-1",
        "transparen": "0",
        "lweight": "-1",
        "linewidth": 0.0,
        "ltscale": 1.0,
        "visible": "1",
        "thickness": 0.0,
        "ext": "(3:0,0,1)",
        "height": 3.0,
        "text": "1000.00",
        "angle": 329.60602,
        "widthscale": 1.0,
        "oblique": 0.0,
        "style": "new1",
        "textgen": "0",
        "alignh": "0",
        "alignv": "0",
        "interlin": -1.0
      },
      "geometry": {
        "type": "Point",
        "coordinates": [52.423796295524916, 29.820007796330895]
      }
    },
    {
      "type": "Feature",
      "properties": {
        "fid": 183.0,
        "handle": "3198",
        "block": "-1",
        "etype": "25",
        "space": "0",
        "layer": "TEXT",
        "olinetype": "BYLAYER",
        "linetype": null,
        "color": "0,0,255,255",
        "ocolor": "5",
        "color24": "-1",
        "transparen": "0",
        "lweight": "-1",
        "linewidth": 0.0,
        "ltscale": 1.0,
        "visible": "1",
        "thickness": 0.0,
        "ext": "(3:0,0,1)",
        "height": 3.0,
        "text": "1000.00",
        "angle": 329.60602,
        "widthscale": 1.0,
        "oblique": 0.0,
        "style": "new1",
        "textgen": "0",
        "alignh": "0",
        "alignv": "0",
        "interlin": -1.0
      },
      "geometry": {
        "type": "Point",
        "coordinates": [52.423634386623803, 29.819900234614316]
      }
    },
    {
      "type": "Feature",
      "properties": {
        "fid": 185.0,
        "handle": "3200",
        "block": "-1",
        "etype": "25",
        "space": "0",
        "layer": "TEXT",
        "olinetype": "BYLAYER",
        "linetype": null,
        "color": "0,0,255,255",
        "ocolor": "5",
        "color24": "-1",
        "transparen": "0",
        "lweight": "-1",
        "linewidth": 0.0,
        "ltscale": 1.0,
        "visible": "1",
        "thickness": 0.0,
        "ext": "(3:0,0,1)",
        "height": 3.0,
        "text": "1445.25",
        "angle": 329.60602,
        "widthscale": 1.0,
        "oblique": 0.0,
        "style": "new1",
        "textgen": "0",
        "alignh": "0",
        "alignv": "0",
        "interlin": -1.0
      },
      "geometry": {
        "type": "Point",
        "coordinates": [52.42344687770391, 29.819752498324021]
      }
    },
    {
      "type": "Feature",
      "properties": {
        "fid": 187.0,
        "handle": "3202",
        "block": "-1",
        "etype": "25",
        "space": "0",
        "layer": "TEXT",
        "olinetype": "BYLAYER",
        "linetype": null,
        "color": "0,0,255,255",
        "ocolor": "5",
        "color24": "-1",
        "transparen": "0",
        "lweight": "-1",
        "linewidth": 0.0,
        "ltscale": 1.0,
        "visible": "1",
        "thickness": 0.0,
        "ext": "(3:0,0,1)",
        "height": 3.0,
        "text": "1042.20",
        "angle": 329.60602,
        "widthscale": 1.0,
        "oblique": 0.0,
        "style": "new1",
        "textgen": "0",
        "alignh": "0",
        "alignv": "0",
        "interlin": -1.0
      },
      "geometry": {
        "type": "Point",
        "coordinates": [52.422886458389804, 29.820231735137824]
      }
    },
    {
      "type": "Feature",
      "properties": {
        "fid": 189.0,
        "handle": "3204",
        "block": "-1",
        "etype": "25",
        "space": "0",
        "layer": "TEXT",
        "olinetype": "BYLAYER",
        "linetype": null,
        "color": "0,0,255,255",
        "ocolor": "5",
        "color24": "-1",
        "transparen": "0",
        "lweight": "-1",
        "linewidth": 0.0,
        "ltscale": 1.0,
        "visible": "1",
        "thickness": 0.0,
        "ext": "(3:0,0,1)",
        "height": 3.0,
        "text": "987.07",
        "angle": 329.60602,
        "widthscale": 1.0,
        "oblique": 0.0,
        "style": "new1",
        "textgen": "0",
        "alignh": "0",
        "alignv": "0",
        "interlin": -1.0
      },
      "geometry": {
        "type": "Point",
        "coordinates": [52.423060809844102, 29.820359156159419]
      }
    },
    {
      "type": "Feature",
      "properties": {
        "fid": 191.0,
        "handle": "3206",
        "block": "-1",
        "etype": "25",
        "space": "0",
        "layer": "TEXT",
        "olinetype": "BYLAYER",
        "linetype": null,
        "color": "0,0,255,255",
        "ocolor": "5",
        "color24": "-1",
        "transparen": "0",
        "lweight": "-1",
        "linewidth": 0.0,
        "ltscale": 1.0,
        "visible": "1",
        "thickness": 0.0,
        "ext": "(3:0,0,1)",
        "height": 3.0,
        "text": "991.74",
        "angle": 329.60602,
        "widthscale": 1.0,
        "oblique": 0.0,
        "style": "new1",
        "textgen": "0",
        "alignh": "0",
        "alignv": "0",
        "interlin": -1.0
      },
      "geometry": {
        "type": "Point",
        "coordinates": [52.423204441715896, 29.820484603338937]
      }
    },
    {
      "type": "Feature",
      "properties": {
        "fid": 193.0,
        "handle": "3208",
        "block": "-1",
        "etype": "25",
        "space": "0",
        "layer": "TEXT",
        "olinetype": "BYLAYER",
        "linetype": null,
        "color": "0,0,255,255",
        "ocolor": "5",
        "color24": "-1",
        "transparen": "0",
        "lweight": "-1",
        "linewidth": 0.0,
        "ltscale": 1.0,
        "visible": "1",
        "thickness": 0.0,
        "ext": "(3:0,0,1)",
        "height": 3.0,
        "text": "992.71",
        "angle": 329.60602,
        "widthscale": 1.0,
        "oblique": 0.0,
        "style": "new1",
        "textgen": "0",
        "alignh": "0",
        "alignv": "0",
        "interlin": -1.0
      },
      "geometry": {
        "type": "Point",
        "coordinates": [52.423343590174071, 29.820611769896683]
      }
    },
    {
      "type": "Feature",
      "properties": {
        "fid": 195.0,
        "handle": "3210",
        "block": "-1",
        "etype": "25",
        "space": "0",
        "layer": "TEXT",
        "olinetype": "BYLAYER",
        "linetype": null,
        "color": "0,0,255,255",
        "ocolor": "5",
        "color24": "-1",
        "transparen": "0",
        "lweight": "-1",
        "linewidth": 0.0,
        "ltscale": 1.0,
        "visible": "1",
        "thickness": 0.0,
        "ext": "(3:0,0,1)",
        "height": 3.0,
        "text": "998.42",
        "angle": 329.60602,
        "widthscale": 1.0,
        "oblique": 0.0,
        "style": "new1",
        "textgen": "0",
        "alignh": "0",
        "alignv": "0",
        "interlin": -1.0
      },
      "geometry": {
        "type": "Point",
        "coordinates": [52.423597531187802, 29.820776484763446]
      }
    },
    {
      "type": "Feature",
      "properties": {
        "fid": 197.0,
        "handle": "3212",
        "block": "-1",
        "etype": "25",
        "space": "0",
        "layer": "TEXT",
        "olinetype": "BYLAYER",
        "linetype": null,
        "color": "0,0,255,255",
        "ocolor": "5",
        "color24": "-1",
        "transparen": "0",
        "lweight": "-1",
        "linewidth": 0.0,
        "ltscale": 1.0,
        "visible": "1",
        "thickness": 0.0,
        "ext": "(3:0,0,1)",
        "height": 3.0,
        "text": "1001.81",
        "angle": 329.60602,
        "widthscale": 1.0,
        "oblique": 0.0,
        "style": "new1",
        "textgen": "0",
        "alignh": "0",
        "alignv": "0",
        "interlin": -1.0
      },
      "geometry": {
        "type": "Point",
        "coordinates": [52.423767977824092, 29.820889077877798]
      }
    },
    {
      "type": "Feature",
      "properties": {
        "fid": 199.0,
        "handle": "3214",
        "block": "-1",
        "etype": "25",
        "space": "0",
        "layer": "TEXT",
        "olinetype": "BYLAYER",
        "linetype": null,
        "color": "0,0,255,255",
        "ocolor": "5",
        "color24": "-1",
        "transparen": "0",
        "lweight": "-1",
        "linewidth": 0.0,
        "ltscale": 1.0,
        "visible": "1",
        "thickness": 0.0,
        "ext": "(3:0,0,1)",
        "height": 3.0,
        "text": "998.52",
        "angle": 329.60602,
        "widthscale": 1.0,
        "oblique": 0.0,
        "style": "new1",
        "textgen": "0",
        "alignh": "0",
        "alignv": "0",
        "interlin": -1.0
      },
      "geometry": {
        "type": "Point",
        "coordinates": [52.42392149386594, 29.821004004212767]
      }
    },
    {
      "type": "Feature",
      "properties": {
        "fid": 201.0,
        "handle": "3216",
        "block": "-1",
        "etype": "25",
        "space": "0",
        "layer": "TEXT",
        "olinetype": "BYLAYER",
        "linetype": null,
        "color": "0,0,255,255",
        "ocolor": "5",
        "color24": "-1",
        "transparen": "0",
        "lweight": "-1",
        "linewidth": 0.0,
        "ltscale": 1.0,
        "visible": "1",
        "thickness": 0.0,
        "ext": "(3:0,0,1)",
        "height": 3.0,
        "text": "1011.69",
        "angle": 329.60602,
        "widthscale": 1.0,
        "oblique": 0.0,
        "style": "new1",
        "textgen": "0",
        "alignh": "0",
        "alignv": "0",
        "interlin": -1.0
      },
      "geometry": {
        "type": "Point",
        "coordinates": [52.424092369336321, 29.821117996712175]
      }
    },
    {
      "type": "Feature",
      "properties": {
        "fid": 203.0,
        "handle": "3218",
        "block": "-1",
        "etype": "25",
        "space": "0",
        "layer": "TEXT",
        "olinetype": "BYLAYER",
        "linetype": null,
        "color": "0,0,255,255",
        "ocolor": "5",
        "color24": "-1",
        "transparen": "0",
        "lweight": "-1",
        "linewidth": 0.0,
        "ltscale": 1.0,
        "visible": "1",
        "thickness": 0.0,
        "ext": "(3:0,0,1)",
        "height": 3.0,
        "text": "1010.50",
        "angle": 329.60602,
        "widthscale": 1.0,
        "oblique": 0.0,
        "style": "new1",
        "textgen": "0",
        "alignh": "0",
        "alignv": "0",
        "interlin": -1.0
      },
      "geometry": {
        "type": "Point",
        "coordinates": [52.424242168136743, 29.821239061265654]
      }
    },
    {
      "type": "Feature",
      "properties": {
        "fid": 205.0,
        "handle": "3220",
        "block": "-1",
        "etype": "25",
        "space": "0",
        "layer": "TEXT",
        "olinetype": "BYLAYER",
        "linetype": null,
        "color": "0,0,255,255",
        "ocolor": "5",
        "color24": "-1",
        "transparen": "0",
        "lweight": "-1",
        "linewidth": 0.0,
        "ltscale": 1.0,
        "visible": "1",
        "thickness": 0.0,
        "ext": "(3:0,0,1)",
        "height": 3.0,
        "text": "1000.14",
        "angle": 329.60602,
        "widthscale": 1.0,
        "oblique": 0.0,
        "style": "new1",
        "textgen": "0",
        "alignh": "0",
        "alignv": "0",
        "interlin": -1.0
      },
      "geometry": {
        "type": "Point",
        "coordinates": [52.424398608748305, 29.821356743771485]
      }
    },
    {
      "type": "Feature",
      "properties": {
        "fid": 207.0,
        "handle": "3222",
        "block": "-1",
        "etype": "25",
        "space": "0",
        "layer": "TEXT",
        "olinetype": "BYLAYER",
        "linetype": null,
        "color": "0,0,255,255",
        "ocolor": "5",
        "color24": "-1",
        "transparen": "0",
        "lweight": "-1",
        "linewidth": 0.0,
        "ltscale": 1.0,
        "visible": "1",
        "thickness": 0.0,
        "ext": "(3:0,0,1)",
        "height": 3.0,
        "text": "997.87",
        "angle": 329.60602,
        "widthscale": 1.0,
        "oblique": 0.0,
        "style": "new1",
        "textgen": "0",
        "alignh": "0",
        "alignv": "0",
        "interlin": -1.0
      },
      "geometry": {
        "type": "Point",
        "coordinates": [52.424565613613758, 29.821465008045937]
      }
    },
    {
      "type": "Feature",
      "properties": {
        "fid": 209.0,
        "handle": "3224",
        "block": "-1",
        "etype": "25",
        "space": "0",
        "layer": "TEXT",
        "olinetype": "BYLAYER",
        "linetype": null,
        "color": "0,0,255,255",
        "ocolor": "5",
        "color24": "-1",
        "transparen": "0",
        "lweight": "-1",
        "linewidth": 0.0,
        "ltscale": 1.0,
        "visible": "1",
        "thickness": 0.0,
        "ext": "(3:0,0,1)",
        "height": 3.0,
        "text": "995.78",
        "angle": 329.60602,
        "widthscale": 1.0,
        "oblique": 0.0,
        "style": "new1",
        "textgen": "0",
        "alignh": "0",
        "alignv": "0",
        "interlin": -1.0
      },
      "geometry": {
        "type": "Point",
        "coordinates": [52.424736399742123, 29.821562910231879]
      }
    },
    {
      "type": "Feature",
      "properties": {
        "fid": 211.0,
        "handle": "3226",
        "block": "-1",
        "etype": "25",
        "space": "0",
        "layer": "TEXT",
        "olinetype": "BYLAYER",
        "linetype": null,
        "color": "0,0,255,255",
        "ocolor": "5",
        "color24": "-1",
        "transparen": "0",
        "lweight": "-1",
        "linewidth": 0.0,
        "ltscale": 1.0,
        "visible": "1",
        "thickness": 0.0,
        "ext": "(3:0,0,1)",
        "height": 3.0,
        "text": "1423.42",
        "angle": 329.60602,
        "widthscale": 1.0,
        "oblique": 0.0,
        "style": "new1",
        "textgen": "0",
        "alignh": "0",
        "alignv": "0",
        "interlin": -1.0
      },
      "geometry": {
        "type": "Point",
        "coordinates": [52.424977475739055, 29.821657595272068]
      }
    },
    {
      "type": "Feature",
      "properties": {
        "fid": 213.0,
        "handle": "3228",
        "block": "-1",
        "etype": "25",
        "space": "0",
        "layer": "TEXT",
        "olinetype": "BYLAYER",
        "linetype": null,
        "color": "0,0,255,255",
        "ocolor": "5",
        "color24": "-1",
        "transparen": "0",
        "lweight": "-1",
        "linewidth": 0.0,
        "ltscale": 1.0,
        "visible": "1",
        "thickness": 0.0,
        "ext": "(3:0,0,1)",
        "height": 3.0,
        "text": "1288.40",
        "angle": 329.60602,
        "widthscale": 1.0,
        "oblique": 0.0,
        "style": "new1",
        "textgen": "0",
        "alignh": "0",
        "alignv": "0",
        "interlin": -1.0
      },
      "geometry": {
        "type": "Point",
        "coordinates": [52.424756079246578, 29.82213145750362]
      }
    },
    {
      "type": "Feature",
      "properties": {
        "fid": 215.0,
        "handle": "3230",
        "block": "-1",
        "etype": "25",
        "space": "0",
        "layer": "TEXT",
        "olinetype": "BYLAYER",
        "linetype": null,
        "color": "0,0,255,255",
        "ocolor": "5",
        "color24": "-1",
        "transparen": "0",
        "lweight": "-1",
        "linewidth": 0.0,
        "ltscale": 1.0,
        "visible": "1",
        "thickness": 0.0,
        "ext": "(3:0,0,1)",
        "height": 3.0,
        "text": "1014.21",
        "angle": 329.60602,
        "widthscale": 1.0,
        "oblique": 0.0,
        "style": "new1",
        "textgen": "0",
        "alignh": "0",
        "alignv": "0",
        "interlin": -1.0
      },
      "geometry": {
        "type": "Point",
        "coordinates": [52.424563160165491, 29.822011823066219]
      }
    },
    {
      "type": "Feature",
      "properties": {
        "fid": 217.0,
        "handle": "3232",
        "block": "-1",
        "etype": "25",
        "space": "0",
        "layer": "TEXT",
        "olinetype": "BYLAYER",
        "linetype": null,
        "color": "0,0,255,255",
        "ocolor": "5",
        "color24": "-1",
        "transparen": "0",
        "lweight": "-1",
        "linewidth": 0.0,
        "ltscale": 1.0,
        "visible": "1",
        "thickness": 0.0,
        "ext": "(3:0,0,1)",
        "height": 3.0,
        "text": "1009.69",
        "angle": 329.60602,
        "widthscale": 1.0,
        "oblique": 0.0,
        "style": "new1",
        "textgen": "0",
        "alignh": "0",
        "alignv": "0",
        "interlin": -1.0
      },
      "geometry": {
        "type": "Point",
        "coordinates": [52.424421816899134, 29.821891966758226]
      }
    },
    {
      "type": "Feature",
      "properties": {
        "fid": 219.0,
        "handle": "3234",
        "block": "-1",
        "etype": "25",
        "space": "0",
        "layer": "TEXT",
        "olinetype": "BYLAYER",
        "linetype": null,
        "color": "0,0,255,255",
        "ocolor": "5",
        "color24": "-1",
        "transparen": "0",
        "lweight": "-1",
        "linewidth": 0.0,
        "ltscale": 1.0,
        "visible": "1",
        "thickness": 0.0,
        "ext": "(3:0,0,1)",
        "height": 3.0,
        "text": "1005.99",
        "angle": 329.60602,
        "widthscale": 1.0,
        "oblique": 0.0,
        "style": "new1",
        "textgen": "0",
        "alignh": "0",
        "alignv": "0",
        "interlin": -1.0
      },
      "geometry": {
        "type": "Point",
        "coordinates": [52.424253429523226, 29.821785717921372]
      }
    },
    {
      "type": "Feature",
      "properties": {
        "fid": 221.0,
        "handle": "3236",
        "block": "-1",
        "etype": "25",
        "space": "0",
        "layer": "TEXT",
        "olinetype": "BYLAYER",
        "linetype": null,
        "color": "0,0,255,255",
        "ocolor": "5",
        "color24": "-1",
        "transparen": "0",
        "lweight": "-1",
        "linewidth": 0.0,
        "ltscale": 1.0,
        "visible": "1",
        "thickness": 0.0,
        "ext": "(3:0,0,1)",
        "height": 3.0,
        "text": "1020.17",
        "angle": 329.60602,
        "widthscale": 1.0,
        "oblique": 0.0,
        "style": "new1",
        "textgen": "0",
        "alignh": "0",
        "alignv": "0",
        "interlin": -1.0
      },
      "geometry": {
        "type": "Point",
        "coordinates": [52.424099378616098, 29.821673164532488]
      }
    },
    {
      "type": "Feature",
      "properties": {
        "fid": 223.0,
        "handle": "3238",
        "block": "-1",
        "etype": "25",
        "space": "0",
        "layer": "TEXT",
        "olinetype": "BYLAYER",
        "linetype": null,
        "color": "0,0,255,255",
        "ocolor": "5",
        "color24": "-1",
        "transparen": "0",
        "lweight": "-1",
        "linewidth": 0.0,
        "ltscale": 1.0,
        "visible": "1",
        "thickness": 0.0,
        "ext": "(3:0,0,1)",
        "height": 3.0,
        "text": "992.31",
        "angle": 329.60602,
        "widthscale": 1.0,
        "oblique": 0.0,
        "style": "new1",
        "textgen": "0",
        "alignh": "0",
        "alignv": "0",
        "interlin": -1.0
      },
      "geometry": {
        "type": "Point",
        "coordinates": [52.423945971210152, 29.821567452949385]
      }
    },
    {
      "type": "Feature",
      "properties": {
        "fid": 225.0,
        "handle": "3240",
        "block": "-1",
        "etype": "25",
        "space": "0",
        "layer": "TEXT",
        "olinetype": "BYLAYER",
        "linetype": null,
        "color": "0,0,255,255",
        "ocolor": "5",
        "color24": "-1",
        "transparen": "0",
        "lweight": "-1",
        "linewidth": 0.0,
        "ltscale": 1.0,
        "visible": "1",
        "thickness": 0.0,
        "ext": "(3:0,0,1)",
        "height": 3.0,
        "text": "1015.68",
        "angle": 329.60602,
        "widthscale": 1.0,
        "oblique": 0.0,
        "style": "new1",
        "textgen": "0",
        "alignh": "0",
        "alignv": "0",
        "interlin": -1.0
      },
      "geometry": {
        "type": "Point",
        "coordinates": [52.423765925946526, 29.821450674849302]
      }
    },
    {
      "type": "Feature",
      "properties": {
        "fid": 227.0,
        "handle": "3242",
        "block": "-1",
        "etype": "25",
        "space": "0",
        "layer": "TEXT",
        "olinetype": "BYLAYER",
        "linetype": null,
        "color": "0,0,255,255",
        "ocolor": "5",
        "color24": "-1",
        "transparen": "0",
        "lweight": "-1",
        "linewidth": 0.0,
        "ltscale": 1.0,
        "visible": "1",
        "thickness": 0.0,
        "ext": "(3:0,0,1)",
        "height": 3.0,
        "text": "1002.79",
        "angle": 329.60602,
        "widthscale": 1.0,
        "oblique": 0.0,
        "style": "new1",
        "textgen": "0",
        "alignh": "0",
        "alignv": "0",
        "interlin": -1.0
      },
      "geometry": {
        "type": "Point",
        "coordinates": [52.423620667157586, 29.821347220146325]
      }
    },
    {
      "type": "Feature",
      "properties": {
        "fid": 229.0,
        "handle": "3244",
        "block": "-1",
        "etype": "25",
        "space": "0",
        "layer": "TEXT",
        "olinetype": "BYLAYER",
        "linetype": null,
        "color": "0,0,255,255",
        "ocolor": "5",
        "color24": "-1",
        "transparen": "0",
        "lweight": "-1",
        "linewidth": 0.0,
        "ltscale": 1.0,
        "visible": "1",
        "thickness": 0.0,
        "ext": "(3:0,0,1)",
        "height": 3.0,
        "text": "992.02",
        "angle": 329.60602,
        "widthscale": 1.0,
        "oblique": 0.0,
        "style": "new1",
        "textgen": "0",
        "alignh": "0",
        "alignv": "0",
        "interlin": -1.0
      },
      "geometry": {
        "type": "Point",
        "coordinates": [52.423453740567709, 29.821225087633369]
      }
    },
    {
      "type": "Feature",
      "properties": {
        "fid": 231.0,
        "handle": "3246",
        "block": "-1",
        "etype": "25",
        "space": "0",
        "layer": "TEXT",
        "olinetype": "BYLAYER",
        "linetype": null,
        "color": "0,0,255,255",
        "ocolor": "5",
        "color24": "-1",
        "transparen": "0",
        "lweight": "-1",
        "linewidth": 0.0,
        "ltscale": 1.0,
        "visible": "1",
        "thickness": 0.0,
        "ext": "(3:0,0,1)",
        "height": 3.0,
        "text": "1002.44",
        "angle": 329.60602,
        "widthscale": 1.0,
        "oblique": 0.0,
        "style": "new1",
        "textgen": "0",
        "alignh": "0",
        "alignv": "0",
        "interlin": -1.0
      },
      "geometry": {
        "type": "Point",
        "coordinates": [52.423296740877035, 29.821115971550341]
      }
    },
    {
      "type": "Feature",
      "properties": {
        "fid": 233.0,
        "handle": "3248",
        "block": "-1",
        "etype": "25",
        "space": "0",
        "layer": "TEXT",
        "olinetype": "BYLAYER",
        "linetype": null,
        "color": "0,0,255,255",
        "ocolor": "5",
        "color24": "-1",
        "transparen": "0",
        "lweight": "-1",
        "linewidth": 0.0,
        "ltscale": 1.0,
        "visible": "1",
        "thickness": 0.0,
        "ext": "(3:0,0,1)",
        "height": 3.0,
        "text": "1000.10",
        "angle": 329.60602,
        "widthscale": 1.0,
        "oblique": 0.0,
        "style": "new1",
        "textgen": "0",
        "alignh": "0",
        "alignv": "0",
        "interlin": -1.0
      },
      "geometry": {
        "type": "Point",
        "coordinates": [52.42305832819978, 29.820931180726603]
      }
    },
    {
      "type": "Feature",
      "properties": {
        "fid": 235.0,
        "handle": "3250",
        "block": "-1",
        "etype": "25",
        "space": "0",
        "layer": "TEXT",
        "olinetype": "BYLAYER",
        "linetype": null,
        "color": "0,0,255,255",
        "ocolor": "5",
        "color24": "-1",
        "transparen": "0",
        "lweight": "-1",
        "linewidth": 0.0,
        "ltscale": 1.0,
        "visible": "1",
        "thickness": 0.0,
        "ext": "(3:0,0,1)",
        "height": 3.0,
        "text": "1004.37",
        "angle": 329.60602,
        "widthscale": 1.0,
        "oblique": 0.0,
        "style": "new1",
        "textgen": "0",
        "alignh": "0",
        "alignv": "0",
        "interlin": -1.0
      },
      "geometry": {
        "type": "Point",
        "coordinates": [52.422898638114958, 29.820816137229055]
      }
    },
    {
      "type": "Feature",
      "properties": {
        "fid": 237.0,
        "handle": "3252",
        "block": "-1",
        "etype": "25",
        "space": "0",
        "layer": "TEXT",
        "olinetype": "BYLAYER",
        "linetype": null,
        "color": "0,0,255,255",
        "ocolor": "5",
        "color24": "-1",
        "transparen": "0",
        "lweight": "-1",
        "linewidth": 0.0,
        "ltscale": 1.0,
        "visible": "1",
        "thickness": 0.0,
        "ext": "(3:0,0,1)",
        "height": 3.0,
        "text": "999.68",
        "angle": 329.60602,
        "widthscale": 1.0,
        "oblique": 0.0,
        "style": "new1",
        "textgen": "0",
        "alignh": "0",
        "alignv": "0",
        "interlin": -1.0
      },
      "geometry": {
        "type": "Point",
        "coordinates": [52.422726802893123, 29.820709797502992]
      }
    },
    {
      "type": "Feature",
      "properties": {
        "fid": 239.0,
        "handle": "3254",
        "block": "-1",
        "etype": "25",
        "space": "0",
        "layer": "TEXT",
        "olinetype": "BYLAYER",
        "linetype": null,
        "color": "0,0,255,255",
        "ocolor": "5",
        "color24": "-1",
        "transparen": "0",
        "lweight": "-1",
        "linewidth": 0.0,
        "ltscale": 1.0,
        "visible": "1",
        "thickness": 0.0,
        "ext": "(3:0,0,1)",
        "height": 3.0,
        "text": "1000.45",
        "angle": 329.60602,
        "widthscale": 1.0,
        "oblique": 0.0,
        "style": "new1",
        "textgen": "0",
        "alignh": "0",
        "alignv": "0",
        "interlin": -1.0
      },
      "geometry": {
        "type": "Point",
        "coordinates": [52.422568693297698, 29.820597646088721]
      }
    },
    {
      "type": "Feature",
      "properties": {
        "fid": 241.0,
        "handle": "3256",
        "block": "-1",
        "etype": "25",
        "space": "0",
        "layer": "TEXT",
        "olinetype": "BYLAYER",
        "linetype": null,
        "color": "0,0,255,255",
        "ocolor": "5",
        "color24": "-1",
        "transparen": "0",
        "lweight": "-1",
        "linewidth": 0.0,
        "ltscale": 1.0,
        "visible": "1",
        "thickness": 0.0,
        "ext": "(3:0,0,1)",
        "height": 3.0,
        "text": "1046.10",
        "angle": 329.60602,
        "widthscale": 1.0,
        "oblique": 0.0,
        "style": "new1",
        "textgen": "0",
        "alignh": "0",
        "alignv": "0",
        "interlin": -1.0
      },
      "geometry": {
        "type": "Point",
        "coordinates": [52.422276523997986, 29.821059310191107]
      }
    },
    {
      "type": "Feature",
      "properties": {
        "fid": 243.0,
        "handle": "3258",
        "block": "-1",
        "etype": "25",
        "space": "0",
        "layer": "TEXT",
        "olinetype": "BYLAYER",
        "linetype": null,
        "color": "0,0,255,255",
        "ocolor": "5",
        "color24": "-1",
        "transparen": "0",
        "lweight": "-1",
        "linewidth": 0.0,
        "ltscale": 1.0,
        "visible": "1",
        "thickness": 0.0,
        "ext": "(3:0,0,1)",
        "height": 3.0,
        "text": "979.57",
        "angle": 329.60602,
        "widthscale": 1.0,
        "oblique": 0.0,
        "style": "new1",
        "textgen": "0",
        "alignh": "0",
        "alignv": "0",
        "interlin": -1.0
      },
      "geometry": {
        "type": "Point",
        "coordinates": [52.422406081458909, 29.821154341051137]
      }
    },
    {
      "type": "Feature",
      "properties": {
        "fid": 245.0,
        "handle": "3260",
        "block": "-1",
        "etype": "25",
        "space": "0",
        "layer": "TEXT",
        "olinetype": "BYLAYER",
        "linetype": null,
        "color": "0,0,255,255",
        "ocolor": "5",
        "color24": "-1",
        "transparen": "0",
        "lweight": "-1",
        "linewidth": 0.0,
        "ltscale": 1.0,
        "visible": "1",
        "thickness": 0.0,
        "ext": "(3:0,0,1)",
        "height": 3.0,
        "text": "991.55",
        "angle": 329.60602,
        "widthscale": 1.0,
        "oblique": 0.0,
        "style": "new1",
        "textgen": "0",
        "alignh": "0",
        "alignv": "0",
        "interlin": -1.0
      },
      "geometry": {
        "type": "Point",
        "coordinates": [52.422569106492588, 29.821275277784544]
      }
    },
    {
      "type": "Feature",
      "properties": {
        "fid": 247.0,
        "handle": "3262",
        "block": "-1",
        "etype": "25",
        "space": "0",
        "layer": "TEXT",
        "olinetype": "BYLAYER",
        "linetype": null,
        "color": "0,0,255,255",
        "ocolor": "5",
        "color24": "-1",
        "transparen": "0",
        "lweight": "-1",
        "linewidth": 0.0,
        "ltscale": 1.0,
        "visible": "1",
        "thickness": 0.0,
        "ext": "(3:0,0,1)",
        "height": 3.0,
        "text": "998.69",
        "angle": 329.60602,
        "widthscale": 1.0,
        "oblique": 0.0,
        "style": "new1",
        "textgen": "0",
        "alignh": "0",
        "alignv": "0",
        "interlin": -1.0
      },
      "geometry": {
        "type": "Point",
        "coordinates": [52.422722692355727, 29.821397129311421]
      }
    },
    {
      "type": "Feature",
      "properties": {
        "fid": 249.0,
        "handle": "3264",
        "block": "-1",
        "etype": "25",
        "space": "0",
        "layer": "TEXT",
        "olinetype": "BYLAYER",
        "linetype": null,
        "color": "0,0,255,255",
        "ocolor": "5",
        "color24": "-1",
        "transparen": "0",
        "lweight": "-1",
        "linewidth": 0.0,
        "ltscale": 1.0,
        "visible": "1",
        "thickness": 0.0,
        "ext": "(3:0,0,1)",
        "height": 3.0,
        "text": "994.49",
        "angle": 329.60602,
        "widthscale": 1.0,
        "oblique": 0.0,
        "style": "new1",
        "textgen": "0",
        "alignh": "0",
        "alignv": "0",
        "interlin": -1.0
      },
      "geometry": {
        "type": "Point",
        "coordinates": [52.422888504295479, 29.82149900355628]
      }
    },
    {
      "type": "Feature",
      "properties": {
        "fid": 251.0,
        "handle": "3266",
        "block": "-1",
        "etype": "25",
        "space": "0",
        "layer": "TEXT",
        "olinetype": "BYLAYER",
        "linetype": null,
        "color": "0,0,255,255",
        "ocolor": "5",
        "color24": "-1",
        "transparen": "0",
        "lweight": "-1",
        "linewidth": 0.0,
        "ltscale": 1.0,
        "visible": "1",
        "thickness": 0.0,
        "ext": "(3:0,0,1)",
        "height": 3.0,
        "text": "993.05",
        "angle": 329.60602,
        "widthscale": 1.0,
        "oblique": 0.0,
        "style": "new1",
        "textgen": "0",
        "alignh": "0",
        "alignv": "0",
        "interlin": -1.0
      },
      "geometry": {
        "type": "Point",
        "coordinates": [52.423046392890811, 29.821634507467277]
      }
    },
    {
      "type": "Feature",
      "properties": {
        "fid": 253.0,
        "handle": "3268",
        "block": "-1",
        "etype": "25",
        "space": "0",
        "layer": "TEXT",
        "olinetype": "BYLAYER",
        "linetype": null,
        "color": "0,0,255,255",
        "ocolor": "5",
        "color24": "-1",
        "transparen": "0",
        "lweight": "-1",
        "linewidth": 0.0,
        "ltscale": 1.0,
        "visible": "1",
        "thickness": 0.0,
        "ext": "(3:0,0,1)",
        "height": 3.0,
        "text": "982.26",
        "angle": 329.60602,
        "widthscale": 1.0,
        "oblique": 0.0,
        "style": "new1",
        "textgen": "0",
        "alignh": "0",
        "alignv": "0",
        "interlin": -1.0
      },
      "geometry": {
        "type": "Point",
        "coordinates": [52.423207111022357, 29.821744303019386]
      }
    },
    {
      "type": "Feature",
      "properties": {
        "fid": 255.0,
        "handle": "3270",
        "block": "-1",
        "etype": "25",
        "space": "0",
        "layer": "TEXT",
        "olinetype": "BYLAYER",
        "linetype": null,
        "color": "0,0,255,255",
        "ocolor": "5",
        "color24": "-1",
        "transparen": "0",
        "lweight": "-1",
        "linewidth": 0.0,
        "ltscale": 1.0,
        "visible": "1",
        "thickness": 0.0,
        "ext": "(3:0,0,1)",
        "height": 3.0,
        "text": "988.02",
        "angle": 329.60602,
        "widthscale": 1.0,
        "oblique": 0.0,
        "style": "new1",
        "textgen": "0",
        "alignh": "0",
        "alignv": "0",
        "interlin": -1.0
      },
      "geometry": {
        "type": "Point",
        "coordinates": [52.423371612142503, 29.821853243800142]
      }
    },
    {
      "type": "Feature",
      "properties": {
        "fid": 257.0,
        "handle": "3272",
        "block": "-1",
        "etype": "25",
        "space": "0",
        "layer": "TEXT",
        "olinetype": "BYLAYER",
        "linetype": null,
        "color": "0,0,255,255",
        "ocolor": "5",
        "color24": "-1",
        "transparen": "0",
        "lweight": "-1",
        "linewidth": 0.0,
        "ltscale": 1.0,
        "visible": "1",
        "thickness": 0.0,
        "ext": "(3:0,0,1)",
        "height": 3.0,
        "text": "989.92",
        "angle": 329.60602,
        "widthscale": 1.0,
        "oblique": 0.0,
        "style": "new1",
        "textgen": "0",
        "alignh": "0",
        "alignv": "0",
        "interlin": -1.0
      },
      "geometry": {
        "type": "Point",
        "coordinates": [52.423545989754359, 29.821971732717419]
      }
    },
    {
      "type": "Feature",
      "properties": {
        "fid": 259.0,
        "handle": "3274",
        "block": "-1",
        "etype": "25",
        "space": "0",
        "layer": "TEXT",
        "olinetype": "BYLAYER",
        "linetype": null,
        "color": "0,0,255,255",
        "ocolor": "5",
        "color24": "-1",
        "transparen": "0",
        "lweight": "-1",
        "linewidth": 0.0,
        "ltscale": 1.0,
        "visible": "1",
        "thickness": 0.0,
        "ext": "(3:0,0,1)",
        "height": 3.0,
        "text": "995.40",
        "angle": 329.60602,
        "widthscale": 1.0,
        "oblique": 0.0,
        "style": "new1",
        "textgen": "0",
        "alignh": "0",
        "alignv": "0",
        "interlin": -1.0
      },
      "geometry": {
        "type": "Point",
        "coordinates": [52.423687904685238, 29.822083822435921]
      }
    },
    {
      "type": "Feature",
      "properties": {
        "fid": 261.0,
        "handle": "3276",
        "block": "-1",
        "etype": "25",
        "space": "0",
        "layer": "TEXT",
        "olinetype": "BYLAYER",
        "linetype": null,
        "color": "0,0,255,255",
        "ocolor": "5",
        "color24": "-1",
        "transparen": "0",
        "lweight": "-1",
        "linewidth": 0.0,
        "ltscale": 1.0,
        "visible": "1",
        "thickness": 0.0,
        "ext": "(3:0,0,1)",
        "height": 3.0,
        "text": "994.44",
        "angle": 329.60602,
        "widthscale": 1.0,
        "oblique": 0.0,
        "style": "new1",
        "textgen": "0",
        "alignh": "0",
        "alignv": "0",
        "interlin": -1.0
      },
      "geometry": {
        "type": "Point",
        "coordinates": [52.423836206755034, 29.822197381981724]
      }
    },
    {
      "type": "Feature",
      "properties": {
        "fid": 263.0,
        "handle": "3278",
        "block": "-1",
        "etype": "25",
        "space": "0",
        "layer": "TEXT",
        "olinetype": "BYLAYER",
        "linetype": null,
        "color": "0,0,255,255",
        "ocolor": "5",
        "color24": "-1",
        "transparen": "0",
        "lweight": "-1",
        "linewidth": 0.0,
        "ltscale": 1.0,
        "visible": "1",
        "thickness": 0.0,
        "ext": "(3:0,0,1)",
        "height": 3.0,
        "text": "999.85",
        "angle": 329.60602,
        "widthscale": 1.0,
        "oblique": 0.0,
        "style": "new1",
        "textgen": "0",
        "alignh": "0",
        "alignv": "0",
        "interlin": -1.0
      },
      "geometry": {
        "type": "Point",
        "coordinates": [52.424005413655252, 29.822303299667862]
      }
    },
    {
      "type": "Feature",
      "properties": {
        "fid": 265.0,
        "handle": "3280",
        "block": "-1",
        "etype": "25",
        "space": "0",
        "layer": "TEXT",
        "olinetype": "BYLAYER",
        "linetype": null,
        "color": "0,0,255,255",
        "ocolor": "5",
        "color24": "-1",
        "transparen": "0",
        "lweight": "-1",
        "linewidth": 0.0,
        "ltscale": 1.0,
        "visible": "1",
        "thickness": 0.0,
        "ext": "(3:0,0,1)",
        "height": 3.0,
        "text": "1002.00",
        "angle": 329.60602,
        "widthscale": 1.0,
        "oblique": 0.0,
        "style": "new1",
        "textgen": "0",
        "alignh": "0",
        "alignv": "0",
        "interlin": -1.0
      },
      "geometry": {
        "type": "Point",
        "coordinates": [52.424257164602245, 29.822479386457701]
      }
    },
    {
      "type": "Feature",
      "properties": {
        "fid": 267.0,
        "handle": "3282",
        "block": "-1",
        "etype": "25",
        "space": "0",
        "layer": "TEXT",
        "olinetype": "BYLAYER",
        "linetype": null,
        "color": "0,0,255,255",
        "ocolor": "5",
        "color24": "-1",
        "transparen": "0",
        "lweight": "-1",
        "linewidth": 0.0,
        "ltscale": 1.0,
        "visible": "1",
        "thickness": 0.0,
        "ext": "(3:0,0,1)",
        "height": 3.0,
        "text": "1002.00",
        "angle": 329.60602,
        "widthscale": 1.0,
        "oblique": 0.0,
        "style": "new1",
        "textgen": "0",
        "alignh": "0",
        "alignv": "0",
        "interlin": -1.0
      },
      "geometry": {
        "type": "Point",
        "coordinates": [52.424428236887557, 29.822587829372146]
      }
    },
    {
      "type": "Feature",
      "properties": {
        "fid": 269.0,
        "handle": "3284",
        "block": "-1",
        "etype": "25",
        "space": "0",
        "layer": "TEXT",
        "olinetype": "BYLAYER",
        "linetype": null,
        "color": "0,0,255,255",
        "ocolor": "5",
        "color24": "-1",
        "transparen": "0",
        "lweight": "-1",
        "linewidth": 0.0,
        "ltscale": 1.0,
        "visible": "1",
        "thickness": 0.0,
        "ext": "(3:0,0,1)",
        "height": 3.0,
        "text": "1003.54",
        "angle": 329.60602,
        "widthscale": 1.0,
        "oblique": 0.0,
        "style": "new1",
        "textgen": "0",
        "alignh": "0",
        "alignv": "0",
        "interlin": -1.0
      },
      "geometry": {
        "type": "Point",
        "coordinates": [52.424577144967472, 29.822731530339887]
      }
    },
    {
      "type": "Feature",
      "properties": {
        "fid": 271.0,
        "handle": "3286",
        "block": "-1",
        "etype": "25",
        "space": "0",
        "layer": "TEXT",
        "olinetype": "BYLAYER",
        "linetype": null,
        "color": "0,0,255,255",
        "ocolor": "5",
        "color24": "-1",
        "transparen": "0",
        "lweight": "-1",
        "linewidth": 0.0,
        "ltscale": 1.0,
        "visible": "1",
        "thickness": 0.0,
        "ext": "(3:0,0,1)",
        "height": 3.0,
        "text": "1172.32",
        "angle": 329.60602,
        "widthscale": 1.0,
        "oblique": 0.0,
        "style": "new1",
        "textgen": "0",
        "alignh": "0",
        "alignv": "0",
        "interlin": -1.0
      },
      "geometry": {
        "type": "Point",
        "coordinates": [52.424435302674844, 29.823189415424668]
      }
    },
    {
      "type": "Feature",
      "properties": {
        "fid": 273.0,
        "handle": "3288",
        "block": "-1",
        "etype": "25",
        "space": "0",
        "layer": "TEXT",
        "olinetype": "BYLAYER",
        "linetype": null,
        "color": "0,0,255,255",
        "ocolor": "5",
        "color24": "-1",
        "transparen": "0",
        "lweight": "-1",
        "linewidth": 0.0,
        "ltscale": 1.0,
        "visible": "1",
        "thickness": 0.0,
        "ext": "(3:0,0,1)",
        "height": 3.0,
        "text": "1005.02",
        "angle": 329.60602,
        "widthscale": 1.0,
        "oblique": 0.0,
        "style": "new1",
        "textgen": "0",
        "alignh": "0",
        "alignv": "0",
        "interlin": -1.0
      },
      "geometry": {
        "type": "Point",
        "coordinates": [52.424264536132263, 29.823054688258189]
      }
    },
    {
      "type": "Feature",
      "properties": {
        "fid": 275.0,
        "handle": "3290",
        "block": "-1",
        "etype": "25",
        "space": "0",
        "layer": "TEXT",
        "olinetype": "BYLAYER",
        "linetype": null,
        "color": "0,0,255,255",
        "ocolor": "5",
        "color24": "-1",
        "transparen": "0",
        "lweight": "-1",
        "linewidth": 0.0,
        "ltscale": 1.0,
        "visible": "1",
        "thickness": 0.0,
        "ext": "(3:0,0,1)",
        "height": 3.0,
        "text": "998.03",
        "angle": 329.60602,
        "widthscale": 1.0,
        "oblique": 0.0,
        "style": "new1",
        "textgen": "0",
        "alignh": "0",
        "alignv": "0",
        "interlin": -1.0
      },
      "geometry": {
        "type": "Point",
        "coordinates": [52.424105532316865, 29.822937765621838]
      }
    },
    {
      "type": "Feature",
      "properties": {
        "fid": 277.0,
        "handle": "3292",
        "block": "-1",
        "etype": "25",
        "space": "0",
        "layer": "TEXT",
        "olinetype": "BYLAYER",
        "linetype": null,
        "color": "0,0,255,255",
        "ocolor": "5",
        "color24": "-1",
        "transparen": "0",
        "lweight": "-1",
        "linewidth": 0.0,
        "ltscale": 1.0,
        "visible": "1",
        "thickness": 0.0,
        "ext": "(3:0,0,1)",
        "height": 3.0,
        "text": "997.40",
        "angle": 329.60602,
        "widthscale": 1.0,
        "oblique": 0.0,
        "style": "new1",
        "textgen": "0",
        "alignh": "0",
        "alignv": "0",
        "interlin": -1.0
      },
      "geometry": {
        "type": "Point",
        "coordinates": [52.423946388393034, 29.822814084632935]
      }
    },
    {
      "type": "Feature",
      "properties": {
        "fid": 279.0,
        "handle": "3294",
        "block": "-1",
        "etype": "25",
        "space": "0",
        "layer": "TEXT",
        "olinetype": "BYLAYER",
        "linetype": null,
        "color": "0,0,255,255",
        "ocolor": "5",
        "color24": "-1",
        "transparen": "0",
        "lweight": "-1",
        "linewidth": 0.0,
        "ltscale": 1.0,
        "visible": "1",
        "thickness": 0.0,
        "ext": "(3:0,0,1)",
        "height": 3.0,
        "text": "837.98",
        "angle": 329.60602,
        "widthscale": 1.0,
        "oblique": 0.0,
        "style": "new1",
        "textgen": "0",
        "alignh": "0",
        "alignv": "0",
        "interlin": -1.0
      },
      "geometry": {
        "type": "Point",
        "coordinates": [52.42369796478107, 29.822659400585017]
      }
    },
    {
      "type": "Feature",
      "properties": {
        "fid": 281.0,
        "handle": "3296",
        "block": "-1",
        "etype": "25",
        "space": "0",
        "layer": "TEXT",
        "olinetype": "BYLAYER",
        "linetype": null,
        "color": "0,0,255,255",
        "ocolor": "5",
        "color24": "-1",
        "transparen": "0",
        "lweight": "-1",
        "linewidth": 0.0,
        "ltscale": 1.0,
        "visible": "1",
        "thickness": 0.0,
        "ext": "(3:0,0,1)",
        "height": 3.0,
        "text": "839.29",
        "angle": 329.60602,
        "widthscale": 1.0,
        "oblique": 0.0,
        "style": "new1",
        "textgen": "0",
        "alignh": "0",
        "alignv": "0",
        "interlin": -1.0
      },
      "geometry": {
        "type": "Point",
        "coordinates": [52.423562370442355, 29.822572507221956]
      }
    },
    {
      "type": "Feature",
      "properties": {
        "fid": 283.0,
        "handle": "3298",
        "block": "-1",
        "etype": "25",
        "space": "0",
        "layer": "TEXT",
        "olinetype": "BYLAYER",
        "linetype": null,
        "color": "0,0,255,255",
        "ocolor": "5",
        "color24": "-1",
        "transparen": "0",
        "lweight": "-1",
        "linewidth": 0.0,
        "ltscale": 1.0,
        "visible": "1",
        "thickness": 0.0,
        "ext": "(3:0,0,1)",
        "height": 3.0,
        "text": "1001.25",
        "angle": 329.60602,
        "widthscale": 1.0,
        "oblique": 0.0,
        "style": "new1",
        "textgen": "0",
        "alignh": "0",
        "alignv": "0",
        "interlin": -1.0
      },
      "geometry": {
        "type": "Point",
        "coordinates": [52.423406594486778, 29.822457913697729]
      }
    },
    {
      "type": "Feature",
      "properties": {
        "fid": 285.0,
        "handle": "3300",
        "block": "-1",
        "etype": "25",
        "space": "0",
        "layer": "TEXT",
        "olinetype": "BYLAYER",
        "linetype": null,
        "color": "0,0,255,255",
        "ocolor": "5",
        "color24": "-1",
        "transparen": "0",
        "lweight": "-1",
        "linewidth": 0.0,
        "ltscale": 1.0,
        "visible": "1",
        "thickness": 0.0,
        "ext": "(3:0,0,1)",
        "height": 3.0,
        "text": "1003.25",
        "angle": 329.60602,
        "widthscale": 1.0,
        "oblique": 0.0,
        "style": "new1",
        "textgen": "0",
        "alignh": "0",
        "alignv": "0",
        "interlin": -1.0
      },
      "geometry": {
        "type": "Point",
        "coordinates": [52.423241164899864, 29.822327338949147]
      }
    },
    {
      "type": "Feature",
      "properties": {
        "fid": 287.0,
        "handle": "3302",
        "block": "-1",
        "etype": "25",
        "space": "0",
        "layer": "TEXT",
        "olinetype": "BYLAYER",
        "linetype": null,
        "color": "0,0,255,255",
        "ocolor": "5",
        "color24": "-1",
        "transparen": "0",
        "lweight": "-1",
        "linewidth": 0.0,
        "ltscale": 1.0,
        "visible": "1",
        "thickness": 0.0,
        "ext": "(3:0,0,1)",
        "height": 3.0,
        "text": "1005.61",
        "angle": 329.60602,
        "widthscale": 1.0,
        "oblique": 0.0,
        "style": "new1",
        "textgen": "0",
        "alignh": "0",
        "alignv": "0",
        "interlin": -1.0
      },
      "geometry": {
        "type": "Point",
        "coordinates": [52.423097219939351, 29.822211211317189]
      }
    },
    {
      "type": "Feature",
      "properties": {
        "fid": 289.0,
        "handle": "3304",
        "block": "-1",
        "etype": "25",
        "space": "0",
        "layer": "TEXT",
        "olinetype": "BYLAYER",
        "linetype": null,
        "color": "0,0,255,255",
        "ocolor": "5",
        "color24": "-1",
        "transparen": "0",
        "lweight": "-1",
        "linewidth": 0.0,
        "ltscale": 1.0,
        "visible": "1",
        "thickness": 0.0,
        "ext": "(3:0,0,1)",
        "height": 3.0,
        "text": "1001.09",
        "angle": 329.60602,
        "widthscale": 1.0,
        "oblique": 0.0,
        "style": "new1",
        "textgen": "0",
        "alignh": "0",
        "alignv": "0",
        "interlin": -1.0
      },
      "geometry": {
        "type": "Point",
        "coordinates": [52.422922653075396, 29.822093442407887]
      }
    },
    {
      "type": "Feature",
      "properties": {
        "fid": 291.0,
        "handle": "3306",
        "block": "-1",
        "etype": "25",
        "space": "0",
        "layer": "TEXT",
        "olinetype": "BYLAYER",
        "linetype": null,
        "color": "0,0,255,255",
        "ocolor": "5",
        "color24": "-1",
        "transparen": "0",
        "lweight": "-1",
        "linewidth": 0.0,
        "ltscale": 1.0,
        "visible": "1",
        "thickness": 0.0,
        "ext": "(3:0,0,1)",
        "height": 3.0,
        "text": "1000.15",
        "angle": 329.60602,
        "widthscale": 1.0,
        "oblique": 0.0,
        "style": "new1",
        "textgen": "0",
        "alignh": "0",
        "alignv": "0",
        "interlin": -1.0
      },
      "geometry": {
        "type": "Point",
        "coordinates": [52.422752970263801, 29.821960547855884]
      }
    },
    {
      "type": "Feature",
      "properties": {
        "fid": 293.0,
        "handle": "3308",
        "block": "-1",
        "etype": "25",
        "space": "0",
        "layer": "TEXT",
        "olinetype": "BYLAYER",
        "linetype": null,
        "color": "0,0,255,255",
        "ocolor": "5",
        "color24": "-1",
        "transparen": "0",
        "lweight": "-1",
        "linewidth": 0.0,
        "ltscale": 1.0,
        "visible": "1",
        "thickness": 0.0,
        "ext": "(3:0,0,1)",
        "height": 3.0,
        "text": "1016.14",
        "angle": 329.60602,
        "widthscale": 1.0,
        "oblique": 0.0,
        "style": "new1",
        "textgen": "0",
        "alignh": "0",
        "alignv": "0",
        "interlin": -1.0
      },
      "geometry": {
        "type": "Point",
        "coordinates": [52.42257619783684, 29.821842913729323]
      }
    },
    {
      "type": "Feature",
      "properties": {
        "fid": 295.0,
        "handle": "3310",
        "block": "-1",
        "etype": "25",
        "space": "0",
        "layer": "TEXT",
        "olinetype": "BYLAYER",
        "linetype": null,
        "color": "0,0,255,255",
        "ocolor": "5",
        "color24": "-1",
        "transparen": "0",
        "lweight": "-1",
        "linewidth": 0.0,
        "ltscale": 1.0,
        "visible": "1",
        "thickness": 0.0,
        "ext": "(3:0,0,1)",
        "height": 3.0,
        "text": "993.21",
        "angle": 329.60602,
        "widthscale": 1.0,
        "oblique": 0.0,
        "style": "new1",
        "textgen": "0",
        "alignh": "0",
        "alignv": "0",
        "interlin": -1.0
      },
      "geometry": {
        "type": "Point",
        "coordinates": [52.422421051655938, 29.821726315133215]
      }
    },
    {
      "type": "Feature",
      "properties": {
        "fid": 297.0,
        "handle": "3312",
        "block": "-1",
        "etype": "25",
        "space": "0",
        "layer": "TEXT",
        "olinetype": "BYLAYER",
        "linetype": null,
        "color": "0,0,255,255",
        "ocolor": "5",
        "color24": "-1",
        "transparen": "0",
        "lweight": "-1",
        "linewidth": 0.0,
        "ltscale": 1.0,
        "visible": "1",
        "thickness": 0.0,
        "ext": "(3:0,0,1)",
        "height": 3.0,
        "text": "997.37",
        "angle": 329.60602,
        "widthscale": 1.0,
        "oblique": 0.0,
        "style": "new1",
        "textgen": "0",
        "alignh": "0",
        "alignv": "0",
        "interlin": -1.0
      },
      "geometry": {
        "type": "Point",
        "coordinates": [52.422259092471123, 29.821619034487522]
      }
    },
    {
      "type": "Feature",
      "properties": {
        "fid": 299.0,
        "handle": "3314",
        "block": "-1",
        "etype": "25",
        "space": "0",
        "layer": "TEXT",
        "olinetype": "BYLAYER",
        "linetype": null,
        "color": "0,0,255,255",
        "ocolor": "5",
        "color24": "-1",
        "transparen": "0",
        "lweight": "-1",
        "linewidth": 0.0,
        "ltscale": 1.0,
        "visible": "1",
        "thickness": 0.0,
        "ext": "(3:0,0,1)",
        "height": 3.0,
        "text": "1369.31",
        "angle": 329.60602,
        "widthscale": 1.0,
        "oblique": 0.0,
        "style": "new1",
        "textgen": "0",
        "alignh": "0",
        "alignv": "0",
        "interlin": -1.0
      },
      "geometry": {
        "type": "Point",
        "coordinates": [52.422084561005079, 29.821482290666882]
      }
    },
    {
      "type": "Feature",
      "properties": {
        "fid": 301.0,
        "handle": "3316",
        "block": "-1",
        "etype": "25",
        "space": "0",
        "layer": "TEXT",
        "olinetype": "BYLAYER",
        "linetype": null,
        "color": "0,0,255,255",
        "ocolor": "5",
        "color24": "-1",
        "transparen": "0",
        "lweight": "-1",
        "linewidth": 0.0,
        "ltscale": 1.0,
        "visible": "1",
        "thickness": 0.0,
        "ext": "(3:0,0,1)",
        "height": 3.0,
        "text": "1215.89",
        "angle": 329.60602,
        "widthscale": 1.0,
        "oblique": 0.0,
        "style": "new1",
        "textgen": "0",
        "alignh": "0",
        "alignv": "0",
        "interlin": -1.0
      },
      "geometry": {
        "type": "Point",
        "coordinates": [52.42270187122503, 29.822494863062047]
      }
    },
    {
      "type": "Feature",
      "properties": {
        "fid": 303.0,
        "handle": "3318",
        "block": "-1",
        "etype": "25",
        "space": "0",
        "layer": "TEXT",
        "olinetype": "BYLAYER",
        "linetype": null,
        "color": "0,0,255,255",
        "ocolor": "5",
        "color24": "-1",
        "transparen": "0",
        "lweight": "-1",
        "linewidth": 0.0,
        "ltscale": 1.0,
        "visible": "1",
        "thickness": 0.0,
        "ext": "(3:0,0,1)",
        "height": 3.0,
        "text": "1150.79",
        "angle": 329.60602,
        "widthscale": 1.0,
        "oblique": 0.0,
        "style": "new1",
        "textgen": "0",
        "alignh": "0",
        "alignv": "0",
        "interlin": -1.0
      },
      "geometry": {
        "type": "Point",
        "coordinates": [52.423096603044954, 29.822798587960534]
      }
    },
    {
      "type": "Feature",
      "properties": {
        "fid": 305.0,
        "handle": "3320",
        "block": "-1",
        "etype": "25",
        "space": "0",
        "layer": "TEXT",
        "olinetype": "BYLAYER",
        "linetype": null,
        "color": "0,0,255,255",
        "ocolor": "5",
        "color24": "-1",
        "transparen": "0",
        "lweight": "-1",
        "linewidth": 0.0,
        "ltscale": 1.0,
        "visible": "1",
        "thickness": 0.0,
        "ext": "(3:0,0,1)",
        "height": 3.0,
        "text": "997.80",
        "angle": 329.60602,
        "widthscale": 1.0,
        "oblique": 0.0,
        "style": "new1",
        "textgen": "0",
        "alignh": "0",
        "alignv": "0",
        "interlin": -1.0
      },
      "geometry": {
        "type": "Point",
        "coordinates": [52.423432716224902, 29.823252052531291]
      }
    },
    {
      "type": "Feature",
      "properties": {
        "fid": 307.0,
        "handle": "3322",
        "block": "-1",
        "etype": "25",
        "space": "0",
        "layer": "TEXT",
        "olinetype": "BYLAYER",
        "linetype": null,
        "color": "0,0,255,255",
        "ocolor": "5",
        "color24": "-1",
        "transparen": "0",
        "lweight": "-1",
        "linewidth": 0.0,
        "ltscale": 1.0,
        "visible": "1",
        "thickness": 0.0,
        "ext": "(3:0,0,1)",
        "height": 3.0,
        "text": "993.86",
        "angle": 329.60602,
        "widthscale": 1.0,
        "oblique": 0.0,
        "style": "new1",
        "textgen": "0",
        "alignh": "0",
        "alignv": "0",
        "interlin": -1.0
      },
      "geometry": {
        "type": "Point",
        "coordinates": [52.423598621326555, 29.823354289689362]
      }
    },
    {
      "type": "Feature",
      "properties": {
        "fid": 309.0,
        "handle": "3324",
        "block": "-1",
        "etype": "25",
        "space": "0",
        "layer": "TEXT",
        "olinetype": "BYLAYER",
        "linetype": null,
        "color": "0,0,255,255",
        "ocolor": "5",
        "color24": "-1",
        "transparen": "0",
        "lweight": "-1",
        "linewidth": 0.0,
        "ltscale": 1.0,
        "visible": "1",
        "thickness": 0.0,
        "ext": "(3:0,0,1)",
        "height": 3.0,
        "text": "1006.14",
        "angle": 329.60602,
        "widthscale": 1.0,
        "oblique": 0.0,
        "style": "new1",
        "textgen": "0",
        "alignh": "0",
        "alignv": "0",
        "interlin": -1.0
      },
      "geometry": {
        "type": "Point",
        "coordinates": [52.423740433486692, 29.823476952647901]
      }
    },
    {
      "type": "Feature",
      "properties": {
        "fid": 311.0,
        "handle": "3326",
        "block": "-1",
        "etype": "25",
        "space": "0",
        "layer": "TEXT",
        "olinetype": "BYLAYER",
        "linetype": null,
        "color": "0,0,255,255",
        "ocolor": "5",
        "color24": "-1",
        "transparen": "0",
        "lweight": "-1",
        "linewidth": 0.0,
        "ltscale": 1.0,
        "visible": "1",
        "thickness": 0.0,
        "ext": "(3:0,0,1)",
        "height": 3.0,
        "text": "1000.00",
        "angle": 329.60602,
        "widthscale": 1.0,
        "oblique": 0.0,
        "style": "new1",
        "textgen": "0",
        "alignh": "0",
        "alignv": "0",
        "interlin": -1.0
      },
      "geometry": {
        "type": "Point",
        "coordinates": [52.423894465918686, 29.823592987532663]
      }
    },
    {
      "type": "Feature",
      "properties": {
        "fid": 313.0,
        "handle": "3328",
        "block": "-1",
        "etype": "25",
        "space": "0",
        "layer": "TEXT",
        "olinetype": "BYLAYER",
        "linetype": null,
        "color": "0,0,255,255",
        "ocolor": "5",
        "color24": "-1",
        "transparen": "0",
        "lweight": "-1",
        "linewidth": 0.0,
        "ltscale": 1.0,
        "visible": "1",
        "thickness": 0.0,
        "ext": "(3:0,0,1)",
        "height": 3.0,
        "text": "1000.00",
        "angle": 329.60602,
        "widthscale": 1.0,
        "oblique": 0.0,
        "style": "new1",
        "textgen": "0",
        "alignh": "0",
        "alignv": "0",
        "interlin": -1.0
      },
      "geometry": {
        "type": "Point",
        "coordinates": [52.424067089920662, 29.823727687642794]
      }
    },
    {
      "type": "Feature",
      "properties": {
        "fid": 315.0,
        "handle": "3330",
        "block": "-1",
        "etype": "25",
        "space": "0",
        "layer": "TEXT",
        "olinetype": "BYLAYER",
        "linetype": null,
        "color": "0,0,255,255",
        "ocolor": "5",
        "color24": "-1",
        "transparen": "0",
        "lweight": "-1",
        "linewidth": 0.0,
        "ltscale": 1.0,
        "visible": "1",
        "thickness": 0.0,
        "ext": "(3:0,0,1)",
        "height": 3.0,
        "text": "1183.66",
        "angle": 329.60602,
        "widthscale": 1.0,
        "oblique": 0.0,
        "style": "new1",
        "textgen": "0",
        "alignh": "0",
        "alignv": "0",
        "interlin": -1.0
      },
      "geometry": {
        "type": "Point",
        "coordinates": [52.423735460215433, 29.824054190668029]
      }
    },
    {
      "type": "Feature",
      "properties": {
        "fid": 317.0,
        "handle": "3332",
        "block": "-1",
        "etype": "25",
        "space": "0",
        "layer": "TEXT",
        "olinetype": "BYLAYER",
        "linetype": null,
        "color": "0,0,255,255",
        "ocolor": "5",
        "color24": "-1",
        "transparen": "0",
        "lweight": "-1",
        "linewidth": 0.0,
        "ltscale": 1.0,
        "visible": "1",
        "thickness": 0.0,
        "ext": "(3:0,0,1)",
        "height": 3.0,
        "text": "1000.00",
        "angle": 329.60602,
        "widthscale": 1.0,
        "oblique": 0.0,
        "style": "new1",
        "textgen": "0",
        "alignh": "0",
        "alignv": "0",
        "interlin": -1.0
      },
      "geometry": {
        "type": "Point",
        "coordinates": [52.423583640638213, 29.823942413659456]
      }
    },
    {
      "type": "Feature",
      "properties": {
        "fid": 319.0,
        "handle": "3334",
        "block": "-1",
        "etype": "25",
        "space": "0",
        "layer": "TEXT",
        "olinetype": "BYLAYER",
        "linetype": null,
        "color": "0,0,255,255",
        "ocolor": "5",
        "color24": "-1",
        "transparen": "0",
        "lweight": "-1",
        "linewidth": 0.0,
        "ltscale": 1.0,
        "visible": "1",
        "thickness": 0.0,
        "ext": "(3:0,0,1)",
        "height": 3.0,
        "text": "1000.00",
        "angle": 329.60602,
        "widthscale": 1.0,
        "oblique": 0.0,
        "style": "new1",
        "textgen": "0",
        "alignh": "0",
        "alignv": "0",
        "interlin": -1.0
      },
      "geometry": {
        "type": "Point",
        "coordinates": [52.42343487704548, 29.823812911156203]
      }
    },
    {
      "type": "Feature",
      "properties": {
        "fid": 321.0,
        "handle": "3336",
        "block": "-1",
        "etype": "25",
        "space": "0",
        "layer": "TEXT",
        "olinetype": "BYLAYER",
        "linetype": null,
        "color": "0,0,255,255",
        "ocolor": "5",
        "color24": "-1",
        "transparen": "0",
        "lweight": "-1",
        "linewidth": 0.0,
        "ltscale": 1.0,
        "visible": "1",
        "thickness": 0.0,
        "ext": "(3:0,0,1)",
        "height": 3.0,
        "text": "1000.00",
        "angle": 329.60602,
        "widthscale": 1.0,
        "oblique": 0.0,
        "style": "new1",
        "textgen": "0",
        "alignh": "0",
        "alignv": "0",
        "interlin": -1.0
      },
      "geometry": {
        "type": "Point",
        "coordinates": [52.423278922350484, 29.823708009419278]
      }
    },
    {
      "type": "Feature",
      "properties": {
        "fid": 323.0,
        "handle": "3338",
        "block": "-1",
        "etype": "25",
        "space": "0",
        "layer": "TEXT",
        "olinetype": "BYLAYER",
        "linetype": null,
        "color": "0,0,255,255",
        "ocolor": "5",
        "color24": "-1",
        "transparen": "0",
        "lweight": "-1",
        "linewidth": 0.0,
        "ltscale": 1.0,
        "visible": "1",
        "thickness": 0.0,
        "ext": "(3:0,0,1)",
        "height": 3.0,
        "text": "997.80",
        "angle": 329.60602,
        "widthscale": 1.0,
        "oblique": 0.0,
        "style": "new1",
        "textgen": "0",
        "alignh": "0",
        "alignv": "0",
        "interlin": -1.0
      },
      "geometry": {
        "type": "Point",
        "coordinates": [52.423113083861203, 29.823580236225038]
      }
    },
    {
      "type": "Feature",
      "properties": {
        "fid": 325.0,
        "handle": "3340",
        "block": "-1",
        "etype": "25",
        "space": "0",
        "layer": "TEXT",
        "olinetype": "BYLAYER",
        "linetype": null,
        "color": "0,0,255,255",
        "ocolor": "5",
        "color24": "-1",
        "transparen": "0",
        "lweight": "-1",
        "linewidth": 0.0,
        "ltscale": 1.0,
        "visible": "1",
        "thickness": 0.0,
        "ext": "(3:0,0,1)",
        "height": 3.0,
        "text": "1100.00",
        "angle": 329.60602,
        "widthscale": 1.0,
        "oblique": 0.0,
        "style": "new1",
        "textgen": "0",
        "alignh": "0",
        "alignv": "0",
        "interlin": -1.0
      },
      "geometry": {
        "type": "Point",
        "coordinates": [52.422978273292735, 29.822936240343108]
      }
    },
    {
      "type": "Feature",
      "properties": {
        "fid": 327.0,
        "handle": "3342",
        "block": "-1",
        "etype": "25",
        "space": "0",
        "layer": "TEXT",
        "olinetype": "BYLAYER",
        "linetype": null,
        "color": "0,0,255,255",
        "ocolor": "5",
        "color24": "-1",
        "transparen": "0",
        "lweight": "-1",
        "linewidth": 0.0,
        "ltscale": 1.0,
        "visible": "1",
        "thickness": 0.0,
        "ext": "(3:0,0,1)",
        "height": 3.0,
        "text": "1091.63",
        "angle": 329.60602,
        "widthscale": 1.0,
        "oblique": 0.0,
        "style": "new1",
        "textgen": "0",
        "alignh": "0",
        "alignv": "0",
        "interlin": -1.0
      },
      "geometry": {
        "type": "Point",
        "coordinates": [52.422635084221298, 29.822683037007184]
      }
    },
    {
      "type": "Feature",
      "properties": {
        "fid": 329.0,
        "handle": "3344",
        "block": "-1",
        "etype": "25",
        "space": "0",
        "layer": "TEXT",
        "olinetype": "BYLAYER",
        "linetype": null,
        "color": "0,0,255,255",
        "ocolor": "5",
        "color24": "-1",
        "transparen": "0",
        "lweight": "-1",
        "linewidth": 0.0,
        "ltscale": 1.0,
        "visible": "1",
        "thickness": 0.0,
        "ext": "(3:0,0,1)",
        "height": 3.0,
        "text": "1097.76",
        "angle": 329.60602,
        "widthscale": 1.0,
        "oblique": 0.0,
        "style": "new1",
        "textgen": "0",
        "alignh": "0",
        "alignv": "0",
        "interlin": -1.0
      },
      "geometry": {
        "type": "Point",
        "coordinates": [52.422449091765621, 29.822780915324298]
      }
    },
    {
      "type": "Feature",
      "properties": {
        "fid": 331.0,
        "handle": "3346",
        "block": "-1",
        "etype": "25",
        "space": "0",
        "layer": "TEXT",
        "olinetype": "BYLAYER",
        "linetype": null,
        "color": "0,0,255,255",
        "ocolor": "5",
        "color24": "-1",
        "transparen": "0",
        "lweight": "-1",
        "linewidth": 0.0,
        "ltscale": 1.0,
        "visible": "1",
        "thickness": 0.0,
        "ext": "(3:0,0,1)",
        "height": 3.0,
        "text": "1100.00",
        "angle": 329.60602,
        "widthscale": 1.0,
        "oblique": 0.0,
        "style": "new1",
        "textgen": "0",
        "alignh": "0",
        "alignv": "0",
        "interlin": -1.0
      },
      "geometry": {
        "type": "Point",
        "coordinates": [52.422852333913745, 29.823089775358309]
      }
    },
    {
      "type": "Feature",
      "properties": {
        "fid": 333.0,
        "handle": "3348",
        "block": "-1",
        "etype": "25",
        "space": "0",
        "layer": "TEXT",
        "olinetype": "BYLAYER",
        "linetype": null,
        "color": "0,0,255,255",
        "ocolor": "5",
        "color24": "-1",
        "transparen": "0",
        "lweight": "-1",
        "linewidth": 0.0,
        "ltscale": 1.0,
        "visible": "1",
        "thickness": 0.0,
        "ext": "(3:0,0,1)",
        "height": 3.0,
        "text": "1100.00",
        "angle": 329.60602,
        "widthscale": 1.0,
        "oblique": 0.0,
        "style": "new1",
        "textgen": "0",
        "alignh": "0",
        "alignv": "0",
        "interlin": -1.0
      },
      "geometry": {
        "type": "Point",
        "coordinates": [52.422702357664271, 29.823209457235503]
      }
    },
    {
      "type": "Feature",
      "properties": {
        "fid": 335.0,
        "handle": "3350",
        "block": "-1",
        "etype": "25",
        "space": "0",
        "layer": "TEXT",
        "olinetype": "BYLAYER",
        "linetype": null,
        "color": "0,0,255,255",
        "ocolor": "5",
        "color24": "-1",
        "transparen": "0",
        "lweight": "-1",
        "linewidth": 0.0,
        "ltscale": 1.0,
        "visible": "1",
        "thickness": 0.0,
        "ext": "(3:0,0,1)",
        "height": 3.0,
        "text": "1115.47",
        "angle": 329.60602,
        "widthscale": 1.0,
        "oblique": 0.0,
        "style": "new1",
        "textgen": "0",
        "alignh": "0",
        "alignv": "0",
        "interlin": -1.0
      },
      "geometry": {
        "type": "Point",
        "coordinates": [52.422317179505548, 29.822914391658763]
      }
    },
    {
      "type": "Feature",
      "properties": {
        "fid": 337.0,
        "handle": "3352",
        "block": "-1",
        "etype": "25",
        "space": "0",
        "layer": "TEXT",
        "olinetype": "BYLAYER",
        "linetype": null,
        "color": "0,0,255,255",
        "ocolor": "5",
        "color24": "-1",
        "transparen": "0",
        "lweight": "-1",
        "linewidth": 0.0,
        "ltscale": 1.0,
        "visible": "1",
        "thickness": 0.0,
        "ext": "(3:0,0,1)",
        "height": 3.0,
        "text": "1131.06",
        "angle": 329.60602,
        "widthscale": 1.0,
        "oblique": 0.0,
        "style": "new1",
        "textgen": "0",
        "alignh": "0",
        "alignv": "0",
        "interlin": -1.0
      },
      "geometry": {
        "type": "Point",
        "coordinates": [52.422171830659565, 29.823040820196187]
      }
    },
    {
      "type": "Feature",
      "properties": {
        "fid": 339.0,
        "handle": "3354",
        "block": "-1",
        "etype": "25",
        "space": "0",
        "layer": "TEXT",
        "olinetype": "BYLAYER",
        "linetype": null,
        "color": "0,0,255,255",
        "ocolor": "5",
        "color24": "-1",
        "transparen": "0",
        "lweight": "-1",
        "linewidth": 0.0,
        "ltscale": 1.0,
        "visible": "1",
        "thickness": 0.0,
        "ext": "(3:0,0,1)",
        "height": 3.0,
        "text": "1097.80",
        "angle": 329.60602,
        "widthscale": 1.0,
        "oblique": 0.0,
        "style": "new1",
        "textgen": "0",
        "alignh": "0",
        "alignv": "0",
        "interlin": -1.0
      },
      "geometry": {
        "type": "Point",
        "coordinates": [52.42257779872152, 29.823357013620534]
      }
    },
    {
      "type": "Feature",
      "properties": {
        "fid": 341.0,
        "handle": "3356",
        "block": "-1",
        "etype": "25",
        "space": "0",
        "layer": "TEXT",
        "olinetype": "BYLAYER",
        "linetype": null,
        "color": "0,0,255,255",
        "ocolor": "5",
        "color24": "-1",
        "transparen": "0",
        "lweight": "-1",
        "linewidth": 0.0,
        "ltscale": 1.0,
        "visible": "1",
        "thickness": 0.0,
        "ext": "(3:0,0,1)",
        "height": 3.0,
        "text": "1011.19",
        "angle": 329.60602,
        "widthscale": 1.0,
        "oblique": 0.0,
        "style": "new1",
        "textgen": "0",
        "alignh": "0",
        "alignv": "0",
        "interlin": -1.0
      },
      "geometry": {
        "type": "Point",
        "coordinates": [52.423335973669197, 29.824249238828148]
      }
    },
    {
      "type": "Feature",
      "properties": {
        "fid": 343.0,
        "handle": "3358",
        "block": "-1",
        "etype": "25",
        "space": "0",
        "layer": "TEXT",
        "olinetype": "BYLAYER",
        "linetype": null,
        "color": "0,0,255,255",
        "ocolor": "5",
        "color24": "-1",
        "transparen": "0",
        "lweight": "-1",
        "linewidth": 0.0,
        "ltscale": 1.0,
        "visible": "1",
        "thickness": 0.0,
        "ext": "(3:0,0,1)",
        "height": 3.0,
        "text": "1023.80",
        "angle": 329.60602,
        "widthscale": 1.0,
        "oblique": 0.0,
        "style": "new1",
        "textgen": "0",
        "alignh": "0",
        "alignv": "0",
        "interlin": -1.0
      },
      "geometry": {
        "type": "Point",
        "coordinates": [52.42299572990575, 29.823986906583819]
      }
    },
    {
      "type": "Feature",
      "properties": {
        "fid": 345.0,
        "handle": "3360",
        "block": "-1",
        "etype": "25",
        "space": "0",
        "layer": "TEXT",
        "olinetype": "BYLAYER",
        "linetype": null,
        "color": "0,0,255,255",
        "ocolor": "5",
        "color24": "-1",
        "transparen": "0",
        "lweight": "-1",
        "linewidth": 0.0,
        "ltscale": 1.0,
        "visible": "1",
        "thickness": 0.0,
        "ext": "(3:0,0,1)",
        "height": 3.0,
        "text": "1002.95",
        "angle": 329.60602,
        "widthscale": 1.0,
        "oblique": 0.0,
        "style": "new1",
        "textgen": "0",
        "alignh": "0",
        "alignv": "0",
        "interlin": -1.0
      },
      "geometry": {
        "type": "Point",
        "coordinates": [52.422852293364336, 29.824113448852167]
      }
    },
    {
      "type": "Feature",
      "properties": {
        "fid": 347.0,
        "handle": "3362",
        "block": "-1",
        "etype": "25",
        "space": "0",
        "layer": "TEXT",
        "olinetype": "BYLAYER",
        "linetype": null,
        "color": "0,0,255,255",
        "ocolor": "5",
        "color24": "-1",
        "transparen": "0",
        "lweight": "-1",
        "linewidth": 0.0,
        "ltscale": 1.0,
        "visible": "1",
        "thickness": 0.0,
        "ext": "(3:0,0,1)",
        "height": 3.0,
        "text": "1008.33",
        "angle": 329.60602,
        "widthscale": 1.0,
        "oblique": 0.0,
        "style": "new1",
        "textgen": "0",
        "alignh": "0",
        "alignv": "0",
        "interlin": -1.0
      },
      "geometry": {
        "type": "Point",
        "coordinates": [52.422618642387469, 29.824176371592454]
      }
    },
    {
      "type": "Feature",
      "properties": {
        "fid": 349.0,
        "handle": "3364",
        "block": "-1",
        "etype": "25",
        "space": "0",
        "layer": "TEXT",
        "olinetype": "BYLAYER",
        "linetype": null,
        "color": "0,0,255,255",
        "ocolor": "5",
        "color24": "-1",
        "transparen": "0",
        "lweight": "-1",
        "linewidth": 0.0,
        "ltscale": 1.0,
        "visible": "1",
        "thickness": 0.0,
        "ext": "(3:0,0,1)",
        "height": 3.0,
        "text": "997.80",
        "angle": 329.60602,
        "widthscale": 1.0,
        "oblique": 0.0,
        "style": "new1",
        "textgen": "0",
        "alignh": "0",
        "alignv": "0",
        "interlin": -1.0
      },
      "geometry": {
        "type": "Point",
        "coordinates": [52.422467328711072, 29.82387248301044]
      }
    },
    {
      "type": "Feature",
      "properties": {
        "fid": 351.0,
        "handle": "3366",
        "block": "-1",
        "etype": "25",
        "space": "0",
        "layer": "TEXT",
        "olinetype": "BYLAYER",
        "linetype": null,
        "color": "0,0,255,255",
        "ocolor": "5",
        "color24": "-1",
        "transparen": "0",
        "lweight": "-1",
        "linewidth": 0.0,
        "ltscale": 1.0,
        "visible": "1",
        "thickness": 0.0,
        "ext": "(3:0,0,1)",
        "height": 3.0,
        "text": "1000.00",
        "angle": 329.60602,
        "widthscale": 1.0,
        "oblique": 0.0,
        "style": "new1",
        "textgen": "0",
        "alignh": "0",
        "alignv": "0",
        "interlin": -1.0
      },
      "geometry": {
        "type": "Point",
        "coordinates": [52.422301613918584, 29.823738604954812]
      }
    },
    {
      "type": "Feature",
      "properties": {
        "fid": 353.0,
        "handle": "3368",
        "block": "-1",
        "etype": "25",
        "space": "0",
        "layer": "TEXT",
        "olinetype": "BYLAYER",
        "linetype": null,
        "color": "0,0,255,255",
        "ocolor": "5",
        "color24": "-1",
        "transparen": "0",
        "lweight": "-1",
        "linewidth": 0.0,
        "ltscale": 1.0,
        "visible": "1",
        "thickness": 0.0,
        "ext": "(3:0,0,1)",
        "height": 3.0,
        "text": "1000.00",
        "angle": 329.60602,
        "widthscale": 1.0,
        "oblique": 0.0,
        "style": "new1",
        "textgen": "0",
        "alignh": "0",
        "alignv": "0",
        "interlin": -1.0
      },
      "geometry": {
        "type": "Point",
        "coordinates": [52.422133690808963, 29.823622595233395]
      }
    },
    {
      "type": "Feature",
      "properties": {
        "fid": 355.0,
        "handle": "3370",
        "block": "-1",
        "etype": "25",
        "space": "0",
        "layer": "TEXT",
        "olinetype": "BYLAYER",
        "linetype": null,
        "color": "0,0,255,255",
        "ocolor": "5",
        "color24": "-1",
        "transparen": "0",
        "lweight": "-1",
        "linewidth": 0.0,
        "ltscale": 1.0,
        "visible": "1",
        "thickness": 0.0,
        "ext": "(3:0,0,1)",
        "height": 3.0,
        "text": "1085.26",
        "angle": 329.60602,
        "widthscale": 1.0,
        "oblique": 0.0,
        "style": "new1",
        "textgen": "0",
        "alignh": "0",
        "alignv": "0",
        "interlin": -1.0
      },
      "geometry": {
        "type": "Point",
        "coordinates": [52.421866667772633, 29.82325259488811]
      }
    },
    {
      "type": "Feature",
      "properties": {
        "fid": 357.0,
        "handle": "3372",
        "block": "-1",
        "etype": "25",
        "space": "0",
        "layer": "TEXT",
        "olinetype": "BYLAYER",
        "linetype": null,
        "color": "0,0,255,255",
        "ocolor": "5",
        "color24": "-1",
        "transparen": "0",
        "lweight": "-1",
        "linewidth": 0.0,
        "ltscale": 1.0,
        "visible": "1",
        "thickness": 0.0,
        "ext": "(3:0,0,1)",
        "height": 3.0,
        "text": "1128.06",
        "angle": 329.60602,
        "widthscale": 1.0,
        "oblique": 0.0,
        "style": "new1",
        "textgen": "0",
        "alignh": "0",
        "alignv": "0",
        "interlin": -1.0
      },
      "geometry": {
        "type": "Point",
        "coordinates": [52.421718684693566, 29.8233700333891]
      }
    },
    {
      "type": "Feature",
      "properties": {
        "fid": 359.0,
        "handle": "3374",
        "block": "-1",
        "etype": "25",
        "space": "0",
        "layer": "TEXT",
        "olinetype": "BYLAYER",
        "linetype": null,
        "color": "0,0,255,255",
        "ocolor": "5",
        "color24": "-1",
        "transparen": "0",
        "lweight": "-1",
        "linewidth": 0.0,
        "ltscale": 1.0,
        "visible": "1",
        "thickness": 0.0,
        "ext": "(3:0,0,1)",
        "height": 3.0,
        "text": "1168.67",
        "angle": 329.60602,
        "widthscale": 1.0,
        "oblique": 0.0,
        "style": "new1",
        "textgen": "0",
        "alignh": "0",
        "alignv": "0",
        "interlin": -1.0
      },
      "geometry": {
        "type": "Point",
        "coordinates": [52.421582319393352, 29.82350848324069]
      }
    },
    {
      "type": "Feature",
      "properties": {
        "fid": 361.0,
        "handle": "3376",
        "block": "-1",
        "etype": "25",
        "space": "0",
        "layer": "TEXT",
        "olinetype": "BYLAYER",
        "linetype": null,
        "color": "0,0,255,255",
        "ocolor": "5",
        "color24": "-1",
        "transparen": "0",
        "lweight": "-1",
        "linewidth": 0.0,
        "ltscale": 1.0,
        "visible": "1",
        "thickness": 0.0,
        "ext": "(3:0,0,1)",
        "height": 3.0,
        "text": "1209.28",
        "angle": 329.60602,
        "widthscale": 1.0,
        "oblique": 0.0,
        "style": "new1",
        "textgen": "0",
        "alignh": "0",
        "alignv": "0",
        "interlin": -1.0
      },
      "geometry": {
        "type": "Point",
        "coordinates": [52.421432203615218, 29.82363857023002]
      }
    },
    {
      "type": "Feature",
      "properties": {
        "fid": 363.0,
        "handle": "3378",
        "block": "-1",
        "etype": "25",
        "space": "0",
        "layer": "TEXT",
        "olinetype": "BYLAYER",
        "linetype": null,
        "color": "0,0,255,255",
        "ocolor": "5",
        "color24": "-1",
        "transparen": "0",
        "lweight": "-1",
        "linewidth": 0.0,
        "ltscale": 1.0,
        "visible": "1",
        "thickness": 0.0,
        "ext": "(3:0,0,1)",
        "height": 3.0,
        "text": "1207.89",
        "angle": 329.60602,
        "widthscale": 1.0,
        "oblique": 0.0,
        "style": "new1",
        "textgen": "0",
        "alignh": "0",
        "alignv": "0",
        "interlin": -1.0
      },
      "geometry": {
        "type": "Point",
        "coordinates": [52.421328861843413, 29.823784469771041]
      }
    },
    {
      "type": "Feature",
      "properties": {
        "fid": 364.0,
        "handle": "3379",
        "block": "-1",
        "etype": "25",
        "space": "0",
        "layer": "TEXT",
        "olinetype": "BYLAYER",
        "linetype": null,
        "color": "0,0,255,255",
        "ocolor": "5",
        "color24": "-1",
        "transparen": "0",
        "lweight": "-1",
        "linewidth": 0.0,
        "ltscale": 1.0,
        "visible": "1",
        "thickness": 0.0,
        "ext": "(3:0,0,1)",
        "height": 3.0,
        "text": "2036.79",
        "angle": 329.60602,
        "widthscale": 1.0,
        "oblique": 0.0,
        "style": "new1",
        "textgen": "0",
        "alignh": "0",
        "alignv": "0",
        "interlin": -1.0
      },
      "geometry": {
        "type": "Point",
        "coordinates": [52.424201171104066, 29.823930414442401]
      }
    },
    {
      "type": "Feature",
      "properties": {
        "fid": 366.0,
        "handle": "3381",
        "block": "-1",
        "etype": "25",
        "space": "0",
        "layer": "TEXT",
        "olinetype": "BYLAYER",
        "linetype": null,
        "color": "0,0,255,255",
        "ocolor": "5",
        "color24": "-1",
        "transparen": "0",
        "lweight": "-1",
        "linewidth": 0.0,
        "ltscale": 1.0,
        "visible": "1",
        "thickness": 0.0,
        "ext": "(3:0,0,1)",
        "height": 3.0,
        "text": "1000.00",
        "angle": 329.60602,
        "widthscale": 1.0,
        "oblique": 0.0,
        "style": "new1",
        "textgen": "0",
        "alignh": "0",
        "alignv": "0",
        "interlin": -1.0
      },
      "geometry": {
        "type": "Point",
        "coordinates": [52.421807641131849, 29.823970194000211]
      }
    },
    {
      "type": "Feature",
      "properties": {
        "fid": 368.0,
        "handle": "3383",
        "block": "-1",
        "etype": "25",
        "space": "0",
        "layer": "TEXT",
        "olinetype": "BYLAYER",
        "linetype": null,
        "color": "0,0,255,255",
        "ocolor": "5",
        "color24": "-1",
        "transparen": "0",
        "lweight": "-1",
        "linewidth": 0.0,
        "ltscale": 1.0,
        "visible": "1",
        "thickness": 0.0,
        "ext": "(3:0,0,1)",
        "height": 3.0,
        "text": "1000.00",
        "angle": 329.60602,
        "widthscale": 1.0,
        "oblique": 0.0,
        "style": "new1",
        "textgen": "0",
        "alignh": "0",
        "alignv": "0",
        "interlin": -1.0
      },
      "geometry": {
        "type": "Point",
        "coordinates": [52.421978683644049, 29.824092012524726]
      }
    },
    {
      "type": "Feature",
      "properties": {
        "fid": 370.0,
        "handle": "3385",
        "block": "-1",
        "etype": "25",
        "space": "0",
        "layer": "TEXT",
        "olinetype": "BYLAYER",
        "linetype": null,
        "color": "0,0,255,255",
        "ocolor": "5",
        "color24": "-1",
        "transparen": "0",
        "lweight": "-1",
        "linewidth": 0.0,
        "ltscale": 1.0,
        "visible": "1",
        "thickness": 0.0,
        "ext": "(3:0,0,1)",
        "height": 3.0,
        "text": "997.80",
        "angle": 329.60602,
        "widthscale": 1.0,
        "oblique": 0.0,
        "style": "new1",
        "textgen": "0",
        "alignh": "0",
        "alignv": "0",
        "interlin": -1.0
      },
      "geometry": {
        "type": "Point",
        "coordinates": [52.422132002919795, 29.824207313931524]
      }
    },
    {
      "type": "Feature",
      "properties": {
        "fid": 372.0,
        "handle": "3387",
        "block": "-1",
        "etype": "25",
        "space": "0",
        "layer": "TEXT",
        "olinetype": "BYLAYER",
        "linetype": null,
        "color": "0,0,255,255",
        "ocolor": "5",
        "color24": "-1",
        "transparen": "0",
        "lweight": "-1",
        "linewidth": 0.0,
        "ltscale": 1.0,
        "visible": "1",
        "thickness": 0.0,
        "ext": "(3:0,0,1)",
        "height": 3.0,
        "text": "777.76",
        "angle": 329.60602,
        "widthscale": 1.0,
        "oblique": 0.0,
        "style": "new1",
        "textgen": "0",
        "alignh": "0",
        "alignv": "0",
        "interlin": -1.0
      },
      "geometry": {
        "type": "Point",
        "coordinates": [52.422429049795824, 29.824343336574554]
      }
    },
    {
      "type": "Feature",
      "properties": {
        "fid": 374.0,
        "handle": "3389",
        "block": "-1",
        "etype": "25",
        "space": "0",
        "layer": "TEXT",
        "olinetype": "BYLAYER",
        "linetype": null,
        "color": "0,0,255,255",
        "ocolor": "5",
        "color24": "-1",
        "transparen": "0",
        "lweight": "-1",
        "linewidth": 0.0,
        "ltscale": 1.0,
        "visible": "1",
        "thickness": 0.0,
        "ext": "(3:0,0,1)",
        "height": 3.0,
        "text": "751.87",
        "angle": 329.60602,
        "widthscale": 1.0,
        "oblique": 0.0,
        "style": "new1",
        "textgen": "0",
        "alignh": "0",
        "alignv": "0",
        "interlin": -1.0
      },
      "geometry": {
        "type": "Point",
        "coordinates": [52.42176245892648, 29.82446409725036]
      }
    },
    {
      "type": "Feature",
      "properties": {
        "fid": 376.0,
        "handle": "3391",
        "block": "-1",
        "etype": "25",
        "space": "0",
        "layer": "TEXT",
        "olinetype": "BYLAYER",
        "linetype": null,
        "color": "0,0,255,255",
        "ocolor": "5",
        "color24": "-1",
        "transparen": "0",
        "lweight": "-1",
        "linewidth": 0.0,
        "ltscale": 1.0,
        "visible": "1",
        "thickness": 0.0,
        "ext": "(3:0,0,1)",
        "height": 3.0,
        "text": "997.80",
        "angle": 329.60602,
        "widthscale": 1.0,
        "oblique": 0.0,
        "style": "new1",
        "textgen": "0",
        "alignh": "0",
        "alignv": "0",
        "interlin": -1.0
      },
      "geometry": {
        "type": "Point",
        "coordinates": [52.421457656174042, 29.824161531924094]
      }
    },
    {
      "type": "Feature",
      "properties": {
        "fid": 378.0,
        "handle": "3393",
        "block": "-1",
        "etype": "25",
        "space": "0",
        "layer": "TEXT",
        "olinetype": "BYLAYER",
        "linetype": null,
        "color": "0,0,255,255",
        "ocolor": "5",
        "color24": "-1",
        "transparen": "0",
        "lweight": "-1",
        "linewidth": 0.0,
        "ltscale": 1.0,
        "visible": "1",
        "thickness": 0.0,
        "ext": "(3:0,0,1)",
        "height": 3.0,
        "text": "1000.00",
        "angle": 329.60602,
        "widthscale": 1.0,
        "oblique": 0.0,
        "style": "new1",
        "textgen": "0",
        "alignh": "0",
        "alignv": "0",
        "interlin": -1.0
      },
      "geometry": {
        "type": "Point",
        "coordinates": [52.421287299364998, 29.824294829159495]
      }
    },
    {
      "type": "Feature",
      "properties": {
        "fid": 380.0,
        "handle": "3395",
        "block": "-1",
        "etype": "25",
        "space": "0",
        "layer": "TEXT",
        "olinetype": "BYLAYER",
        "linetype": null,
        "color": "0,0,255,255",
        "ocolor": "5",
        "color24": "-1",
        "transparen": "0",
        "lweight": "-1",
        "linewidth": 0.0,
        "ltscale": 1.0,
        "visible": "1",
        "thickness": 0.0,
        "ext": "(3:0,0,1)",
        "height": 3.0,
        "text": "1008.13",
        "angle": 329.60602,
        "widthscale": 1.0,
        "oblique": 0.0,
        "style": "new1",
        "textgen": "0",
        "alignh": "0",
        "alignv": "0",
        "interlin": -1.0
      },
      "geometry": {
        "type": "Point",
        "coordinates": [52.421150520701588, 29.824457499998271]
      }
    },
    {
      "type": "Feature",
      "properties": {
        "fid": 382.0,
        "handle": "3397",
        "block": "-1",
        "etype": "25",
        "space": "0",
        "layer": "TEXT",
        "olinetype": "BYLAYER",
        "linetype": null,
        "color": "0,0,255,255",
        "ocolor": "5",
        "color24": "-1",
        "transparen": "0",
        "lweight": "-1",
        "linewidth": 0.0,
        "ltscale": 1.0,
        "visible": "1",
        "thickness": 0.0,
        "ext": "(3:0,0,1)",
        "height": 3.0,
        "text": "1034.95",
        "angle": 329.60602,
        "widthscale": 1.0,
        "oblique": 0.0,
        "style": "new1",
        "textgen": "0",
        "alignh": "0",
        "alignv": "0",
        "interlin": -1.0
      },
      "geometry": {
        "type": "Point",
        "coordinates": [52.420920910777667, 29.824603090872344]
      }
    },
    {
      "type": "Feature",
      "properties": {
        "fid": 384.0,
        "handle": "3399",
        "block": "-1",
        "etype": "25",
        "space": "0",
        "layer": "TEXT",
        "olinetype": "BYLAYER",
        "linetype": null,
        "color": "0,0,255,255",
        "ocolor": "5",
        "color24": "-1",
        "transparen": "0",
        "lweight": "-1",
        "linewidth": 0.0,
        "ltscale": 1.0,
        "visible": "1",
        "thickness": 0.0,
        "ext": "(3:0,0,1)",
        "height": 3.0,
        "text": "1405.72",
        "angle": 329.60602,
        "widthscale": 1.0,
        "oblique": 0.0,
        "style": "new1",
        "textgen": "0",
        "alignh": "0",
        "alignv": "0",
        "interlin": -1.0
      },
      "geometry": {
        "type": "Point",
        "coordinates": [52.420540624272498, 29.824181568121798]
      }
    },
    {
      "type": "Feature",
      "properties": {
        "fid": 386.0,
        "handle": "3401",
        "block": "-1",
        "etype": "25",
        "space": "0",
        "layer": "TEXT",
        "olinetype": "BYLAYER",
        "linetype": null,
        "color": "0,0,255,255",
        "ocolor": "5",
        "color24": "-1",
        "transparen": "0",
        "lweight": "-1",
        "linewidth": 0.0,
        "ltscale": 1.0,
        "visible": "1",
        "thickness": 0.0,
        "ext": "(3:0,0,1)",
        "height": 3.0,
        "text": "1091.04",
        "angle": 329.60602,
        "widthscale": 1.0,
        "oblique": 0.0,
        "style": "new1",
        "textgen": "0",
        "alignh": "0",
        "alignv": "0",
        "interlin": -1.0
      },
      "geometry": {
        "type": "Point",
        "coordinates": [52.420743931447561, 29.824063766335101]
      }
    },
    {
      "type": "Feature",
      "properties": {
        "fid": 388.0,
        "handle": "3403",
        "block": "-1",
        "etype": "25",
        "space": "0",
        "layer": "TEXT",
        "olinetype": "BYLAYER",
        "linetype": null,
        "color": "0,0,255,255",
        "ocolor": "5",
        "color24": "-1",
        "transparen": "0",
        "lweight": "-1",
        "linewidth": 0.0,
        "ltscale": 1.0,
        "visible": "1",
        "thickness": 0.0,
        "ext": "(3:0,0,1)",
        "height": 3.0,
        "text": "1064.19",
        "angle": 329.60602,
        "widthscale": 1.0,
        "oblique": 0.0,
        "style": "new1",
        "textgen": "0",
        "alignh": "0",
        "alignv": "0",
        "interlin": -1.0
      },
      "geometry": {
        "type": "Point",
        "coordinates": [52.42088487797475, 29.823933787142476]
      }
    },
    {
      "type": "Feature",
      "properties": {
        "fid": 390.0,
        "handle": "3405",
        "block": "-1",
        "etype": "25",
        "space": "0",
        "layer": "TEXT",
        "olinetype": "BYLAYER",
        "linetype": null,
        "color": "0,0,255,255",
        "ocolor": "5",
        "color24": "-1",
        "transparen": "0",
        "lweight": "-1",
        "linewidth": 0.0,
        "ltscale": 1.0,
        "visible": "1",
        "thickness": 0.0,
        "ext": "(3:0,0,1)",
        "height": 3.0,
        "text": "1273.53",
        "angle": 329.60602,
        "widthscale": 1.0,
        "oblique": 0.0,
        "style": "new1",
        "textgen": "0",
        "alignh": "0",
        "alignv": "0",
        "interlin": -1.0
      },
      "geometry": {
        "type": "Point",
        "coordinates": [52.420937142869462, 29.823750011263535]
      }
    },
    {
      "type": "Feature",
      "properties": {
        "fid": 392.0,
        "handle": "3407",
        "block": "-1",
        "etype": "25",
        "space": "0",
        "layer": "TEXT",
        "olinetype": "BYLAYER",
        "linetype": null,
        "color": "0,0,255,255",
        "ocolor": "5",
        "color24": "-1",
        "transparen": "0",
        "lweight": "-1",
        "linewidth": 0.0,
        "ltscale": 1.0,
        "visible": "1",
        "thickness": 0.0,
        "ext": "(3:0,0,1)",
        "height": 3.0,
        "text": "1090.76",
        "angle": 329.60602,
        "widthscale": 1.0,
        "oblique": 0.0,
        "style": "new1",
        "textgen": "0",
        "alignh": "0",
        "alignv": "0",
        "interlin": -1.0
      },
      "geometry": {
        "type": "Point",
        "coordinates": [52.422282282904419, 29.822337314384225]
      }
    },
    {
      "type": "Feature",
      "properties": {
        "fid": 394.0,
        "handle": "3409",
        "block": "-1",
        "etype": "25",
        "space": "0",
        "layer": "TEXT",
        "olinetype": "BYLAYER",
        "linetype": null,
        "color": "0,0,255,255",
        "ocolor": "5",
        "color24": "-1",
        "transparen": "0",
        "lweight": "-1",
        "linewidth": 0.0,
        "ltscale": 1.0,
        "visible": "1",
        "thickness": 0.0,
        "ext": "(3:0,0,1)",
        "height": 3.0,
        "text": "1012.00",
        "angle": 329.60602,
        "widthscale": 1.0,
        "oblique": 0.0,
        "style": "new1",
        "textgen": "0",
        "alignh": "0",
        "alignv": "0",
        "interlin": -1.0
      },
      "geometry": {
        "type": "Point",
        "coordinates": [52.422090689569544, 29.822224748356081]
      }
    },
    {
      "type": "Feature",
      "properties": {
        "fid": 396.0,
        "handle": "3411",
        "block": "-1",
        "etype": "25",
        "space": "0",
        "layer": "TEXT",
        "olinetype": "BYLAYER",
        "linetype": null,
        "color": "0,0,255,255",
        "ocolor": "5",
        "color24": "-1",
        "transparen": "0",
        "lweight": "-1",
        "linewidth": 0.0,
        "ltscale": 1.0,
        "visible": "1",
        "thickness": 0.0,
        "ext": "(3:0,0,1)",
        "height": 3.0,
        "text": "1012.00",
        "angle": 329.60602,
        "widthscale": 1.0,
        "oblique": 0.0,
        "style": "new1",
        "textgen": "0",
        "alignh": "0",
        "alignv": "0",
        "interlin": -1.0
      },
      "geometry": {
        "type": "Point",
        "coordinates": [52.421892755040723, 29.822096368820951]
      }
    },
    {
      "type": "Feature",
      "properties": {
        "fid": 398.0,
        "handle": "3413",
        "block": "-1",
        "etype": "25",
        "space": "0",
        "layer": "TEXT",
        "olinetype": "BYLAYER",
        "linetype": null,
        "color": "0,0,255,255",
        "ocolor": "5",
        "color24": "-1",
        "transparen": "0",
        "lweight": "-1",
        "linewidth": 0.0,
        "ltscale": 1.0,
        "visible": "1",
        "thickness": 0.0,
        "ext": "(3:0,0,1)",
        "height": 3.0,
        "text": "1012.00",
        "angle": 329.60602,
        "widthscale": 1.0,
        "oblique": 0.0,
        "style": "new1",
        "textgen": "0",
        "alignh": "0",
        "alignv": "0",
        "interlin": -1.0
      },
      "geometry": {
        "type": "Point",
        "coordinates": [52.421680236575028, 29.821983620855406]
      }
    },
    {
      "type": "Feature",
      "properties": {
        "fid": 400.0,
        "handle": "3415",
        "block": "-1",
        "etype": "25",
        "space": "0",
        "layer": "TEXT",
        "olinetype": "BYLAYER",
        "linetype": null,
        "color": "0,0,255,255",
        "ocolor": "5",
        "color24": "-1",
        "transparen": "0",
        "lweight": "-1",
        "linewidth": 0.0,
        "ltscale": 1.0,
        "visible": "1",
        "thickness": 0.0,
        "ext": "(3:0,0,1)",
        "height": 3.0,
        "text": "11043.07",
        "angle": 329.60602,
        "widthscale": 1.0,
        "oblique": 0.0,
        "style": "new1",
        "textgen": "0",
        "alignh": "0",
        "alignv": "0",
        "interlin": -1.0
      },
      "geometry": {
        "type": "Point",
        "coordinates": [52.426244573307173, 29.81999858701645]
      }
    },
    {
      "type": "Feature",
      "properties": {
        "fid": 821.0,
        "handle": "3904",
        "block": "-1",
        "etype": "25",
        "space": "0",
        "layer": "TEXT",
        "olinetype": "BYLAYER",
        "linetype": null,
        "color": "0,0,255,255",
        "ocolor": "5",
        "color24": "-1",
        "transparen": "0",
        "lweight": "-1",
        "linewidth": 0.0,
        "ltscale": 1.0,
        "visible": "1",
        "thickness": 0.0,
        "ext": "(3:0,0,1)",
        "height": 3.0,
        "text": "1000.00",
        "angle": 329.60602,
        "widthscale": 1.0,
        "oblique": 0.0,
        "style": "new1",
        "textgen": "0",
        "alignh": "0",
        "alignv": "0",
        "interlin": -1.0
      },
      "geometry": {
        "type": "Point",
        "coordinates": [52.424511628715202, 29.820551351135538]
      }
    },
    {
      "type": "Feature",
      "properties": {
        "fid": 822.0,
        "handle": "3905",
        "block": "-1",
        "etype": "25",
        "space": "0",
        "layer": "TEXT",
        "olinetype": "BYLAYER",
        "linetype": null,
        "color": "0,0,255,255",
        "ocolor": "5",
        "color24": "-1",
        "transparen": "0",
        "lweight": "-1",
        "linewidth": 0.0,
        "ltscale": 1.0,
        "visible": "1",
        "thickness": 0.0,
        "ext": "(3:0,0,1)",
        "height": 3.0,
        "text": "1000.00",
        "angle": 329.60602,
        "widthscale": 1.0,
        "oblique": 0.0,
        "style": "new1",
        "textgen": "0",
        "alignh": "0",
        "alignv": "0",
        "interlin": -1.0
      },
      "geometry": {
        "type": "Point",
        "coordinates": [52.424669255955223, 29.820674925651772]
      }
    },
    {
      "type": "Feature",
      "properties": {
        "fid": 823.0,
        "handle": "3906",
        "block": "-1",
        "etype": "25",
        "space": "0",
        "layer": "TEXT",
        "olinetype": "BYLAYER",
        "linetype": null,
        "color": "0,0,255,255",
        "ocolor": "5",
        "color24": "-1",
        "transparen": "0",
        "lweight": "-1",
        "linewidth": 0.0,
        "ltscale": 1.0,
        "visible": "1",
        "thickness": 0.0,
        "ext": "(3:0,0,1)",
        "height": 3.0,
        "text": "1000.00",
        "angle": 329.60602,
        "widthscale": 1.0,
        "oblique": 0.0,
        "style": "new1",
        "textgen": "0",
        "alignh": "0",
        "alignv": "0",
        "interlin": -1.0
      },
      "geometry": {
        "type": "Point",
        "coordinates": [52.424842396112517, 29.820779733093172]
      }
    },
    {
      "type": "Feature",
      "properties": {
        "fid": 824.0,
        "handle": "3907",
        "block": "-1",
        "etype": "25",
        "space": "0",
        "layer": "TEXT",
        "olinetype": "BYLAYER",
        "linetype": null,
        "color": "0,0,255,255",
        "ocolor": "5",
        "color24": "-1",
        "transparen": "0",
        "lweight": "-1",
        "linewidth": 0.0,
        "ltscale": 1.0,
        "visible": "1",
        "thickness": 0.0,
        "ext": "(3:0,0,1)",
        "height": 3.0,
        "text": "1000.00",
        "angle": 329.60602,
        "widthscale": 1.0,
        "oblique": 0.0,
        "style": "new1",
        "textgen": "0",
        "alignh": "0",
        "alignv": "0",
        "interlin": -1.0
      },
      "geometry": {
        "type": "Point",
        "coordinates": [52.4249960216004, 29.82030715742831]
      }
    },
    {
      "type": "Feature",
      "properties": {
        "fid": 825.0,
        "handle": "3908",
        "block": "-1",
        "etype": "25",
        "space": "0",
        "layer": "TEXT",
        "olinetype": "BYLAYER",
        "linetype": null,
        "color": "0,0,255,255",
        "ocolor": "5",
        "color24": "-1",
        "transparen": "0",
        "lweight": "-1",
        "linewidth": 0.0,
        "ltscale": 1.0,
        "visible": "1",
        "thickness": 0.0,
        "ext": "(3:0,0,1)",
        "height": 3.0,
        "text": "1000.00",
        "angle": 329.60602,
        "widthscale": 1.0,
        "oblique": 0.0,
        "style": "new1",
        "textgen": "0",
        "alignh": "0",
        "alignv": "0",
        "interlin": -1.0
      },
      "geometry": {
        "type": "Point",
        "coordinates": [52.424826373009132, 29.820206386010263]
      }
    },
    {
      "type": "Feature",
      "properties": {
        "fid": 826.0,
        "handle": "3909",
        "block": "-1",
        "etype": "25",
        "space": "0",
        "layer": "TEXT",
        "olinetype": "BYLAYER",
        "linetype": null,
        "color": "0,0,255,255",
        "ocolor": "5",
        "color24": "-1",
        "transparen": "0",
        "lweight": "-1",
        "linewidth": 0.0,
        "ltscale": 1.0,
        "visible": "1",
        "thickness": 0.0,
        "ext": "(3:0,0,1)",
        "height": 3.0,
        "text": "1000.00",
        "angle": 329.60602,
        "widthscale": 1.0,
        "oblique": 0.0,
        "style": "new1",
        "textgen": "0",
        "alignh": "0",
        "alignv": "0",
        "interlin": -1.0
      },
      "geometry": {
        "type": "Point",
        "coordinates": [52.424684235151865, 29.820065778697561]
      }
    },
    {
      "type": "Feature",
      "properties": {
        "fid": 827.0,
        "handle": "3910",
        "block": "-1",
        "etype": "25",
        "space": "0",
        "layer": "TEXT",
        "olinetype": "BYLAYER",
        "linetype": null,
        "color": "0,0,255,255",
        "ocolor": "5",
        "color24": "-1",
        "transparen": "0",
        "lweight": "-1",
        "linewidth": 0.0,
        "ltscale": 1.0,
        "visible": "1",
        "thickness": 0.0,
        "ext": "(3:0,0,1)",
        "height": 3.0,
        "text": "1000.00",
        "angle": 329.60602,
        "widthscale": 1.0,
        "oblique": 0.0,
        "style": "new1",
        "textgen": "0",
        "alignh": "0",
        "alignv": "0",
        "interlin": -1.0
      },
      "geometry": {
        "type": "Point",
        "coordinates": [52.425104616264882, 29.819651963861624]
      }
    },
    {
      "type": "Feature",
      "properties": {
        "fid": 828.0,
        "handle": "3911",
        "block": "-1",
        "etype": "25",
        "space": "0",
        "layer": "TEXT",
        "olinetype": "BYLAYER",
        "linetype": null,
        "color": "0,0,255,255",
        "ocolor": "5",
        "color24": "-1",
        "transparen": "0",
        "lweight": "-1",
        "linewidth": 0.0,
        "ltscale": 1.0,
        "visible": "1",
        "thickness": 0.0,
        "ext": "(3:0,0,1)",
        "height": 3.0,
        "text": "1000.00",
        "angle": 329.60602,
        "widthscale": 1.0,
        "oblique": 0.0,
        "style": "new1",
        "textgen": "0",
        "alignh": "0",
        "alignv": "0",
        "interlin": -1.0
      },
      "geometry": {
        "type": "Point",
        "coordinates": [52.425412407573127, 29.81931937752265]
      }
    },
    {
      "type": "Feature",
      "properties": {
        "fid": 832.0,
        "handle": "3916",
        "block": "-1",
        "etype": "25",
        "space": "0",
        "layer": "TEXT",
        "olinetype": "BYLAYER",
        "linetype": null,
        "color": "0,0,255,255",
        "ocolor": "5",
        "color24": "-1",
        "transparen": "0",
        "lweight": "-1",
        "linewidth": 0.0,
        "ltscale": 1.0,
        "visible": "1",
        "thickness": 0.0,
        "ext": "(3:0,0,1)",
        "height": 3.0,
        "text": "1003.30",
        "angle": 329.60602,
        "widthscale": 1.0,
        "oblique": 0.0,
        "style": "new1",
        "textgen": "0",
        "alignh": "0",
        "alignv": "0",
        "interlin": -1.0
      },
      "geometry": {
        "type": "Point",
        "coordinates": [52.424930916623957, 29.819556934304263]
      }
    },
    {
      "type": "Feature",
      "properties": {
        "fid": 1059.0,
        "handle": "4363",
        "block": "-1",
        "etype": "25",
        "space": "0",
        "layer": "TEXT",
        "olinetype": "BYLAYER",
        "linetype": null,
        "color": "0,0,255,255",
        "ocolor": "5",
        "color24": "-1",
        "transparen": "0",
        "lweight": "-1",
        "linewidth": 0.0,
        "ltscale": 1.0,
        "visible": "1",
        "thickness": 0.0,
        "ext": "(3:0,0,1)",
        "height": 3.0,
        "text": "1105.01",
        "angle": 329.60602,
        "widthscale": 1.0,
        "oblique": 0.0,
        "style": "new1",
        "textgen": "0",
        "alignh": "0",
        "alignv": "0",
        "interlin": -1.0
      },
      "geometry": {
        "type": "Point",
        "coordinates": [52.428214375271239, 29.819998696511547]
      }
    },
    {
      "type": "Feature",
      "properties": {
        "fid": 1061.0,
        "handle": "4365",
        "block": "-1",
        "etype": "25",
        "space": "0",
        "layer": "TEXT",
        "olinetype": "BYLAYER",
        "linetype": null,
        "color": "0,0,255,255",
        "ocolor": "5",
        "color24": "-1",
        "transparen": "0",
        "lweight": "-1",
        "linewidth": 0.0,
        "ltscale": 1.0,
        "visible": "1",
        "thickness": 0.0,
        "ext": "(3:0,0,1)",
        "height": 3.0,
        "text": "1073.67",
        "angle": 329.60602,
        "widthscale": 1.0,
        "oblique": 0.0,
        "style": "new1",
        "textgen": "0",
        "alignh": "0",
        "alignv": "0",
        "interlin": -1.0
      },
      "geometry": {
        "type": "Point",
        "coordinates": [52.428095042618558, 29.819740906975991]
      }
    },
    {
      "type": "Feature",
      "properties": {
        "fid": 1063.0,
        "handle": "4367",
        "block": "-1",
        "etype": "25",
        "space": "0",
        "layer": "TEXT",
        "olinetype": "BYLAYER",
        "linetype": null,
        "color": "0,0,255,255",
        "ocolor": "5",
        "color24": "-1",
        "transparen": "0",
        "lweight": "-1",
        "linewidth": 0.0,
        "ltscale": 1.0,
        "visible": "1",
        "thickness": 0.0,
        "ext": "(3:0,0,1)",
        "height": 3.0,
        "text": "1000.00",
        "angle": 329.60602,
        "widthscale": 1.0,
        "oblique": 0.0,
        "style": "new1",
        "textgen": "0",
        "alignh": "0",
        "alignv": "0",
        "interlin": -1.0
      },
      "geometry": {
        "type": "Point",
        "coordinates": [52.427945878589149, 29.819884983766595]
      }
    },
    {
      "type": "Feature",
      "properties": {
        "fid": 1065.0,
        "handle": "4369",
        "block": "-1",
        "etype": "25",
        "space": "0",
        "layer": "TEXT",
        "olinetype": "BYLAYER",
        "linetype": null,
        "color": "0,0,255,255",
        "ocolor": "5",
        "color24": "-1",
        "transparen": "0",
        "lweight": "-1",
        "linewidth": 0.0,
        "ltscale": 1.0,
        "visible": "1",
        "thickness": 0.0,
        "ext": "(3:0,0,1)",
        "height": 3.0,
        "text": "1022.62",
        "angle": 329.60602,
        "widthscale": 1.0,
        "oblique": 0.0,
        "style": "new1",
        "textgen": "0",
        "alignh": "0",
        "alignv": "0",
        "interlin": -1.0
      },
      "geometry": {
        "type": "Point",
        "coordinates": [52.427821281568157, 29.82004410789007]
      }
    },
    {
      "type": "Feature",
      "properties": {
        "fid": 1067.0,
        "handle": "4371",
        "block": "-1",
        "etype": "25",
        "space": "0",
        "layer": "TEXT",
        "olinetype": "BYLAYER",
        "linetype": null,
        "color": "0,0,255,255",
        "ocolor": "5",
        "color24": "-1",
        "transparen": "0",
        "lweight": "-1",
        "linewidth": 0.0,
        "ltscale": 1.0,
        "visible": "1",
        "thickness": 0.0,
        "ext": "(3:0,0,1)",
        "height": 3.0,
        "text": "1053.67",
        "angle": 329.60602,
        "widthscale": 1.0,
        "oblique": 0.0,
        "style": "new1",
        "textgen": "0",
        "alignh": "0",
        "alignv": "0",
        "interlin": -1.0
      },
      "geometry": {
        "type": "Point",
        "coordinates": [52.428140306589988, 29.820314659376404]
      }
    },
    {
      "type": "Feature",
      "properties": {
        "fid": 1069.0,
        "handle": "4373",
        "block": "-1",
        "etype": "25",
        "space": "0",
        "layer": "TEXT",
        "olinetype": "BYLAYER",
        "linetype": null,
        "color": "0,0,255,255",
        "ocolor": "5",
        "color24": "-1",
        "transparen": "0",
        "lweight": "-1",
        "linewidth": 0.0,
        "ltscale": 1.0,
        "visible": "1",
        "thickness": 0.0,
        "ext": "(3:0,0,1)",
        "height": 3.0,
        "text": "1019.20",
        "angle": 329.60602,
        "widthscale": 1.0,
        "oblique": 0.0,
        "style": "new1",
        "textgen": "0",
        "alignh": "0",
        "alignv": "0",
        "interlin": -1.0
      },
      "geometry": {
        "type": "Point",
        "coordinates": [52.427947891711689, 29.820464723343633]
      }
    },
    {
      "type": "Feature",
      "properties": {
        "fid": 1071.0,
        "handle": "4375",
        "block": "-1",
        "etype": "25",
        "space": "0",
        "layer": "TEXT",
        "olinetype": "BYLAYER",
        "linetype": null,
        "color": "0,0,255,255",
        "ocolor": "5",
        "color24": "-1",
        "transparen": "0",
        "lweight": "-1",
        "linewidth": 0.0,
        "ltscale": 1.0,
        "visible": "1",
        "thickness": 0.0,
        "ext": "(3:0,0,1)",
        "height": 3.0,
        "text": "1018.11",
        "angle": 329.60602,
        "widthscale": 1.0,
        "oblique": 0.0,
        "style": "new1",
        "textgen": "0",
        "alignh": "0",
        "alignv": "0",
        "interlin": -1.0
      },
      "geometry": {
        "type": "Point",
        "coordinates": [52.427705043644842, 29.820185861697613]
      }
    },
    {
      "type": "Feature",
      "properties": {
        "fid": 1073.0,
        "handle": "4377",
        "block": "-1",
        "etype": "25",
        "space": "0",
        "layer": "TEXT",
        "olinetype": "BYLAYER",
        "linetype": null,
        "color": "0,0,255,255",
        "ocolor": "5",
        "color24": "-1",
        "transparen": "0",
        "lweight": "-1",
        "linewidth": 0.0,
        "ltscale": 1.0,
        "visible": "1",
        "thickness": 0.0,
        "ext": "(3:0,0,1)",
        "height": 3.0,
        "text": "1018.98",
        "angle": 329.60602,
        "widthscale": 1.0,
        "oblique": 0.0,
        "style": "new1",
        "textgen": "0",
        "alignh": "0",
        "alignv": "0",
        "interlin": -1.0
      },
      "geometry": {
        "type": "Point",
        "coordinates": [52.427519352014592, 29.820327669652865]
      }
    },
    {
      "type": "Feature",
      "properties": {
        "fid": 1075.0,
        "handle": "4379",
        "block": "-1",
        "etype": "25",
        "space": "0",
        "layer": "TEXT",
        "olinetype": "BYLAYER",
        "linetype": null,
        "color": "0,0,255,255",
        "ocolor": "5",
        "color24": "-1",
        "transparen": "0",
        "lweight": "-1",
        "linewidth": 0.0,
        "ltscale": 1.0,
        "visible": "1",
        "thickness": 0.0,
        "ext": "(3:0,0,1)",
        "height": 3.0,
        "text": "1012.00",
        "angle": 329.60602,
        "widthscale": 1.0,
        "oblique": 0.0,
        "style": "new1",
        "textgen": "0",
        "alignh": "0",
        "alignv": "0",
        "interlin": -1.0
      },
      "geometry": {
        "type": "Point",
        "coordinates": [52.427339944306802, 29.820475470414959]
      }
    },
    {
      "type": "Feature",
      "properties": {
        "fid": 1077.0,
        "handle": "4381",
        "block": "-1",
        "etype": "25",
        "space": "0",
        "layer": "TEXT",
        "olinetype": "BYLAYER",
        "linetype": null,
        "color": "0,0,255,255",
        "ocolor": "5",
        "color24": "-1",
        "transparen": "0",
        "lweight": "-1",
        "linewidth": 0.0,
        "ltscale": 1.0,
        "visible": "1",
        "thickness": 0.0,
        "ext": "(3:0,0,1)",
        "height": 3.0,
        "text": "1032.72",
        "angle": 329.60602,
        "widthscale": 1.0,
        "oblique": 0.0,
        "style": "new1",
        "textgen": "0",
        "alignh": "0",
        "alignv": "0",
        "interlin": -1.0
      },
      "geometry": {
        "type": "Point",
        "coordinates": [52.427638812236147, 29.820579923657426]
      }
    }
  ]
}
