var json__4 = {"type":"FeatureCollection","name":"_4","crs":{"type":"name","properties":{"name":"urn:ogc:def:crs:OGC:1.3:CRS84"}},"features":[{"type":"Feature","properties":{"fid":3.0,"handle":"3018","block":"-1","etype":"25","space":"0","layer":"numbr","olinetype":"BYLAYER","linetype":null,"color":"255,0,0,255","ocolor":"10","color24":"-1","transparen":"0","lweight":"-1","linewidth":0.0,"ltscale":1.0,"visible":"1","thickness":0.0,"ext":"(3:0,0,1)","height":3.0,"text":"1","angle":329.37141,"widthscale":1.0,"oblique":0.0,"style":"new1","textgen":"0","alignh":"0","alignv":"0","interlin":-1.0},"geometry":{"type":"Point","coordinates":[52.425509083104998,29.817351890883327]}},{"type":"Feature","properties":{"fid":5.0,"handle":"3020","block":"-1","etype":"25","space":"0","layer":"numbr","olinetype":"BYLAYER","linetype":null,"color":"255,0,0,255","ocolor":"10","color24":"-1","transparen":"0","lweight":"-1","linewidth":0.0,"ltscale":1.0,"visible":"1","thickness":0.0,"ext":"(3:0,0,1)","height":3.0,"text":"2","angle":329.37141,"widthscale":1.0,"oblique":0.0,"style":"new1","textgen":"0","alignh":"0","alignv":"0","interlin":-1.0},"geometry":{"type":"Point","coordinates":[52.425674464331699,29.817460826902945]}},{"type":"Feature","properties":{"fid":7.0,"handle":"3022","block":"-1","etype":"25","space":"0","layer":"numbr","olinetype":"BYLAYER","linetype":null,"color":"255,0,0,255","ocolor":"10","color24":"-1","transparen":"0","lweight":"-1","linewidth":0.0,"ltscale":1.0,"visible":"1","thickness":0.0,"ext":"(3:0,0,1)","height":3.0,"text":"3","angle":329.37141,"widthscale":1.0,"oblique":0.0,"style":"new1","textgen":"0","alignh":"0","alignv":"0","interlin":-1.0},"geometry":{"type":"Point","coordinates":[52.425837109821039,29.817562723831632]}},{"type":"Feature","properties":{"fid":9.0,"handle":"3024","block":"-1","etype":"25","space":"0","layer":"numbr","olinetype":"BYLAYER","linetype":null,"color":"255,0,0,255","ocolor":"10","color24":"-1","transparen":"0","lweight":"-1","linewidth":0.0,"ltscale":1.0,"visible":"1","thickness":0.0,"ext":"(3:0,0,1)","height":3.0,"text":"4","angle":329.37141,"widthscale":1.0,"oblique":0.0,"style":"new1","textgen":"0","alignh":"0","alignv":"0","interlin":-1.0},"geometry":{"type":"Point","coordinates":[52.425996303091438,29.817676639457069]}},{"type":"Feature","properties":{"fid":11.0,"handle":"3026","block":"-1","etype":"25","space":"0","layer":"numbr","olinetype":"BYLAYER","linetype":null,"color":"255,0,0,255","ocolor":"10","color24":"-1","transparen":"0","lweight":"-1","linewidth":0.0,"ltscale":1.0,"visible":"1","thickness":0.0,"ext":"(3:0,0,1)","height":3.0,"text":"5","angle":329.37141,"widthscale":1.0,"oblique":0.0,"style":"new1","textgen":"0","alignh":"0","alignv":"0","interlin":-1.0},"geometry":{"type":"Point","coordinates":[52.426165677225661,29.817787167712201]}},{"type":"Feature","properties":{"fid":13.0,"handle":"3028","block":"-1","etype":"25","space":"0","layer":"numbr","olinetype":"BYLAYER","linetype":null,"color":"255,0,0,255","ocolor":"10","color24":"-1","transparen":"0","lweight":"-1","linewidth":0.0,"ltscale":1.0,"visible":"1","thickness":0.0,"ext":"(3:0,0,1)","height":3.0,"text":"6","angle":329.37141,"widthscale":1.0,"oblique":0.0,"style":"new1","textgen":"0","alignh":"0","alignv":"0","interlin":-1.0},"geometry":{"type":"Point","coordinates":[52.426319215104321,29.817924520196421]}},{"type":"Feature","properties":{"fid":15.0,"handle":"3030","block":"-1","etype":"25","space":"0","layer":"numbr","olinetype":"BYLAYER","linetype":null,"color":"255,0,0,255","ocolor":"10","color24":"-1","transparen":"0","lweight":"-1","linewidth":0.0,"ltscale":1.0,"visible":"1","thickness":0.0,"ext":"(3:0,0,1)","height":3.0,"text":"7","angle":329.60602,"widthscale":1.0,"oblique":0.0,"style":"new1","textgen":"0","alignh":"0","alignv":"0","interlin":-1.0},"geometry":{"type":"Point","coordinates":[52.426486028626698,29.81802612479294]}},{"type":"Feature","properties":{"fid":17.0,"handle":"3032","block":"-1","etype":"25","space":"0","layer":"numbr","olinetype":"BYLAYER","linetype":null,"color":"255,0,0,255","ocolor":"10","color24":"-1","transparen":"0","lweight":"-1","linewidth":0.0,"ltscale":1.0,"visible":"1","thickness":0.0,"ext":"(3:0,0,1)","height":3.0,"text":"8","angle":329.60602,"widthscale":1.0,"oblique":0.0,"style":"new1","textgen":"0","alignh":"0","alignv":"0","interlin":-1.0},"geometry":{"type":"Point","coordinates":[52.426642651900387,29.81814410896628]}},{"type":"Feature","properties":{"fid":19.0,"handle":"3034","block":"-1","etype":"25","space":"0","layer":"numbr","olinetype":"BYLAYER","linetype":null,"color":"255,0,0,255","ocolor":"10","color24":"-1","transparen":"0","lweight":"-1","linewidth":0.0,"ltscale":1.0,"visible":"1","thickness":0.0,"ext":"(3:0,0,1)","height":3.0,"text":"9","angle":329.60602,"widthscale":1.0,"oblique":0.0,"style":"new1","textgen":"0","alignh":"0","alignv":"0","interlin":-1.0},"geometry":{"type":"Point","coordinates":[52.426792041054362,29.818263914229799]}},{"type":"Feature","properties":{"fid":21.0,"handle":"3036","block":"-1","etype":"25","space":"0","layer":"numbr","olinetype":"BYLAYER","linetype":null,"color":"255,0,0,255","ocolor":"10","color24":"-1","transparen":"0","lweight":"-1","linewidth":0.0,"ltscale":1.0,"visible":"1","thickness":0.0,"ext":"(3:0,0,1)","height":3.0,"text":"10","angle":329.60602,"widthscale":1.0,"oblique":0.0,"style":"new1","textgen":"0","alignh":"0","alignv":"0","interlin":-1.0},"geometry":{"type":"Point","coordinates":[52.426964659655582,29.818371027287384]}},{"type":"Feature","properties":{"fid":23.0,"handle":"3038","block":"-1","etype":"25","space":"0","layer":"numbr","olinetype":"BYLAYER","linetype":null,"color":"255,0,0,255","ocolor":"10","color24":"-1","transparen":"0","lweight":"-1","linewidth":0.0,"ltscale":1.0,"visible":"1","thickness":0.0,"ext":"(3:0,0,1)","height":3.0,"text":"11","angle":329.60602,"widthscale":1.0,"oblique":0.0,"style":"new1","textgen":"0","alignh":"0","alignv":"0","interlin":-1.0},"geometry":{"type":"Point","coordinates":[52.427114725071313,29.818498897666476]}},{"type":"Feature","properties":{"fid":25.0,"handle":"3040","block":"-1","etype":"25","space":"0","layer":"numbr","olinetype":"BYLAYER","linetype":null,"color":"255,0,0,255","ocolor":"10","color24":"-1","transparen":"0","lweight":"-1","linewidth":0.0,"ltscale":1.0,"visible":"1","thickness":0.0,"ext":"(3:0,0,1)","height":3.0,"text":"12","angle":329.60602,"widthscale":1.0,"oblique":0.0,"style":"new1","textgen":"0","alignh":"0","alignv":"0","interlin":-1.0},"geometry":{"type":"Point","coordinates":[52.427279280202875,29.818608832898185]}},{"type":"Feature","properties":{"fid":27.0,"handle":"3042","block":"-1","etype":"25","space":"0","layer":"numbr","olinetype":"BYLAYER","linetype":null,"color":"255,0,0,255","ocolor":"10","color24":"-1","transparen":"0","lweight":"-1","linewidth":0.0,"ltscale":1.0,"visible":"1","thickness":0.0,"ext":"(3:0,0,1)","height":3.0,"text":"13","angle":329.60602,"widthscale":1.0,"oblique":0.0,"style":"new1","textgen":"0","alignh":"0","alignv":"0","interlin":-1.0},"geometry":{"type":"Point","coordinates":[52.427437645530198,29.818727165470182]}},{"type":"Feature","properties":{"fid":29.0,"handle":"3044","block":"-1","etype":"25","space":"0","layer":"numbr","olinetype":"BYLAYER","linetype":null,"color":"255,0,0,255","ocolor":"10","color24":"-1","transparen":"0","lweight":"-1","linewidth":0.0,"ltscale":1.0,"visible":"1","thickness":0.0,"ext":"(3:0,0,1)","height":3.0,"text":"14","angle":329.60602,"widthscale":1.0,"oblique":0.0,"style":"new1","textgen":"0","alignh":"0","alignv":"0","interlin":-1.0},"geometry":{"type":"Point","coordinates":[52.427590776632222,29.818842732092435]}},{"type":"Feature","properties":{"fid":31.0,"handle":"3046","block":"-1","etype":"25","space":"0","layer":"numbr","olinetype":"BYLAYER","linetype":null,"color":"255,0,0,255","ocolor":"10","color24":"-1","transparen":"0","lweight":"-1","linewidth":0.0,"ltscale":1.0,"visible":"1","thickness":0.0,"ext":"(3:0,0,1)","height":3.0,"text":"15","angle":329.60602,"widthscale":1.0,"oblique":0.0,"style":"new1","textgen":"0","alignh":"0","alignv":"0","interlin":-1.0},"geometry":{"type":"Point","coordinates":[52.42774535557993,29.818966531460738]}},{"type":"Feature","properties":{"fid":33.0,"handle":"3048","block":"-1","etype":"25","space":"0","layer":"numbr","olinetype":"BYLAYER","linetype":null,"color":"255,0,0,255","ocolor":"10","color24":"-1","transparen":"0","lweight":"-1","linewidth":0.0,"ltscale":1.0,"visible":"1","thickness":0.0,"ext":"(3:0,0,1)","height":3.0,"text":"16","angle":329.60602,"widthscale":1.0,"oblique":0.0,"style":"new1","textgen":"0","alignh":"0","alignv":"0","interlin":-1.0},"geometry":{"type":"Point","coordinates":[52.427933752836225,29.81908178295156]}},{"type":"Feature","properties":{"fid":35.0,"handle":"3050","block":"-1","etype":"25","space":"0","layer":"numbr","olinetype":"BYLAYER","linetype":null,"color":"255,0,0,255","ocolor":"10","color24":"-1","transparen":"0","lweight":"-1","linewidth":0.0,"ltscale":1.0,"visible":"1","thickness":0.0,"ext":"(3:0,0,1)","height":3.0,"text":"17","angle":329.60602,"widthscale":1.0,"oblique":0.0,"style":"new1","textgen":"0","alignh":"0","alignv":"0","interlin":-1.0},"geometry":{"type":"Point","coordinates":[52.428084122367871,29.819209232063542]}},{"type":"Feature","properties":{"fid":37.0,"handle":"3052","block":"-1","etype":"25","space":"0","layer":"numbr","olinetype":"BYLAYER","linetype":null,"color":"255,0,0,255","ocolor":"10","color24":"-1","transparen":"0","lweight":"-1","linewidth":0.0,"ltscale":1.0,"visible":"1","thickness":0.0,"ext":"(3:0,0,1)","height":3.0,"text":"18","angle":329.60602,"widthscale":1.0,"oblique":0.0,"style":"new1","textgen":"0","alignh":"0","alignv":"0","interlin":-1.0},"geometry":{"type":"Point","coordinates":[52.428216749377832,29.819318002283623]}},{"type":"Feature","properties":{"fid":39.0,"handle":"3054","block":"-1","etype":"25","space":"0","layer":"numbr","olinetype":"BYLAYER","linetype":null,"color":"255,0,0,255","ocolor":"10","color24":"-1","transparen":"0","lweight":"-1","linewidth":0.0,"ltscale":1.0,"visible":"1","thickness":0.0,"ext":"(3:0,0,1)","height":3.0,"text":"19","angle":329.60602,"widthscale":1.0,"oblique":0.0,"style":"new1","textgen":"0","alignh":"0","alignv":"0","interlin":-1.0},"geometry":{"type":"Point","coordinates":[52.428372298961278,29.819452018811351]}},{"type":"Feature","properties":{"fid":41.0,"handle":"3056","block":"-1","etype":"25","space":"0","layer":"numbr","olinetype":"BYLAYER","linetype":null,"color":"255,0,0,255","ocolor":"10","color24":"-1","transparen":"0","lweight":"-1","linewidth":0.0,"ltscale":1.0,"visible":"1","thickness":0.0,"ext":"(3:0,0,1)","height":3.0,"text":"20","angle":329.60602,"widthscale":1.0,"oblique":0.0,"style":"new1","textgen":"0","alignh":"0","alignv":"0","interlin":-1.0},"geometry":{"type":"Point","coordinates":[52.428519829628861,29.819561814977771]}},{"type":"Feature","properties":{"fid":43.0,"handle":"3058","block":"-1","etype":"25","space":"0","layer":"numbr","olinetype":"BYLAYER","linetype":null,"color":"255,0,0,255","ocolor":"10","color24":"-1","transparen":"0","lweight":"-1","linewidth":0.0,"ltscale":1.0,"visible":"1","thickness":0.0,"ext":"(3:0,0,1)","height":3.0,"text":"21","angle":329.60602,"widthscale":1.0,"oblique":0.0,"style":"new1","textgen":"0","alignh":"0","alignv":"0","interlin":-1.0},"geometry":{"type":"Point","coordinates":[52.428691695021563,29.819670865081449]}},{"type":"Feature","properties":{"fid":45.0,"handle":"3060","block":"-1","etype":"25","space":"0","layer":"numbr","olinetype":"BYLAYER","linetype":null,"color":"255,0,0,255","ocolor":"10","color24":"-1","transparen":"0","lweight":"-1","linewidth":0.0,"ltscale":1.0,"visible":"1","thickness":0.0,"ext":"(3:0,0,1)","height":3.0,"text":"36","angle":329.60602,"widthscale":1.0,"oblique":0.0,"style":"new1","textgen":"0","alignh":"0","alignv":"0","interlin":-1.0},"geometry":{"type":"Point","coordinates":[52.427715058677201,29.819431467272302]}},{"type":"Feature","properties":{"fid":47.0,"handle":"3062","block":"-1","etype":"25","space":"0","layer":"numbr","olinetype":"BYLAYER","linetype":null,"color":"255,0,0,255","ocolor":"10","color24":"-1","transparen":"0","lweight":"-1","linewidth":0.0,"ltscale":1.0,"visible":"1","thickness":0.0,"ext":"(3:0,0,1)","height":3.0,"text":"35","angle":329.60602,"widthscale":1.0,"oblique":0.0,"style":"new1","textgen":"0","alignh":"0","alignv":"0","interlin":-1.0},"geometry":{"type":"Point","coordinates":[52.427567645695561,29.819589287946506]}},{"type":"Feature","properties":{"fid":49.0,"handle":"3064","block":"-1","etype":"25","space":"0","layer":"numbr","olinetype":"BYLAYER","linetype":null,"color":"255,0,0,255","ocolor":"10","color24":"-1","transparen":"0","lweight":"-1","linewidth":0.0,"ltscale":1.0,"visible":"1","thickness":0.0,"ext":"(3:0,0,1)","height":3.0,"text":"34","angle":329.60602,"widthscale":1.0,"oblique":0.0,"style":"new1","textgen":"0","alignh":"0","alignv":"0","interlin":-1.0},"geometry":{"type":"Point","coordinates":[52.427399568080247,29.81978285769905]}},{"type":"Feature","properties":{"fid":51.0,"handle":"3066","block":"-1","etype":"25","space":"0","layer":"numbr","olinetype":"BYLAYER","linetype":null,"color":"255,0,0,255","ocolor":"10","color24":"-1","transparen":"0","lweight":"-1","linewidth":0.0,"ltscale":1.0,"visible":"1","thickness":0.0,"ext":"(3:0,0,1)","height":3.0,"text":"37","angle":329.60602,"widthscale":1.0,"oblique":0.0,"style":"new1","textgen":"0","alignh":"0","alignv":"0","interlin":-1.0},"geometry":{"type":"Point","coordinates":[52.427319656197952,29.819306309835504]}},{"type":"Feature","properties":{"fid":53.0,"handle":"3068","block":"-1","etype":"25","space":"0","layer":"numbr","olinetype":"BYLAYER","linetype":null,"color":"255,0,0,255","ocolor":"10","color24":"-1","transparen":"0","lweight":"-1","linewidth":0.0,"ltscale":1.0,"visible":"1","thickness":0.0,"ext":"(3:0,0,1)","height":3.0,"text":"38","angle":329.60602,"widthscale":1.0,"oblique":0.0,"style":"new1","textgen":"0","alignh":"0","alignv":"0","interlin":-1.0},"geometry":{"type":"Point","coordinates":[52.427078531748244,29.819250607902294]}},{"type":"Feature","properties":{"fid":55.0,"handle":"3070","block":"-1","etype":"25","space":"0","layer":"numbr","olinetype":"BYLAYER","linetype":null,"color":"255,0,0,255","ocolor":"10","color24":"-1","transparen":"0","lweight":"-1","linewidth":0.0,"ltscale":1.0,"visible":"1","thickness":0.0,"ext":"(3:0,0,1)","height":3.0,"text":"39","angle":329.60602,"widthscale":1.0,"oblique":0.0,"style":"new1","textgen":"0","alignh":"0","alignv":"0","interlin":-1.0},"geometry":{"type":"Point","coordinates":[52.426919002002577,29.819139884032911]}},{"type":"Feature","properties":{"fid":57.0,"handle":"3072","block":"-1","etype":"25","space":"0","layer":"numbr","olinetype":"BYLAYER","linetype":null,"color":"255,0,0,255","ocolor":"10","color24":"-1","transparen":"0","lweight":"-1","linewidth":0.0,"ltscale":1.0,"visible":"1","thickness":0.0,"ext":"(3:0,0,1)","height":3.0,"text":"40","angle":329.60602,"widthscale":1.0,"oblique":0.0,"style":"new1","textgen":"0","alignh":"0","alignv":"0","interlin":-1.0},"geometry":{"type":"Point","coordinates":[52.426735687263367,29.819038500983559]}},{"type":"Feature","properties":{"fid":59.0,"handle":"3074","block":"-1","etype":"25","space":"0","layer":"numbr","olinetype":"BYLAYER","linetype":null,"color":"255,0,0,255","ocolor":"10","color24":"-1","transparen":"0","lweight":"-1","linewidth":0.0,"ltscale":1.0,"visible":"1","thickness":0.0,"ext":"(3:0,0,1)","height":3.0,"text":"41","angle":329.60602,"widthscale":1.0,"oblique":0.0,"style":"new1","textgen":"0","alignh":"0","alignv":"0","interlin":-1.0},"geometry":{"type":"Point","coordinates":[52.426580442898278,29.818922448433156]}},{"type":"Feature","properties":{"fid":61.0,"handle":"3076","block":"-1","etype":"25","space":"0","layer":"numbr","olinetype":"BYLAYER","linetype":null,"color":"255,0,0,255","ocolor":"10","color24":"-1","transparen":"0","lweight":"-1","linewidth":0.0,"ltscale":1.0,"visible":"1","thickness":0.0,"ext":"(3:0,0,1)","height":3.0,"text":"42","angle":329.60602,"widthscale":1.0,"oblique":0.0,"style":"new1","textgen":"0","alignh":"0","alignv":"0","interlin":-1.0},"geometry":{"type":"Point","coordinates":[52.426439660370491,29.818810357719148]}},{"type":"Feature","properties":{"fid":63.0,"handle":"3078","block":"-1","etype":"25","space":"0","layer":"numbr","olinetype":"BYLAYER","linetype":null,"color":"255,0,0,255","ocolor":"10","color24":"-1","transparen":"0","lweight":"-1","linewidth":0.0,"ltscale":1.0,"visible":"1","thickness":0.0,"ext":"(3:0,0,1)","height":3.0,"text":"43","angle":329.60602,"widthscale":1.0,"oblique":0.0,"style":"new1","textgen":"0","alignh":"0","alignv":"0","interlin":-1.0},"geometry":{"type":"Point","coordinates":[52.426273513669315,29.818691240203979]}},{"type":"Feature","properties":{"fid":65.0,"handle":"3080","block":"-1","etype":"25","space":"0","layer":"numbr","olinetype":"BYLAYER","linetype":null,"color":"255,0,0,255","ocolor":"10","color24":"-1","transparen":"0","lweight":"-1","linewidth":0.0,"ltscale":1.0,"visible":"1","thickness":0.0,"ext":"(3:0,0,1)","height":3.0,"text":"44","angle":329.60602,"widthscale":1.0,"oblique":0.0,"style":"new1","textgen":"0","alignh":"0","alignv":"0","interlin":-1.0},"geometry":{"type":"Point","coordinates":[52.426097288956527,29.818588071633997]}},{"type":"Feature","properties":{"fid":67.0,"handle":"3082","block":"-1","etype":"25","space":"0","layer":"numbr","olinetype":"BYLAYER","linetype":null,"color":"255,0,0,255","ocolor":"10","color24":"-1","transparen":"0","lweight":"-1","linewidth":0.0,"ltscale":1.0,"visible":"1","thickness":0.0,"ext":"(3:0,0,1)","height":3.0,"text":"45","angle":329.60602,"widthscale":1.0,"oblique":0.0,"style":"new1","textgen":"0","alignh":"0","alignv":"0","interlin":-1.0},"geometry":{"type":"Point","coordinates":[52.425953225345488,29.818469315437131]}},{"type":"Feature","properties":{"fid":69.0,"handle":"3084","block":"-1","etype":"25","space":"0","layer":"numbr","olinetype":"BYLAYER","linetype":null,"color":"255,0,0,255","ocolor":"10","color24":"-1","transparen":"0","lweight":"-1","linewidth":0.0,"ltscale":1.0,"visible":"1","thickness":0.0,"ext":"(3:0,0,1)","height":3.0,"text":"46","angle":329.60602,"widthscale":1.0,"oblique":0.0,"style":"new1","textgen":"0","alignh":"0","alignv":"0","interlin":-1.0},"geometry":{"type":"Point","coordinates":[52.425703871766686,29.81827503092666]}},{"type":"Feature","properties":{"fid":71.0,"handle":"3086","block":"-1","etype":"25","space":"0","layer":"numbr","olinetype":"BYLAYER","linetype":null,"color":"255,0,0,255","ocolor":"10","color24":"-1","transparen":"0","lweight":"-1","linewidth":0.0,"ltscale":1.0,"visible":"1","thickness":0.0,"ext":"(3:0,0,1)","height":3.0,"text":"47","angle":329.60602,"widthscale":1.0,"oblique":0.0,"style":"new1","textgen":"0","alignh":"0","alignv":"0","interlin":-1.0},"geometry":{"type":"Point","coordinates":[52.425527017798657,29.818190491765428]}},{"type":"Feature","properties":{"fid":73.0,"handle":"3088","block":"-1","etype":"25","space":"0","layer":"numbr","olinetype":"BYLAYER","linetype":null,"color":"255,0,0,255","ocolor":"10","color24":"-1","transparen":"0","lweight":"-1","linewidth":0.0,"ltscale":1.0,"visible":"1","thickness":0.0,"ext":"(3:0,0,1)","height":3.0,"text":"48","angle":329.60602,"widthscale":1.0,"oblique":0.0,"style":"new1","textgen":"0","alignh":"0","alignv":"0","interlin":-1.0},"geometry":{"type":"Point","coordinates":[52.425374026510752,29.818064301721805]}},{"type":"Feature","properties":{"fid":75.0,"handle":"3090","block":"-1","etype":"25","space":"0","layer":"numbr","olinetype":"BYLAYER","linetype":null,"color":"255,0,0,255","ocolor":"10","color24":"-1","transparen":"0","lweight":"-1","linewidth":0.0,"ltscale":1.0,"visible":"1","thickness":0.0,"ext":"(3:0,0,1)","height":3.0,"text":"49","angle":329.60602,"widthscale":1.0,"oblique":0.0,"style":"new1","textgen":"0","alignh":"0","alignv":"0","interlin":-1.0},"geometry":{"type":"Point","coordinates":[52.425221144161391,29.817975263371224]}},{"type":"Feature","properties":{"fid":77.0,"handle":"3092","block":"-1","etype":"25","space":"0","layer":"numbr","olinetype":"BYLAYER","linetype":null,"color":"255,0,0,255","ocolor":"10","color24":"-1","transparen":"0","lweight":"-1","linewidth":0.0,"ltscale":1.0,"visible":"1","thickness":0.0,"ext":"(3:0,0,1)","height":3.0,"text":"50","angle":329.60602,"widthscale":1.0,"oblique":0.0,"style":"new1","textgen":"0","alignh":"0","alignv":"0","interlin":-1.0},"geometry":{"type":"Point","coordinates":[52.42509375694344,29.817866043770273]}},{"type":"Feature","properties":{"fid":79.0,"handle":"3094","block":"-1","etype":"25","space":"0","layer":"numbr","olinetype":"BYLAYER","linetype":null,"color":"255,0,0,255","ocolor":"10","color24":"-1","transparen":"0","lweight":"-1","linewidth":0.0,"ltscale":1.0,"visible":"1","thickness":0.0,"ext":"(3:0,0,1)","height":3.0,"text":"51","angle":329.60602,"widthscale":1.0,"oblique":0.0,"style":"new1","textgen":"0","alignh":"0","alignv":"0","interlin":-1.0},"geometry":{"type":"Point","coordinates":[52.424732020809266,29.818298178076798]}},{"type":"Feature","properties":{"fid":81.0,"handle":"3096","block":"-1","etype":"25","space":"0","layer":"numbr","olinetype":"BYLAYER","linetype":null,"color":"255,0,0,255","ocolor":"10","color24":"-1","transparen":"0","lweight":"-1","linewidth":0.0,"ltscale":1.0,"visible":"1","thickness":0.0,"ext":"(3:0,0,1)","height":3.0,"text":"52","angle":329.60602,"widthscale":1.0,"oblique":0.0,"style":"new1","textgen":"0","alignh":"0","alignv":"0","interlin":-1.0},"geometry":{"type":"Point","coordinates":[52.42485954898693,29.818381231935533]}},{"type":"Feature","properties":{"fid":83.0,"handle":"3098","block":"-1","etype":"25","space":"0","layer":"numbr","olinetype":"BYLAYER","linetype":null,"color":"255,0,0,255","ocolor":"10","color24":"-1","transparen":"0","lweight":"-1","linewidth":0.0,"ltscale":1.0,"visible":"1","thickness":0.0,"ext":"(3:0,0,1)","height":3.0,"text":"53","angle":329.60602,"widthscale":1.0,"oblique":0.0,"style":"new1","textgen":"0","alignh":"0","alignv":"0","interlin":-1.0},"geometry":{"type":"Point","coordinates":[52.425024385254353,29.818468743430046]}},{"type":"Feature","properties":{"fid":85.0,"handle":"3100","block":"-1","etype":"25","space":"0","layer":"numbr","olinetype":"BYLAYER","linetype":null,"color":"255,0,0,255","ocolor":"10","color24":"-1","transparen":"0","lweight":"-1","linewidth":0.0,"ltscale":1.0,"visible":"1","thickness":0.0,"ext":"(3:0,0,1)","height":3.0,"text":"54","angle":329.60602,"widthscale":1.0,"oblique":0.0,"style":"new1","textgen":"0","alignh":"0","alignv":"0","interlin":-1.0},"geometry":{"type":"Point","coordinates":[52.425178148645472,29.818548977932995]}},{"type":"Feature","properties":{"fid":87.0,"handle":"3102","block":"-1","etype":"25","space":"0","layer":"numbr","olinetype":"BYLAYER","linetype":null,"color":"255,0,0,255","ocolor":"10","color24":"-1","transparen":"0","lweight":"-1","linewidth":0.0,"ltscale":1.0,"visible":"1","thickness":0.0,"ext":"(3:0,0,1)","height":3.0,"text":"55","angle":329.60602,"widthscale":1.0,"oblique":0.0,"style":"new1","textgen":"0","alignh":"0","alignv":"0","interlin":-1.0},"geometry":{"type":"Point","coordinates":[52.425344391452363,29.818666506383288]}},{"type":"Feature","properties":{"fid":89.0,"handle":"3104","block":"-1","etype":"25","space":"0","layer":"numbr","olinetype":"BYLAYER","linetype":null,"color":"255,0,0,255","ocolor":"10","color24":"-1","transparen":"0","lweight":"-1","linewidth":0.0,"ltscale":1.0,"visible":"1","thickness":0.0,"ext":"(3:0,0,1)","height":3.0,"text":"56","angle":329.60602,"widthscale":1.0,"oblique":0.0,"style":"new1","textgen":"0","alignh":"0","alignv":"0","interlin":-1.0},"geometry":{"type":"Point","coordinates":[52.425581076631225,29.818884491647907]}},{"type":"Feature","properties":{"fid":91.0,"handle":"3106","block":"-1","etype":"25","space":"0","layer":"numbr","olinetype":"BYLAYER","linetype":null,"color":"255,0,0,255","ocolor":"10","color24":"-1","transparen":"0","lweight":"-1","linewidth":0.0,"ltscale":1.0,"visible":"1","thickness":0.0,"ext":"(3:0,0,1)","height":3.0,"text":"57","angle":329.60602,"widthscale":1.0,"oblique":0.0,"style":"new1","textgen":"0","alignh":"0","alignv":"0","interlin":-1.0},"geometry":{"type":"Point","coordinates":[52.425734592095097,29.819003521093698]}},{"type":"Feature","properties":{"fid":93.0,"handle":"3108","block":"-1","etype":"25","space":"0","layer":"numbr","olinetype":"BYLAYER","linetype":null,"color":"255,0,0,255","ocolor":"10","color24":"-1","transparen":"0","lweight":"-1","linewidth":0.0,"ltscale":1.0,"visible":"1","thickness":0.0,"ext":"(3:0,0,1)","height":3.0,"text":"58","angle":329.60602,"widthscale":1.0,"oblique":0.0,"style":"new1","textgen":"0","alignh":"0","alignv":"0","interlin":-1.0},"geometry":{"type":"Point","coordinates":[52.425908473964391,29.819108510682067]}},{"type":"Feature","properties":{"fid":95.0,"handle":"3110","block":"-1","etype":"25","space":"0","layer":"numbr","olinetype":"BYLAYER","linetype":null,"color":"255,0,0,255","ocolor":"10","color24":"-1","transparen":"0","lweight":"-1","linewidth":0.0,"ltscale":1.0,"visible":"1","thickness":0.0,"ext":"(3:0,0,1)","height":3.0,"text":"59","angle":329.60602,"widthscale":1.0,"oblique":0.0,"style":"new1","textgen":"0","alignh":"0","alignv":"0","interlin":-1.0},"geometry":{"type":"Point","coordinates":[52.426066144525386,29.819207344549277]}},{"type":"Feature","properties":{"fid":97.0,"handle":"3112","block":"-1","etype":"25","space":"0","layer":"numbr","olinetype":"BYLAYER","linetype":null,"color":"255,0,0,255","ocolor":"10","color24":"-1","transparen":"0","lweight":"-1","linewidth":0.0,"ltscale":1.0,"visible":"1","thickness":0.0,"ext":"(3:0,0,1)","height":3.0,"text":"60","angle":329.60602,"widthscale":1.0,"oblique":0.0,"style":"new1","textgen":"0","alignh":"0","alignv":"0","interlin":-1.0},"geometry":{"type":"Point","coordinates":[52.426221712208715,29.819336538968475]}},{"type":"Feature","properties":{"fid":99.0,"handle":"3114","block":"-1","etype":"25","space":"0","layer":"numbr","olinetype":"BYLAYER","linetype":null,"color":"255,0,0,255","ocolor":"10","color24":"-1","transparen":"0","lweight":"-1","linewidth":0.0,"ltscale":1.0,"visible":"1","thickness":0.0,"ext":"(3:0,0,1)","height":3.0,"text":"61","angle":329.60602,"widthscale":1.0,"oblique":0.0,"style":"new1","textgen":"0","alignh":"0","alignv":"0","interlin":-1.0},"geometry":{"type":"Point","coordinates":[52.426397493774324,29.819432853709511]}},{"type":"Feature","properties":{"fid":101.0,"handle":"3116","block":"-1","etype":"25","space":"0","layer":"numbr","olinetype":"BYLAYER","linetype":null,"color":"255,0,0,255","ocolor":"10","color24":"-1","transparen":"0","lweight":"-1","linewidth":0.0,"ltscale":1.0,"visible":"1","thickness":0.0,"ext":"(3:0,0,1)","height":3.0,"text":"62","angle":329.60602,"widthscale":1.0,"oblique":0.0,"style":"new1","textgen":"0","alignh":"0","alignv":"0","interlin":-1.0},"geometry":{"type":"Point","coordinates":[52.426705451772357,29.819409261882161]}},{"type":"Feature","properties":{"fid":103.0,"handle":"3118","block":"-1","etype":"25","space":"0","layer":"numbr","olinetype":"BYLAYER","linetype":null,"color":"255,0,0,255","ocolor":"10","color24":"-1","transparen":"0","lweight":"-1","linewidth":0.0,"ltscale":1.0,"visible":"1","thickness":0.0,"ext":"(3:0,0,1)","height":3.0,"text":"63","angle":329.60602,"widthscale":1.0,"oblique":0.0,"style":"new1","textgen":"0","alignh":"0","alignv":"0","interlin":-1.0},"geometry":{"type":"Point","coordinates":[52.426856891507477,29.819532109294226]}},{"type":"Feature","properties":{"fid":105.0,"handle":"3120","block":"-1","etype":"25","space":"0","layer":"numbr","olinetype":"BYLAYER","linetype":null,"color":"255,0,0,255","ocolor":"10","color24":"-1","transparen":"0","lweight":"-1","linewidth":0.0,"ltscale":1.0,"visible":"1","thickness":0.0,"ext":"(3:0,0,1)","height":3.0,"text":"64","angle":329.60602,"widthscale":1.0,"oblique":0.0,"style":"new1","textgen":"0","alignh":"0","alignv":"0","interlin":-1.0},"geometry":{"type":"Point","coordinates":[52.427015801177006,29.819654867856119]}},{"type":"Feature","properties":{"fid":107.0,"handle":"3122","block":"-1","etype":"25","space":"0","layer":"numbr","olinetype":"BYLAYER","linetype":null,"color":"255,0,0,255","ocolor":"10","color24":"-1","transparen":"0","lweight":"-1","linewidth":0.0,"ltscale":1.0,"visible":"1","thickness":0.0,"ext":"(3:0,0,1)","height":3.0,"text":"33","angle":329.60602,"widthscale":1.0,"oblique":0.0,"style":"new1","textgen":"0","alignh":"0","alignv":"0","interlin":-1.0},"geometry":{"type":"Point","coordinates":[52.427238783577302,29.819900328420591]}},{"type":"Feature","properties":{"fid":109.0,"handle":"3124","block":"-1","etype":"25","space":"0","layer":"numbr","olinetype":"BYLAYER","linetype":null,"color":"255,0,0,255","ocolor":"10","color24":"-1","transparen":"0","lweight":"-1","linewidth":0.0,"ltscale":1.0,"visible":"1","thickness":0.0,"ext":"(3:0,0,1)","height":3.0,"text":"32","angle":329.60602,"widthscale":1.0,"oblique":0.0,"style":"new1","textgen":"0","alignh":"0","alignv":"0","interlin":-1.0},"geometry":{"type":"Point","coordinates":[52.427142064731115,29.820110484470337]}},{"type":"Feature","properties":{"fid":111.0,"handle":"3126","block":"-1","etype":"25","space":"0","layer":"numbr","olinetype":"BYLAYER","linetype":null,"color":"255,0,0,255","ocolor":"10","color24":"-1","transparen":"0","lweight":"-1","linewidth":0.0,"ltscale":1.0,"visible":"1","thickness":0.0,"ext":"(3:0,0,1)","height":3.0,"text":"65","angle":329.60602,"widthscale":1.0,"oblique":0.0,"style":"new1","textgen":"0","alignh":"0","alignv":"0","interlin":-1.0},"geometry":{"type":"Point","coordinates":[52.425852776805939,29.819469554386504]}},{"type":"Feature","properties":{"fid":113.0,"handle":"3128","block":"-1","etype":"25","space":"0","layer":"numbr","olinetype":"BYLAYER","linetype":null,"color":"255,0,0,255","ocolor":"10","color24":"-1","transparen":"0","lweight":"-1","linewidth":0.0,"ltscale":1.0,"visible":"1","thickness":0.0,"ext":"(3:0,0,1)","height":3.0,"text":"66","angle":329.60602,"widthscale":1.0,"oblique":0.0,"style":"new1","textgen":"0","alignh":"0","alignv":"0","interlin":-1.0},"geometry":{"type":"Point","coordinates":[52.425727881659959,29.81961072733429]}},{"type":"Feature","properties":{"fid":115.0,"handle":"3130","block":"-1","etype":"25","space":"0","layer":"numbr","olinetype":"BYLAYER","linetype":null,"color":"255,0,0,255","ocolor":"10","color24":"-1","transparen":"0","lweight":"-1","linewidth":0.0,"ltscale":1.0,"visible":"1","thickness":0.0,"ext":"(3:0,0,1)","height":3.0,"text":"67","angle":329.60602,"widthscale":1.0,"oblique":0.0,"style":"new1","textgen":"0","alignh":"0","alignv":"0","interlin":-1.0},"geometry":{"type":"Point","coordinates":[52.425618553987206,29.819772963156481]}},{"type":"Feature","properties":{"fid":117.0,"handle":"3132","block":"-1","etype":"25","space":"0","layer":"numbr","olinetype":"BYLAYER","linetype":null,"color":"255,0,0,255","ocolor":"10","color24":"-1","transparen":"0","lweight":"-1","linewidth":0.0,"ltscale":1.0,"visible":"1","thickness":0.0,"ext":"(3:0,0,1)","height":3.0,"text":"68","angle":329.60602,"widthscale":1.0,"oblique":0.0,"style":"new1","textgen":"0","alignh":"0","alignv":"0","interlin":-1.0},"geometry":{"type":"Point","coordinates":[52.425493206266474,29.819925768264845]}},{"type":"Feature","properties":{"fid":119.0,"handle":"3134","block":"-1","etype":"25","space":"0","layer":"numbr","olinetype":"BYLAYER","linetype":null,"color":"255,0,0,255","ocolor":"10","color24":"-1","transparen":"0","lweight":"-1","linewidth":0.0,"ltscale":1.0,"visible":"1","thickness":0.0,"ext":"(3:0,0,1)","height":3.0,"text":"69","angle":329.60602,"widthscale":1.0,"oblique":0.0,"style":"new1","textgen":"0","alignh":"0","alignv":"0","interlin":-1.0},"geometry":{"type":"Point","coordinates":[52.425376509044384,29.820072973629618]}},{"type":"Feature","properties":{"fid":121.0,"handle":"3136","block":"-1","etype":"25","space":"0","layer":"numbr","olinetype":"BYLAYER","linetype":null,"color":"255,0,0,255","ocolor":"10","color24":"-1","transparen":"0","lweight":"-1","linewidth":0.0,"ltscale":1.0,"visible":"1","thickness":0.0,"ext":"(3:0,0,1)","height":3.0,"text":"70","angle":329.60602,"widthscale":1.0,"oblique":0.0,"style":"new1","textgen":"0","alignh":"0","alignv":"0","interlin":-1.0},"geometry":{"type":"Point","coordinates":[52.425359312777374,29.819391780153271]}},{"type":"Feature","properties":{"fid":122.0,"handle":"3137","block":"-1","etype":"25","space":"0","layer":"numbr","olinetype":"BYLAYER","linetype":null,"color":"255,0,0,255","ocolor":"10","color24":"-1","transparen":"0","lweight":"-1","linewidth":0.0,"ltscale":1.0,"visible":"1","thickness":0.0,"ext":"(3:0,0,1)","height":3.0,"text":"71","angle":329.60602,"widthscale":1.0,"oblique":0.0,"style":"new1","textgen":"0","alignh":"0","alignv":"0","interlin":-1.0},"geometry":{"type":"Point","coordinates":[52.425051521076412,29.819724366378086]}},{"type":"Feature","properties":{"fid":123.0,"handle":"3138","block":"-1","etype":"25","space":"0","layer":"numbr","olinetype":"BYLAYER","linetype":null,"color":"255,0,0,255","ocolor":"10","color24":"-1","transparen":"0","lweight":"-1","linewidth":0.0,"ltscale":1.0,"visible":"1","thickness":0.0,"ext":"(3:0,0,1)","height":3.0,"text":"73","angle":329.60602,"widthscale":1.0,"oblique":0.0,"style":"new1","textgen":"0","alignh":"0","alignv":"0","interlin":-1.0},"geometry":{"type":"Point","coordinates":[52.425183532831554,29.819297070730133]}},{"type":"Feature","properties":{"fid":125.0,"handle":"3140","block":"-1","etype":"25","space":"0","layer":"numbr","olinetype":"BYLAYER","linetype":null,"color":"255,0,0,255","ocolor":"10","color24":"-1","transparen":"0","lweight":"-1","linewidth":0.0,"ltscale":1.0,"visible":"1","thickness":0.0,"ext":"(3:0,0,1)","height":3.0,"text":"74","angle":329.60602,"widthscale":1.0,"oblique":0.0,"style":"new1","textgen":"0","alignh":"0","alignv":"0","interlin":-1.0},"geometry":{"type":"Point","coordinates":[52.424952299173924,29.819088681648914]}},{"type":"Feature","properties":{"fid":127.0,"handle":"3142","block":"-1","etype":"25","space":"0","layer":"numbr","olinetype":"BYLAYER","linetype":null,"color":"255,0,0,255","ocolor":"10","color24":"-1","transparen":"0","lweight":"-1","linewidth":0.0,"ltscale":1.0,"visible":"1","thickness":0.0,"ext":"(3:0,0,1)","height":3.0,"text":"75","angle":329.60602,"widthscale":1.0,"oblique":0.0,"style":"new1","textgen":"0","alignh":"0","alignv":"0","interlin":-1.0},"geometry":{"type":"Point","coordinates":[52.424783125706732,29.818987127422428]}},{"type":"Feature","properties":{"fid":129.0,"handle":"3144","block":"-1","etype":"25","space":"0","layer":"numbr","olinetype":"BYLAYER","linetype":null,"color":"255,0,0,255","ocolor":"10","color24":"-1","transparen":"0","lweight":"-1","linewidth":0.0,"ltscale":1.0,"visible":"1","thickness":0.0,"ext":"(3:0,0,1)","height":3.0,"text":"76","angle":329.60602,"widthscale":1.0,"oblique":0.0,"style":"new1","textgen":"0","alignh":"0","alignv":"0","interlin":-1.0},"geometry":{"type":"Point","coordinates":[52.424641516633713,29.818856864524317]}},{"type":"Feature","properties":{"fid":131.0,"handle":"3146","block":"-1","etype":"25","space":"0","layer":"numbr","olinetype":"BYLAYER","linetype":null,"color":"255,0,0,255","ocolor":"10","color24":"-1","transparen":"0","lweight":"-1","linewidth":0.0,"ltscale":1.0,"visible":"1","thickness":0.0,"ext":"(3:0,0,1)","height":3.0,"text":"77","angle":329.60602,"widthscale":1.0,"oblique":0.0,"style":"new1","textgen":"0","alignh":"0","alignv":"0","interlin":-1.0},"geometry":{"type":"Point","coordinates":[52.424427189891716,29.818740814069525]}},{"type":"Feature","properties":{"fid":133.0,"handle":"3148","block":"-1","etype":"25","space":"0","layer":"numbr","olinetype":"BYLAYER","linetype":null,"color":"255,0,0,255","ocolor":"10","color24":"-1","transparen":"0","lweight":"-1","linewidth":0.0,"ltscale":1.0,"visible":"1","thickness":0.0,"ext":"(3:0,0,1)","height":3.0,"text":"78","angle":329.60602,"widthscale":1.0,"oblique":0.0,"style":"new1","textgen":"0","alignh":"0","alignv":"0","interlin":-1.0},"geometry":{"type":"Point","coordinates":[52.424117075827823,29.819075265756357]}},{"type":"Feature","properties":{"fid":136.0,"handle":"3151","block":"-1","etype":"25","space":"0","layer":"numbr","olinetype":"BYLAYER","linetype":null,"color":"255,0,0,255","ocolor":"10","color24":"-1","transparen":"0","lweight":"-1","linewidth":0.0,"ltscale":1.0,"visible":"1","thickness":0.0,"ext":"(3:0,0,1)","height":3.0,"text":"79","angle":329.60602,"widthscale":1.0,"oblique":0.0,"style":"new1","textgen":"0","alignh":"0","alignv":"0","interlin":-1.0},"geometry":{"type":"Point","coordinates":[52.424326670831583,29.819222090073467]}},{"type":"Feature","properties":{"fid":138.0,"handle":"3153","block":"-1","etype":"25","space":"0","layer":"numbr","olinetype":"BYLAYER","linetype":null,"color":"255,0,0,255","ocolor":"10","color24":"-1","transparen":"0","lweight":"-1","linewidth":0.0,"ltscale":1.0,"visible":"1","thickness":0.0,"ext":"(3:0,0,1)","height":3.0,"text":"80","angle":329.60602,"widthscale":1.0,"oblique":0.0,"style":"new1","textgen":"0","alignh":"0","alignv":"0","interlin":-1.0},"geometry":{"type":"Point","coordinates":[52.424464353717497,29.819333854490356]}},{"type":"Feature","properties":{"fid":140.0,"handle":"3155","block":"-1","etype":"25","space":"0","layer":"numbr","olinetype":"BYLAYER","linetype":null,"color":"255,0,0,255","ocolor":"10","color24":"-1","transparen":"0","lweight":"-1","linewidth":0.0,"ltscale":1.0,"visible":"1","thickness":0.0,"ext":"(3:0,0,1)","height":3.0,"text":"81","angle":329.60602,"widthscale":1.0,"oblique":0.0,"style":"new1","textgen":"0","alignh":"0","alignv":"0","interlin":-1.0},"geometry":{"type":"Point","coordinates":[52.424631216380483,29.819440026942264]}},{"type":"Feature","properties":{"fid":142.0,"handle":"3157","block":"-1","etype":"25","space":"0","layer":"numbr","olinetype":"BYLAYER","linetype":null,"color":"255,0,0,255","ocolor":"10","color24":"-1","transparen":"0","lweight":"-1","linewidth":0.0,"ltscale":1.0,"visible":"1","thickness":0.0,"ext":"(3:0,0,1)","height":3.0,"text":"82","angle":329.60602,"widthscale":1.0,"oblique":0.0,"style":"new1","textgen":"0","alignh":"0","alignv":"0","interlin":-1.0},"geometry":{"type":"Point","coordinates":[52.423714928594343,29.819481495341677]}},{"type":"Feature","properties":{"fid":144.0,"handle":"3159","block":"-1","etype":"25","space":"0","layer":"numbr","olinetype":"BYLAYER","linetype":null,"color":"255,0,0,255","ocolor":"10","color24":"-1","transparen":"0","lweight":"-1","linewidth":0.0,"ltscale":1.0,"visible":"1","thickness":0.0,"ext":"(3:0,0,1)","height":3.0,"text":"83","angle":329.60602,"widthscale":1.0,"oblique":0.0,"style":"new1","textgen":"0","alignh":"0","alignv":"0","interlin":-1.0},"geometry":{"type":"Point","coordinates":[52.423918164387956,29.819632671180088]}},{"type":"Feature","properties":{"fid":146.0,"handle":"3161","block":"-1","etype":"25","space":"0","layer":"numbr","olinetype":"BYLAYER","linetype":null,"color":"255,0,0,255","ocolor":"10","color24":"-1","transparen":"0","lweight":"-1","linewidth":0.0,"ltscale":1.0,"visible":"1","thickness":0.0,"ext":"(3:0,0,1)","height":3.0,"text":"84","angle":329.60602,"widthscale":1.0,"oblique":0.0,"style":"new1","textgen":"0","alignh":"0","alignv":"0","interlin":-1.0},"geometry":{"type":"Point","coordinates":[52.424058672860163,29.819739797231801]}},{"type":"Feature","properties":{"fid":148.0,"handle":"3163","block":"-1","etype":"25","space":"0","layer":"numbr","olinetype":"BYLAYER","linetype":null,"color":"255,0,0,255","ocolor":"10","color24":"-1","transparen":"0","lweight":"-1","linewidth":0.0,"ltscale":1.0,"visible":"1","thickness":0.0,"ext":"(3:0,0,1)","height":3.0,"text":"85","angle":329.60602,"widthscale":1.0,"oblique":0.0,"style":"new1","textgen":"0","alignh":"0","alignv":"0","interlin":-1.0},"geometry":{"type":"Point","coordinates":[52.424227418250887,29.819857015867207]}},{"type":"Feature","properties":{"fid":150.0,"handle":"3165","block":"-1","etype":"25","space":"0","layer":"numbr","olinetype":"BYLAYER","linetype":null,"color":"255,0,0,255","ocolor":"10","color24":"-1","transparen":"0","lweight":"-1","linewidth":0.0,"ltscale":1.0,"visible":"1","thickness":0.0,"ext":"(3:0,0,1)","height":3.0,"text":"86","angle":329.60602,"widthscale":1.0,"oblique":0.0,"style":"new1","textgen":"0","alignh":"0","alignv":"0","interlin":-1.0},"geometry":{"type":"Point","coordinates":[52.424482956634506,29.820022035480608]}},{"type":"Feature","properties":{"fid":151.0,"handle":"3166","block":"-1","etype":"25","space":"0","layer":"numbr","olinetype":"BYLAYER","linetype":null,"color":"255,0,0,255","ocolor":"10","color24":"-1","transparen":"0","lweight":"-1","linewidth":0.0,"ltscale":1.0,"visible":"1","thickness":0.0,"ext":"(3:0,0,1)","height":3.0,"text":"87","angle":329.60602,"widthscale":1.0,"oblique":0.0,"style":"new1","textgen":"0","alignh":"0","alignv":"0","interlin":-1.0},"geometry":{"type":"Point","coordinates":[52.424627949363575,29.820140187757158]}},{"type":"Feature","properties":{"fid":152.0,"handle":"3167","block":"-1","etype":"25","space":"0","layer":"numbr","olinetype":"BYLAYER","linetype":null,"color":"255,0,0,255","ocolor":"10","color24":"-1","transparen":"0","lweight":"-1","linewidth":0.0,"ltscale":1.0,"visible":"1","thickness":0.0,"ext":"(3:0,0,1)","height":3.0,"text":"88","angle":329.60602,"widthscale":1.0,"oblique":0.0,"style":"new1","textgen":"0","alignh":"0","alignv":"0","interlin":-1.0},"geometry":{"type":"Point","coordinates":[52.424763976311588,29.82028621310231]}},{"type":"Feature","properties":{"fid":153.0,"handle":"3168","block":"-1","etype":"25","space":"0","layer":"numbr","olinetype":"BYLAYER","linetype":null,"color":"255,0,0,255","ocolor":"10","color24":"-1","transparen":"0","lweight":"-1","linewidth":0.0,"ltscale":1.0,"visible":"1","thickness":0.0,"ext":"(3:0,0,1)","height":3.0,"text":"89","angle":329.60602,"widthscale":1.0,"oblique":0.0,"style":"new1","textgen":"0","alignh":"0","alignv":"0","interlin":-1.0},"geometry":{"type":"Point","coordinates":[52.424942926005819,29.820379559908154]}},{"type":"Feature","properties":{"fid":155.0,"handle":"3170","block":"-1","etype":"25","space":"0","layer":"numbr","olinetype":"BYLAYER","linetype":null,"color":"255,0,0,255","ocolor":"10","color24":"-1","transparen":"0","lweight":"-1","linewidth":0.0,"ltscale":1.0,"visible":"1","thickness":0.0,"ext":"(3:0,0,1)","height":3.0,"text":"90","angle":329.60602,"widthscale":1.0,"oblique":0.0,"style":"new1","textgen":"0","alignh":"0","alignv":"0","interlin":-1.0},"geometry":{"type":"Point","coordinates":[52.425101130574049,29.820499806992288]}},{"type":"Feature","properties":{"fid":157.0,"handle":"3172","block":"-1","etype":"25","space":"0","layer":"numbr","olinetype":"BYLAYER","linetype":null,"color":"255,0,0,255","ocolor":"10","color24":"-1","transparen":"0","lweight":"-1","linewidth":0.0,"ltscale":1.0,"visible":"1","thickness":0.0,"ext":"(3:0,0,1)","height":3.0,"text":"91","angle":329.60602,"widthscale":1.0,"oblique":0.0,"style":"new1","textgen":"0","alignh":"0","alignv":"0","interlin":-1.0},"geometry":{"type":"Point","coordinates":[52.425292619785857,29.820564265001057]}},{"type":"Feature","properties":{"fid":159.0,"handle":"3174","block":"-1","etype":"25","space":"0","layer":"numbr","olinetype":"BYLAYER","linetype":null,"color":"255,0,0,255","ocolor":"10","color24":"-1","transparen":"0","lweight":"-1","linewidth":0.0,"ltscale":1.0,"visible":"1","thickness":0.0,"ext":"(3:0,0,1)","height":3.0,"text":"92","angle":329.60602,"widthscale":1.0,"oblique":0.0,"style":"new1","textgen":"0","alignh":"0","alignv":"0","interlin":-1.0},"geometry":{"type":"Point","coordinates":[52.425458932028249,29.820689830155171]}},{"type":"Feature","properties":{"fid":161.0,"handle":"3176","block":"-1","etype":"25","space":"0","layer":"numbr","olinetype":"BYLAYER","linetype":null,"color":"255,0,0,255","ocolor":"10","color24":"-1","transparen":"0","lweight":"-1","linewidth":0.0,"ltscale":1.0,"visible":"1","thickness":0.0,"ext":"(3:0,0,1)","height":3.0,"text":"93","angle":329.60602,"widthscale":1.0,"oblique":0.0,"style":"new1","textgen":"0","alignh":"0","alignv":"0","interlin":-1.0},"geometry":{"type":"Point","coordinates":[52.4256071543766,29.820808513538221]}},{"type":"Feature","properties":{"fid":163.0,"handle":"3178","block":"-1","etype":"25","space":"0","layer":"numbr","olinetype":"BYLAYER","linetype":null,"color":"255,0,0,255","ocolor":"10","color24":"-1","transparen":"0","lweight":"-1","linewidth":0.0,"ltscale":1.0,"visible":"1","thickness":0.0,"ext":"(3:0,0,1)","height":3.0,"text":"94","angle":329.60602,"widthscale":1.0,"oblique":0.0,"style":"new1","textgen":"0","alignh":"0","alignv":"0","interlin":-1.0},"geometry":{"type":"Point","coordinates":[52.42578577479469,29.820896131224714]}},{"type":"Feature","properties":{"fid":165.0,"handle":"3180","block":"-1","etype":"25","space":"0","layer":"numbr","olinetype":"BYLAYER","linetype":null,"color":"255,0,0,255","ocolor":"10","color24":"-1","transparen":"0","lweight":"-1","linewidth":0.0,"ltscale":1.0,"visible":"1","thickness":0.0,"ext":"(3:0,0,1)","height":3.0,"text":"95","angle":329.60602,"widthscale":1.0,"oblique":0.0,"style":"new1","textgen":"0","alignh":"0","alignv":"0","interlin":-1.0},"geometry":{"type":"Point","coordinates":[52.425426778944818,29.821296731747704]}},{"type":"Feature","properties":{"fid":167.0,"handle":"3182","block":"-1","etype":"25","space":"0","layer":"numbr","olinetype":"BYLAYER","linetype":null,"color":"255,0,0,255","ocolor":"10","color24":"-1","transparen":"0","lweight":"-1","linewidth":0.0,"ltscale":1.0,"visible":"1","thickness":0.0,"ext":"(3:0,0,1)","height":3.0,"text":"96","angle":329.60602,"widthscale":1.0,"oblique":0.0,"style":"new1","textgen":"0","alignh":"0","alignv":"0","interlin":-1.0},"geometry":{"type":"Point","coordinates":[52.425238172601645,29.821195469606337]}},{"type":"Feature","properties":{"fid":169.0,"handle":"3184","block":"-1","etype":"25","space":"0","layer":"numbr","olinetype":"BYLAYER","linetype":null,"color":"255,0,0,255","ocolor":"10","color24":"-1","transparen":"0","lweight":"-1","linewidth":0.0,"ltscale":1.0,"visible":"1","thickness":0.0,"ext":"(3:0,0,1)","height":3.0,"text":"97","angle":329.60602,"widthscale":1.0,"oblique":0.0,"style":"new1","textgen":"0","alignh":"0","alignv":"0","interlin":-1.0},"geometry":{"type":"Point","coordinates":[52.425081825647887,29.821072633392987]}},{"type":"Feature","properties":{"fid":171.0,"handle":"3186","block":"-1","etype":"25","space":"0","layer":"numbr","olinetype":"BYLAYER","linetype":null,"color":"255,0,0,255","ocolor":"10","color24":"-1","transparen":"0","lweight":"-1","linewidth":0.0,"ltscale":1.0,"visible":"1","thickness":0.0,"ext":"(3:0,0,1)","height":3.0,"text":"98","angle":329.60602,"widthscale":1.0,"oblique":0.0,"style":"new1","textgen":"0","alignh":"0","alignv":"0","interlin":-1.0},"geometry":{"type":"Point","coordinates":[52.424919780554511,29.820979251994245]}},{"type":"Feature","properties":{"fid":172.0,"handle":"3187","block":"-1","etype":"25","space":"0","layer":"numbr","olinetype":"BYLAYER","linetype":null,"color":"255,0,0,255","ocolor":"10","color24":"-1","transparen":"0","lweight":"-1","linewidth":0.0,"ltscale":1.0,"visible":"1","thickness":0.0,"ext":"(3:0,0,1)","height":3.0,"text":"99","angle":329.60602,"widthscale":1.0,"oblique":0.0,"style":"new1","textgen":"0","alignh":"0","alignv":"0","interlin":-1.0},"geometry":{"type":"Point","coordinates":[52.424781042571411,29.82085913835142]}},{"type":"Feature","properties":{"fid":173.0,"handle":"3188","block":"-1","etype":"25","space":"0","layer":"numbr","olinetype":"BYLAYER","linetype":null,"color":"255,0,0,255","ocolor":"10","color24":"-1","transparen":"0","lweight":"-1","linewidth":0.0,"ltscale":1.0,"visible":"1","thickness":0.0,"ext":"(3:0,0,1)","height":3.0,"text":"100","angle":329.60602,"widthscale":1.0,"oblique":0.0,"style":"new1","textgen":"0","alignh":"0","alignv":"0","interlin":-1.0},"geometry":{"type":"Point","coordinates":[52.424594969742728,29.820756082624968]}},{"type":"Feature","properties":{"fid":174.0,"handle":"3189","block":"-1","etype":"25","space":"0","layer":"numbr","olinetype":"BYLAYER","linetype":null,"color":"255,0,0,255","ocolor":"10","color24":"-1","transparen":"0","lweight":"-1","linewidth":0.0,"ltscale":1.0,"visible":"1","thickness":0.0,"ext":"(3:0,0,1)","height":3.0,"text":"101","angle":329.60602,"widthscale":1.0,"oblique":0.0,"style":"new1","textgen":"0","alignh":"0","alignv":"0","interlin":-1.0},"geometry":{"type":"Point","coordinates":[52.424458532641459,29.820623753433811]}},{"type":"Feature","properties":{"fid":176.0,"handle":"3191","block":"-1","etype":"25","space":"0","layer":"numbr","olinetype":"BYLAYER","linetype":null,"color":"255,0,0,255","ocolor":"10","color24":"-1","transparen":"0","lweight":"-1","linewidth":0.0,"ltscale":1.0,"visible":"1","thickness":0.0,"ext":"(3:0,0,1)","height":3.0,"text":"102","angle":329.60602,"widthscale":1.0,"oblique":0.0,"style":"new1","textgen":"0","alignh":"0","alignv":"0","interlin":-1.0},"geometry":{"type":"Point","coordinates":[52.424305118985743,29.820520292483341]}},{"type":"Feature","properties":{"fid":178.0,"handle":"3193","block":"-1","etype":"25","space":"0","layer":"numbr","olinetype":"BYLAYER","linetype":null,"color":"255,0,0,255","ocolor":"10","color24":"-1","transparen":"0","lweight":"-1","linewidth":0.0,"ltscale":1.0,"visible":"1","thickness":0.0,"ext":"(3:0,0,1)","height":3.0,"text":"103","angle":329.60602,"widthscale":1.0,"oblique":0.0,"style":"new1","textgen":"0","alignh":"0","alignv":"0","interlin":-1.0},"geometry":{"type":"Point","coordinates":[52.424148955528764,29.820400695963016]}},{"type":"Feature","properties":{"fid":180.0,"handle":"3195","block":"-1","etype":"25","space":"0","layer":"numbr","olinetype":"BYLAYER","linetype":null,"color":"255,0,0,255","ocolor":"10","color24":"-1","transparen":"0","lweight":"-1","linewidth":0.0,"ltscale":1.0,"visible":"1","thickness":0.0,"ext":"(3:0,0,1)","height":3.0,"text":"104","angle":329.60602,"widthscale":1.0,"oblique":0.0,"style":"new1","textgen":"0","alignh":"0","alignv":"0","interlin":-1.0},"geometry":{"type":"Point","coordinates":[52.423906318516941,29.820198184839079]}},{"type":"Feature","properties":{"fid":182.0,"handle":"3197","block":"-1","etype":"25","space":"0","layer":"numbr","olinetype":"BYLAYER","linetype":null,"color":"255,0,0,255","ocolor":"10","color24":"-1","transparen":"0","lweight":"-1","linewidth":0.0,"ltscale":1.0,"visible":"1","thickness":0.0,"ext":"(3:0,0,1)","height":3.0,"text":"105","angle":329.60602,"widthscale":1.0,"oblique":0.0,"style":"new1","textgen":"0","alignh":"0","alignv":"0","interlin":-1.0},"geometry":{"type":"Point","coordinates":[52.423731450362638,29.820086296678827]}},{"type":"Feature","properties":{"fid":184.0,"handle":"3199","block":"-1","etype":"25","space":"0","layer":"numbr","olinetype":"BYLAYER","linetype":null,"color":"255,0,0,255","ocolor":"10","color24":"-1","transparen":"0","lweight":"-1","linewidth":0.0,"ltscale":1.0,"visible":"1","thickness":0.0,"ext":"(3:0,0,1)","height":3.0,"text":"106","angle":329.60602,"widthscale":1.0,"oblique":0.0,"style":"new1","textgen":"0","alignh":"0","alignv":"0","interlin":-1.0},"geometry":{"type":"Point","coordinates":[52.423571138061099,29.819977678448037]}},{"type":"Feature","properties":{"fid":186.0,"handle":"3201","block":"-1","etype":"25","space":"0","layer":"numbr","olinetype":"BYLAYER","linetype":null,"color":"255,0,0,255","ocolor":"10","color24":"-1","transparen":"0","lweight":"-1","linewidth":0.0,"ltscale":1.0,"visible":"1","thickness":0.0,"ext":"(3:0,0,1)","height":3.0,"text":"107","angle":329.60602,"widthscale":1.0,"oblique":0.0,"style":"new1","textgen":"0","alignh":"0","alignv":"0","interlin":-1.0},"geometry":{"type":"Point","coordinates":[52.423393781241366,29.819824900214108]}},{"type":"Feature","properties":{"fid":188.0,"handle":"3203","block":"-1","etype":"25","space":"0","layer":"numbr","olinetype":"BYLAYER","linetype":null,"color":"255,0,0,255","ocolor":"10","color24":"-1","transparen":"0","lweight":"-1","linewidth":0.0,"ltscale":1.0,"visible":"1","thickness":0.0,"ext":"(3:0,0,1)","height":3.0,"text":"108","angle":329.60602,"widthscale":1.0,"oblique":0.0,"style":"new1","textgen":"0","alignh":"0","alignv":"0","interlin":-1.0},"geometry":{"type":"Point","coordinates":[52.42283337627844,29.820313729770415]}},{"type":"Feature","properties":{"fid":190.0,"handle":"3205","block":"-1","etype":"25","space":"0","layer":"numbr","olinetype":"BYLAYER","linetype":null,"color":"255,0,0,255","ocolor":"10","color24":"-1","transparen":"0","lweight":"-1","linewidth":0.0,"ltscale":1.0,"visible":"1","thickness":0.0,"ext":"(3:0,0,1)","height":3.0,"text":"109","angle":329.60602,"widthscale":1.0,"oblique":0.0,"style":"new1","textgen":"0","alignh":"0","alignv":"0","interlin":-1.0},"geometry":{"type":"Point","coordinates":[52.423009812209884,29.820439672287737]}},{"type":"Feature","properties":{"fid":192.0,"handle":"3207","block":"-1","etype":"25","space":"0","layer":"numbr","olinetype":"BYLAYER","linetype":null,"color":"255,0,0,255","ocolor":"10","color24":"-1","transparen":"0","lweight":"-1","linewidth":0.0,"ltscale":1.0,"visible":"1","thickness":0.0,"ext":"(3:0,0,1)","height":3.0,"text":"110","angle":329.60602,"widthscale":1.0,"oblique":0.0,"style":"new1","textgen":"0","alignh":"0","alignv":"0","interlin":-1.0},"geometry":{"type":"Point","coordinates":[52.423149275892733,29.820568076011654]}},{"type":"Feature","properties":{"fid":194.0,"handle":"3209","block":"-1","etype":"25","space":"0","layer":"numbr","olinetype":"BYLAYER","linetype":null,"color":"255,0,0,255","ocolor":"10","color24":"-1","transparen":"0","lweight":"-1","linewidth":0.0,"ltscale":1.0,"visible":"1","thickness":0.0,"ext":"(3:0,0,1)","height":3.0,"text":"111","angle":329.60602,"widthscale":1.0,"oblique":0.0,"style":"new1","textgen":"0","alignh":"0","alignv":"0","interlin":-1.0},"geometry":{"type":"Point","coordinates":[52.42329050880592,29.820693764094937]}},{"type":"Feature","properties":{"fid":196.0,"handle":"3211","block":"-1","etype":"25","space":"0","layer":"numbr","olinetype":"BYLAYER","linetype":null,"color":"255,0,0,255","ocolor":"10","color24":"-1","transparen":"0","lweight":"-1","linewidth":0.0,"ltscale":1.0,"visible":"1","thickness":0.0,"ext":"(3:0,0,1)","height":3.0,"text":"112","angle":329.60602,"widthscale":1.0,"oblique":0.0,"style":"new1","textgen":"0","alignh":"0","alignv":"0","interlin":-1.0},"geometry":{"type":"Point","coordinates":[52.423545513689625,29.820839678591067]}},{"type":"Feature","properties":{"fid":198.0,"handle":"3213","block":"-1","etype":"25","space":"0","layer":"numbr","olinetype":"BYLAYER","linetype":null,"color":"255,0,0,255","ocolor":"10","color24":"-1","transparen":"0","lweight":"-1","linewidth":0.0,"ltscale":1.0,"visible":"1","thickness":0.0,"ext":"(3:0,0,1)","height":3.0,"text":"113","angle":329.60602,"widthscale":1.0,"oblique":0.0,"style":"new1","textgen":"0","alignh":"0","alignv":"0","interlin":-1.0},"geometry":{"type":"Point","coordinates":[52.42370510234808,29.820963119226459]}},{"type":"Feature","properties":{"fid":200.0,"handle":"3215","block":"-1","etype":"25","space":"0","layer":"numbr","olinetype":"BYLAYER","linetype":null,"color":"255,0,0,255","ocolor":"10","color24":"-1","transparen":"0","lweight":"-1","linewidth":0.0,"ltscale":1.0,"visible":"1","thickness":0.0,"ext":"(3:0,0,1)","height":3.0,"text":"114","angle":329.60602,"widthscale":1.0,"oblique":0.0,"style":"new1","textgen":"0","alignh":"0","alignv":"0","interlin":-1.0},"geometry":{"type":"Point","coordinates":[52.423870916682368,29.821066474853399]}},{"type":"Feature","properties":{"fid":202.0,"handle":"3217","block":"-1","etype":"25","space":"0","layer":"numbr","olinetype":"BYLAYER","linetype":null,"color":"255,0,0,255","ocolor":"10","color24":"-1","transparen":"0","lweight":"-1","linewidth":0.0,"ltscale":1.0,"visible":"1","thickness":0.0,"ext":"(3:0,0,1)","height":3.0,"text":"115","angle":329.60602,"widthscale":1.0,"oblique":0.0,"style":"new1","textgen":"0","alignh":"0","alignv":"0","interlin":-1.0},"geometry":{"type":"Point","coordinates":[52.424030154819548,29.821193695471976]}},{"type":"Feature","properties":{"fid":204.0,"handle":"3219","block":"-1","etype":"25","space":"0","layer":"numbr","olinetype":"BYLAYER","linetype":null,"color":"255,0,0,255","ocolor":"10","color24":"-1","transparen":"0","lweight":"-1","linewidth":0.0,"ltscale":1.0,"visible":"1","thickness":0.0,"ext":"(3:0,0,1)","height":3.0,"text":"116","angle":329.60602,"widthscale":1.0,"oblique":0.0,"style":"new1","textgen":"0","alignh":"0","alignv":"0","interlin":-1.0},"geometry":{"type":"Point","coordinates":[52.424174559465932,29.821313137531316]}},{"type":"Feature","properties":{"fid":206.0,"handle":"3221","block":"-1","etype":"25","space":"0","layer":"numbr","olinetype":"BYLAYER","linetype":null,"color":"255,0,0,255","ocolor":"10","color24":"-1","transparen":"0","lweight":"-1","linewidth":0.0,"ltscale":1.0,"visible":"1","thickness":0.0,"ext":"(3:0,0,1)","height":3.0,"text":"117","angle":329.60602,"widthscale":1.0,"oblique":0.0,"style":"new1","textgen":"0","alignh":"0","alignv":"0","interlin":-1.0},"geometry":{"type":"Point","coordinates":[52.42434268972017,29.821423957383974]}},{"type":"Feature","properties":{"fid":208.0,"handle":"3223","block":"-1","etype":"25","space":"0","layer":"numbr","olinetype":"BYLAYER","linetype":null,"color":"255,0,0,255","ocolor":"10","color24":"-1","transparen":"0","lweight":"-1","linewidth":0.0,"ltscale":1.0,"visible":"1","thickness":0.0,"ext":"(3:0,0,1)","height":3.0,"text":"118","angle":329.60602,"widthscale":1.0,"oblique":0.0,"style":"new1","textgen":"0","alignh":"0","alignv":"0","interlin":-1.0},"geometry":{"type":"Point","coordinates":[52.424502670484316,29.821536276920877]}},{"type":"Feature","properties":{"fid":210.0,"handle":"3225","block":"-1","etype":"25","space":"0","layer":"numbr","olinetype":"BYLAYER","linetype":null,"color":"255,0,0,255","ocolor":"10","color24":"-1","transparen":"0","lweight":"-1","linewidth":0.0,"ltscale":1.0,"visible":"1","thickness":0.0,"ext":"(3:0,0,1)","height":3.0,"text":"119","angle":329.60602,"widthscale":1.0,"oblique":0.0,"style":"new1","textgen":"0","alignh":"0","alignv":"0","interlin":-1.0},"geometry":{"type":"Point","coordinates":[52.424680481173844,29.821630123526973]}},{"type":"Feature","properties":{"fid":212.0,"handle":"3227","block":"-1","etype":"25","space":"0","layer":"numbr","olinetype":"BYLAYER","linetype":null,"color":"255,0,0,255","ocolor":"10","color24":"-1","transparen":"0","lweight":"-1","linewidth":0.0,"ltscale":1.0,"visible":"1","thickness":0.0,"ext":"(3:0,0,1)","height":3.0,"text":"120","angle":329.60602,"widthscale":1.0,"oblique":0.0,"style":"new1","textgen":"0","alignh":"0","alignv":"0","interlin":-1.0},"geometry":{"type":"Point","coordinates":[52.424921557436193,29.821724808343195]}},{"type":"Feature","properties":{"fid":214.0,"handle":"3229","block":"-1","etype":"25","space":"0","layer":"numbr","olinetype":"BYLAYER","linetype":null,"color":"255,0,0,255","ocolor":"10","color24":"-1","transparen":"0","lweight":"-1","linewidth":0.0,"ltscale":1.0,"visible":"1","thickness":0.0,"ext":"(3:0,0,1)","height":3.0,"text":"121","angle":329.60602,"widthscale":1.0,"oblique":0.0,"style":"new1","textgen":"0","alignh":"0","alignv":"0","interlin":-1.0},"geometry":{"type":"Point","coordinates":[52.424700161371213,29.822198670753302]}},{"type":"Feature","properties":{"fid":216.0,"handle":"3231","block":"-1","etype":"25","space":"0","layer":"numbr","olinetype":"BYLAYER","linetype":null,"color":"255,0,0,255","ocolor":"10","color24":"-1","transparen":"0","lweight":"-1","linewidth":0.0,"ltscale":1.0,"visible":"1","thickness":0.0,"ext":"(3:0,0,1)","height":3.0,"text":"122","angle":329.60602,"widthscale":1.0,"oblique":0.0,"style":"new1","textgen":"0","alignh":"0","alignv":"0","interlin":-1.0},"geometry":{"type":"Point","coordinates":[52.424503621555417,29.822083501609001]}},{"type":"Feature","properties":{"fid":218.0,"handle":"3233","block":"-1","etype":"25","space":"0","layer":"numbr","olinetype":"BYLAYER","linetype":null,"color":"255,0,0,255","ocolor":"10","color24":"-1","transparen":"0","lweight":"-1","linewidth":0.0,"ltscale":1.0,"visible":"1","thickness":0.0,"ext":"(3:0,0,1)","height":3.0,"text":"123","angle":329.60602,"widthscale":1.0,"oblique":0.0,"style":"new1","textgen":"0","alignh":"0","alignv":"0","interlin":-1.0},"geometry":{"type":"Point","coordinates":[52.424365898526254,29.821959180323699]}},{"type":"Feature","properties":{"fid":220.0,"handle":"3235","block":"-1","etype":"25","space":"0","layer":"numbr","olinetype":"BYLAYER","linetype":null,"color":"255,0,0,255","ocolor":"10","color24":"-1","transparen":"0","lweight":"-1","linewidth":0.0,"ltscale":1.0,"visible":"1","thickness":0.0,"ext":"(3:0,0,1)","height":3.0,"text":"124","angle":329.60602,"widthscale":1.0,"oblique":0.0,"style":"new1","textgen":"0","alignh":"0","alignv":"0","interlin":-1.0},"geometry":{"type":"Point","coordinates":[52.42419555596306,29.82185558204857]}},{"type":"Feature","properties":{"fid":222.0,"handle":"3237","block":"-1","etype":"25","space":"0","layer":"numbr","olinetype":"BYLAYER","linetype":null,"color":"255,0,0,255","ocolor":"10","color24":"-1","transparen":"0","lweight":"-1","linewidth":0.0,"ltscale":1.0,"visible":"1","thickness":0.0,"ext":"(3:0,0,1)","height":3.0,"text":"125","angle":329.60602,"widthscale":1.0,"oblique":0.0,"style":"new1","textgen":"0","alignh":"0","alignv":"0","interlin":-1.0},"geometry":{"type":"Point","coordinates":[52.424040618477804,29.821744635630193]}},{"type":"Feature","properties":{"fid":224.0,"handle":"3239","block":"-1","etype":"25","space":"0","layer":"numbr","olinetype":"BYLAYER","linetype":null,"color":"255,0,0,255","ocolor":"10","color24":"-1","transparen":"0","lweight":"-1","linewidth":0.0,"ltscale":1.0,"visible":"1","thickness":0.0,"ext":"(3:0,0,1)","height":3.0,"text":"126","angle":329.60602,"widthscale":1.0,"oblique":0.0,"style":"new1","textgen":"0","alignh":"0","alignv":"0","interlin":-1.0},"geometry":{"type":"Point","coordinates":[52.42388476114369,29.821636301287217]}},{"type":"Feature","properties":{"fid":226.0,"handle":"3241","block":"-1","etype":"25","space":"0","layer":"numbr","olinetype":"BYLAYER","linetype":null,"color":"255,0,0,255","ocolor":"10","color24":"-1","transparen":"0","lweight":"-1","linewidth":0.0,"ltscale":1.0,"visible":"1","thickness":0.0,"ext":"(3:0,0,1)","height":3.0,"text":"127","angle":329.60602,"widthscale":1.0,"oblique":0.0,"style":"new1","textgen":"0","alignh":"0","alignv":"0","interlin":-1.0},"geometry":{"type":"Point","coordinates":[52.42371000663168,29.821517889033004]}},{"type":"Feature","properties":{"fid":228.0,"handle":"3243","block":"-1","etype":"25","space":"0","layer":"numbr","olinetype":"BYLAYER","linetype":null,"color":"255,0,0,255","ocolor":"10","color24":"-1","transparen":"0","lweight":"-1","linewidth":0.0,"ltscale":1.0,"visible":"1","thickness":0.0,"ext":"(3:0,0,1)","height":3.0,"text":"128","angle":329.60602,"widthscale":1.0,"oblique":0.0,"style":"new1","textgen":"0","alignh":"0","alignv":"0","interlin":-1.0},"geometry":{"type":"Point","coordinates":[52.423564747627289,29.821414434467219]}},{"type":"Feature","properties":{"fid":230.0,"handle":"3245","block":"-1","etype":"25","space":"0","layer":"numbr","olinetype":"BYLAYER","linetype":null,"color":"255,0,0,255","ocolor":"10","color24":"-1","transparen":"0","lweight":"-1","linewidth":0.0,"ltscale":1.0,"visible":"1","thickness":0.0,"ext":"(3:0,0,1)","height":3.0,"text":"129","angle":329.60602,"widthscale":1.0,"oblique":0.0,"style":"new1","textgen":"0","alignh":"0","alignv":"0","interlin":-1.0},"geometry":{"type":"Point","coordinates":[52.423397820785922,29.821292302112088]}},{"type":"Feature","properties":{"fid":232.0,"handle":"3247","block":"-1","etype":"25","space":"0","layer":"numbr","olinetype":"BYLAYER","linetype":null,"color":"255,0,0,255","ocolor":"10","color24":"-1","transparen":"0","lweight":"-1","linewidth":0.0,"ltscale":1.0,"visible":"1","thickness":0.0,"ext":"(3:0,0,1)","height":3.0,"text":"130","angle":329.60602,"widthscale":1.0,"oblique":0.0,"style":"new1","textgen":"0","alignh":"0","alignv":"0","interlin":-1.0},"geometry":{"type":"Point","coordinates":[52.423240820865608,29.821183186177208]}},{"type":"Feature","properties":{"fid":234.0,"handle":"3249","block":"-1","etype":"25","space":"0","layer":"numbr","olinetype":"BYLAYER","linetype":null,"color":"255,0,0,255","ocolor":"10","color24":"-1","transparen":"0","lweight":"-1","linewidth":0.0,"ltscale":1.0,"visible":"1","thickness":0.0,"ext":"(3:0,0,1)","height":3.0,"text":"131","angle":329.60602,"widthscale":1.0,"oblique":0.0,"style":"new1","textgen":"0","alignh":"0","alignv":"0","interlin":-1.0},"geometry":{"type":"Point","coordinates":[52.422998688028379,29.821017852417175]}},{"type":"Feature","properties":{"fid":236.0,"handle":"3251","block":"-1","etype":"25","space":"0","layer":"numbr","olinetype":"BYLAYER","linetype":null,"color":"255,0,0,255","ocolor":"10","color24":"-1","transparen":"0","lweight":"-1","linewidth":0.0,"ltscale":1.0,"visible":"1","thickness":0.0,"ext":"(3:0,0,1)","height":3.0,"text":"132","angle":329.60602,"widthscale":1.0,"oblique":0.0,"style":"new1","textgen":"0","alignh":"0","alignv":"0","interlin":-1.0},"geometry":{"type":"Point","coordinates":[52.422845556710691,29.820898131822339]}},{"type":"Feature","properties":{"fid":238.0,"handle":"3253","block":"-1","etype":"25","space":"0","layer":"numbr","olinetype":"BYLAYER","linetype":null,"color":"255,0,0,255","ocolor":"10","color24":"-1","transparen":"0","lweight":"-1","linewidth":0.0,"ltscale":1.0,"visible":"1","thickness":0.0,"ext":"(3:0,0,1)","height":3.0,"text":"133","angle":329.60602,"widthscale":1.0,"oblique":0.0,"style":"new1","textgen":"0","alignh":"0","alignv":"0","interlin":-1.0},"geometry":{"type":"Point","coordinates":[52.422673721253183,29.820791792257779]}},{"type":"Feature","properties":{"fid":240.0,"handle":"3255","block":"-1","etype":"25","space":"0","layer":"numbr","olinetype":"BYLAYER","linetype":null,"color":"255,0,0,255","ocolor":"10","color24":"-1","transparen":"0","lweight":"-1","linewidth":0.0,"ltscale":1.0,"visible":"1","thickness":0.0,"ext":"(3:0,0,1)","height":3.0,"text":"134","angle":329.60602,"widthscale":1.0,"oblique":0.0,"style":"new1","textgen":"0","alignh":"0","alignv":"0","interlin":-1.0},"geometry":{"type":"Point","coordinates":[52.422515611423769,29.820679640992811]}},{"type":"Feature","properties":{"fid":242.0,"handle":"3257","block":"-1","etype":"25","space":"0","layer":"numbr","olinetype":"BYLAYER","linetype":null,"color":"255,0,0,255","ocolor":"10","color24":"-1","transparen":"0","lweight":"-1","linewidth":0.0,"ltscale":1.0,"visible":"1","thickness":0.0,"ext":"(3:0,0,1)","height":3.0,"text":"135","angle":329.60602,"widthscale":1.0,"oblique":0.0,"style":"new1","textgen":"0","alignh":"0","alignv":"0","interlin":-1.0},"geometry":{"type":"Point","coordinates":[52.422203416751223,29.821096580848401]}},{"type":"Feature","properties":{"fid":244.0,"handle":"3259","block":"-1","etype":"25","space":"0","layer":"numbr","olinetype":"BYLAYER","linetype":null,"color":"255,0,0,255","ocolor":"10","color24":"-1","transparen":"0","lweight":"-1","linewidth":0.0,"ltscale":1.0,"visible":"1","thickness":0.0,"ext":"(3:0,0,1)","height":3.0,"text":"136","angle":329.60602,"widthscale":1.0,"oblique":0.0,"style":"new1","textgen":"0","alignh":"0","alignv":"0","interlin":-1.0},"geometry":{"type":"Point","coordinates":[52.422332974460147,29.821191611586652]}},{"type":"Feature","properties":{"fid":246.0,"handle":"3261","block":"-1","etype":"25","space":"0","layer":"numbr","olinetype":"BYLAYER","linetype":null,"color":"255,0,0,255","ocolor":"10","color24":"-1","transparen":"0","lweight":"-1","linewidth":0.0,"ltscale":1.0,"visible":"1","thickness":0.0,"ext":"(3:0,0,1)","height":3.0,"text":"137","angle":329.60602,"widthscale":1.0,"oblique":0.0,"style":"new1","textgen":"0","alignh":"0","alignv":"0","interlin":-1.0},"geometry":{"type":"Point","coordinates":[52.422495999807502,29.821312548166723]}},{"type":"Feature","properties":{"fid":248.0,"handle":"3263","block":"-1","etype":"25","space":"0","layer":"numbr","olinetype":"BYLAYER","linetype":null,"color":"255,0,0,255","ocolor":"10","color24":"-1","transparen":"0","lweight":"-1","linewidth":0.0,"ltscale":1.0,"visible":"1","thickness":0.0,"ext":"(3:0,0,1)","height":3.0,"text":"138","angle":329.60602,"widthscale":1.0,"oblique":0.0,"style":"new1","textgen":"0","alignh":"0","alignv":"0","interlin":-1.0},"geometry":{"type":"Point","coordinates":[52.422649585975535,29.821434399548696]}},{"type":"Feature","properties":{"fid":250.0,"handle":"3265","block":"-1","etype":"25","space":"0","layer":"numbr","olinetype":"BYLAYER","linetype":null,"color":"255,0,0,255","ocolor":"10","color24":"-1","transparen":"0","lweight":"-1","linewidth":0.0,"ltscale":1.0,"visible":"1","thickness":0.0,"ext":"(3:0,0,1)","height":3.0,"text":"139","angle":329.60602,"widthscale":1.0,"oblique":0.0,"style":"new1","textgen":"0","alignh":"0","alignv":"0","interlin":-1.0},"geometry":{"type":"Point","coordinates":[52.422815398209281,29.821536273638731]}},{"type":"Feature","properties":{"fid":252.0,"handle":"3267","block":"-1","etype":"25","space":"0","layer":"numbr","olinetype":"BYLAYER","linetype":null,"color":"255,0,0,255","ocolor":"10","color24":"-1","transparen":"0","lweight":"-1","linewidth":0.0,"ltscale":1.0,"visible":"1","thickness":0.0,"ext":"(3:0,0,1)","height":3.0,"text":"140","angle":329.60602,"widthscale":1.0,"oblique":0.0,"style":"new1","textgen":"0","alignh":"0","alignv":"0","interlin":-1.0},"geometry":{"type":"Point","coordinates":[52.422973287130183,29.821671777400216]}},{"type":"Feature","properties":{"fid":254.0,"handle":"3269","block":"-1","etype":"25","space":"0","layer":"numbr","olinetype":"BYLAYER","linetype":null,"color":"255,0,0,255","ocolor":"10","color24":"-1","transparen":"0","lweight":"-1","linewidth":0.0,"ltscale":1.0,"visible":"1","thickness":0.0,"ext":"(3:0,0,1)","height":3.0,"text":"141","angle":329.60602,"widthscale":1.0,"oblique":0.0,"style":"new1","textgen":"0","alignh":"0","alignv":"0","interlin":-1.0},"geometry":{"type":"Point","coordinates":[52.423134005559788,29.821781572801655]}},{"type":"Feature","properties":{"fid":256.0,"handle":"3271","block":"-1","etype":"25","space":"0","layer":"numbr","olinetype":"BYLAYER","linetype":null,"color":"255,0,0,255","ocolor":"10","color24":"-1","transparen":"0","lweight":"-1","linewidth":0.0,"ltscale":1.0,"visible":"1","thickness":0.0,"ext":"(3:0,0,1)","height":3.0,"text":"142","angle":329.60602,"widthscale":1.0,"oblique":0.0,"style":"new1","textgen":"0","alignh":"0","alignv":"0","interlin":-1.0},"geometry":{"type":"Point","coordinates":[52.423298506980956,29.821890513428382]}},{"type":"Feature","properties":{"fid":258.0,"handle":"3273","block":"-1","etype":"25","space":"0","layer":"numbr","olinetype":"BYLAYER","linetype":null,"color":"255,0,0,255","ocolor":"10","color24":"-1","transparen":"0","lweight":"-1","linewidth":0.0,"ltscale":1.0,"visible":"1","thickness":0.0,"ext":"(3:0,0,1)","height":3.0,"text":"143","angle":329.60602,"widthscale":1.0,"oblique":0.0,"style":"new1","textgen":"0","alignh":"0","alignv":"0","interlin":-1.0},"geometry":{"type":"Point","coordinates":[52.423472884915455,29.822009002182199]}},{"type":"Feature","properties":{"fid":260.0,"handle":"3275","block":"-1","etype":"25","space":"0","layer":"numbr","olinetype":"BYLAYER","linetype":null,"color":"255,0,0,255","ocolor":"10","color24":"-1","transparen":"0","lweight":"-1","linewidth":0.0,"ltscale":1.0,"visible":"1","thickness":0.0,"ext":"(3:0,0,1)","height":3.0,"text":"144","angle":329.60602,"widthscale":1.0,"oblique":0.0,"style":"new1","textgen":"0","alignh":"0","alignv":"0","interlin":-1.0},"geometry":{"type":"Point","coordinates":[52.423614800127474,29.822121091766839]}},{"type":"Feature","properties":{"fid":262.0,"handle":"3277","block":"-1","etype":"25","space":"0","layer":"numbr","olinetype":"BYLAYER","linetype":null,"color":"255,0,0,255","ocolor":"10","color24":"-1","transparen":"0","lweight":"-1","linewidth":0.0,"ltscale":1.0,"visible":"1","thickness":0.0,"ext":"(3:0,0,1)","height":3.0,"text":"145","angle":329.60602,"widthscale":1.0,"oblique":0.0,"style":"new1","textgen":"0","alignh":"0","alignv":"0","interlin":-1.0},"geometry":{"type":"Point","coordinates":[52.423763102486824,29.822234651172955]}},{"type":"Feature","properties":{"fid":264.0,"handle":"3279","block":"-1","etype":"25","space":"0","layer":"numbr","olinetype":"BYLAYER","linetype":null,"color":"255,0,0,255","ocolor":"10","color24":"-1","transparen":"0","lweight":"-1","linewidth":0.0,"ltscale":1.0,"visible":"1","thickness":0.0,"ext":"(3:0,0,1)","height":3.0,"text":"146","angle":329.60602,"widthscale":1.0,"oblique":0.0,"style":"new1","textgen":"0","alignh":"0","alignv":"0","interlin":-1.0},"geometry":{"type":"Point","coordinates":[52.423932309689391,29.822340568700955]}},{"type":"Feature","properties":{"fid":266.0,"handle":"3281","block":"-1","etype":"25","space":"0","layer":"numbr","olinetype":"BYLAYER","linetype":null,"color":"255,0,0,255","ocolor":"10","color24":"-1","transparen":"0","lweight":"-1","linewidth":0.0,"ltscale":1.0,"visible":"1","thickness":0.0,"ext":"(3:0,0,1)","height":3.0,"text":"147","angle":329.60602,"widthscale":1.0,"oblique":0.0,"style":"new1","textgen":"0","alignh":"0","alignv":"0","interlin":-1.0},"geometry":{"type":"Point","coordinates":[52.424184061108143,29.822516655254539]}},{"type":"Feature","properties":{"fid":268.0,"handle":"3283","block":"-1","etype":"25","space":"0","layer":"numbr","olinetype":"BYLAYER","linetype":null,"color":"255,0,0,255","ocolor":"10","color24":"-1","transparen":"0","lweight":"-1","linewidth":0.0,"ltscale":1.0,"visible":"1","thickness":0.0,"ext":"(3:0,0,1)","height":3.0,"text":"148","angle":329.60602,"widthscale":1.0,"oblique":0.0,"style":"new1","textgen":"0","alignh":"0","alignv":"0","interlin":-1.0},"geometry":{"type":"Point","coordinates":[52.424355133700757,29.822625098009055]}},{"type":"Feature","properties":{"fid":270.0,"handle":"3285","block":"-1","etype":"25","space":"0","layer":"numbr","olinetype":"BYLAYER","linetype":null,"color":"255,0,0,255","ocolor":"10","color24":"-1","transparen":"0","lweight":"-1","linewidth":0.0,"ltscale":1.0,"visible":"1","thickness":0.0,"ext":"(3:0,0,1)","height":3.0,"text":"149","angle":329.60602,"widthscale":1.0,"oblique":0.0,"style":"new1","textgen":"0","alignh":"0","alignv":"0","interlin":-1.0},"geometry":{"type":"Point","coordinates":[52.424504042106584,29.822768798834915]}},{"type":"Feature","properties":{"fid":272.0,"handle":"3287","block":"-1","etype":"25","space":"0","layer":"numbr","olinetype":"BYLAYER","linetype":null,"color":"255,0,0,255","ocolor":"10","color24":"-1","transparen":"0","lweight":"-1","linewidth":0.0,"ltscale":1.0,"visible":"1","thickness":0.0,"ext":"(3:0,0,1)","height":3.0,"text":"150","angle":329.60602,"widthscale":1.0,"oblique":0.0,"style":"new1","textgen":"0","alignh":"0","alignv":"0","interlin":-1.0},"geometry":{"type":"Point","coordinates":[52.424342328154104,29.823268804551866]}},{"type":"Feature","properties":{"fid":274.0,"handle":"3289","block":"-1","etype":"25","space":"0","layer":"numbr","olinetype":"BYLAYER","linetype":null,"color":"255,0,0,255","ocolor":"10","color24":"-1","transparen":"0","lweight":"-1","linewidth":0.0,"ltscale":1.0,"visible":"1","thickness":0.0,"ext":"(3:0,0,1)","height":3.0,"text":"151","angle":329.60602,"widthscale":1.0,"oblique":0.0,"style":"new1","textgen":"0","alignh":"0","alignv":"0","interlin":-1.0},"geometry":{"type":"Point","coordinates":[52.424187526476999,29.823127038497677]}},{"type":"Feature","properties":{"fid":276.0,"handle":"3291","block":"-1","etype":"25","space":"0","layer":"numbr","olinetype":"BYLAYER","linetype":null,"color":"255,0,0,255","ocolor":"10","color24":"-1","transparen":"0","lweight":"-1","linewidth":0.0,"ltscale":1.0,"visible":"1","thickness":0.0,"ext":"(3:0,0,1)","height":3.0,"text":"152","angle":329.60602,"widthscale":1.0,"oblique":0.0,"style":"new1","textgen":"0","alignh":"0","alignv":"0","interlin":-1.0},"geometry":{"type":"Point","coordinates":[52.424021072338881,29.823011983490211]}},{"type":"Feature","properties":{"fid":278.0,"handle":"3293","block":"-1","etype":"25","space":"0","layer":"numbr","olinetype":"BYLAYER","linetype":null,"color":"255,0,0,255","ocolor":"10","color24":"-1","transparen":"0","lweight":"-1","linewidth":0.0,"ltscale":1.0,"visible":"1","thickness":0.0,"ext":"(3:0,0,1)","height":3.0,"text":"153","angle":329.60602,"widthscale":1.0,"oblique":0.0,"style":"new1","textgen":"0","alignh":"0","alignv":"0","interlin":-1.0},"geometry":{"type":"Point","coordinates":[52.423861928102163,29.822888302651311]}},{"type":"Feature","properties":{"fid":280.0,"handle":"3295","block":"-1","etype":"25","space":"0","layer":"numbr","olinetype":"BYLAYER","linetype":null,"color":"255,0,0,255","ocolor":"10","color24":"-1","transparen":"0","lweight":"-1","linewidth":0.0,"ltscale":1.0,"visible":"1","thickness":0.0,"ext":"(3:0,0,1)","height":3.0,"text":"154","angle":329.60602,"widthscale":1.0,"oblique":0.0,"style":"new1","textgen":"0","alignh":"0","alignv":"0","interlin":-1.0},"geometry":{"type":"Point","coordinates":[52.423598727655992,29.82273997496193]}},{"type":"Feature","properties":{"fid":282.0,"handle":"3297","block":"-1","etype":"25","space":"0","layer":"numbr","olinetype":"BYLAYER","linetype":null,"color":"255,0,0,255","ocolor":"10","color24":"-1","transparen":"0","lweight":"-1","linewidth":0.0,"ltscale":1.0,"visible":"1","thickness":0.0,"ext":"(3:0,0,1)","height":3.0,"text":"155","angle":329.60602,"widthscale":1.0,"oblique":0.0,"style":"new1","textgen":"0","alignh":"0","alignv":"0","interlin":-1.0},"geometry":{"type":"Point","coordinates":[52.423470424128475,29.822647902742244]}},{"type":"Feature","properties":{"fid":284.0,"handle":"3299","block":"-1","etype":"25","space":"0","layer":"numbr","olinetype":"BYLAYER","linetype":null,"color":"255,0,0,255","ocolor":"10","color24":"-1","transparen":"0","lweight":"-1","linewidth":0.0,"ltscale":1.0,"visible":"1","thickness":0.0,"ext":"(3:0,0,1)","height":3.0,"text":"156","angle":329.60602,"widthscale":1.0,"oblique":0.0,"style":"new1","textgen":"0","alignh":"0","alignv":"0","interlin":-1.0},"geometry":{"type":"Point","coordinates":[52.423322133209687,29.822532132221525]}},{"type":"Feature","properties":{"fid":286.0,"handle":"3301","block":"-1","etype":"25","space":"0","layer":"numbr","olinetype":"BYLAYER","linetype":null,"color":"255,0,0,255","ocolor":"10","color24":"-1","transparen":"0","lweight":"-1","linewidth":0.0,"ltscale":1.0,"visible":"1","thickness":0.0,"ext":"(3:0,0,1)","height":3.0,"text":"157","angle":329.60602,"widthscale":1.0,"oblique":0.0,"style":"new1","textgen":"0","alignh":"0","alignv":"0","interlin":-1.0},"geometry":{"type":"Point","coordinates":[52.423156703295142,29.822401557628968]}},{"type":"Feature","properties":{"fid":288.0,"handle":"3303","block":"-1","etype":"25","space":"0","layer":"numbr","olinetype":"BYLAYER","linetype":null,"color":"255,0,0,255","ocolor":"10","color24":"-1","transparen":"0","lweight":"-1","linewidth":0.0,"ltscale":1.0,"visible":"1","thickness":0.0,"ext":"(3:0,0,1)","height":3.0,"text":"158","angle":329.60602,"widthscale":1.0,"oblique":0.0,"style":"new1","textgen":"0","alignh":"0","alignv":"0","interlin":-1.0},"geometry":{"type":"Point","coordinates":[52.423012758046582,29.822285430132922]}},{"type":"Feature","properties":{"fid":290.0,"handle":"3305","block":"-1","etype":"25","space":"0","layer":"numbr","olinetype":"BYLAYER","linetype":null,"color":"255,0,0,255","ocolor":"10","color24":"-1","transparen":"0","lweight":"-1","linewidth":0.0,"ltscale":1.0,"visible":"1","thickness":0.0,"ext":"(3:0,0,1)","height":3.0,"text":"159","angle":329.60602,"widthscale":1.0,"oblique":0.0,"style":"new1","textgen":"0","alignh":"0","alignv":"0","interlin":-1.0},"geometry":{"type":"Point","coordinates":[52.422838190860638,29.822167661387191]}},{"type":"Feature","properties":{"fid":292.0,"handle":"3307","block":"-1","etype":"25","space":"0","layer":"numbr","olinetype":"BYLAYER","linetype":null,"color":"255,0,0,255","ocolor":"10","color24":"-1","transparen":"0","lweight":"-1","linewidth":0.0,"ltscale":1.0,"visible":"1","thickness":0.0,"ext":"(3:0,0,1)","height":3.0,"text":"160","angle":329.60602,"widthscale":1.0,"oblique":0.0,"style":"new1","textgen":"0","alignh":"0","alignv":"0","interlin":-1.0},"geometry":{"type":"Point","coordinates":[52.422668507714242,29.822034766995195]}},{"type":"Feature","properties":{"fid":294.0,"handle":"3309","block":"-1","etype":"25","space":"0","layer":"numbr","olinetype":"BYLAYER","linetype":null,"color":"255,0,0,255","ocolor":"10","color24":"-1","transparen":"0","lweight":"-1","linewidth":0.0,"ltscale":1.0,"visible":"1","thickness":0.0,"ext":"(3:0,0,1)","height":3.0,"text":"161","angle":329.60602,"widthscale":1.0,"oblique":0.0,"style":"new1","textgen":"0","alignh":"0","alignv":"0","interlin":-1.0},"geometry":{"type":"Point","coordinates":[52.422491734963138,29.821917133034177]}},{"type":"Feature","properties":{"fid":296.0,"handle":"3311","block":"-1","etype":"25","space":"0","layer":"numbr","olinetype":"BYLAYER","linetype":null,"color":"255,0,0,255","ocolor":"10","color24":"-1","transparen":"0","lweight":"-1","linewidth":0.0,"ltscale":1.0,"visible":"1","thickness":0.0,"ext":"(3:0,0,1)","height":3.0,"text":"162","angle":329.60602,"widthscale":1.0,"oblique":0.0,"style":"new1","textgen":"0","alignh":"0","alignv":"0","interlin":-1.0},"geometry":{"type":"Point","coordinates":[52.422338924379993,29.821799305803939]}},{"type":"Feature","properties":{"fid":298.0,"handle":"3313","block":"-1","etype":"25","space":"0","layer":"numbr","olinetype":"BYLAYER","linetype":null,"color":"255,0,0,255","ocolor":"10","color24":"-1","transparen":"0","lweight":"-1","linewidth":0.0,"ltscale":1.0,"visible":"1","thickness":0.0,"ext":"(3:0,0,1)","height":3.0,"text":"163","angle":329.60602,"widthscale":1.0,"oblique":0.0,"style":"new1","textgen":"0","alignh":"0","alignv":"0","interlin":-1.0},"geometry":{"type":"Point","coordinates":[52.422174629000729,29.82169325409005]}},{"type":"Feature","properties":{"fid":300.0,"handle":"3315","block":"-1","etype":"25","space":"0","layer":"numbr","olinetype":"BYLAYER","linetype":null,"color":"255,0,0,255","ocolor":"10","color24":"-1","transparen":"0","lweight":"-1","linewidth":0.0,"ltscale":1.0,"visible":"1","thickness":0.0,"ext":"(3:0,0,1)","height":3.0,"text":"164","angle":329.60602,"widthscale":1.0,"oblique":0.0,"style":"new1","textgen":"0","alignh":"0","alignv":"0","interlin":-1.0},"geometry":{"type":"Point","coordinates":[52.422000097190256,29.82155651043394]}},{"type":"Feature","properties":{"fid":302.0,"handle":"3317","block":"-1","etype":"25","space":"0","layer":"numbr","olinetype":"BYLAYER","linetype":null,"color":"255,0,0,255","ocolor":"10","color24":"-1","transparen":"0","lweight":"-1","linewidth":0.0,"ltscale":1.0,"visible":"1","thickness":0.0,"ext":"(3:0,0,1)","height":3.0,"text":"165","angle":329.60602,"widthscale":1.0,"oblique":0.0,"style":"new1","textgen":"0","alignh":"0","alignv":"0","interlin":-1.0},"geometry":{"type":"Point","coordinates":[52.422755200227506,29.822583662582453]}},{"type":"Feature","properties":{"fid":304.0,"handle":"3319","block":"-1","etype":"25","space":"0","layer":"numbr","olinetype":"BYLAYER","linetype":null,"color":"255,0,0,255","ocolor":"10","color24":"-1","transparen":"0","lweight":"-1","linewidth":0.0,"ltscale":1.0,"visible":"1","thickness":0.0,"ext":"(3:0,0,1)","height":3.0,"text":"166","angle":329.60602,"widthscale":1.0,"oblique":0.0,"style":"new1","textgen":"0","alignh":"0","alignv":"0","interlin":-1.0},"geometry":{"type":"Point","coordinates":[52.423252500030202,29.822900384972559]}},{"type":"Feature","properties":{"fid":306.0,"handle":"3321","block":"-1","etype":"25","space":"0","layer":"numbr","olinetype":"BYLAYER","linetype":null,"color":"255,0,0,255","ocolor":"10","color24":"-1","transparen":"0","lweight":"-1","linewidth":0.0,"ltscale":1.0,"visible":"1","thickness":0.0,"ext":"(3:0,0,1)","height":3.0,"text":"167","angle":329.60602,"widthscale":1.0,"oblique":0.0,"style":"new1","textgen":"0","alignh":"0","alignv":"0","interlin":-1.0},"geometry":{"type":"Point","coordinates":[52.423337879511529,29.823332998009747]}},{"type":"Feature","properties":{"fid":308.0,"handle":"3323","block":"-1","etype":"25","space":"0","layer":"numbr","olinetype":"BYLAYER","linetype":null,"color":"255,0,0,255","ocolor":"10","color24":"-1","transparen":"0","lweight":"-1","linewidth":0.0,"ltscale":1.0,"visible":"1","thickness":0.0,"ext":"(3:0,0,1)","height":3.0,"text":"168","angle":329.60602,"widthscale":1.0,"oblique":0.0,"style":"new1","textgen":"0","alignh":"0","alignv":"0","interlin":-1.0},"geometry":{"type":"Point","coordinates":[52.423506661502834,29.823436417504148]}},{"type":"Feature","properties":{"fid":310.0,"handle":"3325","block":"-1","etype":"25","space":"0","layer":"numbr","olinetype":"BYLAYER","linetype":null,"color":"255,0,0,255","ocolor":"10","color24":"-1","transparen":"0","lweight":"-1","linewidth":0.0,"ltscale":1.0,"visible":"1","thickness":0.0,"ext":"(3:0,0,1)","height":3.0,"text":"169","angle":329.60602,"widthscale":1.0,"oblique":0.0,"style":"new1","textgen":"0","alignh":"0","alignv":"0","interlin":-1.0},"geometry":{"type":"Point","coordinates":[52.423654438505267,29.823556341390862]}},{"type":"Feature","properties":{"fid":312.0,"handle":"3327","block":"-1","etype":"25","space":"0","layer":"numbr","olinetype":"BYLAYER","linetype":null,"color":"255,0,0,255","ocolor":"10","color24":"-1","transparen":"0","lweight":"-1","linewidth":0.0,"ltscale":1.0,"visible":"1","thickness":0.0,"ext":"(3:0,0,1)","height":3.0,"text":"170","angle":329.60602,"widthscale":1.0,"oblique":0.0,"style":"new1","textgen":"0","alignh":"0","alignv":"0","interlin":-1.0},"geometry":{"type":"Point","coordinates":[52.423808471371579,29.823672376011615]}},{"type":"Feature","properties":{"fid":314.0,"handle":"3329","block":"-1","etype":"25","space":"0","layer":"numbr","olinetype":"BYLAYER","linetype":null,"color":"255,0,0,255","ocolor":"10","color24":"-1","transparen":"0","lweight":"-1","linewidth":0.0,"ltscale":1.0,"visible":"1","thickness":0.0,"ext":"(3:0,0,1)","height":3.0,"text":"171","angle":329.60602,"widthscale":1.0,"oblique":0.0,"style":"new1","textgen":"0","alignh":"0","alignv":"0","interlin":-1.0},"geometry":{"type":"Point","coordinates":[52.423981095870403,29.823807075825442]}},{"type":"Feature","properties":{"fid":316.0,"handle":"3331","block":"-1","etype":"25","space":"0","layer":"numbr","olinetype":"BYLAYER","linetype":null,"color":"255,0,0,255","ocolor":"10","color24":"-1","transparen":"0","lweight":"-1","linewidth":0.0,"ltscale":1.0,"visible":"1","thickness":0.0,"ext":"(3:0,0,1)","height":3.0,"text":"172","angle":329.60602,"widthscale":1.0,"oblique":0.0,"style":"new1","textgen":"0","alignh":"0","alignv":"0","interlin":-1.0},"geometry":{"type":"Point","coordinates":[52.424115177652304,29.824009802386257]}},{"type":"Feature","properties":{"fid":318.0,"handle":"3333","block":"-1","etype":"25","space":"0","layer":"numbr","olinetype":"BYLAYER","linetype":null,"color":"255,0,0,255","ocolor":"10","color24":"-1","transparen":"0","lweight":"-1","linewidth":0.0,"ltscale":1.0,"visible":"1","thickness":0.0,"ext":"(3:0,0,1)","height":3.0,"text":"173","angle":329.60602,"widthscale":1.0,"oblique":0.0,"style":"new1","textgen":"0","alignh":"0","alignv":"0","interlin":-1.0},"geometry":{"type":"Point","coordinates":[52.423649800563055,29.824135498917922]}},{"type":"Feature","properties":{"fid":320.0,"handle":"3335","block":"-1","etype":"25","space":"0","layer":"numbr","olinetype":"BYLAYER","linetype":null,"color":"255,0,0,255","ocolor":"10","color24":"-1","transparen":"0","lweight":"-1","linewidth":0.0,"ltscale":1.0,"visible":"1","thickness":0.0,"ext":"(3:0,0,1)","height":3.0,"text":"174","angle":329.60602,"widthscale":1.0,"oblique":0.0,"style":"new1","textgen":"0","alignh":"0","alignv":"0","interlin":-1.0},"geometry":{"type":"Point","coordinates":[52.423497312398702,29.824019883069628]}},{"type":"Feature","properties":{"fid":322.0,"handle":"3337","block":"-1","etype":"25","space":"0","layer":"numbr","olinetype":"BYLAYER","linetype":null,"color":"255,0,0,255","ocolor":"10","color24":"-1","transparen":"0","lweight":"-1","linewidth":0.0,"ltscale":1.0,"visible":"1","thickness":0.0,"ext":"(3:0,0,1)","height":3.0,"text":"175","angle":329.60602,"widthscale":1.0,"oblique":0.0,"style":"new1","textgen":"0","alignh":"0","alignv":"0","interlin":-1.0},"geometry":{"type":"Point","coordinates":[52.423348882429352,29.823892300373014]}},{"type":"Feature","properties":{"fid":324.0,"handle":"3339","block":"-1","etype":"25","space":"0","layer":"numbr","olinetype":"BYLAYER","linetype":null,"color":"255,0,0,255","ocolor":"10","color24":"-1","transparen":"0","lweight":"-1","linewidth":0.0,"ltscale":1.0,"visible":"1","thickness":0.0,"ext":"(3:0,0,1)","height":3.0,"text":"176","angle":329.60602,"widthscale":1.0,"oblique":0.0,"style":"new1","textgen":"0","alignh":"0","alignv":"0","interlin":-1.0},"geometry":{"type":"Point","coordinates":[52.423192927321878,29.823787398902297]}},{"type":"Feature","properties":{"fid":326.0,"handle":"3341","block":"-1","etype":"25","space":"0","layer":"numbr","olinetype":"BYLAYER","linetype":null,"color":"255,0,0,255","ocolor":"10","color24":"-1","transparen":"0","lweight":"-1","linewidth":0.0,"ltscale":1.0,"visible":"1","thickness":0.0,"ext":"(3:0,0,1)","height":3.0,"text":"177","angle":329.60602,"widthscale":1.0,"oblique":0.0,"style":"new1","textgen":"0","alignh":"0","alignv":"0","interlin":-1.0},"geometry":{"type":"Point","coordinates":[52.423027088358829,29.823659625992551]}},{"type":"Feature","properties":{"fid":328.0,"handle":"3343","block":"-1","etype":"25","space":"0","layer":"numbr","olinetype":"BYLAYER","linetype":null,"color":"255,0,0,255","ocolor":"10","color24":"-1","transparen":"0","lweight":"-1","linewidth":0.0,"ltscale":1.0,"visible":"1","thickness":0.0,"ext":"(3:0,0,1)","height":3.0,"text":"178","angle":329.60602,"widthscale":1.0,"oblique":0.0,"style":"new1","textgen":"0","alignh":"0","alignv":"0","interlin":-1.0},"geometry":{"type":"Point","coordinates":[52.423134170585541,29.823038037580645]}},{"type":"Feature","properties":{"fid":330.0,"handle":"3345","block":"-1","etype":"25","space":"0","layer":"numbr","olinetype":"BYLAYER","linetype":null,"color":"255,0,0,255","ocolor":"10","color24":"-1","transparen":"0","lweight":"-1","linewidth":0.0,"ltscale":1.0,"visible":"1","thickness":0.0,"ext":"(3:0,0,1)","height":3.0,"text":"179","angle":329.60602,"widthscale":1.0,"oblique":0.0,"style":"new1","textgen":"0","alignh":"0","alignv":"0","interlin":-1.0},"geometry":{"type":"Point","coordinates":[52.422672291250088,29.822779395006641]}},{"type":"Feature","properties":{"fid":332.0,"handle":"3347","block":"-1","etype":"25","space":"0","layer":"numbr","olinetype":"BYLAYER","linetype":null,"color":"255,0,0,255","ocolor":"10","color24":"-1","transparen":"0","lweight":"-1","linewidth":0.0,"ltscale":1.0,"visible":"1","thickness":0.0,"ext":"(3:0,0,1)","height":3.0,"text":"180","angle":329.60602,"widthscale":1.0,"oblique":0.0,"style":"new1","textgen":"0","alignh":"0","alignv":"0","interlin":-1.0},"geometry":{"type":"Point","coordinates":[52.422352575345137,29.82278034711122]}},{"type":"Feature","properties":{"fid":334.0,"handle":"3349","block":"-1","etype":"25","space":"0","layer":"numbr","olinetype":"BYLAYER","linetype":null,"color":"255,0,0,255","ocolor":"10","color24":"-1","transparen":"0","lweight":"-1","linewidth":0.0,"ltscale":1.0,"visible":"1","thickness":0.0,"ext":"(3:0,0,1)","height":3.0,"text":"181","angle":329.60602,"widthscale":1.0,"oblique":0.0,"style":"new1","textgen":"0","alignh":"0","alignv":"0","interlin":-1.0},"geometry":{"type":"Point","coordinates":[52.423008231552544,29.823191572835199]}},{"type":"Feature","properties":{"fid":336.0,"handle":"3351","block":"-1","etype":"25","space":"0","layer":"numbr","olinetype":"BYLAYER","linetype":null,"color":"255,0,0,255","ocolor":"10","color24":"-1","transparen":"0","lweight":"-1","linewidth":0.0,"ltscale":1.0,"visible":"1","thickness":0.0,"ext":"(3:0,0,1)","height":3.0,"text":"182","angle":329.60602,"widthscale":1.0,"oblique":0.0,"style":"new1","textgen":"0","alignh":"0","alignv":"0","interlin":-1.0},"geometry":{"type":"Point","coordinates":[52.422858255547595,29.823311255003436]}},{"type":"Feature","properties":{"fid":338.0,"handle":"3353","block":"-1","etype":"25","space":"0","layer":"numbr","olinetype":"BYLAYER","linetype":null,"color":"255,0,0,255","ocolor":"10","color24":"-1","transparen":"0","lweight":"-1","linewidth":0.0,"ltscale":1.0,"visible":"1","thickness":0.0,"ext":"(3:0,0,1)","height":3.0,"text":"183","angle":329.60602,"widthscale":1.0,"oblique":0.0,"style":"new1","textgen":"0","alignh":"0","alignv":"0","interlin":-1.0},"geometry":{"type":"Point","coordinates":[52.422220663311258,29.822913823622454]}},{"type":"Feature","properties":{"fid":340.0,"handle":"3355","block":"-1","etype":"25","space":"0","layer":"numbr","olinetype":"BYLAYER","linetype":null,"color":"255,0,0,255","ocolor":"10","color24":"-1","transparen":"0","lweight":"-1","linewidth":0.0,"ltscale":1.0,"visible":"1","thickness":0.0,"ext":"(3:0,0,1)","height":3.0,"text":"184","angle":329.60602,"widthscale":1.0,"oblique":0.0,"style":"new1","textgen":"0","alignh":"0","alignv":"0","interlin":-1.0},"geometry":{"type":"Point","coordinates":[52.422075314676363,29.823040252355998]}},{"type":"Feature","properties":{"fid":342.0,"handle":"3357","block":"-1","etype":"25","space":"0","layer":"numbr","olinetype":"BYLAYER","linetype":null,"color":"255,0,0,255","ocolor":"10","color24":"-1","transparen":"0","lweight":"-1","linewidth":0.0,"ltscale":1.0,"visible":"1","thickness":0.0,"ext":"(3:0,0,1)","height":3.0,"text":"185","angle":329.60602,"widthscale":1.0,"oblique":0.0,"style":"new1","textgen":"0","alignh":"0","alignv":"0","interlin":-1.0},"geometry":{"type":"Point","coordinates":[52.422733696935644,29.823458811625603]}},{"type":"Feature","properties":{"fid":344.0,"handle":"3359","block":"-1","etype":"25","space":"0","layer":"numbr","olinetype":"BYLAYER","linetype":null,"color":"255,0,0,255","ocolor":"10","color24":"-1","transparen":"0","lweight":"-1","linewidth":0.0,"ltscale":1.0,"visible":"1","thickness":0.0,"ext":"(3:0,0,1)","height":3.0,"text":"186","angle":329.60602,"widthscale":1.0,"oblique":0.0,"style":"new1","textgen":"0","alignh":"0","alignv":"0","interlin":-1.0},"geometry":{"type":"Point","coordinates":[52.423214778165757,29.824274631308626]}},{"type":"Feature","properties":{"fid":346.0,"handle":"3361","block":"-1","etype":"25","space":"0","layer":"numbr","olinetype":"BYLAYER","linetype":null,"color":"255,0,0,255","ocolor":"10","color24":"-1","transparen":"0","lweight":"-1","linewidth":0.0,"ltscale":1.0,"visible":"1","thickness":0.0,"ext":"(3:0,0,1)","height":3.0,"text":"187","angle":329.60602,"widthscale":1.0,"oblique":0.0,"style":"new1","textgen":"0","alignh":"0","alignv":"0","interlin":-1.0},"geometry":{"type":"Point","coordinates":[52.422982814408329,29.824063470583983]}},{"type":"Feature","properties":{"fid":348.0,"handle":"3363","block":"-1","etype":"25","space":"0","layer":"numbr","olinetype":"BYLAYER","linetype":null,"color":"255,0,0,255","ocolor":"10","color24":"-1","transparen":"0","lweight":"-1","linewidth":0.0,"ltscale":1.0,"visible":"1","thickness":0.0,"ext":"(3:0,0,1)","height":3.0,"text":"188","angle":329.60602,"widthscale":1.0,"oblique":0.0,"style":"new1","textgen":"0","alignh":"0","alignv":"0","interlin":-1.0},"geometry":{"type":"Point","coordinates":[52.422840283108997,29.824171631399832]}},{"type":"Feature","properties":{"fid":350.0,"handle":"3365","block":"-1","etype":"25","space":"0","layer":"numbr","olinetype":"BYLAYER","linetype":null,"color":"255,0,0,255","ocolor":"10","color24":"-1","transparen":"0","lweight":"-1","linewidth":0.0,"ltscale":1.0,"visible":"1","thickness":0.0,"ext":"(3:0,0,1)","height":3.0,"text":"189","angle":329.60602,"widthscale":1.0,"oblique":0.0,"style":"new1","textgen":"0","alignh":"0","alignv":"0","interlin":-1.0},"geometry":{"type":"Point","coordinates":[52.422652826201301,29.824292846581194]}},{"type":"Feature","properties":{"fid":352.0,"handle":"3367","block":"-1","etype":"25","space":"0","layer":"numbr","olinetype":"BYLAYER","linetype":null,"color":"255,0,0,255","ocolor":"10","color24":"-1","transparen":"0","lweight":"-1","linewidth":0.0,"ltscale":1.0,"visible":"1","thickness":0.0,"ext":"(3:0,0,1)","height":3.0,"text":"190","angle":329.60602,"widthscale":1.0,"oblique":0.0,"style":"new1","textgen":"0","alignh":"0","alignv":"0","interlin":-1.0},"geometry":{"type":"Point","coordinates":[52.422397237500228,29.823944677231307]}},{"type":"Feature","properties":{"fid":354.0,"handle":"3369","block":"-1","etype":"25","space":"0","layer":"numbr","olinetype":"BYLAYER","linetype":null,"color":"255,0,0,255","ocolor":"10","color24":"-1","transparen":"0","lweight":"-1","linewidth":0.0,"ltscale":1.0,"visible":"1","thickness":0.0,"ext":"(3:0,0,1)","height":3.0,"text":"191","angle":329.60602,"widthscale":1.0,"oblique":0.0,"style":"new1","textgen":"0","alignh":"0","alignv":"0","interlin":-1.0},"geometry":{"type":"Point","coordinates":[52.422231522245731,29.823810799500382]}},{"type":"Feature","properties":{"fid":356.0,"handle":"3371","block":"-1","etype":"25","space":"0","layer":"numbr","olinetype":"BYLAYER","linetype":null,"color":"255,0,0,255","ocolor":"10","color24":"-1","transparen":"0","lweight":"-1","linewidth":0.0,"ltscale":1.0,"visible":"1","thickness":0.0,"ext":"(3:0,0,1)","height":3.0,"text":"192","angle":329.60602,"widthscale":1.0,"oblique":0.0,"style":"new1","textgen":"0","alignh":"0","alignv":"0","interlin":-1.0},"geometry":{"type":"Point","coordinates":[52.422063598716655,29.823694790106149]}},{"type":"Feature","properties":{"fid":358.0,"handle":"3373","block":"-1","etype":"25","space":"0","layer":"numbr","olinetype":"BYLAYER","linetype":null,"color":"255,0,0,255","ocolor":"10","color24":"-1","transparen":"0","lweight":"-1","linewidth":0.0,"ltscale":1.0,"visible":"1","thickness":0.0,"ext":"(3:0,0,1)","height":3.0,"text":"193","angle":329.60602,"widthscale":1.0,"oblique":0.0,"style":"new1","textgen":"0","alignh":"0","alignv":"0","interlin":-1.0},"geometry":{"type":"Point","coordinates":[52.421974989048259,29.8233383319673]}},{"type":"Feature","properties":{"fid":360.0,"handle":"3375","block":"-1","etype":"25","space":"0","layer":"numbr","olinetype":"BYLAYER","linetype":null,"color":"255,0,0,255","ocolor":"10","color24":"-1","transparen":"0","lweight":"-1","linewidth":0.0,"ltscale":1.0,"visible":"1","thickness":0.0,"ext":"(3:0,0,1)","height":3.0,"text":"194","angle":329.60602,"widthscale":1.0,"oblique":0.0,"style":"new1","textgen":"0","alignh":"0","alignv":"0","interlin":-1.0},"geometry":{"type":"Point","coordinates":[52.42182700628085,29.823455770798784]}},{"type":"Feature","properties":{"fid":362.0,"handle":"3377","block":"-1","etype":"25","space":"0","layer":"numbr","olinetype":"BYLAYER","linetype":null,"color":"255,0,0,255","ocolor":"10","color24":"-1","transparen":"0","lweight":"-1","linewidth":0.0,"ltscale":1.0,"visible":"1","thickness":0.0,"ext":"(3:0,0,1)","height":3.0,"text":"195","angle":329.60602,"widthscale":1.0,"oblique":0.0,"style":"new1","textgen":"0","alignh":"0","alignv":"0","interlin":-1.0},"geometry":{"type":"Point","coordinates":[52.421690641359959,29.823594220951737]}},{"type":"Feature","properties":{"fid":365.0,"handle":"3380","block":"-1","etype":"25","space":"0","layer":"numbr","olinetype":"BYLAYER","linetype":null,"color":"255,0,0,255","ocolor":"10","color24":"-1","transparen":"0","lweight":"-1","linewidth":0.0,"ltscale":1.0,"visible":"1","thickness":0.0,"ext":"(3:0,0,1)","height":3.0,"text":"197","angle":329.60602,"widthscale":1.0,"oblique":0.0,"style":"new1","textgen":"0","alignh":"0","alignv":"0","interlin":-1.0},"geometry":{"type":"Point","coordinates":[52.421437184571907,29.823870208040205]}},{"type":"Feature","properties":{"fid":367.0,"handle":"3382","block":"-1","etype":"25","space":"0","layer":"numbr","olinetype":"BYLAYER","linetype":null,"color":"255,0,0,255","ocolor":"10","color24":"-1","transparen":"0","lweight":"-1","linewidth":0.0,"ltscale":1.0,"visible":"1","thickness":0.0,"ext":"(3:0,0,1)","height":3.0,"text":"198","angle":329.60602,"widthscale":1.0,"oblique":0.0,"style":"new1","textgen":"0","alignh":"0","alignv":"0","interlin":-1.0},"geometry":{"type":"Point","coordinates":[52.421737549644703,29.824042389454952]}},{"type":"Feature","properties":{"fid":369.0,"handle":"3384","block":"-1","etype":"25","space":"0","layer":"numbr","olinetype":"BYLAYER","linetype":null,"color":"255,0,0,255","ocolor":"10","color24":"-1","transparen":"0","lweight":"-1","linewidth":0.0,"ltscale":1.0,"visible":"1","thickness":0.0,"ext":"(3:0,0,1)","height":3.0,"text":"199","angle":329.60602,"widthscale":1.0,"oblique":0.0,"style":"new1","textgen":"0","alignh":"0","alignv":"0","interlin":-1.0},"geometry":{"type":"Point","coordinates":[52.421908592593219,29.824164207645865]}},{"type":"Feature","properties":{"fid":371.0,"handle":"3386","block":"-1","etype":"25","space":"0","layer":"numbr","olinetype":"BYLAYER","linetype":null,"color":"255,0,0,255","ocolor":"10","color24":"-1","transparen":"0","lweight":"-1","linewidth":0.0,"ltscale":1.0,"visible":"1","thickness":0.0,"ext":"(3:0,0,1)","height":3.0,"text":"200","angle":329.60602,"widthscale":1.0,"oblique":0.0,"style":"new1","textgen":"0","alignh":"0","alignv":"0","interlin":-1.0},"geometry":{"type":"Point","coordinates":[52.422061912275204,29.824279508753044]}},{"type":"Feature","properties":{"fid":373.0,"handle":"3388","block":"-1","etype":"25","space":"0","layer":"numbr","olinetype":"BYLAYER","linetype":null,"color":"255,0,0,255","ocolor":"10","color24":"-1","transparen":"0","lweight":"-1","linewidth":0.0,"ltscale":1.0,"visible":"1","thickness":0.0,"ext":"(3:0,0,1)","height":3.0,"text":"201","angle":329.60602,"widthscale":1.0,"oblique":0.0,"style":"new1","textgen":"0","alignh":"0","alignv":"0","interlin":-1.0},"geometry":{"type":"Point","coordinates":[52.422307853812868,29.824368730755126]}},{"type":"Feature","properties":{"fid":375.0,"handle":"3390","block":"-1","etype":"25","space":"0","layer":"numbr","olinetype":"BYLAYER","linetype":null,"color":"255,0,0,255","ocolor":"10","color24":"-1","transparen":"0","lweight":"-1","linewidth":0.0,"ltscale":1.0,"visible":"1","thickness":0.0,"ext":"(3:0,0,1)","height":3.0,"text":"202","angle":329.60602,"widthscale":1.0,"oblique":0.0,"style":"new1","textgen":"0","alignh":"0","alignv":"0","interlin":-1.0},"geometry":{"type":"Point","coordinates":[52.421816006017956,29.824482546477157]}},{"type":"Feature","properties":{"fid":377.0,"handle":"3392","block":"-1","etype":"25","space":"0","layer":"numbr","olinetype":"BYLAYER","linetype":null,"color":"255,0,0,255","ocolor":"10","color24":"-1","transparen":"0","lweight":"-1","linewidth":0.0,"ltscale":1.0,"visible":"1","thickness":0.0,"ext":"(3:0,0,1)","height":3.0,"text":"203","angle":329.60602,"widthscale":1.0,"oblique":0.0,"style":"new1","textgen":"0","alignh":"0","alignv":"0","interlin":-1.0},"geometry":{"type":"Point","coordinates":[52.421478750648568,29.824185431263473]}},{"type":"Feature","properties":{"fid":379.0,"handle":"3394","block":"-1","etype":"25","space":"0","layer":"numbr","olinetype":"BYLAYER","linetype":null,"color":"255,0,0,255","ocolor":"10","color24":"-1","transparen":"0","lweight":"-1","linewidth":0.0,"ltscale":1.0,"visible":"1","thickness":0.0,"ext":"(3:0,0,1)","height":3.0,"text":"204","angle":329.60602,"widthscale":1.0,"oblique":0.0,"style":"new1","textgen":"0","alignh":"0","alignv":"0","interlin":-1.0},"geometry":{"type":"Point","coordinates":[52.421338365842971,29.824318798386724]}},{"type":"Feature","properties":{"fid":381.0,"handle":"3396","block":"-1","etype":"25","space":"0","layer":"numbr","olinetype":"BYLAYER","linetype":null,"color":"255,0,0,255","ocolor":"10","color24":"-1","transparen":"0","lweight":"-1","linewidth":0.0,"ltscale":1.0,"visible":"1","thickness":0.0,"ext":"(3:0,0,1)","height":3.0,"text":"205","angle":329.60602,"widthscale":1.0,"oblique":0.0,"style":"new1","textgen":"0","alignh":"0","alignv":"0","interlin":-1.0},"geometry":{"type":"Point","coordinates":[52.421204067358694,29.824475950568267]}},{"type":"Feature","properties":{"fid":383.0,"handle":"3398","block":"-1","etype":"25","space":"0","layer":"numbr","olinetype":"BYLAYER","linetype":null,"color":"255,0,0,255","ocolor":"10","color24":"-1","transparen":"0","lweight":"-1","linewidth":0.0,"ltscale":1.0,"visible":"1","thickness":0.0,"ext":"(3:0,0,1)","height":3.0,"text":"206","angle":329.60602,"widthscale":1.0,"oblique":0.0,"style":"new1","textgen":"0","alignh":"0","alignv":"0","interlin":-1.0},"geometry":{"type":"Point","coordinates":[52.420974457699018,29.824621541930753]}},{"type":"Feature","properties":{"fid":385.0,"handle":"3400","block":"-1","etype":"25","space":"0","layer":"numbr","olinetype":"BYLAYER","linetype":null,"color":"255,0,0,255","ocolor":"10","color24":"-1","transparen":"0","lweight":"-1","linewidth":0.0,"ltscale":1.0,"visible":"1","thickness":0.0,"ext":"(3:0,0,1)","height":3.0,"text":"207","angle":329.60602,"widthscale":1.0,"oblique":0.0,"style":"new1","textgen":"0","alignh":"0","alignv":"0","interlin":-1.0},"geometry":{"type":"Point","coordinates":[52.420684359610135,29.824353700714759]}},{"type":"Feature","properties":{"fid":387.0,"handle":"3402","block":"-1","etype":"25","space":"0","layer":"numbr","olinetype":"BYLAYER","linetype":null,"color":"255,0,0,255","ocolor":"10","color24":"-1","transparen":"0","lweight":"-1","linewidth":0.0,"ltscale":1.0,"visible":"1","thickness":0.0,"ext":"(3:0,0,1)","height":3.0,"text":"208","angle":329.60602,"widthscale":1.0,"oblique":0.0,"style":"new1","textgen":"0","alignh":"0","alignv":"0","interlin":-1.0},"geometry":{"type":"Point","coordinates":[52.420893628402112,29.82423514507985]}},{"type":"Feature","properties":{"fid":389.0,"handle":"3404","block":"-1","etype":"25","space":"0","layer":"numbr","olinetype":"BYLAYER","linetype":null,"color":"255,0,0,255","ocolor":"10","color24":"-1","transparen":"0","lweight":"-1","linewidth":0.0,"ltscale":1.0,"visible":"1","thickness":0.0,"ext":"(3:0,0,1)","height":3.0,"text":"209","angle":329.60602,"widthscale":1.0,"oblique":0.0,"style":"new1","textgen":"0","alignh":"0","alignv":"0","interlin":-1.0},"geometry":{"type":"Point","coordinates":[52.421029694735566,29.824104594744007]}},{"type":"Feature","properties":{"fid":391.0,"handle":"3406","block":"-1","etype":"25","space":"0","layer":"numbr","olinetype":"BYLAYER","linetype":null,"color":"255,0,0,255","ocolor":"10","color24":"-1","transparen":"0","lweight":"-1","linewidth":0.0,"ltscale":1.0,"visible":"1","thickness":0.0,"ext":"(3:0,0,1)","height":3.0,"text":"211","angle":329.60602,"widthscale":1.0,"oblique":0.0,"style":"new1","textgen":"0","alignh":"0","alignv":"0","interlin":-1.0},"geometry":{"type":"Point","coordinates":[52.422364503093078,29.822238410518136]}},{"type":"Feature","properties":{"fid":393.0,"handle":"3408","block":"-1","etype":"25","space":"0","layer":"numbr","olinetype":"BYLAYER","linetype":null,"color":"255,0,0,255","ocolor":"10","color24":"-1","transparen":"0","lweight":"-1","linewidth":0.0,"ltscale":1.0,"visible":"1","thickness":0.0,"ext":"(3:0,0,1)","height":3.0,"text":"212","angle":329.60602,"widthscale":1.0,"oblique":0.0,"style":"new1","textgen":"0","alignh":"0","alignv":"0","interlin":-1.0},"geometry":{"type":"Point","coordinates":[52.422142605903595,29.822142490403099]}},{"type":"Feature","properties":{"fid":395.0,"handle":"3410","block":"-1","etype":"25","space":"0","layer":"numbr","olinetype":"BYLAYER","linetype":null,"color":"255,0,0,255","ocolor":"10","color24":"-1","transparen":"0","lweight":"-1","linewidth":0.0,"ltscale":1.0,"visible":"1","thickness":0.0,"ext":"(3:0,0,1)","height":3.0,"text":"213","angle":329.60602,"widthscale":1.0,"oblique":0.0,"style":"new1","textgen":"0","alignh":"0","alignv":"0","interlin":-1.0},"geometry":{"type":"Point","coordinates":[52.421944670972927,29.822014111190523]}},{"type":"Feature","properties":{"fid":397.0,"handle":"3412","block":"-1","etype":"25","space":"0","layer":"numbr","olinetype":"BYLAYER","linetype":null,"color":"255,0,0,255","ocolor":"10","color24":"-1","transparen":"0","lweight":"-1","linewidth":0.0,"ltscale":1.0,"visible":"1","thickness":0.0,"ext":"(3:0,0,1)","height":3.0,"text":"214","angle":329.60602,"widthscale":1.0,"oblique":0.0,"style":"new1","textgen":"0","alignh":"0","alignv":"0","interlin":-1.0},"geometry":{"type":"Point","coordinates":[52.421732152127859,29.821901363569314]}},{"type":"Feature","properties":{"fid":399.0,"handle":"3414","block":"-1","etype":"25","space":"0","layer":"numbr","olinetype":"BYLAYER","linetype":null,"color":"255,0,0,255","ocolor":"10","color24":"-1","transparen":"0","lweight":"-1","linewidth":0.0,"ltscale":1.0,"visible":"1","thickness":0.0,"ext":"(3:0,0,1)","height":3.0,"text":"215","angle":329.60602,"widthscale":1.0,"oblique":0.0,"style":"new1","textgen":"0","alignh":"0","alignv":"0","interlin":-1.0},"geometry":{"type":"Point","coordinates":[52.426191478788056,29.820070989966442]}},{"type":"Feature","properties":{"fid":831.0,"handle":"3915","block":"-1","etype":"25","space":"0","layer":"numbr","olinetype":"BYLAYER","linetype":null,"color":"255,0,0,255","ocolor":"10","color24":"-1","transparen":"0","lweight":"-1","linewidth":0.0,"ltscale":1.0,"visible":"1","thickness":0.0,"ext":"(3:0,0,1)","height":3.0,"text":"72","angle":329.60602,"widthscale":1.0,"oblique":0.0,"style":"new1","textgen":"0","alignh":"0","alignv":"0","interlin":-1.0},"geometry":{"type":"Point","coordinates":[52.424877821354499,29.819629336754367]}},{"type":"Feature","properties":{"fid":834.0,"handle":"3918","block":"-1","etype":"25","space":"0","layer":"numbr","olinetype":"BYLAYER","linetype":null,"color":"255,0,0,255","ocolor":"10","color24":"-1","transparen":"0","lweight":"-1","linewidth":0.0,"ltscale":1.0,"visible":"1","thickness":0.0,"ext":"(3:0,0,1)","height":3.0,"text":"196","angle":329.60602,"widthscale":1.0,"oblique":0.0,"style":"new1","textgen":"0","alignh":"0","alignv":"0","interlin":-1.0},"geometry":{"type":"Point","coordinates":[52.421544077958309,29.823726654340366]}},{"type":"Feature","properties":{"fid":835.0,"handle":"3919","block":"-1","etype":"25","space":"0","layer":"numbr","olinetype":"BYLAYER","linetype":null,"color":"255,0,0,255","ocolor":"10","color24":"-1","transparen":"0","lweight":"-1","linewidth":0.0,"ltscale":1.0,"visible":"1","thickness":0.0,"ext":"(3:0,0,1)","height":3.0,"text":"210","angle":329.60602,"widthscale":1.0,"oblique":0.0,"style":"new1","textgen":"0","alignh":"0","alignv":"0","interlin":-1.0},"geometry":{"type":"Point","coordinates":[52.420950938300074,29.82382265204647]}},{"type":"Feature","properties":{"fid":1058.0,"handle":"4362","block":"-1","etype":"25","space":"0","layer":"numbr","olinetype":"BYLAYER","linetype":null,"color":"255,0,0,255","ocolor":"10","color24":"-1","transparen":"0","lweight":"-1","linewidth":0.0,"ltscale":1.0,"visible":"1","thickness":0.0,"ext":"(3:0,0,1)","height":3.0,"text":"22","angle":329.60602,"widthscale":1.0,"oblique":0.0,"style":"new1","textgen":"0","alignh":"0","alignv":"0","interlin":-1.0},"geometry":{"type":"Point","coordinates":[52.428293991652758,29.82004360927359]}},{"type":"Feature","properties":{"fid":1060.0,"handle":"4364","block":"-1","etype":"25","space":"0","layer":"numbr","olinetype":"BYLAYER","linetype":null,"color":"255,0,0,255","ocolor":"10","color24":"-1","transparen":"0","lweight":"-1","linewidth":0.0,"ltscale":1.0,"visible":"1","thickness":0.0,"ext":"(3:0,0,1)","height":3.0,"text":"26","angle":329.60602,"widthscale":1.0,"oblique":0.0,"style":"new1","textgen":"0","alignh":"0","alignv":"0","interlin":-1.0},"geometry":{"type":"Point","coordinates":[52.428174658740453,29.819785819820211]}},{"type":"Feature","properties":{"fid":1062.0,"handle":"4366","block":"-1","etype":"25","space":"0","layer":"numbr","olinetype":"BYLAYER","linetype":null,"color":"255,0,0,255","ocolor":"10","color24":"-1","transparen":"0","lweight":"-1","linewidth":0.0,"ltscale":1.0,"visible":"1","thickness":0.0,"ext":"(3:0,0,1)","height":3.0,"text":"27","angle":329.60602,"widthscale":1.0,"oblique":0.0,"style":"new1","textgen":"0","alignh":"0","alignv":"0","interlin":-1.0},"geometry":{"type":"Point","coordinates":[52.428025494765265,29.819929896698191]}},{"type":"Feature","properties":{"fid":1064.0,"handle":"4368","block":"-1","etype":"25","space":"0","layer":"numbr","olinetype":"BYLAYER","linetype":null,"color":"255,0,0,255","ocolor":"10","color24":"-1","transparen":"0","lweight":"-1","linewidth":0.0,"ltscale":1.0,"visible":"1","thickness":0.0,"ext":"(3:0,0,1)","height":3.0,"text":"28","angle":329.60602,"widthscale":1.0,"oblique":0.0,"style":"new1","textgen":"0","alignh":"0","alignv":"0","interlin":-1.0},"geometry":{"type":"Point","coordinates":[52.427900897821061,29.820089020893406]}},{"type":"Feature","properties":{"fid":1066.0,"handle":"4370","block":"-1","etype":"25","space":"0","layer":"numbr","olinetype":"BYLAYER","linetype":null,"color":"255,0,0,255","ocolor":"10","color24":"-1","transparen":"0","lweight":"-1","linewidth":0.0,"ltscale":1.0,"visible":"1","thickness":0.0,"ext":"(3:0,0,1)","height":3.0,"text":"23","angle":329.60602,"widthscale":1.0,"oblique":0.0,"style":"new1","textgen":"0","alignh":"0","alignv":"0","interlin":-1.0},"geometry":{"type":"Point","coordinates":[52.42821992319697,29.820359572173828]}},{"type":"Feature","properties":{"fid":1068.0,"handle":"4372","block":"-1","etype":"25","space":"0","layer":"numbr","olinetype":"BYLAYER","linetype":null,"color":"255,0,0,255","ocolor":"10","color24":"-1","transparen":"0","lweight":"-1","linewidth":0.0,"ltscale":1.0,"visible":"1","thickness":0.0,"ext":"(3:0,0,1)","height":3.0,"text":"24","angle":329.60602,"widthscale":1.0,"oblique":0.0,"style":"new1","textgen":"0","alignh":"0","alignv":"0","interlin":-1.0},"geometry":{"type":"Point","coordinates":[52.428027508359555,29.82050963625499]}},{"type":"Feature","properties":{"fid":1070.0,"handle":"4374","block":"-1","etype":"25","space":"0","layer":"numbr","olinetype":"BYLAYER","linetype":null,"color":"255,0,0,255","ocolor":"10","color24":"-1","transparen":"0","lweight":"-1","linewidth":0.0,"ltscale":1.0,"visible":"1","thickness":0.0,"ext":"(3:0,0,1)","height":3.0,"text":"29","angle":329.60602,"widthscale":1.0,"oblique":0.0,"style":"new1","textgen":"0","alignh":"0","alignv":"0","interlin":-1.0},"geometry":{"type":"Point","coordinates":[52.427784659963947,29.820230774768092]}},{"type":"Feature","properties":{"fid":1072.0,"handle":"4376","block":"-1","etype":"25","space":"0","layer":"numbr","olinetype":"BYLAYER","linetype":null,"color":"255,0,0,255","ocolor":"10","color24":"-1","transparen":"0","lweight":"-1","linewidth":0.0,"ltscale":1.0,"visible":"1","thickness":0.0,"ext":"(3:0,0,1)","height":3.0,"text":"30","angle":329.60602,"widthscale":1.0,"oblique":0.0,"style":"new1","textgen":"0","alignh":"0","alignv":"0","interlin":-1.0},"geometry":{"type":"Point","coordinates":[52.427596219637856,29.820372256196997]}},{"type":"Feature","properties":{"fid":1074.0,"handle":"4378","block":"-1","etype":"25","space":"0","layer":"numbr","olinetype":"BYLAYER","linetype":null,"color":"255,0,0,255","ocolor":"10","color24":"-1","transparen":"0","lweight":"-1","linewidth":0.0,"ltscale":1.0,"visible":"1","thickness":0.0,"ext":"(3:0,0,1)","height":3.0,"text":"31","angle":329.60602,"widthscale":1.0,"oblique":0.0,"style":"new1","textgen":"0","alignh":"0","alignv":"0","interlin":-1.0},"geometry":{"type":"Point","coordinates":[52.427419560707413,29.820520383701439]}},{"type":"Feature","properties":{"fid":1076.0,"handle":"4380","block":"-1","etype":"25","space":"0","layer":"numbr","olinetype":"BYLAYER","linetype":null,"color":"255,0,0,255","ocolor":"10","color24":"-1","transparen":"0","lweight":"-1","linewidth":0.0,"ltscale":1.0,"visible":"1","thickness":0.0,"ext":"(3:0,0,1)","height":3.0,"text":"25","angle":329.60602,"widthscale":1.0,"oblique":0.0,"style":"new1","textgen":"0","alignh":"0","alignv":"0","interlin":-1.0},"geometry":{"type":"Point","coordinates":[52.427718428847449,29.820624836755901]}}]}