  0
SECTION
  2
HEADER
  9
$ACADVER
  1
AC1027
  9
$ACADMAINTVER
 70
   125
  9
$DWGCODEPAGE
  3
ANSI_1256
  9
$LASTSAVEDBY
  1
sadra5
  9
$REQUIREDVERSIONS
160
                 0
  9
$INSBASE
 10
0.0
 20
0.0
 30
0.0
  9
$EXTMIN
 10
639570.0227672215
 20
3298531.477472979
 30
-3679.003719713859
  9
$EXTMAX
 10
641101.2860948919
 20
3299355.205512353
 30
1824.864542604248
  9
$LIMMIN
 10
0.0
 20
0.0
  9
$LIMMAX
 10
12.0
 20
9.0
  9
$ORTHOMODE
 70
     0
  9
$REGENMODE
 70
     1
  9
$FILLMODE
 70
     1
  9
$QTEXTMODE
 70
     0
  9
$MIRRTEXT
 70
     0
  9
$LTSCALE
 40
1.0
  9
$ATTMODE
 70
     1
  9
$TEXTSIZE
 40
0.2
  9
$TRACEWID
 40
0.05
  9
$TEXTSTYLE
  7
Standard
  9
$CLAYER
  8
0
  9
$CELTYPE
  6
ByLayer
  9
$CECOLOR
 62
   256
  9
$CELTSCALE
 40
1.0
  9
$DISPSILH
 70
     0
  9
$DIMSCALE
 40
1.0
  9
$DIMASZ
 40
0.18
  9
$DIMEXO
 40
0.0625
  9
$DIMDLI
 40
0.38
  9
$DIMRND
 40
0.0
  9
$DIMDLE
 40
0.0
  9
$DIMEXE
 40
0.18
  9
$DIMTP
 40
0.0
  9
$DIMTM
 40
0.0
  9
$DIMTXT
 40
0.18
  9
$DIMCEN
 40
0.09
  9
$DIMTSZ
 40
0.0
  9
$DIMTOL
 70
     0
  9
$DIMLIM
 70
     0
  9
$DIMTIH
 70
     1
  9
$DIMTOH
 70
     1
  9
$DIMSE1
 70
     0
  9
$DIMSE2
 70
     0
  9
$DIMTAD
 70
     0
  9
$DIMZIN
 70
     0
  9
$DIMBLK
  1

  9
$DIMASO
 70
     1
  9
$DIMSHO
 70
     1
  9
$DIMPOST
  1

  9
$DIMAPOST
  1

  9
$DIMALT
 70
     0
  9
$DIMALTD
 70
     2
  9
$DIMALTF
 40
25.4
  9
$DIMLFAC
 40
1.0
  9
$DIMTOFL
 70
     0
  9
$DIMTVP
 40
0.0
  9
$DIMTIX
 70
     0
  9
$DIMSOXD
 70
     0
  9
$DIMSAH
 70
     0
  9
$DIMBLK1
  1

  9
$DIMBLK2
  1

  9
$DIMSTYLE
  2
Standard
  9
$DIMCLRD
 70
     0
  9
$DIMCLRE
 70
     0
  9
$DIMCLRT
 70
     0
  9
$DIMTFAC
 40
1.0
  9
$DIMGAP
 40
0.09
  9
$DIMJUST
 70
     0
  9
$DIMSD1
 70
     0
  9
$DIMSD2
 70
     0
  9
$DIMTOLJ
 70
     1
  9
$DIMTZIN
 70
     0
  9
$DIMALTZ
 70
     0
  9
$DIMALTTZ
 70
     0
  9
$DIMUPT
 70
     0
  9
$DIMDEC
 70
     4
  9
$DIMTDEC
 70
     4
  9
$DIMALTU
 70
     2
  9
$DIMALTTD
 70
     2
  9
$DIMTXSTY
  7
Standard
  9
$DIMAUNIT
 70
     0
  9
$DIMADEC
 70
     0
  9
$DIMALTRND
 40
0.0
  9
$DIMAZIN
 70
     0
  9
$DIMDSEP
 70
    46
  9
$DIMATFIT
 70
     3
  9
$DIMFRAC
 70
     0
  9
$DIMLDRBLK
  1

  9
$DIMLUNIT
 70
     2
  9
$DIMLWD
 70
    -2
  9
$DIMLWE
 70
    -2
  9
$DIMTMOVE
 70
     0
  9
$DIMFXL
 40
1.0
  9
$DIMFXLON
 70
     0
  9
$DIMJOGANG
 40
0.7853981633974483
  9
$DIMTFILL
 70
     0
  9
$DIMTFILLCLR
 70
     0
  9
$DIMARCSYM
 70
     0
  9
$DIMLTYPE
  6

  9
$DIMLTEX1
  6

  9
$DIMLTEX2
  6

  9
$DIMTXTDIRECTION
 70
     0
  9
$LUNITS
 70
     2
  9
$LUPREC
 70
     4
  9
$SKETCHINC
 40
0.1
  9
$FILLETRAD
 40
0.0
  9
$AUNITS
 70
     0
  9
$AUPREC
 70
     0
  9
$MENU
  1
.
  9
$ELEVATION
 40
0.0
  9
$PELEVATION
 40
0.0
  9
$THICKNESS
 40
0.0
  9
$LIMCHECK
 70
     0
  9
$CHAMFERA
 40
0.0
  9
$CHAMFERB
 40
0.0
  9
$CHAMFERC
 40
0.0
  9
$CHAMFERD
 40
0.0
  9
$SKPOLY
 70
     0
  9
$TDCREATE
 40
2461222.465625001
  9
$TDUCREATE
 40
2461222.319791667
  9
$TDUPDATE
 40
2461226.355196759
  9
$TDUUPDATE
 40
2461226.209363426
  9
$TDINDWG
 40
0.1074074074
  9
$TDUSRTIMER
 40
0.1074074074
  9
$USRTIMER
 70
     1
  9
$ANGBASE
 50
0.0
  9
$ANGDIR
 70
     0
  9
$PDMODE
 70
     0
  9
$PDSIZE
 40
0.0
  9
$PLINEWID
 40
0.0
  9
$SPLFRAME
 70
     0
  9
$SPLINETYPE
 70
     6
  9
$SPLINESEGS
 70
     8
  9
$HANDSEED
  5
2836
  9
$SURFTAB1
 70
     6
  9
$SURFTAB2
 70
     6
  9
$SURFTYPE
 70
     6
  9
$SURFU
 70
     6
  9
$SURFV
 70
     6
  9
$UCSBASE
  2

  9
$UCSNAME
  2

  9
$UCSORG
 10
0.0
 20
0.0
 30
0.0
  9
$UCSXDIR
 10
1.0
 20
0.0
 30
0.0
  9
$UCSYDIR
 10
0.0
 20
1.0
 30
0.0
  9
$UCSORTHOREF
  2

  9
$UCSORTHOVIEW
 70
     0
  9
$UCSORGTOP
 10
0.0
 20
0.0
 30
0.0
  9
$UCSORGBOTTOM
 10
0.0
 20
0.0
 30
0.0
  9
$UCSORGLEFT
 10
0.0
 20
0.0
 30
0.0
  9
$UCSORGRIGHT
 10
0.0
 20
0.0
 30
0.0
  9
$UCSORGFRONT
 10
0.0
 20
0.0
 30
0.0
  9
$UCSORGBACK
 10
0.0
 20
0.0
 30
0.0
  9
$PUCSBASE
  2

  9
$PUCSNAME
  2

  9
$PUCSORG
 10
0.0
 20
0.0
 30
0.0
  9
$PUCSXDIR
 10
1.0
 20
0.0
 30
0.0
  9
$PUCSYDIR
 10
0.0
 20
1.0
 30
0.0
  9
$PUCSORTHOREF
  2

  9
$PUCSORTHOVIEW
 70
     0
  9
$PUCSORGTOP
 10
0.0
 20
0.0
 30
0.0
  9
$PUCSORGBOTTOM
 10
0.0
 20
0.0
 30
0.0
  9
$PUCSORGLEFT
 10
0.0
 20
0.0
 30
0.0
  9
$PUCSORGRIGHT
 10
0.0
 20
0.0
 30
0.0
  9
$PUCSORGFRONT
 10
0.0
 20
0.0
 30
0.0
  9
$PUCSORGBACK
 10
0.0
 20
0.0
 30
0.0
  9
$USERI1
 70
     0
  9
$USERI2
 70
     0
  9
$USERI3
 70
     0
  9
$USERI4
 70
     0
  9
$USERI5
 70
     0
  9
$USERR1
 40
0.0
  9
$USERR2
 40
0.0
  9
$USERR3
 40
0.0
  9
$USERR4
 40
0.0
  9
$USERR5
 40
0.0
  9
$WORLDVIEW
 70
     1
  9
$SHADEDGE
 70
     3
  9
$SHADEDIF
 70
    70
  9
$TILEMODE
 70
     1
  9
$MAXACTVP
 70
    64
  9
$PINSBASE
 10
0.0
 20
0.0
 30
0.0
  9
$PLIMCHECK
 70
     0
  9
$PEXTMIN
 10
1.049999952316284
 20
0.7999999523162842
 30
0.0
  9
$PEXTMAX
 10
9.449999570846559
 20
7.199999570846558
 30
0.0
  9
$PLIMMIN
 10
-0.2500002402958907
 20
-0.2499999962453767
  9
$PLIMMAX
 10
10.74999951940822
 20
8.249999763458733
  9
$UNITMODE
 70
     0
  9
$VISRETAIN
 70
     1
  9
$PLINEGEN
 70
     0
  9
$PSLTSCALE
 70
     1
  9
$TREEDEPTH
 70
  3020
  9
$CMLSTYLE
  2
Standard
  9
$CMLJUST
 70
     0
  9
$CMLSCALE
 40
1.0
  9
$PROXYGRAPHICS
 70
     1
  9
$MEASUREMENT
 70
     0
  9
$CELWEIGHT
370
    -1
  9
$ENDCAPS
280
     0
  9
$JOINSTYLE
280
     0
  9
$LWDISPLAY
290
     0
  9
$INSUNITS
 70
     6
  9
$HYPERLINKBASE
  1

  9
$STYLESHEET
  1

  9
$XEDIT
290
     1
  9
$CEPSNTYPE
380
     0
  9
$PSTYLEMODE
290
     1
  9
$FINGERPRINTGUID
  2
{F3F46C8A-991A-814D-838B-6B8E7871A28A}
  9
$VERSIONGUID
  2
{BCF15A73-7F1A-F442-9C64-8EF62B3447FD}
  9
$EXTNAMES
290
     1
  9
$PSVPSCALE
 40
0.0
  9
$OLESTARTUP
290
     0
  9
$SORTENTS
280
   127
  9
$INDEXCTL
280
     0
  9
$HIDETEXT
280
     1
  9
$XCLIPFRAME
280
     2
  9
$HALOGAP
280
     0
  9
$OBSCOLOR
 70
   257
  9
$OBSLTYPE
280
     0
  9
$INTERSECTIONDISPLAY
280
     0
  9
$INTERSECTIONCOLOR
 70
   257
  9
$DIMASSOC
280
     2
  9
$PROJECTNAME
  1

  9
$CAMERADISPLAY
290
     0
  9
$LENSLENGTH
 40
50.0
  9
$CAMERAHEIGHT
 40
0.0
  9
$STEPSPERSEC
 40
2.0
  9
$STEPSIZE
 40
6.0
  9
$3DDWFPREC
 40
2.0
  9
$PSOLWIDTH
 40
0.25
  9
$PSOLHEIGHT
 40
4.0
  9
$LOFTANG1
 40
1.570796326794896
  9
$LOFTANG2
 40
1.570796326794896
  9
$LOFTMAG1
 40
0.0
  9
$LOFTMAG2
 40
0.0
  9
$LOFTPARAM
 70
     7
  9
$LOFTNORMALS
280
     1
  9
$LATITUDE
 40
37.795
  9
$LONGITUDE
 40
-122.394
  9
$NORTHDIRECTION
 40
0.0
  9
$TIMEZONE
 70
 -8000
  9
$LIGHTGLYPHDISPLAY
280
     1
  9
$TILEMODELIGHTSYNCH
280
     1
  9
$CMATERIAL
347
96
  9
$SOLIDHIST
280
     0
  9
$SHOWHIST
280
     1
  9
$DWFFRAME
280
     2
  9
$DGNFRAME
280
     0
  9
$REALWORLDSCALE
290
     1
  9
$INTERFERECOLOR
 62
     1
  9
$INTERFEREOBJVS
345
A3
  9
$INTERFEREVPVS
346
A0
  9
$CSHADOW
280
     0
  9
$SHADOWPLANELOCATION
 40
0.0
  0
ENDSEC
  0
SECTION
  2
CLASSES
  0
CLASS
  1
ACDBDICTIONARYWDFLT
  2
AcDbDictionaryWithDefault
  3
ObjectDBX Classes
 90
        0
 91
        1
280
     0
281
     0
  0
CLASS
  1
DICTIONARYVAR
  2
AcDbDictionaryVar
  3
ObjectDBX Classes
 90
        0
 91
        9
280
     0
281
     0
  0
CLASS
  1
TABLESTYLE
  2
AcDbTableStyle
  3
ObjectDBX Classes
 90
     4095
 91
        1
280
     0
281
     0
  0
CLASS
  1
MATERIAL
  2
AcDbMaterial
  3
ObjectDBX Classes
 90
     1153
 91
        3
280
     0
281
     0
  0
CLASS
  1
VISUALSTYLE
  2
AcDbVisualStyle
  3
ObjectDBX Classes
 90
     4095
 91
       25
280
     0
281
     0
  0
CLASS
  1
SCALE
  2
AcDbScale
  3
ObjectDBX Classes
 90
     1153
 91
       33
280
     0
281
     0
  0
CLASS
  1
MLEADERSTYLE
  2
AcDbMLeaderStyle
  3
ACDB_MLEADERSTYLE_CLASS
 90
     4095
 91
        2
280
     0
281
     0
  0
CLASS
  1
CELLSTYLEMAP
  2
AcDbCellStyleMap
  3
ObjectDBX Classes
 90
     1152
 91
        1
280
     0
281
     0
  0
CLASS
  1
EXACXREFPANELOBJECT
  2
ExAcXREFPanelObject
  3
EXAC_ESW
 90
     1025
 91
        0
280
     0
281
     0
  0
CLASS
  1
NPOCOLLECTION
  2
AcDbImpNonPersistentObjectsCollection
  3
ObjectDBX Classes
 90
     1153
 91
        0
280
     0
281
     0
  0
CLASS
  1
LAYER_INDEX
  2
AcDbLayerIndex
  3
ObjectDBX Classes
 90
        0
 91
        0
280
     0
281
     0
  0
CLASS
  1
SPATIAL_INDEX
  2
AcDbSpatialIndex
  3
ObjectDBX Classes
 90
        0
 91
        0
280
     0
281
     0
  0
CLASS
  1
IDBUFFER
  2
AcDbIdBuffer
  3
ObjectDBX Classes
 90
        0
 91
        0
280
     0
281
     0
  0
CLASS
  1
ACDBSECTIONVIEWSTYLE
  2
AcDbSectionViewStyle
  3
ObjectDBX Classes
 90
     1025
 91
        1
280
     0
281
     0
  0
CLASS
  1
ACDBDETAILVIEWSTYLE
  2
AcDbDetailViewStyle
  3
ObjectDBX Classes
 90
     1025
 91
        1
280
     0
281
     0
  0
CLASS
  1
SORTENTSTABLE
  2
AcDbSortentsTable
  3
ObjectDBX Classes
 90
        0
 91
        0
280
     0
281
     0
  0
ENDSEC
  0
SECTION
  2
TABLES
  0
TABLE
  2
VPORT
  5
8
330
0
100
AcDbSymbolTable
 70
     1
1001
ACAD
1000
DbSaveVer
1071
       51
  0
VPORT
  5
94
330
8
100
AcDbSymbolTableRecord
100
AcDbViewportTableRecord
  2
*Active
 70
     0
 10
0.0
 20
0.0
 11
1.0
 21
1.0
 12
640296.0277622415
 22
3298981.978051852
 13
0.0
 23
0.0
 14
0.5
 24
0.5
 15
0.5
 25
0.5
 16
0.0
 26
0.0
 36
1.0
 17
0.0
 27
0.0
 37
0.0
 40
929.4151706033554
 41
2.584761904761904
 42
50.0
 43
0.0
 44
0.0
 50
0.0
 51
0.0
 71
     0
 72
  1000
 73
     1
 74
     3
 75
     0
 76
     1
 77
     0
 78
     0
281
     0
 65
     1
110
0.0
120
0.0
130
0.0
111
1.0
121
0.0
131
0.0
112
0.0
122
1.0
132
0.0
 79
     0
146
0.0
348
9F
 60
     3
 61
     5
292
     1
282
     1
141
0.0
142
0.0
 63
   250
421
  3355443
1001
ACAD_NAV_VCDISPLAY
1070
     3
  0
ENDTAB
  0
TABLE
  2
LTYPE
  5
5
330
0
100
AcDbSymbolTable
 70
     2
  0
LTYPE
  5
14
330
5
100
AcDbSymbolTableRecord
100
AcDbLinetypeTableRecord
  2
ByBlock
 70
     0
  3

 72
    65
 73
     0
 40
0.0
  0
LTYPE
  5
15
330
5
100
AcDbSymbolTableRecord
100
AcDbLinetypeTableRecord
  2
ByLayer
 70
     0
  3

 72
    65
 73
     0
 40
0.0
  0
LTYPE
  5
16
330
5
100
AcDbSymbolTableRecord
100
AcDbLinetypeTableRecord
  2
Continuous
 70
     0
  3
Solid line
 72
    65
 73
     0
 40
0.0
  0
ENDTAB
  0
TABLE
  2
LAYER
  5
2
102
{ACAD_XDICTIONARY
360
18E
102
}
330
0
100
AcDbSymbolTable
 70
     4
  0
LAYER
  5
10
102
{ACAD_XDICTIONARY
360
E6
102
}
330
2
100
AcDbSymbolTableRecord
100
AcDbLayerTableRecord
  2
0
 70
     0
 62
     7
  6
Continuous
370
    -3
390
F
347
98
348
0
  0
LAYER
  5
204
102
{ACAD_XDICTIONARY
360
205
102
}
330
2
100
AcDbSymbolTableRecord
100
AcDbLayerTableRecord
  2
NO
 70
     0
 62
     4
  6
Continuous
370
    -3
390
F
347
98
348
0
  0
LAYER
  5
206
330
2
100
AcDbSymbolTableRecord
100
AcDbLayerTableRecord
  2
Parcel_Boundary
 70
     0
 62
     1
  6
Continuous
370
    30
390
F
347
98
348
0
  0
ENDTAB
  0
TABLE
  2
STYLE
  5
3
330
0
100
AcDbSymbolTable
 70
     3
  0
STYLE
  5
11
330
3
100
AcDbSymbolTableRecord
100
AcDbTextStyleTableRecord
  2
Standard
 70
     0
 40
0.0
 41
1.0
 50
0.0
 71
     0
 42
0.2
  3
arial.ttf
  4

1001
ACAD
1000
Arial
1071
       34
  0
STYLE
  5
207
330
3
100
AcDbSymbolTableRecord
100
AcDbTextStyleTableRecord
  2
AREA
 70
     0
 40
4.0
 41
1.0
 50
0.0
 71
     2
 42
4.0
  3
NASKHD.shx
  4

  0
ENDTAB
  0
TABLE
  2
VIEW
  5
6
330
0
100
AcDbSymbolTable
 70
     0
  0
ENDTAB
  0
TABLE
  2
UCS
  5
7
330
0
100
AcDbSymbolTable
 70
     0
  0
ENDTAB
  0
TABLE
  2
APPID
  5
9
330
0
100
AcDbSymbolTable
 70
     9
  0
APPID
  5
12
330
9
100
AcDbSymbolTableRecord
100
AcDbRegAppTableRecord
  2
ACAD
 70
     0
  0
APPID
  5
DD
330
9
100
AcDbSymbolTableRecord
100
AcDbRegAppTableRecord
  2
AcadAnnoPO
 70
     0
  0
APPID
  5
DE
330
9
100
AcDbSymbolTableRecord
100
AcDbRegAppTableRecord
  2
AcadAnnotative
 70
     0
  0
APPID
  5
DF
330
9
100
AcDbSymbolTableRecord
100
AcDbRegAppTableRecord
  2
ACAD_DSTYLE_DIMJAG
 70
     0
  0
APPID
  5
E0
330
9
100
AcDbSymbolTableRecord
100
AcDbRegAppTableRecord
  2
ACAD_DSTYLE_DIMTALN
 70
     0
  0
APPID
  5
107
330
9
100
AcDbSymbolTableRecord
100
AcDbRegAppTableRecord
  2
ACAD_MLEADERVER
 70
     0
  0
APPID
  5
1A6
330
9
100
AcDbSymbolTableRecord
100
AcDbRegAppTableRecord
  2
ACAD_NAV_VCDISPLAY
 70
     0
  0
APPID
  5
27B3
330
9
100
AcDbSymbolTableRecord
100
AcDbRegAppTableRecord
  2
ACAD_PSEXT
 70
     0
  0
APPID
  5
27E7
330
9
100
AcDbSymbolTableRecord
100
AcDbRegAppTableRecord
  2
ACAD_EXEMPT_FROM_CAD_STANDARDS
 70
     0
  0
ENDTAB
  0
TABLE
  2
DIMSTYLE
  5
A
330
0
100
AcDbSymbolTable
 70
     3
100
AcDbDimStyleTable
 71
     1
340
27
  0
DIMSTYLE
105
27
330
A
100
AcDbSymbolTableRecord
100
AcDbDimStyleTableRecord
  2
Standard
 70
     0
340
11
  0
ENDTAB
  0
TABLE
  2
BLOCK_RECORD
  5
1
330
0
100
AcDbSymbolTable
 70
     2
  0
BLOCK_RECORD
  5
1F
102
{ACAD_XDICTIONARY
360
15D
102
}
330
1
100
AcDbSymbolTableRecord
100
AcDbBlockTableRecord
  2
*Model_Space
340
22
 70
     0
280
     1
281
     0
  0
BLOCK_RECORD
  5
5D
330
1
100
AcDbSymbolTableRecord
100
AcDbBlockTableRecord
  2
*Paper_Space
340
5E
 70
     0
280
     1
281
     0
  0
BLOCK_RECORD
  5
58
330
1
100
AcDbSymbolTableRecord
100
AcDbBlockTableRecord
  2
*Paper_Space0
340
59
 70
     0
280
     1
281
     0
  0
ENDTAB
  0
ENDSEC
  0
SECTION
  2
BLOCKS
  0
BLOCK
  5
20
330
1F
100
AcDbEntity
  8
0
100
AcDbBlockBegin
  2
*Model_Space
 70
     0
 10
0.0
 20
0.0
 30
0.0
  3
*Model_Space
  1

  0
ENDBLK
  5
21
330
1F
100
AcDbEntity
  8
0
100
AcDbBlockEnd
  0
BLOCK
  5
5F
330
5D
100
AcDbEntity
 67
     1
  8
0
100
AcDbBlockBegin
  2
*Paper_Space
 70
     0
 10
0.0
 20
0.0
 30
0.0
  3
*Paper_Space
  1

  0
ENDBLK
  5
60
330
5D
100
AcDbEntity
 67
     1
  8
0
100
AcDbBlockEnd
  0
BLOCK
  5
5A
330
58
100
AcDbEntity
 67
     1
  8
0
100
AcDbBlockBegin
  2
*Paper_Space0
 70
     0
 10
0.0
 20
0.0
 30
0.0
  3
*Paper_Space0
  1

  0
VIEWPORT
  5
27B0
102
{ACAD_XDICTIONARY
360
27B1
102
}
330
58
100
AcDbEntity
 67
     1
  8
0
100
AcDbViewport
 10
5.249999639556165
 20
3.999999883606678
 30
0.0
 40
23.24476315239191
 41
8.992999745766949
 68
     0
 69
     0
 12
5.249999639556165
 22
3.999999883606678
 13
0.0
 23
0.0
 14
0.5
 24
0.5
 15
0.5
 25
0.5
 16
0.0
 26
0.0
 36
1.0
 17
0.0
 27
0.0
 37
0.0
 42
50.0
 43
0.0
 44
0.0
 45
8.992999745766949
 50
0.0
 51
0.0
 72
  1000
 90
   819232
  1

281
     0
 71
     1
 74
     0
110
0.0
120
0.0
130
0.0
111
1.0
121
0.0
131
0.0
112
0.0
122
1.0
132
0.0
 79
     0
146
0.0
170
     0
 61
     5
348
9F
292
     1
282
     1
141
0.0
142
0.0
 63
   250
421
  3355443
  0
VIEWPORT
  5
27B5
102
{ACAD_XDICTIONARY
360
27B6
102
}
330
58
100
AcDbEntity
 67
     1
  8
0
100
AcDbViewport
 10
5.249999761581421
 20
3.999999761581421
 30
0.0
 40
8.399999618530275
 41
6.399999618530274
 68
     0
 69
     0
 12
34848.61746465861
 22
16687.89750252954
 13
0.0
 23
0.0
 14
0.5
 24
0.5
 15
0.5
 25
0.5
 16
0.0
 26
0.0
 36
1.0
 17
0.0
 27
0.0
 37
0.0
 42
50.0
 43
0.0
 44
0.0
 45
1180.962642947954
 50
0.0
 51
0.0
 72
  1000
 90
   819808
  1

281
     0
 71
     1
 74
     0
110
0.0
120
0.0
130
0.0
111
1.0
121
0.0
131
0.0
112
0.0
122
1.0
132
0.0
 79
     0
146
0.0
170
     0
 61
     5
348
9F
292
     1
282
     1
141
0.0
142
0.0
 63
   250
421
  3355443
  0
ENDBLK
  5
5B
330
58
100
AcDbEntity
 67
     1
  8
0
100
AcDbBlockEnd
  0
ENDSEC
  0
SECTION
  2
ENTITIES
  0
TEXT
  5
23D7
330
1F
100
AcDbEntity
  8
NO
100
AcDbText
 10
639673.8920581999
 20
3299326.596177776
 30
-17.58999999999999
 40
4.0
  1
791
 50
341.199125531454
  7
AREA
 71
     2
100
AcDbText
  0
TEXT
  5
23D8
330
1F
100
AcDbEntity
  8
NO
100
AcDbText
 10
639694.0513472475
 20
3299319.219009885
 30
-17.58999999999999
 40
4.0
  1
291
 50
341.199125531454
  7
AREA
 71
     2
100
AcDbText
  0
TEXT
  5
23D9
330
1F
100
AcDbEntity
  8
NO
100
AcDbText
 10
639713.5983226091
 20
3299313.15799754
 30
-17.58999999999999
 40
4.0
  1
191
 50
341.199125531454
  7
AREA
 71
     2
100
AcDbText
  0
TEXT
  5
23DA
330
1F
100
AcDbEntity
  8
NO
100
AcDbText
 10
639738.5063345069
 20
3299304.645487854
 30
-17.58999999999999
 40
4.0
  1
091
 50
341.199125531454
  7
AREA
 71
     2
100
AcDbText
  0
TEXT
  5
23DB
330
1F
100
AcDbEntity
  8
NO
100
AcDbText
 10
639761.6316362809
 20
3299297.16498927
 30
-17.58999999999999
 40
4.0
  1
981
 50
341.199125531454
  7
AREA
 71
     2
100
AcDbText
  0
TEXT
  5
23DC
330
1F
100
AcDbEntity
  8
NO
100
AcDbText
 10
639782.8357911259
 20
3299289.491414512
 30
-17.58999999999999
 40
4.0
  1
2
 50
341.199125531454
  7
AREA
 71
     2
100
AcDbText
  0
TEXT
  5
23DD
330
1F
100
AcDbEntity
  8
NO
100
AcDbText
 10
639807.6964070639
 20
3299280.895460636
 30
-17.58999999999999
 40
4.0
  1
3
 50
341.199125531454
  7
AREA
 71
     2
100
AcDbText
  0
TEXT
  5
23DE
330
1F
100
AcDbEntity
  8
NO
100
AcDbText
 10
639831.1496995365
 20
3299273.302917087
 30
-17.58999999999999
 40
4.0
  1
4
 50
341.199125531454
  7
AREA
 71
     2
100
AcDbText
  0
TEXT
  5
23DF
330
1F
100
AcDbEntity
  8
NO
100
AcDbText
 10
639854.5368094929
 20
3299265.728861221
 30
-17.58999999999999
 40
4.0
  1
5
 50
341.199125531454
  7
AREA
 71
     2
100
AcDbText
  0
TEXT
  5
23E0
330
1F
100
AcDbEntity
  8
NO
100
AcDbText
 10
639878.0116163952
 20
3299256.990280258
 30
-17.58999999999999
 40
4.0
  1
6
 50
341.199125531454
  7
AREA
 71
     2
100
AcDbText
  0
TEXT
  5
23E1
330
1F
100
AcDbEntity
  8
NO
100
AcDbText
 10
639902.3442515153
 20
3299248.522400763
 30
-17.58999999999999
 40
4.0
  1
7
 50
341.199125531454
  7
AREA
 71
     2
100
AcDbText
  0
TEXT
  5
23E2
330
1F
100
AcDbEntity
  8
NO
100
AcDbText
 10
639924.8821219591
 20
3299241.91497602
 30
-17.58999999999999
 40
4.0
  1
8
 50
341.199125531454
  7
AREA
 71
     2
100
AcDbText
  0
TEXT
  5
23E3
330
1F
100
AcDbEntity
  8
NO
100
AcDbText
 10
639949.6207890503
 20
3299232.774682524
 30
-17.58999999999999
 40
4.0
  1
9
 50
341.199125531454
  7
AREA
 71
     2
100
AcDbText
  0
TEXT
  5
23E4
330
1F
100
AcDbEntity
  8
NO
100
AcDbText
 10
639972.7025187859
 20
3299224.760502146
 30
-17.58999999999999
 40
4.0
  1
01
 50
341.199125531454
  7
AREA
 71
     2
100
AcDbText
  0
TEXT
  5
23E5
330
1F
100
AcDbEntity
  8
NO
100
AcDbText
 10
639997.1462020713
 20
3299216.382311444
 30
-17.58999999999999
 40
4.0
  1
11
 50
341.199125531454
  7
AREA
 71
     2
100
AcDbText
  0
TEXT
  5
23E6
330
1F
100
AcDbEntity
  8
NO
100
AcDbText
 10
639632.4605289657
 20
3299283.872284442
 30
-17.58999999999999
 40
4.0
  1
991
 50
341.199125531487
  7
AREA
 71
     2
100
AcDbText
  0
TEXT
  5
23E7
330
1F
100
AcDbEntity
  8
NO
100
AcDbText
 10
639655.8808610397
 20
3299275.956634569
 30
-17.58999999999999
 40
4.0
  1
891
 50
341.199125531487
  7
AREA
 71
     2
100
AcDbText
  0
TEXT
  5
23E8
330
1F
100
AcDbEntity
  8
NO
100
AcDbText
 10
639676.410404571
 20
3299268.845962682
 30
-17.58999999999999
 40
4.0
  1
391
 50
341.199125531487
  7
AREA
 71
     2
100
AcDbText
  0
TEXT
  5
23E9
330
1F
100
AcDbEntity
  8
NO
100
AcDbText
 10
639697.7679498094
 20
3299261.743472956
 30
-17.58999999999999
 40
4.0
  1
491
 50
341.1991255313655
  7
AREA
 71
     2
100
AcDbText
  0
TEXT
  5
23EA
330
1F
100
AcDbEntity
  8
NO
100
AcDbText
 10
639720.7599298191
 20
3299253.722312107
 30
-17.58999999999999
 40
4.0
  1
591
 50
341.1991255313655
  7
AREA
 71
     2
100
AcDbText
  0
TEXT
  5
23EB
330
1F
100
AcDbEntity
  8
NO
100
AcDbText
 10
639744.0259941509
 20
3299245.624611103
 30
-17.58999999999999
 40
4.0
  1
691
 50
341.1991255313655
  7
AREA
 71
     2
100
AcDbText
  0
TEXT
  5
23EC
330
1F
100
AcDbEntity
  8
NO
100
AcDbText
 10
639767.3204109904
 20
3299237.576811421
 30
-17.58999999999999
 40
4.0
  1
99
 50
341.1991255313655
  7
AREA
 71
     2
100
AcDbText
  0
TEXT
  5
23ED
330
1F
100
AcDbEntity
  8
NO
100
AcDbText
 10
639790.9599809246
 20
3299229.471176586
 30
-17.58999999999999
 40
4.0
  1
89
 50
341.1991255316187
  7
AREA
 71
     2
100
AcDbText
  0
TEXT
  5
23EE
330
1F
100
AcDbEntity
  8
NO
100
AcDbText
 10
639814.6411926203
 20
3299221.335599729
 30
-17.58999999999999
 40
4.0
  1
79
 50
341.1991255316187
  7
AREA
 71
     2
100
AcDbText
  0
TEXT
  5
23EF
330
1F
100
AcDbEntity
  8
NO
100
AcDbText
 10
639838.9840025291
 20
3299213.642497265
 30
-17.58999999999999
 40
4.0
  1
69
 50
341.1991255316187
  7
AREA
 71
     2
100
AcDbText
  0
TEXT
  5
23F0
330
1F
100
AcDbEntity
  8
NO
100
AcDbText
 10
639862.0450281822
 20
3299205.859292424
 30
-17.58999999999999
 40
4.0
  1
59
 50
341.1991255316187
  7
AREA
 71
     2
100
AcDbText
  0
TEXT
  5
23F1
330
1F
100
AcDbEntity
  8
NO
100
AcDbText
 10
639885.0646328949
 20
3299197.281251519
 30
-17.58999999999999
 40
4.0
  1
49
 50
341.1991255316187
  7
AREA
 71
     2
100
AcDbText
  0
TEXT
  5
23F2
330
1F
100
AcDbEntity
  8
NO
100
AcDbText
 10
639908.8801861683
 20
3299188.66016048
 30
-17.58999999999999
 40
4.0
  1
39
 50
341.1991255316187
  7
AREA
 71
     2
100
AcDbText
  0
TEXT
  5
23F3
330
1F
100
AcDbEntity
  8
NO
100
AcDbText
 10
639931.4967684526
 20
3299181.538666176
 30
-17.58999999999999
 40
4.0
  1
29
 50
341.1991255316187
  7
AREA
 71
     2
100
AcDbText
  0
TEXT
  5
23F4
330
1F
100
AcDbEntity
  8
NO
100
AcDbText
 10
639955.6780603588
 20
3299173.230833419
 30
-17.58999999999999
 40
4.0
  1
19
 50
341.1991255315178
  7
AREA
 71
     2
100
AcDbText
  0
TEXT
  5
23F5
330
1F
100
AcDbEntity
  8
NO
100
AcDbText
 10
639978.780498182
 20
3299166.242474989
 30
-17.58999999999999
 40
4.0
  1
09
 50
341.1991255315178
  7
AREA
 71
     2
100
AcDbText
  0
TEXT
  5
23F6
330
1F
100
AcDbEntity
  8
NO
100
AcDbText
 10
639736.0551016504
 20
3299156.848262417
 30
22.513
 40
4.0
  1
001
 50
341.1991255313716
  7
AREA
 71
     2
100
AcDbText
  0
TEXT
  5
23F7
330
1F
100
AcDbEntity
  8
NO
100
AcDbText
 10
639754.6925281447
 20
3299150.605866717
 30
22.513
 40
4.0
  1
101
 50
341.1991255313716
  7
AREA
 71
     2
100
AcDbText
  0
TEXT
  5
23F8
330
1F
100
AcDbEntity
  8
NO
100
AcDbText
 10
639774.2283762251
 20
3299143.853018866
 30
22.513
 40
4.0
  1
201
 50
341.1991255313716
  7
AREA
 71
     2
100
AcDbText
  0
TEXT
  5
23F9
330
1F
100
AcDbEntity
  8
NO
100
AcDbText
 10
639794.1036981297
 20
3299137.697630042
 30
22.513
 40
4.0
  1
301
 50
341.1991255313716
  7
AREA
 71
     2
100
AcDbText
  0
TEXT
  5
23FA
330
1F
100
AcDbEntity
  8
NO
100
AcDbText
 10
639811.9324562529
 20
3299130.729186403
 30
22.513
 40
4.0
  1
401
 50
341.1991255313716
  7
AREA
 71
     2
100
AcDbText
  0
TEXT
  5
23FB
330
1F
100
AcDbEntity
  8
NO
100
AcDbText
 10
639831.2088319695
 20
3299124.914101716
 30
22.513
 40
4.0
  1
501
 50
341.1991255313716
  7
AREA
 71
     2
100
AcDbText
  0
TEXT
  5
23FC
330
1F
100
AcDbEntity
  8
NO
100
AcDbText
 10
639850.1057465104
 20
3299117.73394467
 30
22.513
 40
4.0
  1
601
 50
341.1991255313716
  7
AREA
 71
     2
100
AcDbText
  0
TEXT
  5
23FD
330
1F
100
AcDbEntity
  8
NO
100
AcDbText
 10
639869.5118517197
 20
3299111.449979519
 30
22.513
 40
4.0
  1
701
 50
341.1991255313716
  7
AREA
 71
     2
100
AcDbText
  0
TEXT
  5
23FE
330
1F
100
AcDbEntity
  8
NO
100
AcDbText
 10
639887.6800859713
 20
3299105.078998963
 30
22.513
 40
4.0
  1
801
 50
341.1991255313716
  7
AREA
 71
     2
100
AcDbText
  0
TEXT
  5
23FF
330
1F
100
AcDbEntity
  8
NO
100
AcDbText
 10
639906.3175258439
 20
3299098.836601026
 30
22.513
 40
4.0
  1
901
 50
341.1991255313716
  7
AREA
 71
     2
100
AcDbText
  0
TEXT
  5
2400
330
1F
100
AcDbEntity
  8
NO
100
AcDbText
 10
639925.4207279994
 20
3299092.093383462
 30
22.513
 40
4.0
  1
011
 50
341.1991255313284
  7
AREA
 71
     2
100
AcDbText
  0
TEXT
  5
2401
330
1F
100
AcDbEntity
  8
NO
100
AcDbText
 10
639944.1878973648
 20
3299085.38210506
 30
22.513
 40
4.0
  1
111
 50
341.1991255313284
  7
AREA
 71
     2
100
AcDbText
  0
TEXT
  5
2402
330
1F
100
AcDbEntity
  8
NO
100
AcDbText
 10
639962.9950697647
 20
3299079.438441811
 30
22.513
 40
4.0
  1
211
 50
341.1991255313284
  7
AREA
 71
     2
100
AcDbText
  0
TEXT
  5
2403
330
1F
100
AcDbEntity
  8
NO
100
AcDbText
 10
639983.599056276
 20
3299072.473874677
 30
22.513
 40
4.0
  1
311
 50
341.1991255313284
  7
AREA
 71
     2
100
AcDbText
  0
TEXT
  5
2404
330
1F
100
AcDbEntity
  8
NO
100
AcDbText
 10
640000.3996790028
 20
3299066.484765473
 30
22.513
 40
4.0
  1
411
 50
341.1991255313284
  7
AREA
 71
     2
100
AcDbText
  0
TEXT
  5
2405
330
1F
100
AcDbEntity
  8
NO
100
AcDbText
 10
640019.3365785911
 20
3299060.072217703
 30
22.513
 40
4.0
  1
511
 50
341.1991255313284
  7
AREA
 71
     2
100
AcDbText
  0
TEXT
  5
2406
330
1F
100
AcDbEntity
  8
NO
100
AcDbText
 10
640038.2335019016
 20
3299052.89205031
 30
22.513
 40
4.0
  1
611
 50
341.1991255313284
  7
AREA
 71
     2
100
AcDbText
  0
TEXT
  5
2407
330
1F
100
AcDbEntity
  8
NO
100
AcDbText
 10
640057.9390825092
 20
3299046.437937145
 30
22.513
 40
4.0
  1
711
 50
341.1991255313284
  7
AREA
 71
     2
100
AcDbText
  0
TEXT
  5
2408
330
1F
100
AcDbEntity
  8
NO
100
AcDbText
 10
640077.4749282854
 20
3299039.685085239
 30
22.513
 40
4.0
  1
811
 50
341.1991255313284
  7
AREA
 71
     2
100
AcDbText
  0
TEXT
  5
2409
330
1F
100
AcDbEntity
  8
NO
100
AcDbText
 10
640115.2960378721
 20
3299027.766710314
 30
22.513
 40
4.0
  1
021
 50
341.1991255313223
  7
AREA
 71
     2
100
AcDbText
  0
TEXT
  5
240A
330
1F
100
AcDbEntity
  8
NO
100
AcDbText
 10
640133.16479026
 20
3299021.565892174
 30
22.513
 40
4.0
  1
121
 50
341.1991255313223
  7
AREA
 71
     2
100
AcDbText
  0
TEXT
  5
240B
330
1F
100
AcDbEntity
  8
NO
100
AcDbText
 10
640151.9319706995
 20
3299014.854607481
 30
22.513
 40
4.0
  1
221
 50
341.1991255313223
  7
AREA
 71
     2
100
AcDbText
  0
TEXT
  5
240C
330
1F
100
AcDbEntity
  8
NO
100
AcDbText
 10
640171.46781878
 20
3299008.101759629
 30
22.513
 40
4.0
  1
321
 50
341.1991255313223
  7
AREA
 71
     2
100
AcDbText
  0
TEXT
  5
240D
330
1F
100
AcDbEntity
  8
NO
100
AcDbText
 10
639718.7654847511
 20
3299107.718474432
 30
22.513
 40
4.0
  1
461
 50
341.1991255314417
  7
AREA
 71
     2
100
AcDbText
  0
TEXT
  5
240E
330
1F
100
AcDbEntity
  8
NO
100
AcDbText
 10
639738.2759916187
 20
3299100.876808362
 30
22.513
 40
4.0
  1
561
 50
341.1991255314417
  7
AREA
 71
     2
100
AcDbText
  0
TEXT
  5
240F
330
1F
100
AcDbEntity
  8
NO
100
AcDbText
 10
639758.2765906033
 20
3299094.362915137
 30
22.513
 40
4.0
  1
661
 50
341.1991255314417
  7
AREA
 71
     2
100
AcDbText
  0
TEXT
  5
2410
330
1F
100
AcDbEntity
  8
NO
100
AcDbText
 10
639777.1286340073
 20
3299088.501603791
 30
22.513
 40
4.0
  1
761
 50
341.1991255314417
  7
AREA
 71
     2
100
AcDbText
  0
TEXT
  5
2411
330
1F
100
AcDbEntity
  8
NO
100
AcDbText
 10
639796.0802008435
 20
3299082.280626103
 30
22.513
 40
4.0
  1
861
 50
341.1991255314417
  7
AREA
 71
     2
100
AcDbText
  0
TEXT
  5
2412
330
1F
100
AcDbEntity
  8
NO
100
AcDbText
 10
639814.6411745425
 20
3299075.372217759
 30
22.513
 40
4.0
  1
961
 50
341.1991255314417
  7
AREA
 71
     2
100
AcDbText
  0
TEXT
  5
2413
330
1F
100
AcDbEntity
  8
NO
100
AcDbText
 10
639834.6417735272
 20
3299068.858324534
 30
22.513
 40
4.0
  1
071
 50
341.1991255314417
  7
AREA
 71
     2
100
AcDbText
  0
TEXT
  5
2414
330
1F
100
AcDbEntity
  8
NO
100
AcDbText
 10
639696.3641864793
 20
3299041.898202062
 30
22.513
 40
4.0
  1
171
 50
341.1991255313346
  7
AREA
 71
     2
100
AcDbText
  0
TEXT
  5
2415
330
1F
100
AcDbEntity
  8
NO
100
AcDbText
 10
639716.4359063533
 20
3299034.571673695
 30
22.513
 40
4.0
  1
271
 50
341.1991255313346
  7
AREA
 71
     2
100
AcDbText
  0
TEXT
  5
2416
330
1F
100
AcDbEntity
  8
NO
100
AcDbText
 10
639735.0876388139
 20
3299028.343215813
 30
22.513
 40
4.0
  1
371
 50
341.1991255313346
  7
AREA
 71
     2
100
AcDbText
  0
TEXT
  5
2417
330
1F
100
AcDbEntity
  8
NO
100
AcDbText
 10
640041.4225864233
 20
3299204.121363016
 30
-17.58999999999999
 40
4.0
  1
77
 50
341.199125531557
  7
AREA
 71
     2
100
AcDbText
  0
TEXT
  5
2418
330
1F
100
AcDbEntity
  8
NO
100
AcDbText
 10
640065.5007683792
 20
3299195.077473327
 30
-17.58999999999999
 40
4.0
  1
281
 50
341.199125531557
  7
AREA
 71
     2
100
AcDbText
  0
TEXT
  5
2419
330
1F
100
AcDbEntity
  8
NO
100
AcDbText
 10
640088.2488197897
 20
3299187.782894104
 30
-17.58999999999999
 40
4.0
  1
62
 50
341.199125531557
  7
AREA
 71
     2
100
AcDbText
  0
TEXT
  5
241A
330
1F
100
AcDbEntity
  8
NO
100
AcDbText
 10
640112.0108523158
 20
3299179.957356567
 30
-17.58999999999999
 40
4.0
  1
381
 50
341.1991255314478
  7
AREA
 71
     2
100
AcDbText
  0
TEXT
  5
241B
330
1F
100
AcDbEntity
  8
NO
100
AcDbText
 10
640134.9707824157
 20
3299171.124903019
 30
-17.58999999999999
 40
4.0
  1
21
 50
341.1991255314478
  7
AREA
 71
     2
100
AcDbText
  0
TEXT
  5
241C
330
1F
100
AcDbEntity
  8
NO
100
AcDbText
 10
640159.1812026284
 20
3299162.635134916
 30
-17.58999999999999
 40
4.0
  1
31
 50
341.1991255314478
  7
AREA
 71
     2
100
AcDbText
  0
TEXT
  5
241D
330
1F
100
AcDbEntity
  8
NO
100
AcDbText
 10
640184.0701589086
 20
3299155.339612038
 30
-17.58999999999999
 40
4.0
  1
41
 50
341.1991255314478
  7
AREA
 71
     2
100
AcDbText
  0
TEXT
  5
241E
330
1F
100
AcDbEntity
  8
NO
100
AcDbText
 10
640206.684314421
 20
3299147.756801365
 30
-17.58999999999999
 40
4.0
  1
51
 50
341.1991255314478
  7
AREA
 71
     2
100
AcDbText
  0
TEXT
  5
241F
330
1F
100
AcDbEntity
  8
NO
100
AcDbText
 10
640229.2984787031
 20
3299140.173980344
 30
-17.58999999999999
 40
4.0
  1
61
 50
341.1991255314478
  7
AREA
 71
     2
100
AcDbText
  0
TEXT
  5
2420
330
1F
100
AcDbEntity
  8
NO
100
AcDbText
 10
640253.6555868429
 20
3299131.380717411
 30
-17.58999999999999
 40
4.0
  1
71
 50
341.1991255314478
  7
AREA
 71
     2
100
AcDbText
  0
TEXT
  5
2421
330
1F
100
AcDbEntity
  8
NO
100
AcDbText
 10
640276.5495445348
 20
3299123.514110075
 30
-17.58999999999999
 40
4.0
  1
81
 50
341.1991255314478
  7
AREA
 71
     2
100
AcDbText
  0
TEXT
  5
2422
330
1F
100
AcDbEntity
  8
NO
100
AcDbText
 10
640301.6531483295
 20
3299115.709329125
 30
-17.58999999999999
 40
4.0
  1
91
 50
341.1991255312337
  7
AREA
 71
     2
100
AcDbText
  0
TEXT
  5
2423
330
1F
100
AcDbEntity
  8
NO
100
AcDbText
 10
640323.8753390363
 20
3299107.200429189
 30
-17.58999999999999
 40
4.0
  1
02
 50
341.1991255312337
  7
AREA
 71
     2
100
AcDbText
  0
TEXT
  5
2424
330
1F
100
AcDbEntity
  8
NO
100
AcDbText
 10
640347.7270203066
 20
3299099.13807619
 30
-17.58999999999999
 40
4.0
  1
12
 50
341.1991255312337
  7
AREA
 71
     2
100
AcDbText
  0
TEXT
  5
2425
330
1F
100
AcDbEntity
  8
NO
100
AcDbText
 10
640371.7751629527
 20
3299091.421553074
 30
-17.58999999999999
 40
4.0
  1
22
 50
341.1991255312337
  7
AREA
 71
     2
100
AcDbText
  0
TEXT
  5
2426
330
1F
100
AcDbEntity
  8
NO
100
AcDbText
 10
640396.8633608262
 20
3299083.114100249
 30
-17.58999999999999
 40
4.0
  1
32
 50
341.1991255312337
  7
AREA
 71
     2
100
AcDbText
  0
TEXT
  5
2427
330
1F
100
AcDbEntity
  8
NO
100
AcDbText
 10
640420.5185585727
 20
3299074.705929951
 30
-17.58999999999999
 40
4.0
  1
42
 50
341.1991255312337
  7
AREA
 71
     2
100
AcDbText
  0
TEXT
  5
2428
330
1F
100
AcDbEntity
  8
NO
100
AcDbText
 10
640443.8270814002
 20
3299066.494719723
 30
-17.58999999999999
 40
4.0
  1
52
 50
341.1991255312337
  7
AREA
 71
     2
100
AcDbText
  0
TEXT
  5
2429
330
1F
100
AcDbEntity
  8
NO
100
AcDbText
 10
640466.6387162129
 20
3299059.023286087
 30
-17.58999999999999
 40
4.0
  1
72
 50
341.1991255312337
  7
AREA
 71
     2
100
AcDbText
  0
TEXT
  5
242A
330
1F
100
AcDbEntity
  8
NO
100
AcDbText
 10
640023.7384957854
 20
3299152.310752214
 30
-17.58999999999999
 40
4.0
  1
081
 50
341.1991255314417
  7
AREA
 71
     2
100
AcDbText
  0
TEXT
  5
242B
330
1F
100
AcDbEntity
  8
NO
100
AcDbText
 10
640048.0475945332
 20
3299143.80941472
 30
-17.58999999999999
 40
4.0
  1
181
 50
341.1991255314417
  7
AREA
 71
     2
100
AcDbText
  0
TEXT
  5
242C
330
1F
100
AcDbEntity
  8
NO
100
AcDbText
 10
640070.7957076585
 20
3299136.007726331
 30
-17.58999999999999
 40
4.0
  1
47
 50
341.1991255314417
  7
AREA
 71
     2
100
AcDbText
  0
TEXT
  5
242D
330
1F
100
AcDbEntity
  8
NO
100
AcDbText
 10
639611.5193034898
 20
3299282.71474566
 30
-17.58999999999999
 40
4.0
  1
1/991
 50
341.199125531487
  7
AREA
 71
     2
100
AcDbText
  0
TEXT
  5
242E
330
1F
100
AcDbEntity
  8
NO
100
AcDbText
 10
640094.9995937681
 20
3299128.312416826
 30
-17.58999999999999
 40
4.0
  1
57
 50
341.1991255314417
  7
AREA
 71
     2
100
AcDbText
  0
TEXT
  5
242F
330
1F
100
AcDbEntity
  8
NO
100
AcDbText
 10
640118.4026660311
 20
3299120.25516372
 30
-17.58999999999999
 40
4.0
  1
98
 50
341.1991255315117
  7
AREA
 71
     2
100
AcDbText
  0
TEXT
  5
2430
330
1F
100
AcDbEntity
  8
NO
100
AcDbText
 10
640140.7700834679
 20
3299112.680950962
 30
-17.58999999999999
 40
4.0
  1
88
 50
341.1991255315117
  7
AREA
 71
     2
100
AcDbText
  0
TEXT
  5
2431
330
1F
100
AcDbEntity
  8
NO
100
AcDbText
 10
640166.3682459904
 20
3299104.204639306
 30
-17.58999999999999
 40
4.0
  1
78
 50
341.1991255315117
  7
AREA
 71
     2
100
AcDbText
  0
TEXT
  5
2432
330
1F
100
AcDbEntity
  8
NO
100
AcDbText
 10
640190.351029281
 20
3299096.179378216
 30
-17.58999999999999
 40
4.0
  1
68
 50
341.1991255315117
  7
AREA
 71
     2
100
AcDbText
  0
TEXT
  5
2433
330
1F
100
AcDbEntity
  8
NO
100
AcDbText
 10
640213.2726526814
 20
3299088.75704327
 30
-17.58999999999999
 40
4.0
  1
58
 50
341.1991255315117
  7
AREA
 71
     2
100
AcDbText
  0
TEXT
  5
2434
330
1F
100
AcDbEntity
  8
NO
100
AcDbText
 10
640236.7012433867
 20
3299080.579902134
 30
-17.58999999999999
 40
4.0
  1
48
 50
341.1991255315117
  7
AREA
 71
     2
100
AcDbText
  0
TEXT
  5
2435
330
1F
100
AcDbEntity
  8
NO
100
AcDbText
 10
640261.1909985907
 20
3299071.799842967
 30
-17.58999999999999
 40
4.0
  1
38
 50
341.1991255315117
  7
AREA
 71
     2
100
AcDbText
  0
TEXT
  5
2436
330
1F
100
AcDbEntity
  8
NO
100
AcDbText
 10
640283.3579478651
 20
3299063.872774036
 30
-17.58999999999999
 40
4.0
  1
28
 50
341.1991255315117
  7
AREA
 71
     2
100
AcDbText
  0
TEXT
  5
2437
330
1F
100
AcDbEntity
  8
NO
100
AcDbText
 10
640305.7253676061
 20
3299056.298565334
 30
-17.58999999999999
 40
4.0
  1
18
 50
341.1991255315117
  7
AREA
 71
     2
100
AcDbText
  0
TEXT
  5
2438
330
1F
100
AcDbEntity
  8
NO
100
AcDbText
 10
640330.9698034016
 20
3299048.023225748
 30
-17.58999999999999
 40
4.0
  1
08
 50
341.1991255315117
  7
AREA
 71
     2
100
AcDbText
  0
TEXT
  5
2439
330
1F
100
AcDbEntity
  8
NO
100
AcDbText
 10
640354.6597499548
 20
3299039.832507568
 30
-17.58999999999999
 40
4.0
  1
97
 50
341.1991255314809
  7
AREA
 71
     2
100
AcDbText
  0
TEXT
  5
243A
330
1F
100
AcDbEntity
  8
NO
100
AcDbText
 10
640378.0883318905
 20
3299031.65537678
 30
-17.58999999999999
 40
4.0
  1
87
 50
341.1991255314809
  7
AREA
 71
     2
100
AcDbText
  0
TEXT
  5
243B
330
1F
100
AcDbEntity
  8
NO
100
AcDbText
 10
640403.332767686
 20
3299023.380037193
 30
-17.58999999999999
 40
4.0
  1
481
 50
341.1991255314809
  7
AREA
 71
     2
100
AcDbText
  0
TEXT
  5
243C
330
1F
100
AcDbEntity
  8
NO
100
AcDbText
 10
640247.953443358
 20
3298982.63457735
 30
22.513
 40
4.0
  1
521
 50
341.1991255313531
  7
AREA
 71
     2
100
AcDbText
  0
TEXT
  5
243E
330
1F
100
AcDbEntity
  8
NO
100
AcDbText
 10
640267.063890255
 20
3298976.808738958
 30
22.513
 40
4.0
  1
621
 50
341.1991255313531
  7
AREA
 71
     2
100
AcDbText
  0
TEXT
  5
243F
330
1F
100
AcDbEntity
  8
NO
100
AcDbText
 10
640286.3578960708
 20
3298970.319482728
 30
22.513
 40
4.0
  1
721
 50
341.1991255313531
  7
AREA
 71
     2
100
AcDbText
  0
TEXT
  5
2440
330
1F
100
AcDbEntity
  8
NO
100
AcDbText
 10
640304.1405755804
 20
3298964.129783363
 30
22.513
 40
4.0
  1
821
 50
341.1991255313531
  7
AREA
 71
     2
100
AcDbText
  0
TEXT
  5
2441
330
1F
100
AcDbEntity
  8
NO
100
AcDbText
 10
640324.3386258613
 20
3298958.245135382
 30
22.513
 40
4.0
  1
921
 50
341.1991255313531
  7
AREA
 71
     2
100
AcDbText
  0
TEXT
  5
2442
330
1F
100
AcDbEntity
  8
NO
100
AcDbText
 10
640342.9121636698
 20
3298950.48783237
 30
22.513
 40
4.0
  1
031
 50
341.1991255313531
  7
AREA
 71
     2
100
AcDbText
  0
TEXT
  5
2444
330
1F
100
AcDbEntity
  8
NO
100
AcDbText
 10
640362.0225994927
 20
3298944.66200027
 30
22.513
 40
4.0
  1
131
 50
341.1991255313531
  7
AREA
 71
     2
100
AcDbText
  0
TEXT
  5
2445
330
1F
100
AcDbEntity
  8
NO
100
AcDbText
 10
640380.6527382258
 20
3298937.990804116
 30
22.513
 40
4.0
  1
231
 50
341.1991255313531
  7
AREA
 71
     2
100
AcDbText
  0
TEXT
  5
2447
330
1F
100
AcDbEntity
  8
NO
100
AcDbText
 10
640398.9157171299
 20
3298932.64647286
 30
22.513
 40
4.0
  1
331
 50
341.1991255313531
  7
AREA
 71
     2
100
AcDbText
  0
TEXT
  5
2448
330
1F
100
AcDbEntity
  8
NO
100
AcDbText
 10
640419.480913861
 20
3298925.434962216
 30
22.513
 40
4.0
  1
431
 50
341.1991255313531
  7
AREA
 71
     2
100
AcDbText
  0
TEXT
  5
244A
330
1F
100
AcDbEntity
  8
NO
100
AcDbText
 10
640438.3511944499
 20
3298919.186449207
 30
22.513
 40
4.0
  1
531
 50
341.1991255313531
  7
AREA
 71
     2
100
AcDbText
  0
TEXT
  5
244C
330
1F
100
AcDbEntity
  8
NO
100
AcDbText
 10
640456.138460444
 20
3298913.212551257
 30
22.513
 40
4.0
  1
631
 50
341.1991255313531
  7
AREA
 71
     2
100
AcDbText
  0
TEXT
  5
244D
330
1F
100
AcDbEntity
  8
NO
100
AcDbText
 10
640474.3448628758
 20
3298906.782104616
 30
22.513
 40
4.0
  1
731
 50
341.1991255313531
  7
AREA
 71
     2
100
AcDbText
  0
TEXT
  5
244F
330
1F
100
AcDbEntity
  8
NO
100
AcDbText
 10
640495.1502037675
 20
3298899.993281172
 30
22.513
 40
4.0
  1
831
 50
341.1991255313531
  7
AREA
 71
     2
100
AcDbText
  0
TEXT
  5
2451
330
1F
100
AcDbEntity
  8
NO
100
AcDbText
 10
640513.1730385114
 20
3298894.226262717
 30
22.513
 40
4.0
  1
931
 50
341.1991255313531
  7
AREA
 71
     2
100
AcDbText
  0
TEXT
  5
2452
330
1F
100
AcDbEntity
  8
NO
100
AcDbText
 10
640532.467055401
 20
3298887.737000194
 30
22.513
 40
4.0
  1
041
 50
341.1991255313531
  7
AREA
 71
     2
100
AcDbText
  0
TEXT
  5
2454
330
1F
100
AcDbEntity
  8
NO
100
AcDbText
 10
640551.5209036781
 20
3298880.825059
 30
22.513
 40
4.0
  1
141
 50
341.1991255313531
  7
AREA
 71
     2
100
AcDbText
  0
TEXT
  5
2455
330
1F
100
AcDbEntity
  8
NO
100
AcDbText
 10
640570.151042411
 20
3298874.153862846
 30
22.513
 40
4.0
  1
241
 50
341.1991255313531
  7
AREA
 71
     2
100
AcDbText
  0
TEXT
  5
2457
330
1F
100
AcDbEntity
  8
NO
100
AcDbText
 10
640589.6852011567
 20
3298868.087283469
 30
22.513
 40
4.0
  1
341
 50
341.1991255313531
  7
AREA
 71
     2
100
AcDbText
  0
TEXT
  5
2458
330
1F
100
AcDbEntity
  8
NO
100
AcDbText
 10
640608.9792180464
 20
3298861.598020947
 30
22.513
 40
4.0
  1
441
 50
341.1991255313531
  7
AREA
 71
     2
100
AcDbText
  0
TEXT
  5
2459
330
1F
100
AcDbEntity
  8
NO
100
AcDbText
 10
640627.0020527902
 20
3298855.83100249
 30
22.513
 40
4.0
  1
541
 50
341.1991255313531
  7
AREA
 71
     2
100
AcDbText
  0
TEXT
  5
245A
330
1F
100
AcDbEntity
  8
NO
100
AcDbText
 10
640647.086927979
 20
3298847.774136321
 30
22.513
 40
4.0
  1
641
 50
341.1991255313531
  7
AREA
 71
     2
100
AcDbText
  0
TEXT
  5
245B
330
1F
100
AcDbEntity
  8
NO
100
AcDbText
 10
640664.8695964145
 20
3298841.584443248
 30
22.513
 40
4.0
  1
741
 50
341.1991255313531
  7
AREA
 71
     2
100
AcDbText
  0
TEXT
  5
245E
330
1F
100
AcDbEntity
  8
NO
100
AcDbText
 10
640684.1636243782
 20
3298835.095174434
 30
22.513
 40
4.0
  1
841
 50
341.1991255313531
  7
AREA
 71
     2
100
AcDbText
  0
TEXT
  5
245F
330
1F
100
AcDbEntity
  8
NO
100
AcDbText
 10
640703.7958133847
 20
3298828.791503997
 30
22.513
 40
4.0
  1
051
 50
341.1991255313592
  7
AREA
 71
     2
100
AcDbText
  0
TEXT
  5
2460
330
1F
100
AcDbEntity
  8
NO
100
AcDbText
 10
640721.7620605826
 20
3298821.938376447
 30
22.513
 40
4.0
  1
151
 50
341.1991255313592
  7
AREA
 71
     2
100
AcDbText
  0
TEXT
  5
2461
330
1F
100
AcDbEntity
  8
NO
100
AcDbText
 10
640739.6013276382
 20
3298816.834786177
 30
22.513
 40
4.0
  1
451
 50
341.1991255313592
  7
AREA
 71
     2
100
AcDbText
  0
TEXT
  5
2462
330
1F
100
AcDbEntity
  8
NO
100
AcDbText
 10
640760.4710558096
 20
3298808.493513074
 30
22.513
 40
4.0
  1
251
 50
341.1991255313592
  7
AREA
 71
     2
100
AcDbText
  0
TEXT
  5
2464
330
1F
100
AcDbEntity
  8
NO
100
AcDbText
 10
640777.6464447085
 20
3298803.207989171
 30
22.513
 40
4.0
  1
551
 50
341.1991255313592
  7
AREA
 71
     2
100
AcDbText
  0
TEXT
  5
2465
330
1F
100
AcDbEntity
  8
NO
100
AcDbText
 10
640797.3641822163
 20
3298796.477975317
 30
22.513
 40
4.0
  1
651
 50
341.1991255313592
  7
AREA
 71
     2
100
AcDbText
  0
TEXT
  5
2467
330
1F
100
AcDbEntity
  8
NO
100
AcDbText
 10
640817.3220661888
 20
3298790.170652719
 30
22.513
 40
4.0
  1
751
 50
341.1991255313592
  7
AREA
 71
     2
100
AcDbText
  0
TEXT
  5
2469
330
1F
100
AcDbEntity
  8
NO
100
AcDbText
 10
640835.9522026173
 20
3298783.499452509
 30
22.513
 40
4.0
  1
851
 50
341.1991255313592
  7
AREA
 71
     2
100
AcDbText
  0
TEXT
  5
246A
330
1F
100
AcDbEntity
  8
NO
100
AcDbText
 10
640853.9750396655
 20
3298777.732438109
 30
22.513
 40
4.0
  1
261
 50
341.1991255313592
  7
AREA
 71
     2
100
AcDbText
  0
TEXT
  5
246C
330
1F
100
AcDbEntity
  8
NO
100
AcDbText
 10
640871.757708101
 20
3298771.542745036
 30
22.513
 40
4.0
  1
161
 50
341.1991255313592
  7
AREA
 71
     2
100
AcDbText
  0
TEXT
  5
246D
330
1F
100
AcDbEntity
  8
NO
100
AcDbText
 10
640892.803215301
 20
3298765.17659621
 30
22.513
 40
4.0
  1
951
 50
341.1991255313592
  7
AREA
 71
     2
100
AcDbText
  0
TEXT
  5
246E
330
1F
100
AcDbEntity
  8
NO
100
AcDbText
 10
640930.5010971293
 20
3298753.910414656
 30
22.513
 40
4.0
  1
061
 50
341.1991255313923
  7
AREA
 71
     2
100
AcDbText
  0
TEXT
  5
2470
330
1F
100
AcDbEntity
  8
NO
100
AcDbText
 10
640950.4892837765
 20
3298747.679423665
 30
22.513
 40
4.0
  1
361
 50
341.1991255313923
  7
AREA
 71
     2
100
AcDbText
  0
TEXT
  5
2471
330
1F
100
AcDbEntity
  8
NO
100
AcDbText
 10
640362.8164206304
 20
3298875.474568396
 30
22.513
 40
4.0
  1
2/912
 50
341.1991255314685
  7
AREA
 71
     2
100
AcDbText
  0
TEXT
  5
2473
330
1F
100
AcDbEntity
  8
NO
100
AcDbText
 10
640381.4382051059
 20
3298868.84748597
 30
22.513
 40
4.0
  1
1/912
 50
341.1991255314685
  7
AREA
 71
     2
100
AcDbText
  0
TEXT
  5
2474
330
1F
100
AcDbEntity
  8
NO
100
AcDbText
 10
640399.2881055986
 20
3298862.996316383
 30
22.513
 40
4.0
  1
912
 50
341.1991255314685
  7
AREA
 71
     2
100
AcDbText
  0
TEXT
  5
2475
330
1F
100
AcDbEntity
  8
NO
100
AcDbText
 10
640417.5473119403
 20
3298856.368877969
 30
22.513
 40
4.0
  1
812
 50
341.1991255314108
  7
AREA
 71
     2
100
AcDbText
  0
TEXT
  5
2478
330
1F
100
AcDbEntity
  8
NO
100
AcDbText
 10
640436.3874075506
 20
3298849.652745067
 30
22.513
 40
4.0
  1
712
 50
341.1991255314108
  7
AREA
 71
     2
100
AcDbText
  0
TEXT
  5
247A
330
1F
100
AcDbEntity
  8
NO
100
AcDbText
 10
640455.0821697397
 20
3298843.462363795
 30
22.513
 40
4.0
  1
612
 50
341.1991255314108
  7
AREA
 71
     2
100
AcDbText
  0
TEXT
  5
247B
330
1F
100
AcDbEntity
  8
NO
100
AcDbText
 10
640473.9672835539
 20
3298837.607007483
 30
22.513
 40
4.0
  1
512
 50
341.1991255314108
  7
AREA
 71
     2
100
AcDbText
  0
TEXT
  5
247C
330
1F
100
AcDbEntity
  8
NO
100
AcDbText
 10
640493.1432871092
 20
3298830.700021269
 30
22.513
 40
4.0
  1
412
 50
341.1991255314108
  7
AREA
 71
     2
100
AcDbText
  0
TEXT
  5
247E
330
1F
100
AcDbEntity
  8
NO
100
AcDbText
 10
640511.5021413532
 20
3298824.700493308
 30
22.513
 40
4.0
  1
312
 50
341.1991255314108
  7
AREA
 71
     2
100
AcDbText
  0
TEXT
  5
247F
330
1F
100
AcDbEntity
  8
NO
100
AcDbText
 10
640530.6780985265
 20
3298817.793425462
 30
22.513
 40
4.0
  1
212
 50
341.1991255314108
  7
AREA
 71
     2
100
AcDbText
  0
TEXT
  5
2480
330
1F
100
AcDbEntity
  8
NO
100
AcDbText
 10
640548.7013141058
 20
3298811.984705801
 30
22.513
 40
4.0
  1
112
 50
341.1991255314108
  7
AREA
 71
     2
100
AcDbText
  0
TEXT
  5
2481
330
1F
100
AcDbEntity
  8
NO
100
AcDbText
 10
640568.6083006308
 20
3298805.504368043
 30
22.513
 40
4.0
  1
012
 50
341.1991255314108
  7
AREA
 71
     2
100
AcDbText
  0
TEXT
  5
2482
330
1F
100
AcDbEntity
  8
NO
100
AcDbText
 10
640587.0959938116
 20
3298798.988460148
 30
22.513
 40
4.0
  1
902
 50
341.1991255314108
  7
AREA
 71
     2
100
AcDbText
  0
TEXT
  5
2484
330
1F
100
AcDbEntity
  8
NO
100
AcDbText
 10
640624.7446212531
 20
3298786.020112963
 30
22.513
 40
4.0
  1
702
 50
341.1991255316187
  7
AREA
 71
     2
100
AcDbText
  0
TEXT
  5
2485
330
1F
100
AcDbEntity
  8
NO
100
AcDbText
 10
640643.6687904961
 20
3298779.921085795
 30
22.513
 40
4.0
  1
602
 50
341.1991255316187
  7
AREA
 71
     2
100
AcDbText
  0
TEXT
  5
2486
330
1F
100
AcDbEntity
  8
NO
100
AcDbText
 10
640663.2983405291
 20
3298773.421065412
 30
22.513
 40
4.0
  1
502
 50
341.1991255316187
  7
AREA
 71
     2
100
AcDbText
  0
TEXT
  5
2487
330
1F
100
AcDbEntity
  8
NO
100
AcDbText
 10
640682.3752287877
 20
3298766.769845077
 30
22.513
 40
4.0
  1
402
 50
341.1991255316187
  7
AREA
 71
     2
100
AcDbText
  0
TEXT
  5
2488
330
1F
100
AcDbEntity
  8
NO
100
AcDbText
 10
640701.6521534929
 20
3298760.470176345
 30
22.513
 40
4.0
  1
302
 50
341.1991255316187
  7
AREA
 71
     2
100
AcDbText
  0
TEXT
  5
2489
330
1F
100
AcDbEntity
  8
NO
100
AcDbText
 10
640720.3764628056
 20
3298754.019389295
 30
22.513
 40
4.0
  1
202
 50
341.1991255316187
  7
AREA
 71
     2
100
AcDbText
  0
TEXT
  5
248A
330
1F
100
AcDbEntity
  8
NO
100
AcDbText
 10
640738.7483233069
 20
3298747.768745618
 30
22.513
 40
4.0
  1
102
 50
341.1991255316187
  7
AREA
 71
     2
100
AcDbText
  0
TEXT
  5
248B
330
1F
100
AcDbEntity
  8
NO
100
AcDbText
 10
640757.8251651836
 20
3298741.117443649
 30
22.513
 40
4.0
  1
002
 50
341.1991255316187
  7
AREA
 71
     2
100
AcDbText
  0
TEXT
  5
248C
330
1F
100
AcDbEntity
  8
NO
100
AcDbText
 10
640777.3019962011
 20
3298735.169616433
 30
22.513
 40
4.0
  1
571
 50
341.1991255316187
  7
AREA
 71
     2
100
AcDbText
  0
TEXT
  5
248D
330
1F
100
AcDbEntity
  8
NO
100
AcDbText
 10
640795.4737274917
 20
3298728.567257885
 30
22.513
 40
4.0
  1
671
 50
341.1991255316187
  7
AREA
 71
     2
100
AcDbText
  0
TEXT
  5
248E
330
1F
100
AcDbEntity
  8
NO
100
AcDbText
 10
640814.5508850306
 20
3298721.915992539
 30
22.513
 40
4.0
  1
771
 50
341.1991255316187
  7
AREA
 71
     2
100
AcDbText
  0
TEXT
  5
248F
330
1F
100
AcDbEntity
  8
NO
100
AcDbText
 10
640834.1043513281
 20
3298716.515094496
 30
22.513
 40
4.0
  1
871
 50
341.199125531417
  7
AREA
 71
     2
100
AcDbText
  0
TEXT
  5
2490
330
1F
100
AcDbEntity
  8
NO
100
AcDbText
 10
640852.7817426246
 20
3298709.160227751
 30
22.513
 40
4.0
  1
971
 50
341.199125531417
  7
AREA
 71
     2
100
AcDbText
  0
TEXT
  5
2493
330
1F
100
AcDbEntity
  8
NO
100
AcDbText
 10
640871.2004283782
 20
3298703.813500502
 30
22.513
 40
4.0
  1
581
 50
341.199125531417
  7
AREA
 71
     2
100
AcDbText
  0
TEXT
  5
2495
330
1F
100
AcDbEntity
  8
NO
100
AcDbText
 10
640890.9827901908
 20
3298696.761450218
 30
22.513
 40
4.0
  1
681
 50
341.199125531417
  7
AREA
 71
     2
100
AcDbText
  0
TEXT
  5
2496
330
1F
100
AcDbEntity
  8
NO
100
AcDbText
 10
640909.3544277938
 20
3298690.510933186
 30
22.513
 40
4.0
  1
781
 50
341.1991255314108
  7
AREA
 71
     2
100
AcDbText
  0
TEXT
  5
2498
330
1F
100
AcDbEntity
  8
NO
100
AcDbText
 10
640928.6313988809
 20
3298684.211346089
 30
22.513
 40
4.0
  1
881
 50
341.1991255314108
  7
AREA
 71
     2
100
AcDbText
  0
TEXT
  5
2499
330
1F
100
AcDbEntity
  8
NO
100
AcDbText
 10
640616.7169945574
 20
3299012.239508554
 30
22.513
 40
4.0
  1
82
 50
341.1991255312645
  7
AREA
 71
     2
100
AcDbText
  0
TEXT
  5
249A
330
1F
100
AcDbEntity
  8
NO
100
AcDbText
 10
640634.9763403504
 20
3299005.866083559
 30
22.513
 40
4.0
  1
92
 50
341.1991255312645
  7
AREA
 71
     2
100
AcDbText
  0
TEXT
  5
249B
330
1F
100
AcDbEntity
  8
NO
100
AcDbText
 10
640653.894955403
 20
3298999.6617935
 30
22.513
 40
4.0
  1
03
 50
341.1991255312645
  7
AREA
 71
     2
100
AcDbText
  0
TEXT
  5
249C
330
1F
100
AcDbEntity
  8
NO
100
AcDbText
 10
640673.4216397945
 20
3298993.21633092
 30
22.513
 40
4.0
  1
13
 50
341.1991255312645
  7
AREA
 71
     2
100
AcDbText
  0
TEXT
  5
249D
330
1F
100
AcDbEntity
  8
NO
100
AcDbText
 10
640693.2672493557
 20
3298986.036880354
 30
22.513
 40
4.0
  1
23
 50
341.1991255312645
  7
AREA
 71
     2
100
AcDbText
  0
TEXT
  5
249E
330
1F
100
AcDbEntity
  8
NO
100
AcDbText
 10
640711.7356816707
 20
3298980.183507546
 30
22.513
 40
4.0
  1
33
 50
341.1991255312645
  7
AREA
 71
     2
100
AcDbText
  0
TEXT
  5
249F
330
1F
100
AcDbEntity
  8
NO
100
AcDbText
 10
640730.6322246829
 20
3298973.620176033
 30
22.513
 40
4.0
  1
43
 50
341.1991255312645
  7
AREA
 71
     2
100
AcDbText
  0
TEXT
  5
24A0
330
1F
100
AcDbEntity
  8
NO
100
AcDbText
 10
640749.2418403684
 20
3298966.877226714
 30
22.513
 40
4.0
  1
53
 50
341.1991255314108
  7
AREA
 71
     2
100
AcDbText
  0
TEXT
  5
24A1
330
1F
100
AcDbEntity
  8
NO
100
AcDbText
 10
640767.9211623679
 20
3298960.486339936
 30
22.513
 40
4.0
  1
63
 50
341.1991255314108
  7
AREA
 71
     2
100
AcDbText
  0
TEXT
  5
24A2
330
1F
100
AcDbEntity
  8
NO
100
AcDbText
 10
640787.7105557517
 20
3298953.846259196
 30
22.513
 40
4.0
  1
73
 50
341.1991255314108
  7
AREA
 71
     2
100
AcDbText
  0
TEXT
  5
24A3
330
1F
100
AcDbEntity
  8
NO
100
AcDbText
 10
640806.146084656
 20
3298947.698851749
 30
22.513
 40
4.0
  1
83
 50
341.1991255314108
  7
AREA
 71
     2
100
AcDbText
  0
TEXT
  5
24A4
330
1F
100
AcDbEntity
  8
NO
100
AcDbText
 10
640825.9073503424
 20
3298940.521968563
 30
22.513
 40
4.0
  1
93
 50
341.1991255314108
  7
AREA
 71
     2
100
AcDbText
  0
TEXT
  5
24A5
330
1F
100
AcDbEntity
  8
NO
100
AcDbText
 10
640843.3977517447
 20
3298935.149666224
 30
22.513
 40
4.0
  1
04
 50
341.1991255314108
  7
AREA
 71
     2
100
AcDbText
  0
TEXT
  5
24A6
330
1F
100
AcDbEntity
  8
NO
100
AcDbText
 10
640863.5329832134
 20
3298927.655343298
 30
22.513
 40
4.0
  1
14
 50
341.1991255314108
  7
AREA
 71
     2
100
AcDbText
  0
TEXT
  5
24A7
330
1F
100
AcDbEntity
  8
NO
100
AcDbText
 10
640901.0273383517
 20
3298915.934966083
 30
22.513
 40
4.0
  1
24
 50
341.199125531246
  7
AREA
 71
     2
100
AcDbText
  0
TEXT
  5
24A8
330
1F
100
AcDbEntity
  8
NO
100
AcDbText
 10
640919.3385146183
 20
3298910.118784111
 30
22.513
 40
4.0
  1
34
 50
341.199125531246
  7
AREA
 71
     2
100
AcDbText
  0
TEXT
  5
24AA
330
1F
100
AcDbEntity
  8
NO
100
AcDbText
 10
640938.2519160537
 20
3298902.125309381
 30
22.513
 40
4.0
  1
44
 50
341.199125531246
  7
AREA
 71
     2
100
AcDbText
  0
TEXT
  5
24AB
330
1F
100
AcDbEntity
  8
NO
100
AcDbText
 10
640957.2583589284
 20
3298895.914204743
 30
22.513
 40
4.0
  1
54
 50
341.199125531246
  7
AREA
 71
     2
100
AcDbText
  0
TEXT
  5
24AC
330
1F
100
AcDbEntity
  8
NO
100
AcDbText
 10
640976.612430601
 20
3298889.505371366
 30
22.513
 40
4.0
  1
64
 50
341.199125531246
  7
AREA
 71
     2
100
AcDbText
  0
TEXT
  5
24AD
330
1F
100
AcDbEntity
  8
NO
100
AcDbText
 10
640995.2245429358
 20
3298882.600751292
 30
22.513
 40
4.0
  1
74
 50
341.199125531246
  7
AREA
 71
     2
100
AcDbText
  0
TEXT
  5
24AE
330
1F
100
AcDbEntity
  8
NO
100
AcDbText
 10
641014.6250006878
 20
3298877.083125467
 30
22.513
 40
4.0
  1
84
 50
341.199125531246
  7
AREA
 71
     2
100
AcDbText
  0
TEXT
  5
24AF
330
1F
100
AcDbEntity
  8
NO
100
AcDbText
 10
641033.4343665505
 20
3298870.525158971
 30
22.513
 40
4.0
  1
94
 50
341.199125531246
  7
AREA
 71
     2
100
AcDbText
  0
TEXT
  5
24B0
330
1F
100
AcDbEntity
  8
NO
100
AcDbText
 10
641052.2437324134
 20
3298863.967192477
 30
22.513
 40
4.0
  1
05
 50
341.199125531246
  7
AREA
 71
     2
100
AcDbText
  0
TEXT
  5
24B1
330
1F
100
AcDbEntity
  8
NO
100
AcDbText
 10
641071.6791905937
 20
3298857.220013646
 30
22.513
 40
4.0
  1
15
 50
341.1991255315302
  7
AREA
 71
     2
100
AcDbText
  0
TEXT
  5
24B2
330
1F
100
AcDbEntity
  8
NO
100
AcDbText
 10
641091.0333550305
 20
3298850.811343535
 30
22.513
 40
4.0
  1
25
 50
341.1991255315302
  7
AREA
 71
     2
100
AcDbText
  0
TEXT
  5
24B3
330
1F
100
AcDbEntity
  8
NO
100
AcDbText
 10
640559.0810429256
 20
3298969.19875414
 30
22.513
 40
4.0
  1
67
 50
341.1991255313985
  7
AREA
 71
     2
100
AcDbText
  0
TEXT
  5
24B4
330
1F
100
AcDbEntity
  8
NO
100
AcDbText
 10
640578.5858055309
 20
3298962.245575068
 30
22.513
 40
4.0
  1
95
 50
341.1991255313985
  7
AREA
 71
     2
100
AcDbText
  0
TEXT
  5
24B5
330
1F
100
AcDbEntity
  8
NO
100
AcDbText
 10
640597.3485160338
 20
3298954.796446033
 30
22.513
 40
4.0
  1
37
 50
341.1991255313985
  7
AREA
 71
     2
100
AcDbText
  0
TEXT
  5
24B6
330
1F
100
AcDbEntity
  8
NO
100
AcDbText
 10
640616.5054269422
 20
3298948.041122344
 30
22.513
 40
4.0
  1
27
 50
341.1991255313985
  7
AREA
 71
     2
100
AcDbText
  0
TEXT
  5
24B7
330
1F
100
AcDbEntity
  8
NO
100
AcDbText
 10
640635.5118234348
 20
3298941.829936073
 30
22.513
 40
4.0
  1
17
 50
341.1991255313985
  7
AREA
 71
     2
100
AcDbText
  0
TEXT
  5
24B8
330
1F
100
AcDbEntity
  8
NO
100
AcDbText
 10
640654.912327569
 20
3298936.312391881
 30
22.513
 40
4.0
  1
07
 50
341.1991255313985
  7
AREA
 71
     2
100
AcDbText
  0
TEXT
  5
24B9
330
1F
100
AcDbEntity
  8
NO
100
AcDbText
 10
640673.7502716433
 20
3298929.95470135
 30
22.513
 40
4.0
  1
96
 50
341.199125531417
  7
AREA
 71
     2
100
AcDbText
  0
TEXT
  5
24BA
330
1F
100
AcDbEntity
  8
NO
100
AcDbText
 10
640692.0612250114
 20
3298924.138646022
 30
22.513
 40
4.0
  1
86
 50
341.199125531417
  7
AREA
 71
     2
100
AcDbText
  0
TEXT
  5
24BB
330
1F
100
AcDbEntity
  8
NO
100
AcDbText
 10
640710.8705908742
 20
3298917.580679527
 30
22.513
 40
4.0
  1
76
 50
341.199125531417
  7
AREA
 71
     2
100
AcDbText
  0
TEXT
  5
24BC
330
1F
100
AcDbEntity
  8
NO
100
AcDbText
 10
640730.5722075928
 20
3298910.974488956
 30
22.513
 40
4.0
  1
66
 50
341.199125531417
  7
AREA
 71
     2
100
AcDbText
  0
TEXT
  5
24BD
330
1F
100
AcDbEntity
  8
NO
100
AcDbText
 10
640749.137933848
 20
3298903.178661332
 30
22.513
 40
4.0
  1
56
 50
341.199125531417
  7
AREA
 71
     2
100
AcDbText
  0
TEXT
  5
24BE
330
1F
100
AcDbEntity
  8
NO
100
AcDbText
 10
640768.4922748011
 20
3298896.769782944
 30
22.513
 40
4.0
  1
46
 50
341.199125531417
  7
AREA
 71
     2
100
AcDbText
  0
TEXT
  5
24BF
330
1F
100
AcDbEntity
  8
NO
100
AcDbText
 10
640787.3013713835
 20
3298890.21186146
 30
22.513
 40
4.0
  1
36
 50
341.199125531417
  7
AREA
 71
     2
100
AcDbText
  0
TEXT
  5
24C0
330
1F
100
AcDbEntity
  8
NO
100
AcDbText
 10
640805.6125476502
 20
3298884.395679487
 30
22.513
 40
4.0
  1
26
 50
341.199125531417
  7
AREA
 71
     2
100
AcDbText
  0
TEXT
  5
24C1
330
1F
100
AcDbEntity
  8
NO
100
AcDbText
 10
640824.6187212441
 20
3298878.18461986
 30
22.513
 40
4.0
  1
16
 50
341.199125531417
  7
AREA
 71
     2
100
AcDbText
  0
TEXT
  5
24C2
330
1F
100
AcDbEntity
  8
NO
100
AcDbText
 10
640843.9726164006
 20
3298871.775994761
 30
22.513
 40
4.0
  1
06
 50
341.199125531417
  7
AREA
 71
     2
100
AcDbText
  0
TEXT
  5
24C3
330
1F
100
AcDbEntity
  8
NO
100
AcDbText
 10
640882.2137043062
 20
3298859.277472948
 30
22.513
 40
4.0
  1
85
 50
341.1991255319875
  7
AREA
 71
     2
100
AcDbText
  0
TEXT
  5
24C4
330
1F
100
AcDbEntity
  8
NO
100
AcDbText
 10
640899.9335194029
 20
3298852.420995318
 30
22.513
 40
4.0
  1
75
 50
341.1991255319875
  7
AREA
 71
     2
100
AcDbText
  0
TEXT
  5
24C5
330
1F
100
AcDbEntity
  8
NO
100
AcDbText
 10
640919.9830805821
 20
3298845.617112631
 30
22.513
 40
4.0
  1
65
 50
341.1991255319875
  7
AREA
 71
     2
100
AcDbText
  0
TEXT
  5
24C6
330
1F
100
AcDbEntity
  8
NO
100
AcDbText
 10
640938.4446785006
 20
3298839.256629974
 30
22.513
 40
4.0
  1
55
 50
341.1991255319875
  7
AREA
 71
     2
100
AcDbText
  0
TEXT
  5
24C7
330
1F
100
AcDbEntity
  8
NO
100
AcDbText
 10
640957.4508984768
 20
3298833.04565198
 30
22.513
 40
4.0
  1
45
 50
341.1991255319875
  7
AREA
 71
     2
100
AcDbText
  0
TEXT
  5
24C8
330
1F
100
AcDbEntity
  8
NO
100
AcDbText
 10
640977.6972673874
 20
3298826.58867616
 30
22.513
 40
4.0
  1
35
 50
341.1991255319875
  7
AREA
 71
     2
100
AcDbText
  0
TEXT
  5
24E5
330
1F
100
AcDbEntity
  8
NO
100
AcDbText
 10
639773.8435391366
 20
3299016.746423928
 30
22.513
 40
4.0
  1
471
 50
341.1991255313346
  7
AREA
 71
     2
100
AcDbText
  0
TEXT
  5
250F
330
1F
100
AcDbEntity
  8
NO
100
AcDbText
 10
639652.7990538011
 20
3299322.176804922
 30
-17.58999999999999
 40
4.0
  1
1/791
 50
341.199125531454
  7
AREA
 71
     2
100
AcDbText
  0
TEXT
  5
257A
330
1F
100
AcDbEntity
  8
NO
100
AcDbText
 10
640969.4221706058
 20
3298741.233820799
 30
22.513
 40
4.0
  1
1/361
 50
341.1991255313923
  7
AREA
 71
     2
100
AcDbText
  0
TEXT
  5
2586
330
1F
100
AcDbEntity
  8
NO
100
AcDbText
 10
640189.9634507484
 20
3299002.229083577
 30
22.513
 40
4.0
  1
941
 50
341.1991255313223
  7
AREA
 71
     2
100
AcDbText
  0
TEXT
  5
2588
330
1F
100
AcDbEntity
  8
NO
100
AcDbText
 10
640034.7986721881
 20
3299049.508777657
 30
22.513
 40
4.0
  1
4661
 50
71.19912553132015
  7
AREA
 71
     2
100
AcDbText
  0
TEXT
  5
2589
330
1F
100
AcDbEntity
  8
NO
100
AcDbText
 10
639661.4001723178
 20
3299117.390363341
 30
22.513
 40
4.0
  1
132
 50
341.1991255313716
  7
AREA
 71
     2
100
AcDbText
  0
TEXT
  5
258C
330
1F
100
AcDbEntity
  8
NO
100
AcDbText
 10
640073.6936789686
 20
3299035.565994217
 30
22.513
 40
4.0
  1
6661
 50
71.19912553132015
  7
AREA
 71
     2
100
AcDbText
  0
TEXT
  5
258F
330
1F
100
AcDbEntity
  8
NO
100
AcDbText
 10
640004.4421754407
 20
3299022.848638512
 30
22.513
 40
4.0
  1
55151
 50
71.19912553132015
  7
AREA
 71
     2
100
AcDbText
  0
TEXT
  5
2591
330
1F
100
AcDbEntity
  8
NO
100
AcDbText
 10
640054.1578331924
 20
3299042.318846125
 30
22.513
 40
4.0
  1
5661
 50
71.19912553132015
  7
AREA
 71
     2
100
AcDbText
  0
TEXT
  5
2593
330
1F
100
AcDbEntity
  8
NO
100
AcDbText
 10
640997.828414542
 20
3298729.93887991
 30
22.513
 40
4.0
  1
222
 50
341.1991255319875
  7
AREA
 71
     2
100
AcDbText
  0
TEXT
  5
2594
330
1F
100
AcDbEntity
  8
NO
100
AcDbText
 10
639643.2423585545
 20
3299189.06647148
 30
22.513
 40
4.0
  1
622
 50
341.1991255313716
  7
AREA
 71
     2
100
AcDbText
  0
TEXT
  5
2595
330
1F
100
AcDbEntity
  8
NO
100
AcDbText
 10
639680.3332674265
 20
3299110.944689568
 30
22.513
 40
4.0
  1
232
 50
341.1991255313716
  7
AREA
 71
     2
100
AcDbText
  0
TEXT
  5
2596
330
1F
100
AcDbEntity
  8
NO
100
AcDbText
 10
640016.9022267172
 20
3299058.463462528
 30
22.513
 40
4.0
  1
3661
 50
71.19912553132015
  7
AREA
 71
     2
100
AcDbText
  0
TEXT
  5
2597
330
1F
100
AcDbEntity
  8
NO
100
AcDbText
 10
640983.7798128761
 20
3298781.793139838
 30
22.513
 40
4.0
  1
122
 50
341.1991255319875
  7
AREA
 71
     2
100
AcDbText
  0
TEXT
  5
2598
330
1F
100
AcDbEntity
  8
NO
100
AcDbText
 10
639623.5339821005
 20
3299130.281710888
 30
22.513
 40
4.0
  1
922
 50
341.1991255313716
  7
AREA
 71
     2
100
AcDbText
  0
TEXT
  5
259B
330
1F
100
AcDbEntity
  8
NO
100
AcDbText
 10
639681.1085487717
 20
3299176.175123934
 30
22.513
 40
4.0
  1
422
 50
341.1991255313716
  7
AREA
 71
     2
100
AcDbText
  0
TEXT
  5
259C
330
1F
100
AcDbEntity
  8
NO
100
AcDbText
 10
639604.600886992
 20
3299136.727384662
 30
22.513
 40
4.0
  1
822
 50
341.1991255313716
  7
AREA
 71
     2
100
AcDbText
  0
TEXT
  5
259D
330
1F
100
AcDbEntity
  8
NO
100
AcDbText
 10
639662.1754536631
 20
3299182.620797707
 30
22.513
 40
4.0
  1
522
 50
341.1991255313716
  7
AREA
 71
     2
100
AcDbText
  0
TEXT
  5
259F
330
1F
100
AcDbEntity
  8
NO
100
AcDbText
 10
639642.4670772091
 20
3299123.836037114
 30
22.513
 40
4.0
  1
032
 50
341.1991255313716
  7
AREA
 71
     2
100
AcDbText
  0
TEXT
  5
25A2
330
1F
100
AcDbEntity
  8
NO
100
AcDbText
 10
640997.2971632732
 20
3298819.766322734
 30
22.513
 40
4.0
  1
1/122
 50
341.1991255319875
  7
AREA
 71
     2
100
AcDbText
  0
TEXT
  5
25A3
330
1F
100
AcDbEntity
  8
NO
100
AcDbText
 10
639624.309263446
 20
3299195.512145254
 30
22.513
 40
4.0
  1
722
 50
341.1991255313716
  7
AREA
 71
     2
100
AcDbText
  0
TEXT
  5
25A7
330
1F
100
AcDbEntity
  8
NO
100
AcDbText
 10
639700.0416438803
 20
3299169.72945016
 30
22.513
 40
4.0
  1
322
 50
341.1991255313716
  7
AREA
 71
     2
100
AcDbText
  0
TEXT
  5
25AC
330
1F
100
AcDbEntity
  8
NO
100
AcDbText
 10
640098.3000378722
 20
3298982.102710314
 30
22.513
 40
4.0
  1
1/021
 50
341.1991255313223
  7
AREA
 71
     2
100
AcDbText
  0
TEXT
  5
25AD
330
1F
100
AcDbEntity
  8
NO
100
AcDbText
 10
640220.9031175745
 20
3298994.722306294
 30
22.513
 40
4.0
  1
421
 50
341.1991255313531
  7
AREA
 71
     2
100
AcDbText
  0
TEXT
  5
25B2
330
1F
100
AcDbEntity
  8
NO
100
AcDbText
 10
639854.3505305418
 20
3299063.586452642
 30
22.513
 40
4.0
  1
1/701
 50
341.1991255313716
  7
AREA
 71
     2
100
AcDbText
  0
TEXT
  5
25B3
330
1F
100
AcDbEntity
  8
NO
100
AcDbText
 10
640605.68687018
 20
3298793.22241443
 30
22.513
 40
4.0
  1
802
 50
341.1991255316187
  7
AREA
 71
     2
100
AcDbText
  0
TEXT
  5
25B5
330
1F
100
AcDbEntity
  8
NO
100
AcDbText
 10
639872.5187647933
 20
3299057.215472087
 30
22.513
 40
4.0
  1
1/801
 50
341.1991255313716
  7
AREA
 71
     2
100
AcDbText
  0
TEXT
  5
25B8
330
1F
100
AcDbEntity
  8
NO
100
AcDbText
 10
640008.3906790027
 20
3298958.772765472
 30
22.513
 40
4.0
  1
1/611
 50
341.1991255313284
  7
AREA
 71
     2
100
AcDbText
  0
TEXT
  5
25BB
330
1F
100
AcDbEntity
  8
NO
100
AcDbText
 10
640477.2752871092
 20
3298785.98302127
 30
22.513
 40
4.0
  1
1/412
 50
341.1991255314108
  7
AREA
 71
     2
100
AcDbText
  0
TEXT
  5
25BD
330
1F
100
AcDbEntity
  8
NO
100
AcDbText
 10
640439.4095134503
 20
3298798.874227001
 30
22.513
 40
4.0
  1
1/612
 50
341.1991255314108
  7
AREA
 71
     2
100
AcDbText
  0
TEXT
  5
25BE
330
1F
100
AcDbEntity
  8
NO
100
AcDbText
 10
640420.476626621
 20
3298805.319829867
 30
22.513
 40
4.0
  1
1/712
 50
341.1991255314108
  7
AREA
 71
     2
100
AcDbText
  0
TEXT
  5
25C1
330
1F
100
AcDbEntity
  8
NO
100
AcDbText
 10
640237.3166663351
 20
3298881.704049053
 30
22.513
 40
4.0
  1
1/621
 50
341.1991255313284
  7
AREA
 71
     2
100
AcDbText
  0
TEXT
  5
25C3
330
1F
100
AcDbEntity
  8
NO
100
AcDbText
 10
639891.4516516227
 20
3299050.769869221
 30
22.513
 40
4.0
  1
1/901
 50
341.1991255313716
  7
AREA
 71
     2
100
AcDbText
  0
TEXT
  5
25C4
330
1F
100
AcDbEntity
  8
NO
100
AcDbText
 10
639971.4896790028
 20
3298973.268765473
 30
22.513
 40
4.0
  1
1/411
 50
341.1991255313284
  7
AREA
 71
     2
100
AcDbText
  0
TEXT
  5
25C5
330
1F
100
AcDbEntity
  8
NO
100
AcDbText
 10
639990.1026790028
 20
3298965.866765472
 30
22.513
 40
4.0
  1
1/511
 50
341.1991255313284
  7
AREA
 71
     2
100
AcDbText
  0
TEXT
  5
25C6
330
1F
100
AcDbEntity
  8
NO
100
AcDbText
 10
640516.4630985265
 20
3298775.170425462
 30
22.513
 40
4.0
  1
1/212
 50
341.1991255314108
  7
AREA
 71
     2
100
AcDbText
  0
TEXT
  5
25C8
330
1F
100
AcDbEntity
  8
NO
100
AcDbText
 10
639910.384538452
 20
3299044.324266355
 30
22.513
 40
4.0
  1
1/011
 50
341.1991255313716
  7
AREA
 71
     2
100
AcDbText
  0
TEXT
  5
25C9
330
1F
100
AcDbEntity
  8
NO
100
AcDbText
 10
640180.9654433579
 20
3298901.897577351
 30
22.513
 40
4.0
  1
2/421
 50
341.1991255313531
  7
AREA
 71
     2
100
AcDbText
  0
TEXT
  5
25CB
330
1F
100
AcDbEntity
  8
NO
100
AcDbText
 10
640458.3424002798
 20
3298792.428624135
 30
22.513
 40
4.0
  1
1/512
 50
341.1991255314108
  7
AREA
 71
     2
100
AcDbText
  0
TEXT
  5
25CC
330
1F
100
AcDbEntity
  8
NO
100
AcDbText
 10
640218.003443358
 20
3298888.85857735
 30
22.513
 40
4.0
  1
1/521
 50
341.1991255313531
  7
AREA
 71
     2
100
AcDbText
  0
TEXT
  5
25CF
330
1F
100
AcDbEntity
  8
NO
100
AcDbText
 10
640159.8774507483
 20
3298907.709083577
 30
22.513
 40
4.0
  1
1/941
 50
341.1991255313223
  7
AREA
 71
     2
100
AcDbText
  0
TEXT
  5
25D2
330
1F
100
AcDbEntity
  8
NO
100
AcDbText
 10
640104.0376630561
 20
3298927.463787151
 30
45.026
 40
4.0
  1
1/121
 50
341.1991255313223
  7
AREA
 71
     2
100
AcDbText
  0
TEXT
  5
25D4
330
1F
100
AcDbEntity
  8
NO
100
AcDbText
 10
640124.0868434957
 20
3298920.467502457
 30
45.026
 40
4.0
  1
1/221
 50
341.1991255313223
  7
AREA
 71
     2
100
AcDbText
  0
TEXT
  5
25D5
330
1F
100
AcDbEntity
  8
NO
100
AcDbText
 10
640143.1956915762
 20
3298914.284654606
 30
45.026
 40
4.0
  1
1/321
 50
341.1991255313223
  7
AREA
 71
     2
100
AcDbText
  0
TEXT
  5
25D6
330
1F
100
AcDbEntity
  8
NO
100
AcDbText
 10
640199.601443358
 20
3298895.843577351
 30
22.513
 40
4.0
  1
1/421
 50
341.1991255313531
  7
AREA
 71
     2
100
AcDbText
  0
TEXT
  5
25D7
330
1F
100
AcDbEntity
  8
NO
100
AcDbText
 10
640311.4491636697
 20
3298853.721832369
 30
22.513
 40
4.0
  1
1/031
 50
341.1991255313531
  7
AREA
 71
     2
100
AcDbText
  0
TEXT
  5
25D8
330
1F
100
AcDbEntity
  8
NO
100
AcDbText
 10
640472.2891531829
 20
3298707.136687593
 30
16.76036989557752
 40
4.0
  1
2/412
 50
341.1991255314108
  7
AREA
 71
     2
100
AcDbText
  0
TEXT
  5
25DA
330
1F
100
AcDbEntity
  8
NO
100
AcDbText
 10
640256.0578960708
 20
3298874.998482728
 30
22.513
 40
4.0
  1
1/721
 50
341.1991255313531
  7
AREA
 71
     2
100
AcDbText
  0
TEXT
  5
25DB
330
1F
100
AcDbEntity
  8
NO
100
AcDbText
 10
639948.0230697648
 20
3299029.240441811
 30
22.513
 40
4.0
  1
1/211
 50
341.1991255313284
  7
AREA
 71
     2
100
AcDbText
  0
TEXT
  5
25DC
330
1F
100
AcDbEntity
  8
NO
100
AcDbText
 10
640292.8756258612
 20
3298861.479135382
 30
22.513
 40
4.0
  1
1/921
 50
341.1991255313531
  7
AREA
 71
     2
100
AcDbText
  0
TEXT
  5
25E1
330
1F
100
AcDbEntity
  8
NO
100
AcDbText
 10
640275.2858960709
 20
3298868.591482728
 30
22.513
 40
4.0
  1
1/821
 50
341.1991255313531
  7
AREA
 71
     2
100
AcDbText
  0
TEXT
  5
25E3
330
1F
100
AcDbEntity
  8
NO
100
AcDbText
 10
639958.804056276
 20
3298992.758874677
 30
22.513
 40
4.0
  1
1/311
 50
341.1991255313284
  7
AREA
 71
     2
100
AcDbText
  0
TEXT
  5
25E6
330
1F
100
AcDbEntity
  8
NO
100
AcDbText
 10
639982.2895214261
 20
3298893.838382986
 30
22.513
 40
4.0
  1
2/611
 50
341.1991255313284
  7
AREA
 71
     2
100
AcDbText
  0
TEXT
  5
25E9
330
1F
100
AcDbEntity
  8
NO
100
AcDbText
 10
639944.4644572954
 20
3298906.849166189
 30
22.513
 40
4.0
  1
2/411
 50
341.1991255313284
  7
AREA
 71
     2
100
AcDbText
  0
TEXT
  5
25EA
330
1F
100
AcDbEntity
  8
NO
100
AcDbText
 10
640330.5595994928
 20
3298847.89600027
 30
22.513
 40
4.0
  1
1/131
 50
341.1991255313531
  7
AREA
 71
     2
100
AcDbText
  0
TEXT
  5
25EB
330
1F
100
AcDbEntity
  8
NO
100
AcDbText
 10
640491.6990074268
 20
3298700.612159631
 30
16.76036989557752
 40
4.0
  1
2/312
 50
341.1991255314108
  7
AREA
 71
     2
100
AcDbText
  0
TEXT
  5
25EC
330
1F
100
AcDbEntity
  8
NO
100
AcDbText
 10
639963.3769893608
 20
3298900.343774587
 30
22.513
 40
4.0
  1
2/511
 50
341.1991255313284
  7
AREA
 71
     2
100
AcDbText
  0
TEXT
  5
25F0
330
1F
100
AcDbEntity
  8
NO
100
AcDbText
 10
640000.2414161334
 20
3298887.332991384
 30
-1841.9867
 40
4.0
  1
2/711
 50
341.1991255313284
  7
AREA
 71
     2
100
AcDbText
  0
TEXT
  5
25F2
330
1F
100
AcDbEntity
  8
NO
100
AcDbText
 10
640020.1252554404
 20
3298880.858940793
 30
22.513
 40
4.0
  1
2/811
 50
341.1991255313284
  7
AREA
 71
     2
100
AcDbText
  0
TEXT
  5
25F4
330
1F
100
AcDbEntity
  8
NO
100
AcDbText
 10
640039.0526989743
 20
3298874.397349151
 30
22.513
 40
4.0
  1
2/911
 50
341.1991255313284
  7
AREA
 71
     2
100
AcDbText
  0
TEXT
  5
25F6
330
1F
100
AcDbEntity
  8
NO
100
AcDbText
 10
640056.4852809313
 20
3298868.446084489
 30
22.513
 40
4.0
  1
2/021
 50
341.1991255313284
  7
AREA
 71
     2
100
AcDbText
  0
TEXT
  5
25F8
330
1F
100
AcDbEntity
  8
NO
100
AcDbText
 10
640076.9946651012
 20
3298861.729946128
 30
22.513
 40
4.0
  1
2/121
 50
341.1991255313284
  7
AREA
 71
     2
100
AcDbText
  0
TEXT
  5
25F9
330
1F
100
AcDbEntity
  8
NO
100
AcDbText
 10
640453.4094182567
 20
3298713.736354942
 30
16.76036989559979
 40
4.0
  1
2/512
 50
341.1991255314108
  7
AREA
 71
     2
100
AcDbText
  0
TEXT
  5
25FB
330
1F
100
AcDbEntity
  8
NO
100
AcDbText
 10
640434.5296833307
 20
3298720.336022292
 30
16.7603698956289
 40
4.0
  1
2/612
 50
341.1991255314108
  7
AREA
 71
     2
100
AcDbText
  0
TEXT
  5
25FD
330
1F
100
AcDbEntity
  8
NO
100
AcDbText
 10
640416.0652913438
 20
3298726.277808979
 30
38.57457042868182
 40
4.0
  1
2/712
 50
341.1991255314108
  7
AREA
 71
     2
100
AcDbText
  0
TEXT
  5
25FE
330
1F
100
AcDbEntity
  8
NO
100
AcDbText
 10
640396.7702134787
 20
3298733.535356991
 30
16.76036989558524
 40
4.0
  1
2/812
 50
341.1991255314108
  7
AREA
 71
     2
100
AcDbText
  0
TEXT
  5
2601
330
1F
100
AcDbEntity
  8
NO
100
AcDbText
 10
640800.0468778661
 20
3298673.664775465
 30
22.513
 40
4.0
  1
1/771
 50
341.1991255316187
  7
AREA
 71
     2
100
AcDbText
  0
TEXT
  5
2603
330
1F
100
AcDbEntity
  8
NO
100
AcDbText
 10
640724.2443161424
 20
3298699.517528545
 30
22.513
 40
4.0
  1
1/102
 50
341.1991255316187
  7
AREA
 71
     2
100
AcDbText
  0
TEXT
  5
2604
330
1F
100
AcDbEntity
  8
NO
100
AcDbText
 10
640358.6880605093
 20
3298745.811588842
 30
16.472200836961
 40
4.0
  1
4/912
 50
341.1991255314108
  7
AREA
 71
     2
100
AcDbText
  0
TEXT
  5
2605
330
1F
100
AcDbEntity
  8
NO
100
AcDbText
 10
640762.7979890365
 20
3298686.91839936
 30
22.513
 40
4.0
  1
1/571
 50
341.1991255316187
  7
AREA
 71
     2
100
AcDbText
  0
TEXT
  5
2606
330
1F
100
AcDbEntity
  8
NO
100
AcDbText
 10
640340.3337372101
 20
3298752.060222763
 30
38.57457042868182
 40
4.0
  1
3/912
 50
341.1991255314108
  7
AREA
 71
     2
100
AcDbText
  0
TEXT
  5
2607
330
1F
100
AcDbEntity
  8
NO
100
AcDbText
 10
640377.6215759548
 20
3298739.365771968
 30
16.52022901341073
 40
4.0
  1
5/912
 50
341.1991255314108
  7
AREA
 71
     2
100
AcDbText
  0
TEXT
  5
260A
330
1F
100
AcDbEntity
  8
NO
100
AcDbText
 10
640780.9697203271
 20
3298680.316040812
 30
22.513
 40
4.0
  1
1/671
 50
341.1991255316187
  7
AREA
 71
     2
100
AcDbText
  0
TEXT
  5
260C
330
1F
100
AcDbEntity
  8
NO
100
AcDbText
 10
640510.0486230347
 20
3298693.937352894
 30
16.76036989558943
 40
4.0
  1
2/212
 50
341.1991255314108
  7
AREA
 71
     2
100
AcDbText
  0
TEXT
  5
260E
330
1F
100
AcDbEntity
  8
NO
100
AcDbText
 10
640528.9283579607
 20
3298687.337685544
 30
16.76036989559458
 40
4.0
  1
2/112
 50
341.1991255314108
  7
AREA
 71
     2
100
AcDbText
  0
TEXT
  5
260F
330
1F
100
AcDbEntity
  8
NO
100
AcDbText
 10
640743.3211580189
 20
3298692.866226575
 30
22.513
 40
4.0
  1
1/002
 50
341.1991255316187
  7
AREA
 71
     2
100
AcDbText
  0
TEXT
  5
2610
330
1F
100
AcDbEntity
  8
NO
100
AcDbText
 10
640819.6003441637
 20
3298668.263877423
 30
22.513
 40
4.0
  1
1/871
 50
341.199125531417
  7
AREA
 71
     2
100
AcDbText
  0
TEXT
  5
2611
330
1F
100
AcDbEntity
  8
NO
100
AcDbText
 10
640258.5142965763
 20
3298805.193901385
 30
-1272.435172281612
 40
4.0
  1
2/821
 50
341.1991255314108
  7
AREA
 71
     2
210
0.0003575683423226
220
0.0006524388113056
230
0.9999997232342007
100
AcDbText
  0
TEXT
  5
2612
330
1F
100
AcDbEntity
  8
NO
100
AcDbText
 10
640233.0803073721
 20
3298810.315552544
 30
4206.063030976792
 40
4.0
  1
2/721
 50
341.1991255314108
  7
AREA
 71
     2
210
0.0003575683423226
220
0.0006524388113056
230
0.9999997232342007
100
AcDbText
  0
TEXT
  5
2614
330
1F
100
AcDbEntity
  8
NO
100
AcDbText
 10
640163.1496802965
 20
3298838.266068034
 30
-1297.809628282442
 40
4.0
  1
3/421
 50
341.1991255314108
  7
AREA
 71
     2
210
0.0003575683423226
220
0.0006524388113056
230
0.9999997232342007
100
AcDbText
  0
TEXT
  5
2615
330
1F
100
AcDbEntity
  8
NO
100
AcDbText
 10
640281.0111611872
 20
3298797.175216984
 30
-1272.432359813121
 40
4.0
  1
2/921
 50
341.1991255314108
  7
AREA
 71
     2
210
0.0003575683423226
220
0.0006524388113056
230
0.9999997232342007
100
AcDbText
  0
TEXT
  5
2616
330
1F
100
AcDbEntity
  8
NO
100
AcDbText
 10
640185.326335681
 20
3298827.079441177
 30
4198.056890859705
 40
4.0
  1
2/521
 50
341.1991255314108
  7
AREA
 71
     2
210
0.0003575683423226
220
0.0006524388113056
230
0.9999997232342007
100
AcDbText
  0
TEXT
  5
2617
330
1F
100
AcDbEntity
  8
NO
100
AcDbText
 10
640314.8568298624
 20
3298767.322863158
 30
944.2892412157794
 40
4.0
  1
2/131
 50
341.1991255314108
  7
AREA
 71
     2
210
0.0003575683423226
220
0.0006524388113056
230
0.9999997232342007
100
AcDbText
  0
TEXT
  5
2618
330
1F
100
AcDbEntity
  8
NO
100
AcDbText
 10
640208.6367697963
 20
3298819.119126386
 30
4202.560033563099
 40
4.0
  1
2/621
 50
341.1991255314108
  7
AREA
 71
     2
210
0.0003575683423226
220
0.0006524388113056
230
0.9999997232342007
100
AcDbText
  0
TEXT
  5
2619
330
1F
100
AcDbEntity
  8
NO
100
AcDbText
 10
640297.2443154819
 20
3298779.949992731
 30
580.5627190917332
 40
4.0
  1
2/031
 50
341.1991255314108
  7
AREA
 71
     2
210
0.0003575683423226
220
0.0006524388113056
230
0.9999997232342007
100
AcDbText
  0
TEXT
  5
261A
330
1F
100
AcDbEntity
  8
NO
100
AcDbText
 10
640528.6952221216
 20
3298687.325521507
 30
5.404693034547785
 40
4.0
  1
2/112
 50
340.5702679630325
  7
AREA
 71
     2
100
AcDbText
  0
TEXT
  5
261B
330
1F
100
AcDbEntity
  8
NO
100
AcDbText
 10
640140.4766817456
 20
3298845.821071716
 30
-1297.812806254249
 40
4.0
  1
3/321
 50
341.1991255314108
  7
AREA
 71
     2
210
0.0003575683423226
220
0.0006524388113056
230
0.9999997232342007
100
AcDbText
  0
TEXT
  5
2624
330
1F
100
AcDbEntity
  8
NO
100
AcDbText
 10
640558.1219938117
 20
3298673.123460148
 30
22.513
 40
4.0
  1
1/012
 50
341.1991255314108
  7
AREA
 71
     2
100
AcDbText
  0
TEXT
  5
2625
330
1F
100
AcDbEntity
  8
NO
100
AcDbText
 10
640580.4889938116
 20
3298663.690460148
 30
22.513
 40
4.0
  1
1/902
 50
341.1991255314108
  7
AREA
 71
     2
100
AcDbText
  0
TEXT
  5
2626
330
1F
100
AcDbEntity
  8
NO
100
AcDbText
 10
640603.4619938115
 20
3298657.647460149
 30
22.513
 40
4.0
  1
1/802
 50
341.1991255314108
  7
AREA
 71
     2
100
AcDbText
  0
TEXT
  5
2627
330
1F
100
AcDbEntity
  8
NO
100
AcDbText
 10
640624.7466534717
 20
3298651.260285965
 30
34.79806728147287
 40
4.0
  1
1/702
 50
341.1991255314108
  7
AREA
 71
     2
100
AcDbText
  0
TEXT
  5
2628
330
1F
100
AcDbEntity
  8
NO
100
AcDbText
 10
640645.5143618903
 20
3298644.000651882
 30
34.79806728147287
 40
4.0
  1
1/602
 50
341.1991255314108
  7
AREA
 71
     2
100
AcDbText
  0
TEXT
  5
2629
330
1F
100
AcDbEntity
  8
NO
100
AcDbText
 10
640666.4381212985
 20
3298637.187434436
 30
34.79806728147287
 40
4.0
  1
1/502
 50
341.1991255314108
  7
AREA
 71
     2
100
AcDbText
  0
TEXT
  5
262A
330
1F
100
AcDbEntity
  8
NO
100
AcDbText
 10
640687.2359448205
 20
3298630.013950931
 30
34.79806728147287
 40
4.0
  1
1/402
 50
341.1991255314108
  7
AREA
 71
     2
100
AcDbText
  0
TEXT
  5
262B
330
1F
100
AcDbEntity
  8
NO
100
AcDbText
 10
640708.0337683423
 20
3298622.840467426
 30
34.79806728147287
 40
4.0
  1
1/302
 50
341.1991255314108
  7
AREA
 71
     2
100
AcDbText
  0
TEXT
  5
262C
330
1F
100
AcDbEntity
  8
NO
100
AcDbText
 10
640728.8315918641
 20
3298615.666983922
 30
34.79806728147287
 40
4.0
  1
1/202
 50
341.1991255314108
  7
AREA
 71
     2
100
AcDbText
  0
TEXT
  5
262D
330
1F
100
AcDbEntity
  8
NO
100
AcDbText
 10
640749.629415386
 20
3298608.493500417
 30
34.79806728147287
 40
4.0
  1
2/102
 50
341.1991255314108
  7
AREA
 71
     2
100
AcDbText
  0
TEXT
  5
262E
330
1F
100
AcDbEntity
  8
NO
100
AcDbText
 10
640770.427238908
 20
3298601.320016912
 30
34.79806728147287
 40
4.0
  1
2/002
 50
341.1991255314108
  7
AREA
 71
     2
100
AcDbText
  0
TEXT
  5
262F
330
1F
100
AcDbEntity
  8
NO
100
AcDbText
 10
640791.2250624298
 20
3298594.146533407
 30
34.79806728147287
 40
4.0
  1
1/991
 50
341.1991255314108
  7
AREA
 71
     2
100
AcDbText
  0
TEXT
  5
2630
330
1F
100
AcDbEntity
  8
NO
100
AcDbText
 10
640812.0228859516
 20
3298586.973049902
 30
34.79806728147287
 40
4.0
  1
1/891
 50
341.1991255314108
  7
AREA
 71
     2
100
AcDbText
  0
TEXT
  5
2631
330
1F
100
AcDbEntity
  8
NO
100
AcDbText
 10
640834.7917376578
 20
3298585.017945121
 30
34.79806728147287
 40
4.0
  1
1/791
 50
341.1991255314108
  7
AREA
 71
     2
100
AcDbText
  0
TEXT
  5
2632
330
1F
100
AcDbEntity
  8
NO
100
AcDbText
 10
640853.6701773808
 20
3298578.434150325
 30
34.79806728147287
 40
4.0
  1
1/691
 50
341.1991255314108
  7
AREA
 71
     2
100
AcDbText
  0
TEXT
  5
2633
330
1F
100
AcDbEntity
  8
NO
100
AcDbText
 10
640884.0562952922
 20
3298567.111638883
 30
42.38431924151119
 40
4.0
  1
1/591
 50
341.1991255314108
  7
AREA
 71
     2
100
AcDbText
  0
TEXT
  5
2644
330
1F
100
AcDbEntity
  8
NO
100
AcDbText
 10
639927.0054572955
 20
3298917.502166189
 30
22.513
 40
4.0
  1
3/411
 50
341.1991255313284
  7
AREA
 71
     2
100
AcDbText
  0
TEXT
  5
2645
330
1F
100
AcDbEntity
  8
NO
100
AcDbText
 10
639910.9064572954
 20
3298934.501166189
 30
22.513
 40
4.0
  1
4/411
 50
341.1991255313284
  7
AREA
 71
     2
100
AcDbText
  0
LWPOLYLINE
  5
2646
330
1F
100
AcDbEntity
  8
Parcel_Boundary
100
AcDbPolyline
 90
        5
 70
     1
 43
0.0
 10
640481.9417326298
 20
3299077.932962636
 10
640458.275624093
 20
3299085.989966217
 10
640438.9388154957
 20
3299029.191305729
 10
640462.6049240324
 20
3299021.134302147
 10
640481.9417326298
 20
3299077.932962636
  0
LWPOLYLINE
  5
2647
330
1F
100
AcDbEntity
  8
Parcel_Boundary
100
AcDbPolyline
 90
        5
 70
     1
 43
0.0
 10
640501.2441940328
 20
3298717.815569585
 10
640482.3106785872
 20
3298724.26138646
 10
640464.1609907841
 20
3298672.340391572
 10
640483.0945062297
 20
3298665.894574697
 10
640501.2441940328
 20
3298717.815569585
  0
LWPOLYLINE
  5
2648
330
1F
100
AcDbEntity
  8
Parcel_Boundary
100
AcDbPolyline
 90
        5
 70
     1
 43
0.0
 10
640482.3106785872
 20
3298724.26138646
 10
640463.3771631417
 20
3298730.707203334
 10
640445.2274753385
 20
3298678.786208447
 10
640464.1609907841
 20
3298672.340391572
 10
640482.3106785872
 20
3298724.26138646
  0
LWPOLYLINE
  5
2649
330
1F
100
AcDbEntity
  8
Parcel_Boundary
100
AcDbPolyline
 90
        5
 70
     1
 43
0.0
 10
640463.3771631417
 20
3298730.707203334
 10
640444.4436476961
 20
3298737.153020209
 10
640426.2939598929
 20
3298685.232025322
 10
640445.2274753385
 20
3298678.786208447
 10
640463.3771631417
 20
3298730.707203334
  0
LWPOLYLINE
  5
264A
330
1F
100
AcDbEntity
  8
Parcel_Boundary
100
AcDbPolyline
 90
        5
 70
     1
 43
0.0
 10
640444.4436476961
 20
3298737.153020209
 10
640425.5101322505
 20
3298743.598837085
 10
640407.3604444474
 20
3298691.677842196
 10
640426.2939598929
 20
3298685.232025322
 10
640444.4436476961
 20
3298737.153020209
  0
LWPOLYLINE
  5
264B
330
1F
100
AcDbEntity
  8
Parcel_Boundary
100
AcDbPolyline
 90
        6
 70
     1
 43
0.0
 10
640425.5101322505
 20
3298743.598837085
 10
640406.576616805
 20
3298750.044653959
 10
640406.4690557658
 20
3298749.73695301
 10
640389.0036134997
 20
3298697.927329834
 10
640407.3604444474
 20
3298691.677842196
 10
640425.5101322505
 20
3298743.598837085
  0
LWPOLYLINE
  5
264C
330
1F
100
AcDbEntity
  8
Parcel_Boundary
100
AcDbPolyline
 90
        5
 70
     1
 43
0.0
 10
640406.576616805
 20
3298750.044653959
 10
640387.5893208399
 20
3298756.33662036
 10
640369.4934135562
 20
3298704.569475947
 10
640388.4269290019
 20
3298698.123659072
 10
640406.576616805
 20
3298750.044653959
  0
LWPOLYLINE
  5
264D
330
1F
100
AcDbEntity
  8
Parcel_Boundary
100
AcDbPolyline
 90
        5
 70
     1
 43
0.0
 10
640387.6431013594
 20
3298756.490470834
 10
640368.7095859138
 20
3298762.936287709
 10
640350.5598981107
 20
3298711.015292822
 10
640369.4934135562
 20
3298704.569475947
 10
640387.6431013594
 20
3298756.490470834
  0
LWPOLYLINE
  5
264E
330
1F
100
AcDbEntity
  8
Parcel_Boundary
100
AcDbPolyline
 90
        5
 70
     1
 43
0.0
 10
640368.7095859138
 20
3298762.936287709
 10
640349.7760704683
 20
3298769.382104584
 10
640331.6263826653
 20
3298717.461109696
 10
640350.5598981107
 20
3298711.015292822
 10
640368.7095859138
 20
3298762.936287709
  0
LWPOLYLINE
  5
264F
330
1F
100
AcDbEntity
  8
Parcel_Boundary
100
AcDbPolyline
 90
        5
 70
     1
 43
0.0
 10
640349.7760704683
 20
3298769.382104584
 10
640330.8425550227
 20
3298775.827921459
 10
640312.6928672197
 20
3298723.906926571
 10
640331.6263826652
 20
3298717.461109696
 10
640349.7760704683
 20
3298769.382104584
  0
LWPOLYLINE
  5
2650
330
1F
100
AcDbEntity
  8
Parcel_Boundary
100
AcDbPolyline
 90
        5
 70
     1
 43
0.0
 10
640520.1777094783
 20
3298711.369752709
 10
640501.2441940328
 20
3298717.815569585
 10
640483.0945062297
 20
3298665.894574697
 10
640502.0286242673
 20
3298659.450481663
 10
640520.1777094783
 20
3298711.369752709
  0
LWPOLYLINE
  5
2651
330
1F
100
AcDbEntity
  8
Parcel_Boundary
100
AcDbPolyline
 90
        5
 70
     1
 43
0.0
 10
640163.9040927737
 20
3299029.166317283
 10
640144.9712059442
 20
3299035.61192015
 10
640120.0851183219
 20
3298962.306847932
 10
640138.9605729041
 20
3298955.898874555
 10
640163.9040927737
 20
3299029.166317283
  0
LWPOLYLINE
  5
2652
330
1F
100
AcDbEntity
  8
Parcel_Boundary
100
AcDbPolyline
 90
        5
 70
     1
 43
0.0
 10
640301.2663595513
 20
3298874.124846491
 10
640282.3334727218
 20
3298880.570449356
 10
640266.2704481135
 20
3298833.387985066
 10
640285.3203142675
 20
3298827.285989518
 10
640301.2663595513
 20
3298874.124846491
  0
LWPOLYLINE
  5
2653
330
1F
100
AcDbEntity
  8
Parcel_Boundary
100
AcDbPolyline
 90
       10
 70
     1
 43
0.0
 10
640050.306771797
 20
3299067.839934478
 10
640033.4297358305
 20
3299018.126599677
 10
640018.9728512377
 20
3298975.542111185
 10
640033.4297358305
 20
3299018.126599677
 10
640018.9728512377
 20
3298975.542111185
 10
640000.0307996461
 20
3298981.960741069
 10
640000.0252917447
 20
3298981.944516884
 10
640000.0307996461
 20
3298981.960741069
 10
640031.3738849675
 20
3299074.285537344
 10
640050.306771797
 20
3299067.839934478
  0
LWPOLYLINE
  5
2654
330
1F
100
AcDbEntity
  8
Parcel_Boundary
100
AcDbPolyline
 90
        5
 70
     1
 43
0.0
 10
639881.9239696388
 20
3299069.705929477
 10
639862.9910828095
 20
3299076.151532343
 10
639846.877075645
 20
3299028.81931527
 10
639865.8099624743
 20
3299022.373712404
 10
639881.9239696388
 20
3299069.705929477
  0
LWPOLYLINE
  5
2655
330
1F
100
AcDbEntity
  8
Parcel_Boundary
100
AcDbPolyline
 90
        5
 70
     1
 43
0.0
 10
639900.8568564681
 20
3299063.260326611
 10
639881.9239696388
 20
3299069.705929477
 10
639865.8099624743
 20
3299022.373712404
 10
639884.7428493037
 20
3299015.928109538
 10
639900.8568564681
 20
3299063.260326611
  0
LWPOLYLINE
  5
2656
330
1F
100
AcDbEntity
  8
Parcel_Boundary
100
AcDbPolyline
 90
        5
 70
     1
 43
0.0
 10
639970.3498548644
 20
3299188.719942578
 10
639946.6837463275
 20
3299196.77694616
 10
639926.5412373718
 20
3299137.611674818
 10
639950.2073459086
 20
3299129.554671235
 10
639970.3498548644
 20
3299188.719942578
  0
LWPOLYLINE
  5
2657
330
1F
100
AcDbEntity
  8
Parcel_Boundary
100
AcDbPolyline
 90
        7
 70
     1
 43
0.0
 10
639995.5212906153
 20
3299031.032312283
 10
639977.461436881
 20
3299037.180695571
 10
639976.588403786
 20
3299037.477915149
 10
639969.3371005618
 20
3299016.178417466
 10
639944.360389457
 20
3298942.813481001
 10
639963.2932762862
 20
3298936.367878135
 10
639995.5212906153
 20
3299031.032312283
  0
LWPOLYLINE
  5
2658
330
1F
100
AcDbEntity
  8
Parcel_Boundary
100
AcDbPolyline
 90
        5
 70
     1
 43
0.0
 10
639705.6933610202
 20
3299342.202646053
 10
639688.6537628738
 20
3299348.003688632
 10
639669.3169542763
 20
3299291.205028144
 10
639686.3565524228
 20
3299285.403985565
 10
639705.6933610202
 20
3299342.202646053
  0
LWPOLYLINE
  5
2659
330
1F
100
AcDbEntity
  8
Parcel_Boundary
100
AcDbPolyline
 90
        7
 70
     1
 43
0.0
 10
639950.4042137324
 20
3299022.624020331
 10
639957.6555169564
 20
3299043.923518015
 10
639938.7226301271
 20
3299050.369120879
 10
639918.700793252
 20
3298991.558303712
 10
639919.041421285
 20
3298990.68660589
 10
639929.7418804753
 20
3298961.931851525
 10
639950.4042137324
 20
3299022.624020331
  0
LWPOLYLINE
  5
265A
330
1F
100
AcDbEntity
  8
Parcel_Boundary
100
AcDbPolyline
 90
        5
 70
     1
 43
0.0
 10
639989.6866634619
 20
3299245.518603066
 10
639966.020554925
 20
3299253.575606648
 10
639946.6837463275
 20
3299196.77694616
 10
639970.3498548642
 20
3299188.719942578
 10
639989.6866634619
 20
3299245.518603066
  0
LWPOLYLINE
  5
265B
330
1F
100
AcDbEntity
  8
Parcel_Boundary
100
AcDbPolyline
 90
        5
 70
     1
 43
0.0
 10
639733.6887694964
 20
3299269.289978401
 10
639710.0226609596
 20
3299277.346981983
 10
639690.0150219691
 20
3299218.577868741
 10
639713.7151270709
 20
3299210.620724417
 10
639733.6887694964
 20
3299269.289978401
  0
LWPOLYLINE
  5
265C
330
1F
100
AcDbEntity
  8
Parcel_Boundary
100
AcDbPolyline
 90
        5
 70
     1
 43
0.0
 10
639804.6870951068
 20
3299245.118967653
 10
639781.0209865699
 20
3299253.175971236
 10
639760.8784776142
 20
3299194.010699894
 10
639784.5445861512
 20
3299185.953696311
 10
639804.6870951068
 20
3299245.118967653
  0
LWPOLYLINE
  5
265D
330
1F
100
AcDbEntity
  8
Parcel_Boundary
100
AcDbPolyline
 90
        5
 70
     1
 43
0.0
 10
639993.5081113087
 20
3299087.176743076
 10
639974.5752244793
 20
3299093.622345941
 10
639950.4042137324
 20
3299022.624020331
 10
639969.3371005618
 20
3299016.178417466
 10
639993.5081113087
 20
3299087.176743076
  0
LWPOLYLINE
  5
265E
330
1F
100
AcDbEntity
  8
Parcel_Boundary
100
AcDbPolyline
 90
        5
 70
     1
 43
0.0
 10
639938.7226301271
 20
3299050.369120879
 10
639919.7897432976
 20
3299056.814723746
 10
639903.5798133914
 20
3299009.200749566
 42
-0.216873354125456
 10
639918.700793252
 20
3298991.558303712
 10
639938.7226301271
 20
3299050.369120879
  0
LWPOLYLINE
  5
265F
330
1F
100
AcDbEntity
  8
Parcel_Boundary
100
AcDbPolyline
 90
        6
 70
     1
 43
0.0
 10
639994.0159634012
 20
3299180.662938995
 10
639970.3498548644
 20
3299188.719942578
 10
639950.2073459086
 20
3299129.554671235
 10
639970.8631520538
 20
3299122.522509449
 42
0.4142109729177611
 10
639974.8983053012
 20
3299124.507996659
 10
639994.0159634012
 20
3299180.662938995
  0
LWPOLYLINE
  5
2660
330
1F
100
AcDbEntity
  8
Parcel_Boundary
100
AcDbPolyline
 90
        5
 70
     1
 43
0.0
 10
639847.690012241
 20
3299293.860624559
 10
639824.0239037042
 20
3299301.917628142
 10
639804.6870951068
 20
3299245.118967653
 10
639828.3532036436
 20
3299237.061964071
 10
639847.690012241
 20
3299293.860624559
  0
LWPOLYLINE
  5
2661
330
1F
100
AcDbEntity
  8
Parcel_Boundary
100
AcDbPolyline
 90
        5
 70
     1
 43
0.0
 10
639776.6916866306
 20
3299318.031635306
 10
639753.0255780939
 20
3299326.088638888
 10
639733.6887694964
 20
3299269.289978401
 10
639757.3548780332
 20
3299261.232974818
 10
639776.6916866306
 20
3299318.031635306
  0
LWPOLYLINE
  5
2662
330
1F
100
AcDbEntity
  8
Parcel_Boundary
100
AcDbPolyline
 90
        5
 70
     1
 43
0.0
 10
639946.6837463275
 20
3299196.77694616
 10
639923.0176377908
 20
3299204.833949742
 10
639902.8751288351
 20
3299145.6686784
 10
639926.5412373718
 20
3299137.611674818
 10
639946.6837463275
 20
3299196.77694616
  0
LWPOLYLINE
  5
2663
330
1F
100
AcDbEntity
  8
Parcel_Boundary
100
AcDbPolyline
 90
        8
 70
     1
 43
0.0
 10
639969.3371005618
 20
3299016.178417466
 10
639950.4042137324
 20
3299022.624020331
 10
639929.7418804753
 20
3298961.931851525
 10
639931.6338758217
 20
3298956.847596684
 10
639935.1968104473
 20
3298950.697281677
 10
639939.2100567129
 20
3298946.544030429
 10
639944.360389457
 20
3298942.813481001
 10
639969.3371005618
 20
3299016.178417466
  0
LWPOLYLINE
  5
2664
330
1F
100
AcDbEntity
  8
Parcel_Boundary
100
AcDbPolyline
 90
        5
 70
     1
 43
0.0
 10
639875.6854207173
 20
3299220.947956907
 10
639852.0193121805
 20
3299229.004960489
 10
639831.8768032247
 20
3299169.839689147
 10
639855.5429117615
 20
3299161.782685565
 10
639875.6854207173
 20
3299220.947956907
  0
LWPOLYLINE
  5
2665
330
1F
100
AcDbEntity
  8
Parcel_Boundary
100
AcDbPolyline
 90
        6
 70
     1
 43
0.0
 10
640012.3279211429
 20
3299234.451270477
 42
0.4142135623733524
 10
640010.3424429928
 20
3299238.486450339
 10
639989.6866634619
 20
3299245.518603066
 10
639970.3498548642
 20
3299188.719942578
 10
639994.0159634012
 20
3299180.662938995
 10
640012.3279211429
 20
3299234.451270477
 42
0.4142135623733524
  0
LWPOLYLINE
  5
2666
330
1F
100
AcDbEntity
  8
Parcel_Boundary
100
AcDbPolyline
 90
        5
 70
     1
 43
0.0
 10
639781.0209865699
 20
3299253.175971236
 10
639757.3548780332
 20
3299261.232974818
 10
639737.2123690775
 20
3299202.067703476
 10
639760.8784776142
 20
3299194.010699894
 10
639781.0209865699
 20
3299253.175971236
  0
LWPOLYLINE
  5
2667
330
1F
100
AcDbEntity
  8
Parcel_Boundary
100
AcDbPolyline
 90
        5
 70
     1
 43
0.0
 10
639918.6883378515
 20
3299269.689613812
 10
639895.0222293147
 20
3299277.746617395
 10
639875.6854207173
 20
3299220.947956907
 10
639899.3515292541
 20
3299212.890953324
 10
639918.6883378515
 20
3299269.689613812
  0
LWPOLYLINE
  5
2668
330
1F
100
AcDbEntity
  8
Parcel_Boundary
100
AcDbPolyline
 90
        5
 70
     1
 43
0.0
 10
639710.0226609596
 20
3299277.346981983
 10
639686.3565524228
 20
3299285.403985565
 10
639666.3149168671
 20
3299226.535013065
 10
639690.0150219691
 20
3299218.577868741
 10
639710.0226609596
 20
3299277.346981983
  0
LWPOLYLINE
  5
2669
330
1F
100
AcDbEntity
  8
Parcel_Boundary
100
AcDbPolyline
 90
        5
 70
     1
 43
0.0
 10
639919.7897432976
 20
3299056.814723746
 10
639900.8568564681
 20
3299063.260326611
 10
639884.7428493037
 20
3299015.928109538
 10
639903.6757361331
 20
3299009.482506672
 10
639919.7897432976
 20
3299056.814723746
  0
LWPOLYLINE
  5
266A
330
1F
100
AcDbEntity
  8
Parcel_Boundary
100
AcDbPolyline
 90
        5
 70
     1
 43
0.0
 10
639923.0176377908
 20
3299204.833949742
 10
639899.3515292541
 20
3299212.890953324
 10
639879.2090202982
 20
3299153.725681983
 10
639902.8751288351
 20
3299145.6686784
 10
639923.0176377908
 20
3299204.833949742
  0
LWPOLYLINE
  5
266B
330
1F
100
AcDbEntity
  8
Parcel_Boundary
100
AcDbPolyline
 90
        5
 70
     1
 43
0.0
 10
639824.0239037042
 20
3299301.917628142
 10
639800.3577951674
 20
3299309.974631724
 10
639781.0209865699
 20
3299253.175971236
 10
639804.6870951068
 20
3299245.118967653
 10
639824.0239037042
 20
3299301.917628142
  0
LWPOLYLINE
  5
266C
330
1F
100
AcDbEntity
  8
Parcel_Boundary
100
AcDbPolyline
 90
        5
 70
     1
 43
0.0
 10
639862.9910828095
 20
3299076.151532343
 10
639844.05819598
 20
3299082.597135209
 10
639827.9441888155
 20
3299035.264918136
 10
639846.877075645
 20
3299028.81931527
 10
639862.9910828095
 20
3299076.151532343
  0
LWPOLYLINE
  5
266D
330
1F
100
AcDbEntity
  8
Parcel_Boundary
100
AcDbPolyline
 90
        5
 70
     1
 43
0.0
 10
639879.9107903322
 20
3299125.850360271
 10
639860.9779035027
 20
3299132.295963137
 10
639844.05819598
 20
3299082.597135209
 10
639862.9910828095
 20
3299076.151532343
 10
639879.9107903322
 20
3299125.850360271
  0
LWPOLYLINE
  5
266E
330
1F
100
AcDbEntity
  8
Parcel_Boundary
100
AcDbPolyline
 90
        5
 70
     1
 43
0.0
 10
639828.3532036436
 20
3299237.061964071
 10
639804.6870951068
 20
3299245.118967653
 10
639784.5445861512
 20
3299185.953696311
 10
639808.210694688
 20
3299177.896692729
 10
639828.3532036436
 20
3299237.061964071
  0
LWPOLYLINE
  5
266F
330
1F
100
AcDbEntity
  8
Parcel_Boundary
100
AcDbPolyline
 90
        5
 70
     1
 43
0.0
 10
639899.3515292541
 20
3299212.890953324
 10
639875.6854207173
 20
3299220.947956907
 10
639855.5429117615
 20
3299161.782685565
 10
639879.2090202982
 20
3299153.725681983
 10
639899.3515292541
 20
3299212.890953324
  0
LWPOLYLINE
  5
2670
330
1F
100
AcDbEntity
  8
Parcel_Boundary
100
AcDbPolyline
 90
        5
 70
     1
 43
0.0
 10
639753.0255780939
 20
3299326.088638888
 10
639729.3594695571
 20
3299334.145642471
 10
639710.0226609596
 20
3299277.346981983
 10
639733.6887694964
 20
3299269.289978401
 10
639753.0255780939
 20
3299326.088638888
  0
LWPOLYLINE
  5
2672
330
1F
100
AcDbEntity
  8
Parcel_Boundary
100
AcDbPolyline
 90
        5
 70
     1
 43
0.0
 10
639936.7094508205
 20
3299106.513551673
 10
639917.776563991
 20
3299112.959154539
 10
639900.8568564681
 20
3299063.260326611
 10
639919.7897432976
 20
3299056.814723746
 10
639936.7094508205
 20
3299106.513551673
  0
LWPOLYLINE
  5
2673
330
1F
100
AcDbEntity
  8
Parcel_Boundary
100
AcDbPolyline
 90
        6
 70
     1
 43
0.0
 10
640012.440998138
 20
3299080.73114021
 10
639993.5081113087
 20
3299087.176743076
 10
639976.5884037858
 20
3299037.477915149
 10
639977.461436881
 20
3299037.180695571
 10
639995.5212906153
 20
3299031.032312283
 10
640012.440998138
 20
3299080.73114021
  0
LWPOLYLINE
  5
2674
330
1F
100
AcDbEntity
  8
Parcel_Boundary
100
AcDbPolyline
 90
        5
 70
     1
 43
0.0
 10
640093.0046044273
 20
3298945.026478013
 10
640068.3918515489
 20
3298953.40576174
 10
640052.2927664673
 20
3298906.117375803
 10
640076.9127127735
 20
3298897.759221577
 10
640093.0046044273
 20
3298945.026478013
  0
LWPOLYLINE
  5
2675
330
1F
100
AcDbEntity
  8
Parcel_Boundary
100
AcDbPolyline
 90
        6
 70
     1
 43
0.0
 10
640018.8844578261
 20
3298975.542111185
 10
640000.0308382634
 20
3298981.960727922
 10
639997.4563432441
 20
3298974.436145976
 10
639982.3322025887
 20
3298929.886174682
 10
640001.159049945
 20
3298923.476672404
 10
640018.8844578261
 20
3298975.542111185
  0
LWPOLYLINE
  5
2676
330
1F
100
AcDbEntity
  8
Parcel_Boundary
100
AcDbPolyline
 90
        5
 70
     1
 43
0.0
 10
639871.3561207779
 20
3299285.803620977
 10
639847.690012241
 20
3299293.860624559
 10
639828.3532036436
 20
3299237.061964071
 10
639852.0193121805
 20
3299229.004960489
 10
639871.3561207779
 20
3299285.803620977
  0
LWPOLYLINE
  5
2677
330
1F
100
AcDbEntity
  8
Parcel_Boundary
100
AcDbPolyline
 90
        7
 70
     1
 43
0.0
 10
640031.7340934444
 20
3298951.227969234
 10
640069.2396516506
 20
3299061.394333987
 10
640050.306771797
 20
3299067.839934478
 10
640033.4297358305
 20
3299018.126599677
 10
640001.2830006523
 20
3298923.434533381
 10
640020.0974520668
 20
3298917.047269792
 10
640031.7340934444
 20
3298951.227969234
  0
LWPOLYLINE
  5
2678
330
1F
100
AcDbEntity
  8
Parcel_Boundary
100
AcDbPolyline
 90
        5
 70
     1
 43
0.0
 10
639686.3565524228
 20
3299285.403985565
 10
639669.3169542763
 20
3299291.205028144
 10
639649.2508411937
 20
3299232.264156978
 10
639666.3149168671
 20
3299226.535013065
 10
639686.3565524228
 20
3299285.403985565
  0
LWPOLYLINE
  5
2679
330
1F
100
AcDbEntity
  8
Parcel_Boundary
100
AcDbPolyline
 90
        5
 70
     1
 43
0.0
 10
639895.0222293147
 20
3299277.746617395
 10
639871.3561207779
 20
3299285.803620977
 10
639852.0193121805
 20
3299229.004960489
 10
639875.6854207173
 20
3299220.947956907
 10
639895.0222293147
 20
3299277.746617395
  0
LWPOLYLINE
  5
267A
330
1F
100
AcDbEntity
  8
Parcel_Boundary
100
AcDbPolyline
 90
        5
 70
     1
 43
0.0
 10
639800.3577951674
 20
3299309.974631724
 10
639776.6916866306
 20
3299318.031635306
 10
639757.3548780332
 20
3299261.232974818
 10
639781.0209865699
 20
3299253.175971236
 10
639800.3577951674
 20
3299309.974631724
  0
LWPOLYLINE
  5
267B
330
1F
100
AcDbEntity
  8
Parcel_Boundary
100
AcDbPolyline
 90
        5
 70
     1
 43
0.0
 10
639966.020554925
 20
3299253.575606648
 10
639942.3544463882
 20
3299261.63261023
 10
639923.0176377908
 20
3299204.833949742
 10
639946.6837463275
 20
3299196.77694616
 10
639966.020554925
 20
3299253.575606648
  0
LWPOLYLINE
  5
267C
330
1F
100
AcDbEntity
  8
Parcel_Boundary
100
AcDbPolyline
 90
        5
 70
     1
 43
0.0
 10
640088.1725454557
 20
3299054.948728747
 10
640069.2396656026
 20
3299061.394329237
 10
640020.2214139094
 20
3298917.005186345
 10
640039.0358723024
 20
3298910.617920387
 10
640088.1725454557
 20
3299054.948728747
  0
LWPOLYLINE
  5
267D
330
1F
100
AcDbEntity
  8
Parcel_Boundary
100
AcDbPolyline
 90
        5
 70
     1
 43
0.0
 10
639757.3548780332
 20
3299261.232974818
 10
639733.6887694964
 20
3299269.289978401
 10
639713.7151270709
 20
3299210.620724417
 10
639737.415232173
 20
3299202.663580093
 10
639757.3548780332
 20
3299261.232974818
  0
LWPOLYLINE
  5
267E
330
1F
100
AcDbEntity
  8
Parcel_Boundary
100
AcDbPolyline
 90
        5
 70
     1
 43
0.0
 10
640109.1613048355
 20
3298992.344160394
 10
640128.0514984214
 20
3298985.913092222
 10
640144.9712059442
 20
3299035.61192015
 10
640126.0383470209
 20
3299042.057513514
 10
640109.1613048355
 20
3298992.344160394
  0
LWPOLYLINE
  5
267F
330
1F
100
AcDbEntity
  8
Parcel_Boundary
100
AcDbPolyline
 90
        5
 70
     1
 43
0.0
 10
639942.3544463882
 20
3299261.63261023
 10
639918.6883378515
 20
3299269.689613812
 10
639899.3515292541
 20
3299212.890953324
 10
639923.0176377908
 20
3299204.833949742
 10
639942.3544463882
 20
3299261.63261023
  0
LWPOLYLINE
  5
2680
330
1F
100
AcDbEntity
  8
Parcel_Boundary
100
AcDbPolyline
 90
        6
 70
     1
 43
0.0
 10
640128.0514984214
 20
3298985.913092222
 10
640109.1613048354
 20
3298992.344160394
 10
640077.036653675
 20
3298897.717145239
 10
640095.8511330093
 20
3298891.329872172
 10
640111.9374912568
 20
3298938.580875148
 10
640128.0514984214
 20
3298985.913092222
  0
LWPOLYLINE
  5
2681
330
1F
100
AcDbEntity
  8
Parcel_Boundary
100
AcDbPolyline
 90
        5
 70
     1
 43
0.0
 10
639729.3594695571
 20
3299334.145642471
 10
639705.6933610202
 20
3299342.202646053
 10
639686.3565524228
 20
3299285.403985565
 10
639710.0226609596
 20
3299277.346981983
 10
639729.3594695571
 20
3299334.145642471
  0
LWPOLYLINE
  5
2682
330
1F
100
AcDbEntity
  8
Parcel_Boundary
100
AcDbPolyline
 90
        5
 70
     1
 43
0.0
 10
639974.5752244793
 20
3299093.622345941
 10
639955.6423376499
 20
3299100.067948807
 10
639938.7226301271
 20
3299050.369120879
 10
639957.6555169564
 20
3299043.923518015
 10
639974.5752244793
 20
3299093.622345941
  0
LWPOLYLINE
  5
2683
330
1F
100
AcDbEntity
  8
Parcel_Boundary
100
AcDbPolyline
 90
        6
 70
     1
 43
0.0
 10
639688.6537628738
 20
3299348.003688632
 10
639667.9979833429
 20
3299355.035841359
 42
0.4142135623728042
 10
639663.9628034813
 20
3299353.050363209
 10
639645.6508457395
 20
3299299.262031726
 10
639669.3169542763
 20
3299291.205028144
 10
639688.6537628738
 20
3299348.003688632
  0
LWPOLYLINE
  5
2684
330
1F
100
AcDbEntity
  8
Parcel_Boundary
100
AcDbPolyline
 90
        5
 70
     1
 43
0.0
 10
639663.9628034811
 20
3299353.050363208
 10
639617.6294784208
 20
3299308.799481506
 10
639621.9847372027
 20
3299307.319035309
 10
639645.6508457395
 20
3299299.262031726
 10
639663.9628034811
 20
3299353.050363208
  0
LWPOLYLINE
  5
2685
330
1F
100
AcDbEntity
  8
Parcel_Boundary
100
AcDbPolyline
 90
        5
 70
     1
 43
0.0
 10
639898.8436771617
 20
3299119.404757405
 10
639879.9107903322
 20
3299125.850360271
 10
639862.9910828095
 20
3299076.151532343
 10
639881.9239696388
 20
3299069.705929477
 10
639898.8436771617
 20
3299119.404757405
  0
LWPOLYLINE
  5
2686
330
1F
100
AcDbEntity
  8
Parcel_Boundary
100
AcDbPolyline
 90
        5
 70
     1
 43
0.0
 10
640320.2237007275
 20
3298867.751074204
 10
640301.3162262208
 20
3298874.271321543
 10
640285.2229872145
 20
3298827.00010748
 10
640304.0853971299
 20
3298820.347490397
 10
640320.2237007275
 20
3298867.751074204
  0
LWPOLYLINE
  5
2687
330
1F
100
AcDbEntity
  8
Parcel_Boundary
100
AcDbPolyline
 90
        7
 70
     1
 43
0.0
 10
640369.6671051978
 20
3298888.867234185
 10
640350.7342183683
 20
3298895.312837051
 10
640339.1311752343
 20
3298861.230826865
 10
640339.3084225789
 20
3298861.169703073
 10
640318.1566125036
 20
3298800.767419525
 10
640337.4390908687
 20
3298794.202800038
 10
640369.6671051978
 20
3298888.867234185
  0
LWPOLYLINE
  5
2688
330
1F
100
AcDbEntity
  8
Parcel_Boundary
100
AcDbPolyline
 90
        5
 70
     1
 43
0.0
 10
640483.2644329903
 20
3298850.19361467
 10
640464.3315461609
 20
3298856.639217536
 10
640448.2175389962
 20
3298809.307000462
 10
640467.1504258257
 20
3298802.861397596
 10
640483.2644329903
 20
3298850.19361467
  0
LWPOLYLINE
  5
2689
330
1F
100
AcDbEntity
  8
Parcel_Boundary
100
AcDbPolyline
 90
        5
 70
     1
 43
0.0
 10
639955.6423376499
 20
3299100.067948807
 10
639936.7094508205
 20
3299106.513551673
 10
639919.7897432976
 20
3299056.814723746
 10
639938.7226301271
 20
3299050.369120879
 10
639955.6423376499
 20
3299100.067948807
  0
LWPOLYLINE
  5
268A
330
1F
100
AcDbEntity
  8
Parcel_Boundary
100
AcDbPolyline
 90
        5
 70
     1
 43
0.0
 10
640339.3084225789
 20
3298861.169703073
 10
640320.2237007275
 20
3298867.751074204
 10
640304.0853971299
 20
3298820.347490397
 10
640322.7582628922
 20
3298813.908147934
 10
640339.3084225789
 20
3298861.169703073
  0
LWPOLYLINE
  5
268B
330
1F
100
AcDbEntity
  8
Parcel_Boundary
100
AcDbPolyline
 90
        5
 70
     1
 43
0.0
 10
640337.4390908687
 20
3298794.202800038
 10
640356.371977698
 20
3298787.757197173
 10
640388.5999920271
 20
3298882.421631319
 10
640369.6671051978
 20
3298888.867234185
 10
640337.4390908687
 20
3298794.202800038
  0
LWPOLYLINE
  5
268C
330
1F
100
AcDbEntity
  8
Parcel_Boundary
100
AcDbPolyline
 90
        5
 70
     1
 43
0.0
 10
640407.5328856727
 20
3298875.976026133
 10
640388.5999920271
 20
3298882.421631319
 10
640372.4859848627
 20
3298835.089414246
 10
640391.418878508
 20
3298828.64380906
 10
640407.5328856727
 20
3298875.976026133
  0
LWPOLYLINE
  5
268D
330
1F
100
AcDbEntity
  8
Parcel_Boundary
100
AcDbPolyline
 90
        5
 70
     1
 43
0.0
 10
640391.418878508
 20
3298828.64380906
 10
640372.4859848627
 20
3298835.089414246
 10
640356.371977698
 20
3298787.757197173
 10
640375.3048713436
 20
3298781.311591986
 10
640391.418878508
 20
3298828.64380906
  0
LWPOLYLINE
  5
268E
330
1F
100
AcDbEntity
  8
Parcel_Boundary
100
AcDbPolyline
 90
        6
 70
     1
 43
0.0
 10
640407.5328856727
 20
3298875.976026133
 10
640375.3048713436
 20
3298781.311591986
 10
640394.237758173
 20
3298774.86598912
 10
640410.3517653375
 20
3298822.198206194
 10
640426.4657725021
 20
3298869.530423268
 10
640407.5328856727
 20
3298875.976026133
  0
LWPOLYLINE
  5
268F
330
1F
100
AcDbEntity
  8
Parcel_Boundary
100
AcDbPolyline
 90
        5
 70
     1
 43
0.0
 10
640445.3986593314
 20
3298863.084820401
 10
640426.4657725021
 20
3298869.530423268
 10
640410.3517653375
 20
3298822.198206194
 10
640429.2846521669
 20
3298815.752603328
 10
640445.3986593314
 20
3298863.084820401
  0
LWPOLYLINE
  5
2690
330
1F
100
AcDbEntity
  8
Parcel_Boundary
100
AcDbPolyline
 90
        5
 70
     1
 43
0.0
 10
640429.2846521669
 20
3298815.752603328
 10
640410.3517653375
 20
3298822.198206194
 10
640394.237758173
 20
3298774.86598912
 10
640413.1706450025
 20
3298768.420386255
 10
640429.2846521669
 20
3298815.752603328
  0
LWPOLYLINE
  5
2691
330
1F
100
AcDbEntity
  8
Parcel_Boundary
100
AcDbPolyline
 90
        5
 70
     1
 43
0.0
 10
640448.2175389962
 20
3298809.307000462
 10
640429.2846521669
 20
3298815.752603328
 10
640413.1706450025
 20
3298768.420386255
 10
640432.1035318318
 20
3298761.974783388
 10
640448.2175389962
 20
3298809.307000462
  0
LWPOLYLINE
  5
2692
330
1F
100
AcDbEntity
  8
Parcel_Boundary
100
AcDbPolyline
 90
        5
 70
     1
 43
0.0
 10
640464.3315461609
 20
3298856.639217536
 10
640445.3986593314
 20
3298863.084820401
 10
640429.2846521669
 20
3298815.752603328
 10
640448.2175389962
 20
3298809.307000462
 10
640464.3315461609
 20
3298856.639217536
  0
LWPOLYLINE
  5
2693
330
1F
100
AcDbEntity
  8
Parcel_Boundary
100
AcDbPolyline
 90
        5
 70
     1
 43
0.0
 10
640486.0833126552
 20
3298796.41579473
 10
640467.1504258259
 20
3298802.861397597
 10
640451.0364186612
 20
3298755.529180523
 10
640469.9693054907
 20
3298749.083577657
 10
640486.0833126552
 20
3298796.41579473
  0
LWPOLYLINE
  5
2694
330
1F
100
AcDbEntity
  8
Parcel_Boundary
100
AcDbPolyline
 90
        5
 70
     1
 43
0.0
 10
640502.1973198198
 20
3298843.748011805
 10
640483.2644329903
 20
3298850.19361467
 10
640467.1504258259
 20
3298802.861397597
 10
640486.0833126552
 20
3298796.41579473
 10
640502.1973198198
 20
3298843.748011805
  0
LWPOLYLINE
  5
2695
330
1F
100
AcDbEntity
  8
Parcel_Boundary
100
AcDbPolyline
 90
        5
 70
     1
 43
0.0
 10
640467.1504258257
 20
3298802.861397596
 10
640448.2175389962
 20
3298809.307000462
 10
640432.1035318318
 20
3298761.974783388
 10
640451.0364186612
 20
3298755.529180523
 10
640467.1504258257
 20
3298802.861397596
  0
LWPOLYLINE
  5
2696
330
1F
100
AcDbEntity
  8
Parcel_Boundary
100
AcDbPolyline
 90
        5
 70
     1
 43
0.0
 10
640521.1302066494
 20
3298837.302408939
 10
640502.1973198198
 20
3298843.748011805
 10
640478.0263090728
 20
3298772.749686194
 10
640496.9591959023
 20
3298766.304083328
 10
640521.1302066494
 20
3298837.302408939
  0
LWPOLYLINE
  5
2697
330
1F
100
AcDbEntity
  8
Parcel_Boundary
100
AcDbPolyline
 90
        5
 70
     1
 43
0.0
 10
640523.9490863142
 20
3298783.524588999
 10
640505.0161994847
 20
3298789.970191865
 10
640488.90219232
 20
3298742.637974791
 10
640507.8350791495
 20
3298736.192371925
 10
640523.9490863142
 20
3298783.524588999
  0
LWPOLYLINE
  5
2698
330
1F
100
AcDbEntity
  8
Parcel_Boundary
100
AcDbPolyline
 90
        5
 70
     1
 43
0.0
 10
640540.0630934787
 20
3298830.856806073
 10
640521.1302066494
 20
3298837.302408939
 10
640505.0161994847
 20
3298789.970191865
 10
640523.9490863142
 20
3298783.524588999
 10
640540.0630934787
 20
3298830.856806073
  0
LWPOLYLINE
  5
2699
330
1F
100
AcDbEntity
  8
Parcel_Boundary
100
AcDbPolyline
 90
        6
 70
     1
 43
0.0
 10
640558.995980308
 20
3298824.411203207
 10
640540.0630934787
 20
3298830.856806073
 10
640523.9490863142
 20
3298783.524588999
 10
640515.8920827318
 20
3298759.858480462
 10
640534.8249695612
 20
3298753.412877597
 10
640558.995980308
 20
3298824.411203207
  0
LWPOLYLINE
  5
269A
330
1F
100
AcDbEntity
  8
Parcel_Boundary
100
AcDbPolyline
 90
        6
 70
     1
 43
0.0
 10
640577.9288671375
 20
3298817.965600341
 10
640558.995980308
 20
3298824.411203207
 10
640534.8249695612
 20
3298753.412877597
 10
640526.7679659788
 20
3298729.74676906
 10
640545.7008528085
 20
3298723.301166194
 10
640577.9288671375
 20
3298817.965600341
  0
LWPOLYLINE
  5
269B
330
1F
100
AcDbEntity
  8
Parcel_Boundary
100
AcDbPolyline
 90
        5
 70
     1
 43
0.0
 10
640596.861753967
 20
3298811.519997475
 10
640577.9288671375
 20
3298817.965600341
 10
640545.7008528085
 20
3298723.301166194
 10
640564.6337396378
 20
3298716.855563328
 10
640596.861753967
 20
3298811.519997475
  0
LWPOLYLINE
  5
269C
330
1F
100
AcDbEntity
  8
Parcel_Boundary
100
AcDbPolyline
 90
        5
 70
     1
 43
0.0
 10
640615.7946407964
 20
3298805.074394609
 10
640596.861753967
 20
3298811.519997475
 10
640564.6337396378
 20
3298716.855563328
 10
640583.5666264673
 20
3298710.409960462
 10
640615.7946407964
 20
3298805.074394609
  0
LWPOLYLINE
  5
269D
330
1F
100
AcDbEntity
  8
Parcel_Boundary
100
AcDbPolyline
 90
        5
 70
     1
 43
0.0
 10
640634.7275276258
 20
3298798.628791744
 10
640615.7946407964
 20
3298805.074394609
 10
640583.5666264673
 20
3298710.409960462
 10
640602.4995132966
 20
3298703.964357596
 10
640634.7275276258
 20
3298798.628791744
  0
LWPOLYLINE
  5
269E
330
1F
100
AcDbEntity
  8
Parcel_Boundary
100
AcDbPolyline
 90
        5
 70
     1
 43
0.0
 10
640653.6604144553
 20
3298792.183188878
 10
640634.7275276258
 20
3298798.628791744
 10
640602.4995132966
 20
3298703.964357596
 10
640621.4324001261
 20
3298697.518754731
 10
640653.6604144553
 20
3298792.183188878
  0
LWPOLYLINE
  5
269F
330
1F
100
AcDbEntity
  8
Parcel_Boundary
100
AcDbPolyline
 90
        5
 70
     1
 43
0.0
 10
640672.5933012847
 20
3298785.737586012
 10
640653.6604144553
 20
3298792.183188878
 10
640621.4324001261
 20
3298697.518754731
 10
640640.3652869556
 20
3298691.073151865
 10
640672.5933012847
 20
3298785.737586012
  0
LWPOLYLINE
  5
26A0
330
1F
100
AcDbEntity
  8
Parcel_Boundary
100
AcDbPolyline
 90
        5
 70
     1
 43
0.0
 10
640691.5261881142
 20
3298779.291983146
 10
640672.5933012847
 20
3298785.737586012
 10
640648.422290538
 20
3298714.739260402
 10
640667.3551773673
 20
3298708.293657536
 10
640691.5261881142
 20
3298779.291983146
  0
LWPOLYLINE
  5
26A1
330
1F
100
AcDbEntity
  8
Parcel_Boundary
100
AcDbPolyline
 90
        6
 70
     1
 43
0.0
 10
640710.4590749435
 20
3298772.84638028
 10
640691.5261881142
 20
3298779.291983146
 10
640667.3551773673
 20
3298708.293657536
 10
640659.2981737851
 20
3298684.627548999
 10
640678.2310606145
 20
3298678.181946133
 10
640710.4590749435
 20
3298772.84638028
  0
LWPOLYLINE
  5
26A2
330
1F
100
AcDbEntity
  8
Parcel_Boundary
100
AcDbPolyline
 90
        5
 70
     1
 43
0.0
 10
640729.391961773
 20
3298766.400777414
 10
640710.4590749435
 20
3298772.84638028
 10
640678.2310606145
 20
3298678.181946133
 10
640697.163947444
 20
3298671.736343268
 10
640729.391961773
 20
3298766.400777414
  0
LWPOLYLINE
  5
26A3
330
1F
100
AcDbEntity
  8
Parcel_Boundary
100
AcDbPolyline
 90
        5
 70
     1
 43
0.0
 10
640732.2108414378
 20
3298712.622957475
 10
640713.2779546083
 20
3298719.068560341
 10
640697.163947444
 20
3298671.736343268
 10
640716.0968342735
 20
3298665.290740402
 10
640732.2108414378
 20
3298712.622957475
  0
LWPOLYLINE
  5
26A4
330
1F
100
AcDbEntity
  8
Parcel_Boundary
100
AcDbPolyline
 90
        5
 70
     1
 43
0.0
 10
640748.3248486023
 20
3298759.955174549
 10
640729.391961773
 20
3298766.400777414
 10
640713.2779546083
 20
3298719.068560341
 10
640732.2108414378
 20
3298712.622957475
 10
640748.3248486023
 20
3298759.955174549
  0
LWPOLYLINE
  5
26A5
330
1F
100
AcDbEntity
  8
Parcel_Boundary
100
AcDbPolyline
 90
        5
 70
     1
 43
0.0
 10
640767.2577354317
 20
3298753.509571683
 10
640748.3248486023
 20
3298759.955174549
 10
640732.2108414378
 20
3298712.622957475
 10
640751.1437282671
 20
3298706.177354609
 10
640767.2577354317
 20
3298753.509571683
  0
LWPOLYLINE
  5
26A6
330
1F
100
AcDbEntity
  8
Parcel_Boundary
100
AcDbPolyline
 90
        5
 70
     1
 43
0.0
 10
640751.1437282671
 20
3298706.177354609
 10
640732.2108414378
 20
3298712.622957475
 10
640716.0968342735
 20
3298665.290740402
 10
640735.0297211029
 20
3298658.845137536
 10
640751.1437282671
 20
3298706.177354609
  0
LWPOLYLINE
  5
26A7
330
1F
100
AcDbEntity
  8
Parcel_Boundary
100
AcDbPolyline
 90
        5
 70
     1
 43
0.0
 10
640786.1906222612
 20
3298747.063968817
 10
640767.2577354317
 20
3298753.509571683
 10
640751.1437282671
 20
3298706.177354609
 10
640770.0766150966
 20
3298699.731751743
 10
640786.1906222612
 20
3298747.063968817
  0
LWPOLYLINE
  5
26A8
330
1F
100
AcDbEntity
  8
Parcel_Boundary
100
AcDbPolyline
 90
        5
 70
     1
 43
0.0
 10
640770.0766150966
 20
3298699.731751743
 10
640751.1437282671
 20
3298706.177354609
 10
640735.0297211029
 20
3298658.845137536
 10
640753.9626079323
 20
3298652.39953467
 10
640770.0766150966
 20
3298699.731751743
  0
LWPOLYLINE
  5
26A9
330
1F
100
AcDbEntity
  8
Parcel_Boundary
100
AcDbPolyline
 90
        5
 70
     1
 43
0.0
 10
640789.009501926
 20
3298693.286148878
 10
640770.0766150966
 20
3298699.731751743
 10
640753.9626079323
 20
3298652.39953467
 10
640772.8954947616
 20
3298645.953931804
 10
640789.009501926
 20
3298693.286148878
  0
LWPOLYLINE
  5
26AA
330
1F
100
AcDbEntity
  8
Parcel_Boundary
100
AcDbPolyline
 90
        5
 70
     1
 43
0.0
 10
640805.1235090906
 20
3298740.618365951
 10
640786.1906222612
 20
3298747.063968817
 10
640770.0766150966
 20
3298699.731751743
 10
640789.009501926
 20
3298693.286148878
 10
640805.1235090906
 20
3298740.618365951
  0
LWPOLYLINE
  5
26AB
330
1F
100
AcDbEntity
  8
Parcel_Boundary
100
AcDbPolyline
 90
        5
 70
     1
 43
0.0
 10
640824.0563959201
 20
3298734.172763085
 10
640805.1235090908
 20
3298740.618365951
 10
640789.009501926
 20
3298693.286148878
 10
640807.9423887556
 20
3298686.840546011
 10
640824.0563959201
 20
3298734.172763085
  0
LWPOLYLINE
  5
26AC
330
1F
100
AcDbEntity
  8
Parcel_Boundary
100
AcDbPolyline
 90
        5
 70
     1
 43
0.0
 10
640807.9423887556
 20
3298686.840546011
 10
640789.009501926
 20
3298693.286148878
 10
640772.8954947616
 20
3298645.953931804
 10
640791.8283815911
 20
3298639.508328939
 10
640807.9423887556
 20
3298686.840546011
  0
LWPOLYLINE
  5
26AD
330
1F
100
AcDbEntity
  8
Parcel_Boundary
100
AcDbPolyline
 90
        5
 70
     1
 43
0.0
 10
640826.8752755851
 20
3298680.394943146
 10
640807.9423887556
 20
3298686.840546011
 10
640791.8283815911
 20
3298639.508328939
 10
640810.7612684208
 20
3298633.062726073
 10
640826.8752755851
 20
3298680.394943146
  0
LWPOLYLINE
  5
26AE
330
1F
100
AcDbEntity
  8
Parcel_Boundary
100
AcDbPolyline
 90
        5
 70
     1
 43
0.0
 10
640861.922169579
 20
3298721.281557354
 10
640842.9892827495
 20
3298727.72716022
 10
640810.7612684208
 20
3298633.062726073
 10
640829.6941552501
 20
3298626.617123208
 10
640861.922169579
 20
3298721.281557354
  0
LWPOLYLINE
  5
26AF
330
1F
100
AcDbEntity
  8
Parcel_Boundary
100
AcDbPolyline
 90
        5
 70
     1
 43
0.0
 10
640880.8550564085
 20
3298714.835954488
 10
640861.922169579
 20
3298721.281557354
 10
640829.6941552501
 20
3298626.617123208
 10
640848.6270420794
 20
3298620.171520341
 10
640880.8550564085
 20
3298714.835954488
  0
LWPOLYLINE
  5
26B0
330
1F
100
AcDbEntity
  8
Parcel_Boundary
100
AcDbPolyline
 90
        5
 70
     1
 43
0.0
 10
640902.6068229028
 20
3298654.612531683
 10
640883.6739360733
 20
3298661.058134549
 10
640878.8397339238
 20
3298646.858469426
 10
640897.7726207533
 20
3298640.412866561
 10
640902.6068229028
 20
3298654.612531683
  0
LWPOLYLINE
  5
26B1
330
1F
100
AcDbEntity
  8
Parcel_Boundary
100
AcDbPolyline
 90
        5
 70
     1
 43
0.0
 10
640842.9892827495
 20
3298727.72716022
 10
640824.0563959201
 20
3298734.172763085
 10
640807.9423887556
 20
3298686.840546011
 10
640826.8752755851
 20
3298680.394943146
 10
640842.9892827495
 20
3298727.72716022
  0
LWPOLYLINE
  5
26B2
330
1F
100
AcDbEntity
  8
Parcel_Boundary
100
AcDbPolyline
 90
        5
 70
     1
 43
0.0
 10
639785.246356185
 20
3299158.078374599
 10
639766.3134693556
 20
3299164.523977466
 10
639749.3937618328
 20
3299114.825149538
 10
639768.3266486622
 20
3299108.379546672
 10
639785.246356185
 20
3299158.078374599
  0
LWPOLYLINE
  5
26B3
330
1F
100
AcDbEntity
  8
Parcel_Boundary
100
AcDbPolyline
 90
        5
 70
     1
 43
0.0
 10
639804.1792430145
 20
3299151.632771734
 10
639785.246356185
 20
3299158.078374599
 10
639768.3266486622
 20
3299108.379546672
 10
639787.2595354916
 20
3299101.933943807
 10
639804.1792430145
 20
3299151.632771734
  0
LWPOLYLINE
  5
26B4
330
1F
100
AcDbEntity
  8
Parcel_Boundary
100
AcDbPolyline
 90
        5
 70
     1
 43
0.0
 10
639823.1121298439
 20
3299145.187168868
 10
639804.1792430145
 20
3299151.632771734
 10
639787.2595354916
 20
3299101.933943807
 10
639806.1924223211
 20
3299095.48834094
 10
639823.1121298439
 20
3299145.187168868
  0
LWPOLYLINE
  5
26B5
330
1F
100
AcDbEntity
  8
Parcel_Boundary
100
AcDbPolyline
 90
        5
 70
     1
 43
0.0
 10
639842.0450166732
 20
3299138.741566002
 10
639823.1121298439
 20
3299145.187168868
 10
639806.1924223211
 20
3299095.48834094
 10
639825.1253091506
 20
3299089.042738075
 10
639842.0450166732
 20
3299138.741566002
  0
LWPOLYLINE
  5
26B6
330
1F
100
AcDbEntity
  8
Parcel_Boundary
100
AcDbPolyline
 90
        5
 70
     1
 43
0.0
 10
639860.9779035027
 20
3299132.295963137
 10
639842.0450166732
 20
3299138.741566002
 10
639825.1253091506
 20
3299089.042738075
 10
639844.05819598
 20
3299082.597135209
 10
639860.9779035027
 20
3299132.295963137
  0
LWPOLYLINE
  5
26B7
330
1F
100
AcDbEntity
  8
Parcel_Boundary
100
AcDbPolyline
 90
        6
 70
     1
 43
0.0
 10
640899.7879432378
 20
3298708.390351622
 10
640880.8550564085
 20
3298714.835954488
 10
640861.5182478111
 20
3298658.037294
 10
640848.6270420794
 20
3298620.171520341
 10
640867.559928909
 20
3298613.725917476
 10
640899.7879432378
 20
3298708.390351622
  0
LWPOLYLINE
  5
26B8
330
1F
100
AcDbEntity
  8
Parcel_Boundary
100
AcDbPolyline
 90
        6
 70
     1
 43
0.0
 10
640937.6537168967
 20
3298695.49914589
 10
640918.7208300673
 20
3298701.944748756
 10
640902.6068229028
 20
3298654.612531683
 10
640897.7726207533
 20
3298640.412866561
 10
640916.7055075828
 20
3298633.967263695
 10
640937.6537168967
 20
3298695.49914589
  0
LWPOLYLINE
  5
26B9
330
1F
100
AcDbEntity
  8
Parcel_Boundary
100
AcDbPolyline
 90
        5
 70
     1
 43
0.0
 10
640031.3738849675
 20
3299074.285537344
 10
640012.440998138
 20
3299080.73114021
 10
639987.4642870329
 20
3299007.366203746
 10
640006.3971738626
 20
3299000.920600879
 10
640031.3738849675
 20
3299074.285537344
  0
LWPOLYLINE
  5
26BA
330
1F
100
AcDbEntity
  8
Parcel_Boundary
100
AcDbPolyline
 90
        5
 70
     1
 43
0.0
 10
640916.7055075828
 20
3298633.967263695
 10
640878.839733924
 20
3298646.858469426
 10
640867.559928909
 20
3298613.725917476
 10
640905.4257025679
 20
3298600.834711744
 10
640916.7055075828
 20
3298633.967263695
  0
LWPOLYLINE
  5
26BB
330
1F
100
AcDbEntity
  8
Parcel_Boundary
100
AcDbPolyline
 90
        5
 70
     1
 43
0.0
 10
640918.7208300673
 20
3298701.944748756
 10
640899.7879432378
 20
3298708.390351622
 10
640883.6739360733
 20
3298661.058134549
 10
640902.6068229028
 20
3298654.612531683
 10
640918.7208300673
 20
3298701.944748756
  0
LWPOLYLINE
  5
26BC
330
1F
100
AcDbEntity
  8
Parcel_Boundary
100
AcDbPolyline
 90
        5
 70
     1
 43
0.0
 10
639917.776563991
 20
3299112.959154539
 10
639898.8436771617
 20
3299119.404757405
 10
639881.9239696388
 20
3299069.705929477
 10
639900.8568564681
 20
3299063.260326611
 10
639917.776563991
 20
3299112.959154539
  0
LWPOLYLINE
  5
26BD
330
1F
100
AcDbEntity
  8
Parcel_Boundary
100
AcDbPolyline
 90
        5
 70
     1
 43
0.0
 10
639852.0193121805
 20
3299229.004960489
 10
639828.3532036436
 20
3299237.061964071
 10
639808.210694688
 20
3299177.896692729
 10
639831.8768032247
 20
3299169.839689147
 10
639852.0193121805
 20
3299229.004960489
  0
LWPOLYLINE
  5
26BE
330
1F
100
AcDbEntity
  8
Parcel_Boundary
100
AcDbPolyline
 90
        5
 70
     1
 43
0.0
 10
640084.5058587137
 20
3299000.737978813
 10
640109.1186115919
 20
3298992.358695088
 10
640126.0383191147
 20
3299042.057523015
 10
640101.4255662364
 20
3299050.436806741
 10
640084.5058587137
 20
3299000.737978813
  0
LWPOLYLINE
  5
26BF
330
1F
100
AcDbEntity
  8
Parcel_Boundary
100
AcDbPolyline
 90
        5
 70
     1
 43
0.0
 10
640006.3971738626
 20
3299000.920600879
 10
639987.4642870329
 20
3299007.366203746
 10
639963.2932762862
 20
3298936.367878135
 10
639982.2261631157
 20
3298929.92227527
 10
640006.3971738626
 20
3299000.920600879
  0
LWPOLYLINE
  5
26C0
330
1F
100
AcDbEntity
  8
Parcel_Boundary
100
AcDbPolyline
 90
        5
 70
     1
 43
0.0
 10
640987.6887739155
 20
3298904.526640152
 10
640968.755887086
 20
3298910.972243017
 10
640949.4190784885
 20
3298854.17358253
 10
640968.351965318
 20
3298847.727979663
 10
640987.6887739155
 20
3298904.526640152
  0
LWPOLYLINE
  5
26C1
330
1F
100
AcDbEntity
  8
Parcel_Boundary
100
AcDbPolyline
 90
        5
 70
     1
 43
0.0
 10
640109.1186115919
 20
3298992.358695088
 10
640084.5058587137
 20
3299000.737978813
 10
640068.3918515489
 20
3298953.40576174
 10
640093.0046044273
 20
3298945.026478013
 10
640109.1186115919
 20
3298992.358695088
  0
LWPOLYLINE
  5
26C2
330
1F
100
AcDbEntity
  8
Parcel_Boundary
100
AcDbPolyline
 90
        5
 70
     1
 43
0.0
 10
640968.755887086
 20
3298910.972243017
 10
640949.8230002566
 20
3298917.417845883
 10
640930.4861916591
 20
3298860.619185395
 10
640949.4190784885
 20
3298854.17358253
 10
640968.755887086
 20
3298910.972243017
  0
LWPOLYLINE
  5
26C3
330
1F
100
AcDbEntity
  8
Parcel_Boundary
100
AcDbPolyline
 90
        5
 70
     1
 43
0.0
 10
641006.6216607448
 20
3298898.081037286
 10
640987.6887739155
 20
3298904.526640152
 10
640968.351965318
 20
3298847.727979663
 10
640987.2848521473
 20
3298841.282376798
 10
641006.6216607448
 20
3298898.081037286
  0
LWPOLYLINE
  5
26C4
330
1F
100
AcDbEntity
  8
Parcel_Boundary
100
AcDbPolyline
 90
        5
 70
     1
 43
0.0
 10
641063.4203212331
 20
3298878.744228689
 10
641044.4874344037
 20
3298885.189831554
 10
641025.1506258062
 20
3298828.391171066
 10
641044.0835126357
 20
3298821.9455682
 10
641063.4203212331
 20
3298878.744228689
  0
LWPOLYLINE
  5
26C5
330
1F
100
AcDbEntity
  8
Parcel_Boundary
100
AcDbPolyline
 90
        7
 70
     1
 43
0.0
 10
640939.7790970581
 20
3298765.607810938
 10
640923.8565392346
 20
3298771.028562948
 42
0.4142135623719979
 10
640919.8213593731
 20
3298769.043084798
 10
640904.9513535615
 20
3298725.364914883
 42
0.4142135623733146
 10
640906.9368317118
 20
3298721.329735021
 10
640922.8593895353
 20
3298715.908983011
 10
640939.7790970581
 20
3298765.607810938
  0
LWPOLYLINE
  5
26C6
330
1F
100
AcDbEntity
  8
Parcel_Boundary
100
AcDbPolyline
 90
        5
 70
     1
 43
0.0
 10
640949.8230002566
 20
3298917.417845883
 10
640930.8901134273
 20
3298923.863448749
 10
640911.5533048296
 20
3298867.064788261
 10
640930.4861916591
 20
3298860.619185395
 10
640949.8230002566
 20
3298917.417845883
  0
LWPOLYLINE
  5
26C7
330
1F
100
AcDbEntity
  8
Parcel_Boundary
100
AcDbPolyline
 90
        5
 70
     1
 43
0.0
 10
641082.3532080624
 20
3298872.298625823
 10
641063.4203212331
 20
3298878.744228689
 10
641044.0835126357
 20
3298821.9455682
 10
641063.0163994651
 20
3298815.499965335
 10
641082.3532080624
 20
3298872.298625823
  0
LWPOLYLINE
  5
26C8
330
1F
100
AcDbEntity
  8
Parcel_Boundary
100
AcDbPolyline
 90
        5
 70
     1
 43
0.0
 10
640987.2848521473
 20
3298841.282376798
 10
640968.351965318
 20
3298847.727979663
 10
640948.2094563623
 20
3298788.562708322
 10
640967.1423431918
 20
3298782.117105456
 10
640987.2848521473
 20
3298841.282376798
  0
LWPOLYLINE
  5
26C9
330
1F
100
AcDbEntity
  8
Parcel_Boundary
100
AcDbPolyline
 90
        5
 70
     1
 43
0.0
 10
640750.8235844858
 20
3298829.352628443
 10
640731.8906976563
 20
3298835.798231309
 10
640714.9709901336
 20
3298786.099403381
 10
640733.9038769629
 20
3298779.653800516
 10
640750.8235844858
 20
3298829.352628443
  0
LWPOLYLINE
  5
26CA
330
1F
100
AcDbEntity
  8
Parcel_Boundary
100
AcDbPolyline
 90
        5
 70
     1
 43
0.0
 10
641044.4874344037
 20
3298885.189831554
 10
641025.5545475742
 20
3298891.63543442
 10
641006.2177389768
 20
3298834.836773931
 10
641025.1506258062
 20
3298828.391171066
 10
641044.4874344037
 20
3298885.189831554
  0
LWPOLYLINE
  5
26CB
330
1F
100
AcDbEntity
  8
Parcel_Boundary
100
AcDbPolyline
 90
        5
 70
     1
 43
0.0
 10
640989.2980314541
 20
3298785.137946004
 10
640970.3651446247
 20
3298791.583548871
 10
640967.1423431918
 20
3298782.117105456
 10
640986.0752300211
 20
3298775.67150259
 10
640989.2980314541
 20
3298785.137946004
  0
LWPOLYLINE
  5
26CC
330
1F
100
AcDbEntity
  8
Parcel_Boundary
100
AcDbPolyline
 90
        6
 70
     1
 43
0.0
 10
640930.4861916591
 20
3298860.619185395
 10
640911.5533048296
 20
3298867.064788261
 10
640901.7037186082
 20
3298838.133266241
 10
640891.4107958739
 20
3298807.899516919
 10
640910.3436827034
 20
3298801.453914053
 10
640930.4861916591
 20
3298860.619185395
  0
LWPOLYLINE
  5
26CD
330
1F
100
AcDbEntity
  8
Parcel_Boundary
100
AcDbPolyline
 90
        7
 70
     1
 43
0.0
 10
640901.2618282655
 20
3298774.77747651
 42
0.4142135623733193
 10
640899.2763501152
 20
3298778.812656372
 10
640883.3537922918
 20
3298784.233408382
 10
640866.434084769
 20
3298734.534580455
 10
640882.3566425924
 20
3298729.113828445
 42
0.4142135623729322
 10
640886.391822454
 20
3298731.099306595
 10
640901.2618282655
 20
3298774.77747651
 42
0.4142135623733193
  0
LWPOLYLINE
  5
26CE
330
1F
100
AcDbEntity
  8
Parcel_Boundary
100
AcDbPolyline
 90
        5
 70
     1
 43
0.0
 10
640977.644870717
 20
3298752.716605207
 10
640958.7119838876
 20
3298759.162208073
 10
640941.7922763648
 20
3298709.463380145
 10
640960.7251631943
 20
3298703.017777279
 10
640977.644870717
 20
3298752.716605207
  0
LWPOLYLINE
  5
26CF
330
1F
100
AcDbEntity
  8
Parcel_Boundary
100
AcDbPolyline
 90
        5
 70
     1
 43
0.0
 10
641006.2177389768
 20
3298834.836773931
 10
640987.2848521473
 20
3298841.282376798
 10
640970.3651446247
 20
3298791.583548871
 10
640989.2980314541
 20
3298785.137946004
 10
641006.2177389768
 20
3298834.836773931
  0
LWPOLYLINE
  5
26D0
330
1F
100
AcDbEntity
  8
Parcel_Boundary
100
AcDbPolyline
 90
        5
 70
     1
 43
0.0
 10
640930.8901134273
 20
3298923.863448749
 10
640911.9572265978
 20
3298930.309051615
 10
640892.6204180002
 20
3298873.510391127
 10
640911.5533048296
 20
3298867.064788261
 10
640930.8901134273
 20
3298923.863448749
  0
LWPOLYLINE
  5
26D1
330
1F
100
AcDbEntity
  8
Parcel_Boundary
100
AcDbPolyline
 90
        6
 70
     1
 43
0.0
 10
640911.5533048296
 20
3298867.064788261
 10
640892.6204180002
 20
3298873.510391127
 10
640872.4779090445
 20
3298814.345119784
 10
640891.4107958739
 20
3298807.899516919
 10
640901.7037186082
 20
3298838.133266241
 10
640911.5533048296
 20
3298867.064788261
  0
LWPOLYLINE
  5
26D2
330
1F
100
AcDbEntity
  8
Parcel_Boundary
100
AcDbPolyline
 90
        6
 70
     1
 43
0.0
 10
640911.9572265978
 20
3298930.309051615
 10
640896.0346687742
 20
3298935.729803625
 42
0.4142135623730581
 10
640891.9994889124
 20
3298933.744325475
 10
640873.6875311707
 20
3298879.955993992
 10
640892.6204180002
 20
3298873.510391127
 10
640911.9572265978
 20
3298930.309051615
  0
LWPOLYLINE
  5
26D3
330
1F
100
AcDbEntity
  8
Parcel_Boundary
100
AcDbPolyline
 90
        5
 70
     1
 43
0.0
 10
640968.351965318
 20
3298847.727979663
 10
640949.4190784885
 20
3298854.17358253
 10
640929.2765695328
 20
3298795.008311188
 10
640948.2094563623
 20
3298788.562708322
 10
640968.351965318
 20
3298847.727979663
  0
LWPOLYLINE
  5
26D4
330
1F
100
AcDbEntity
  8
Parcel_Boundary
100
AcDbPolyline
 90
        5
 70
     1
 43
0.0
 10
640523.6289425328
 20
3298906.699862833
 10
640504.6960557033
 20
3298913.145465698
 10
640487.7763481803
 20
3298863.446637771
 10
640506.7092350098
 20
3298857.001034905
 10
640523.6289425328
 20
3298906.699862833
  0
LWPOLYLINE
  5
26D5
330
1F
100
AcDbEntity
  8
Parcel_Boundary
100
AcDbPolyline
 90
        5
 70
     1
 43
0.0
 10
640949.4190784885
 20
3298854.17358253
 10
640930.4861916591
 20
3298860.619185395
 10
640910.3436827034
 20
3298801.453914053
 10
640929.2765695328
 20
3298795.008311188
 10
640949.4190784885
 20
3298854.17358253
  0
LWPOLYLINE
  5
26D6
330
1F
100
AcDbEntity
  8
Parcel_Boundary
100
AcDbPolyline
 90
        5
 70
     1
 43
0.0
 10
640958.7119838876
 20
3298759.162208073
 10
640939.7790970581
 20
3298765.607810938
 10
640922.8593895353
 20
3298715.908983011
 10
640941.7922763648
 20
3298709.463380145
 10
640958.7119838876
 20
3298759.162208073
  0
LWPOLYLINE
  5
26D7
330
1F
100
AcDbEntity
  8
Parcel_Boundary
100
AcDbPolyline
 90
        5
 70
     1
 43
0.0
 10
640883.3537922918
 20
3298784.233408383
 10
640864.4209054624
 20
3298790.679011248
 10
640847.5011979395
 20
3298740.980183321
 10
640866.434084769
 20
3298734.534580455
 10
640883.3537922918
 20
3298784.233408383
  0
LWPOLYLINE
  5
26D8
330
1F
100
AcDbEntity
  8
Parcel_Boundary
100
AcDbPolyline
 90
        5
 70
     1
 43
0.0
 10
641025.5545475742
 20
3298891.63543442
 10
641006.6216607448
 20
3298898.081037286
 10
640987.2848521473
 20
3298841.282376798
 10
641006.2177389768
 20
3298834.836773931
 10
641025.5545475742
 20
3298891.63543442
  0
LWPOLYLINE
  5
26D9
330
1F
100
AcDbEntity
  8
Parcel_Boundary
100
AcDbPolyline
 90
        5
 70
     1
 43
0.0
 10
640845.4880186329
 20
3298797.124614114
 10
640826.5551318034
 20
3298803.570216979
 10
640809.6354242807
 20
3298753.871389052
 10
640828.5683111102
 20
3298747.425786187
 10
640845.4880186329
 20
3298797.124614114
  0
LWPOLYLINE
  5
26DA
330
1F
100
AcDbEntity
  8
Parcel_Boundary
100
AcDbPolyline
 90
        5
 70
     1
 43
0.0
 10
640675.0920371679
 20
3298855.135039906
 10
640656.1591503386
 20
3298861.580642772
 10
640639.2394428158
 20
3298811.881814844
 10
640658.1723296452
 20
3298805.436211979
 10
640675.0920371679
 20
3298855.135039906
  0
LWPOLYLINE
  5
26DB
330
1F
100
AcDbEntity
  8
Parcel_Boundary
100
AcDbPolyline
 90
        5
 70
     1
 43
0.0
 10
640694.0249239974
 20
3298848.68943704
 10
640675.0920371679
 20
3298855.135039906
 10
640658.1723296452
 20
3298805.436211979
 10
640677.1052164747
 20
3298798.990609113
 10
640694.0249239974
 20
3298848.68943704
  0
LWPOLYLINE
  5
26DC
330
1F
100
AcDbEntity
  8
Parcel_Boundary
100
AcDbPolyline
 90
        5
 70
     1
 43
0.0
 10
640447.8973952149
 20
3298932.482274296
 10
640428.9645083856
 20
3298938.927877162
 10
640412.0448008626
 20
3298889.229049235
 10
640430.977687692
 20
3298882.783446368
 10
640447.8973952149
 20
3298932.482274296
  0
LWPOLYLINE
  5
26DD
330
1F
100
AcDbEntity
  8
Parcel_Boundary
100
AcDbPolyline
 90
        5
 70
     1
 43
0.0
 10
640864.4209054624
 20
3298790.679011248
 10
640845.4880186329
 20
3298797.124614114
 10
640828.5683111102
 20
3298747.425786187
 10
640847.5011979395
 20
3298740.980183321
 10
640864.4209054624
 20
3298790.679011248
  0
LWPOLYLINE
  5
26DE
330
1F
100
AcDbEntity
  8
Parcel_Boundary
100
AcDbPolyline
 90
        5
 70
     1
 43
0.0
 10
641013.7120201271
 20
3298740.437731747
 10
640977.644870717
 20
3298752.716605207
 10
640960.7251631943
 20
3298703.017777279
 10
640996.7923126043
 20
3298690.73890382
 10
641013.7120201271
 20
3298740.437731747
  0
LWPOLYLINE
  5
26DF
330
1F
100
AcDbEntity
  8
Parcel_Boundary
100
AcDbPolyline
 90
        5
 70
     1
 43
0.0
 10
640731.8906976563
 20
3298835.798231309
 10
640712.9578108269
 20
3298842.243834175
 10
640696.0381033042
 20
3298792.545006247
 10
640714.9709901336
 20
3298786.099403381
 10
640731.8906976563
 20
3298835.798231309
  0
LWPOLYLINE
  5
26E0
330
1F
100
AcDbEntity
  8
Parcel_Boundary
100
AcDbPolyline
 90
        5
 70
     1
 43
0.0
 10
640712.9578108269
 20
3298842.243834175
 10
640694.0249239974
 20
3298848.68943704
 10
640677.1052164747
 20
3298798.990609113
 10
640696.0381033042
 20
3298792.545006247
 10
640712.9578108269
 20
3298842.243834175
  0
LWPOLYLINE
  5
26E1
330
1F
100
AcDbEntity
  8
Parcel_Boundary
100
AcDbPolyline
 90
        5
 70
     1
 43
0.0
 10
640807.622244974
 20
3298810.015819845
 10
640788.6893581447
 20
3298816.461422711
 10
640771.7696506219
 20
3298766.762594784
 10
640790.7025374512
 20
3298760.316991919
 10
640807.622244974
 20
3298810.015819845
  0
LWPOLYLINE
  5
26E2
330
1F
100
AcDbEntity
  8
Parcel_Boundary
100
AcDbPolyline
 90
        5
 70
     1
 43
0.0
 10
640826.5551318034
 20
3298803.570216979
 10
640807.622244974
 20
3298810.015819845
 10
640790.7025374512
 20
3298760.316991919
 10
640809.6354242807
 20
3298753.871389052
 10
640826.5551318034
 20
3298803.570216979
  0
LWPOLYLINE
  5
26E3
330
1F
100
AcDbEntity
  8
Parcel_Boundary
100
AcDbPolyline
 90
        5
 70
     1
 43
0.0
 10
640542.5618293621
 20
3298900.254259967
 10
640523.6289425328
 20
3298906.699862833
 10
640506.7092350098
 20
3298857.001034905
 10
640525.6421218393
 20
3298850.55543204
 10
640542.5618293621
 20
3298900.254259967
  0
LWPOLYLINE
  5
26E4
330
1F
100
AcDbEntity
  8
Parcel_Boundary
100
AcDbPolyline
 90
        5
 70
     1
 43
0.0
 10
641101.2860948919
 20
3298865.853022957
 10
641082.3532080624
 20
3298872.298625823
 10
641063.0163994651
 20
3298815.499965335
 10
641081.9492862946
 20
3298809.054362469
 10
641101.2860948919
 20
3298865.853022957
  0
LWPOLYLINE
  5
26E5
330
1F
100
AcDbEntity
  8
Parcel_Boundary
100
AcDbPolyline
 90
        5
 70
     1
 43
0.0
 10
640599.3604898504
 20
3298880.91745137
 10
640580.427603021
 20
3298887.363054235
 10
640563.5078954981
 20
3298837.664226307
 10
640582.4407823274
 20
3298831.218623442
 10
640599.3604898504
 20
3298880.91745137
  0
LWPOLYLINE
  5
26E6
330
1F
100
AcDbEntity
  8
Parcel_Boundary
100
AcDbPolyline
 90
        5
 70
     1
 43
0.0
 10
640769.7564713153
 20
3298822.907025577
 10
640750.8235844858
 20
3298829.352628443
 10
640733.9038769629
 20
3298779.653800516
 10
640752.8367637922
 20
3298773.20819765
 10
640769.7564713153
 20
3298822.907025577
  0
LWPOLYLINE
  5
26E7
330
1F
100
AcDbEntity
  8
Parcel_Boundary
100
AcDbPolyline
 90
        5
 70
     1
 43
0.0
 10
640561.4947161915
 20
3298893.808657101
 10
640542.5618293621
 20
3298900.254259967
 10
640525.6421218393
 20
3298850.55543204
 10
640544.5750086686
 20
3298844.109829174
 10
640561.4947161915
 20
3298893.808657101
  0
LWPOLYLINE
  5
26E8
330
1F
100
AcDbEntity
  8
Parcel_Boundary
100
AcDbPolyline
 90
        5
 70
     1
 43
0.0
 10
640656.1591503386
 20
3298861.580642772
 10
640637.2262635091
 20
3298868.026245638
 10
640620.3065559863
 20
3298818.32741771
 10
640639.2394428158
 20
3298811.881814844
 10
640656.1591503386
 20
3298861.580642772
  0
LWPOLYLINE
  5
26E9
330
1F
100
AcDbEntity
  8
Parcel_Boundary
100
AcDbPolyline
 90
        5
 70
     1
 43
0.0
 10
640618.2933766797
 20
3298874.471848504
 10
640599.3604898504
 20
3298880.91745137
 10
640582.4407823274
 20
3298831.218623442
 10
640601.3736691569
 20
3298824.773020576
 10
640618.2933766797
 20
3298874.471848504
  0
LWPOLYLINE
  5
26EA
330
1F
100
AcDbEntity
  8
Parcel_Boundary
100
AcDbPolyline
 90
        5
 70
     1
 43
0.0
 10
640353.2329610678
 20
3298964.710288625
 10
640334.3000742385
 20
3298971.155891491
 10
640301.3162262208
 20
3298874.271321543
 10
640320.2237007275
 20
3298867.751074204
 10
640353.2329610678
 20
3298964.710288625
  0
LWPOLYLINE
  5
26EB
330
1F
100
AcDbEntity
  8
Parcel_Boundary
100
AcDbPolyline
 90
        5
 70
     1
 43
0.0
 10
640504.6960557033
 20
3298913.145465698
 10
640485.7631688738
 20
3298919.591068564
 10
640468.8434613508
 20
3298869.892240637
 10
640487.7763481803
 20
3298863.446637771
 10
640504.6960557033
 20
3298913.145465698
  0
LWPOLYLINE
  5
26EC
330
1F
100
AcDbEntity
  8
Parcel_Boundary
100
AcDbPolyline
 90
        5
 70
     1
 43
0.0
 10
640201.7698664325
 20
3299016.275111551
 10
640182.8370284393
 20
3299022.720697792
 10
640165.9599862536
 20
3298973.007344672
 10
640184.8501589096
 20
3298966.576283624
 10
640201.7698664325
 20
3299016.275111551
  0
LWPOLYLINE
  5
26ED
330
1F
100
AcDbEntity
  8
Parcel_Boundary
100
AcDbPolyline
 90
        5
 70
     1
 43
0.0
 10
640391.0987347266
 20
3298951.819082894
 10
640372.1658478971
 20
3298958.264685759
 10
640355.2461403744
 20
3298908.565857832
 10
640374.1790272038
 20
3298902.120254966
 10
640391.0987347266
 20
3298951.819082894
  0
LWPOLYLINE
  5
26EE
330
1F
100
AcDbEntity
  8
Parcel_Boundary
100
AcDbPolyline
 90
        5
 70
     1
 43
0.0
 10
640788.6893581447
 20
3298816.461422711
 10
640769.7564713153
 20
3298822.907025577
 10
640752.8367637924
 20
3298773.20819765
 10
640771.7696506219
 20
3298766.762594784
 10
640788.6893581447
 20
3298816.461422711
  0
LWPOLYLINE
  5
26EF
330
1F
100
AcDbEntity
  8
Parcel_Boundary
100
AcDbPolyline
 90
        5
 70
     1
 43
0.0
 10
640410.031621556
 20
3298945.373480028
 10
640391.0987347266
 20
3298951.819082894
 10
640374.1790272038
 20
3298902.120254966
 10
640393.1119140333
 20
3298895.6746521
 10
640410.031621556
 20
3298945.373480028
  0
LWPOLYLINE
  5
26F0
330
1F
100
AcDbEntity
  8
Parcel_Boundary
100
AcDbPolyline
 90
        5
 70
     1
 43
0.0
 10
640428.9645083856
 20
3298938.927877162
 10
640410.031621556
 20
3298945.373480028
 10
640393.1119140333
 20
3298895.6746521
 10
640412.0448008626
 20
3298889.229049235
 10
640428.9645083856
 20
3298938.927877162
  0
LWPOLYLINE
  5
26F1
330
1F
100
AcDbEntity
  8
Parcel_Boundary
100
AcDbPolyline
 90
        5
 70
     1
 43
0.0
 10
640637.2262635091
 20
3298868.026245638
 10
640618.2933766797
 20
3298874.471848504
 10
640601.3736691569
 20
3298824.773020576
 10
640620.3065559863
 20
3298818.32741771
 10
640637.2262635091
 20
3298868.026245638
  0
LWPOLYLINE
  5
26F2
330
1F
100
AcDbEntity
  8
Parcel_Boundary
100
AcDbPolyline
 90
        5
 70
     1
 43
0.0
 10
640485.7631688738
 20
3298919.591068564
 10
640466.8302820443
 20
3298926.03667143
 10
640449.9105745215
 20
3298876.337843503
 10
640468.8434613508
 20
3298869.892240637
 10
640485.7631688738
 20
3298919.591068564
  0
LWPOLYLINE
  5
26F3
330
1F
100
AcDbEntity
  8
Parcel_Boundary
100
AcDbPolyline
 90
        5
 70
     1
 43
0.0
 10
640580.427603021
 20
3298887.363054235
 10
640561.4947161915
 20
3298893.808657101
 10
640544.5750086686
 20
3298844.109829174
 10
640563.5078954981
 20
3298837.664226307
 10
640580.427603021
 20
3298887.363054235
  0
LWPOLYLINE
  5
26F4
330
1F
100
AcDbEntity
  8
Parcel_Boundary
100
AcDbPolyline
 90
        5
 70
     1
 43
0.0
 10
640239.635640091
 20
3299003.38390582
 10
640201.7698664325
 20
3299016.275111551
 10
640176.7931553272
 20
3298942.910175087
 10
640214.6589289859
 20
3298930.018969356
 10
640239.635640091
 20
3299003.38390582
  0
LWPOLYLINE
  5
26F5
330
1F
100
AcDbEntity
  8
Parcel_Boundary
100
AcDbPolyline
 90
        5
 70
     1
 43
0.0
 10
640315.3671874088
 20
3298977.601494357
 10
640296.4343005796
 20
3298984.047097223
 10
640273.0689901909
 20
3298915.415382465
 10
640292.0018770203
 20
3298908.9697796
 10
640315.3671874088
 20
3298977.601494357
  0
LWPOLYLINE
  5
26F6
330
1F
100
AcDbEntity
  8
Parcel_Boundary
100
AcDbPolyline
 90
        6
 70
     1
 43
0.0
 10
640296.4343005796
 20
3298984.047097223
 10
640277.5014137501
 20
3298990.492700089
 10
640244.4676990626
 20
3298893.461655087
 10
640263.400585892
 20
3298887.016052221
 10
640273.0689901909
 20
3298915.415382466
 10
640296.4343005796
 20
3298984.047097223
  0
LWPOLYLINE
  5
26F7
330
1F
100
AcDbEntity
  8
Parcel_Boundary
100
AcDbPolyline
 90
        5
 70
     1
 43
0.0
 10
640372.1658478971
 20
3298958.264685759
 10
640353.2329610678
 20
3298964.710288625
 10
640320.2237007275
 20
3298867.751074204
 10
640339.1311752343
 20
3298861.230826865
 10
640372.1658478971
 20
3298958.264685759
  0
LWPOLYLINE
  5
26F8
330
1F
100
AcDbEntity
  8
Parcel_Boundary
100
AcDbPolyline
 90
        5
 70
     1
 43
0.0
 10
640466.8302820443
 20
3298926.03667143
 10
640447.8973952149
 20
3298932.482274296
 10
640430.977687692
 20
3298882.783446368
 10
640449.9105745215
 20
3298876.337843503
 10
640466.8302820443
 20
3298926.03667143
  0
LWPOLYLINE
  5
26F9
330
1F
100
AcDbEntity
  8
Parcel_Boundary
100
AcDbPolyline
 90
        6
 70
     1
 43
0.0
 10
640334.3000742385
 20
3298971.155891491
 10
640315.3671874088
 20
3298977.601494357
 10
640292.0018770203
 20
3298908.9697796
 10
640282.4087517139
 20
3298880.791568881
 10
640301.3162262208
 20
3298874.271321543
 10
640334.3000742385
 20
3298971.155891491
  0
LWPOLYLINE
  5
26FA
330
1F
100
AcDbEntity
  8
Parcel_Boundary
100
AcDbPolyline
 90
        5
 70
     1
 43
0.0
 10
640184.8501589096
 20
3298966.576283624
 10
640165.9599862536
 20
3298973.007344672
 10
640161.3469280563
 20
3298959.419028153
 10
640180.2254388534
 20
3298952.991937324
 10
640184.8501589096
 20
3298966.576283624
  0
LWPOLYLINE
  5
26FB
330
1F
100
AcDbEntity
  8
Parcel_Boundary
100
AcDbPolyline
 90
        5
 70
     1
 43
0.0
 10
640277.5014137501
 20
3298990.492700089
 10
640258.5685269207
 20
3298996.938302955
 10
640233.5918158155
 20
3298923.57336649
 10
640252.5247026449
 20
3298917.127763624
 10
640277.5014137501
 20
3298990.492700089
  0
LWPOLYLINE
  5
26FC
330
1F
100
AcDbEntity
  8
Parcel_Boundary
100
AcDbPolyline
 90
        5
 70
     1
 43
0.0
 10
640138.9273816684
 20
3298955.801380819
 10
640120.0575118849
 20
3298962.225529859
 10
640095.9750669319
 20
3298891.287798203
 10
640114.7895532449
 20
3298884.900522766
 10
640138.9273816684
 20
3298955.801380819
  0
LWPOLYLINE
  5
26FD
330
1F
100
AcDbEntity
  8
Parcel_Boundary
100
AcDbPolyline
 90
        6
 70
     1
 43
0.0
 10
640157.8602684978
 20
3298949.355777954
 10
640138.9904056907
 20
3298955.779924619
 10
640114.9134801882
 20
3298884.858451168
 10
640133.72797348
 20
3298878.471173361
 10
640149.8032649154
 20
3298925.689669417
 10
640157.8602684978
 20
3298949.355777954
  0
LWPOLYLINE
  5
26FE
330
1F
100
AcDbEntity
  8
Parcel_Boundary
100
AcDbPolyline
 90
        6
 70
     1
 43
0.0
 10
640163.9041346332
 20
3299029.166303032
 10
640139.0235315806
 20
3298955.877500897
 10
640157.89899314
 20
3298949.469525152
 10
640161.2925520239
 20
3298959.43754019
 10
640182.8369308542
 20
3299022.720731013
 10
640163.9041346332
 20
3299029.166303032
  0
LWPOLYLINE
  5
26FF
330
1F
100
AcDbEntity
  8
Parcel_Boundary
100
AcDbPolyline
 90
        7
 70
     1
 43
0.0
 10
640282.3334727215
 20
3298880.570449355
 10
640292.0018770203
 20
3298908.9697796
 10
640273.0689901909
 20
3298915.415382465
 10
640263.400585892
 20
3298887.016052221
 10
640247.3290641913
 20
3298839.808629135
 10
640266.2704481135
 20
3298833.387985066
 10
640282.3334727215
 20
3298880.570449355
  0
LWPOLYLINE
  5
2700
330
1F
100
AcDbEntity
  8
Parcel_Boundary
100
AcDbPolyline
 90
        5
 70
     1
 43
0.0
 10
640258.5685269207
 20
3298996.938302955
 10
640239.635640091
 20
3299003.38390582
 10
640214.6589289859
 20
3298930.018969356
 10
640233.5918158155
 20
3298923.57336649
 10
640258.5685269207
 20
3298996.938302955
  0
LWPOLYLINE
  5
2701
330
1F
100
AcDbEntity
  8
Parcel_Boundary
100
AcDbPolyline
 90
        5
 70
     1
 43
0.0
 10
640195.7260421567
 20
3298936.464572222
 10
640176.7931553272
 20
3298942.910175087
 10
640152.6221445805
 20
3298871.911849477
 10
640171.5635285028
 20
3298865.491205409
 10
640195.7260421567
 20
3298936.464572222
  0
LWPOLYLINE
  5
2702
330
1F
100
AcDbEntity
  8
Parcel_Boundary
100
AcDbPolyline
 90
        5
 70
     1
 43
0.0
 10
640263.400585892
 20
3298887.016052221
 10
640244.4676990626
 20
3298893.461655087
 10
640228.3876802693
 20
3298846.229273203
 10
640247.3290641913
 20
3298839.808629135
 10
640263.400585892
 20
3298887.016052221
  0
LWPOLYLINE
  5
2703
330
1F
100
AcDbEntity
  8
Parcel_Boundary
100
AcDbPolyline
 90
        5
 70
     1
 43
0.0
 10
640214.6589289859
 20
3298930.018969356
 10
640195.7260421567
 20
3298936.464572222
 10
640171.5635285028
 20
3298865.491205409
 10
640190.5049124248
 20
3298859.07056134
 10
640214.6589289859
 20
3298930.018969356
  0
LWPOLYLINE
  5
2704
330
1F
100
AcDbEntity
  8
Parcel_Boundary
100
AcDbPolyline
 90
        5
 70
     1
 43
0.0
 10
640180.2254388534
 20
3298952.991937324
 10
640161.3469280551
 20
3298959.419028153
 10
640133.8518934455
 20
3298878.429104131
 10
640152.6221445805
 20
3298871.911849477
 10
640180.2254388534
 20
3298952.991937324
  0
LWPOLYLINE
  5
2705
330
1F
100
AcDbEntity
  8
Parcel_Boundary
100
AcDbPolyline
 90
        5
 70
     1
 43
0.0
 10
640252.5247026449
 20
3298917.127763624
 10
640233.5918158155
 20
3298923.57336649
 10
640209.4462963471
 20
3298852.649917272
 10
640228.3876802693
 20
3298846.229273203
 10
640252.5247026449
 20
3298917.127763624
  0
LWPOLYLINE
  5
2706
330
1F
100
AcDbEntity
  8
Parcel_Boundary
100
AcDbPolyline
 90
        5
 70
     1
 43
0.0
 10
640233.5918158155
 20
3298923.57336649
 10
640214.6589289859
 20
3298930.018969356
 10
640190.5049124248
 20
3298859.07056134
 10
640209.4462963471
 20
3298852.649917272
 10
640233.5918158155
 20
3298923.57336649
  0
LWPOLYLINE
  5
2707
330
1F
100
AcDbEntity
  8
Parcel_Boundary
100
AcDbPolyline
 90
        6
 70
     1
 43
0.0
 10
640892.6204180002
 20
3298873.510391127
 10
640873.6875311707
 20
3298879.955993992
 10
640854.5698730707
 20
3298823.801051656
 42
0.4142135623734138
 10
640856.555351221
 20
3298819.765871795
 10
640872.4779090445
 20
3298814.345119784
 10
640892.6204180002
 20
3298873.510391127
  0
LWPOLYLINE
  5
2708
330
1F
100
AcDbEntity
  8
Parcel_Boundary
100
AcDbPolyline
 90
        5
 70
     1
 43
0.0
 10
640103.2839960411
 20
3299206.845019952
 10
640079.6178875044
 20
3299214.902023534
 10
640060.2810789068
 20
3299158.103363045
 10
640083.9471874437
 20
3299150.046359463
 10
640103.2839960411
 20
3299206.845019952
  0
LWPOLYLINE
  5
2709
330
1F
100
AcDbEntity
  8
Parcel_Boundary
100
AcDbPolyline
 90
        6
 70
     1
 43
0.0
 10
640055.9517789675
 20
3299222.959027116
 10
640035.2959754645
 20
3299229.991188004
 42
0.4142112299697748
 10
640031.2608195751
 20
3299228.005701693
 10
640012.9488618333
 20
3299174.21737021
 10
640036.6149703701
 20
3299166.160366628
 10
640055.9517789675
 20
3299222.959027116
  0
LWPOLYLINE
  5
270A
330
1F
100
AcDbEntity
  8
Parcel_Boundary
100
AcDbPolyline
 90
        6
 70
     1
 43
0.0
 10
640036.6149703701
 20
3299166.160366628
 10
640012.9488618333
 20
3299174.21737021
 10
639993.8312037332
 20
3299118.062427874
 42
0.4142135623731497
 10
639995.8166818834
 20
3299114.027248013
 10
640016.4724614144
 20
3299106.995095286
 10
640036.6149703701
 20
3299166.160366628
  0
LWPOLYLINE
  5
270B
330
1F
100
AcDbEntity
  8
Parcel_Boundary
100
AcDbPolyline
 90
        5
 70
     1
 43
0.0
 10
640154.9455130542
 20
3299125.875348717
 10
640131.2794045172
 20
3299133.932352299
 10
640111.1368955617
 20
3299074.767080957
 10
640134.8030040985
 20
3299066.710077374
 10
640154.9455130542
 20
3299125.875348717
  0
LWPOLYLINE
  5
270C
330
1F
100
AcDbEntity
  8
Parcel_Boundary
100
AcDbPolyline
 90
        5
 70
     1
 43
0.0
 10
640079.6178875044
 20
3299214.902023534
 10
640055.9517789675
 20
3299222.959027116
 10
640036.6149703701
 20
3299166.160366628
 10
640060.2810789068
 20
3299158.103363045
 10
640079.6178875044
 20
3299214.902023534
  0
LWPOLYLINE
  5
270D
330
1F
100
AcDbEntity
  8
Parcel_Boundary
100
AcDbPolyline
 90
        5
 70
     1
 43
0.0
 10
640131.2794045172
 20
3299133.932352299
 10
640107.6132959805
 20
3299141.989355881
 10
640087.4707870248
 20
3299082.824084539
 10
640111.1368955617
 20
3299074.767080957
 10
640131.2794045172
 20
3299133.932352299
  0
LWPOLYLINE
  5
270E
330
1F
100
AcDbEntity
  8
Parcel_Boundary
100
AcDbPolyline
 90
        5
 70
     1
 43
0.0
 10
640316.2789728724
 20
3299134.331987711
 10
640292.6128643354
 20
3299142.388991293
 10
640273.2760557381
 20
3299085.590330805
 10
640296.9421642748
 20
3299077.533327222
 10
640316.2789728724
 20
3299134.331987711
  0
LWPOLYLINE
  5
270F
330
1F
100
AcDbEntity
  8
Parcel_Boundary
100
AcDbPolyline
 90
        5
 70
     1
 43
0.0
 10
640083.9471874437
 20
3299150.046359463
 10
640060.2810789068
 20
3299158.103363045
 10
640040.1385699511
 20
3299098.938091703
 10
640063.804678488
 20
3299090.881088121
 10
640083.9471874437
 20
3299150.046359463
  0
LWPOLYLINE
  5
2710
330
1F
100
AcDbEntity
  8
Parcel_Boundary
100
AcDbPolyline
 90
        5
 70
     1
 43
0.0
 10
640150.6162131147
 20
3299190.731012787
 10
640126.9501045779
 20
3299198.788016369
 10
640107.6132959805
 20
3299141.989355881
 10
640131.2794045172
 20
3299133.932352299
 10
640150.6162131147
 20
3299190.731012787
  0
LWPOLYLINE
  5
2711
330
1F
100
AcDbEntity
  8
Parcel_Boundary
100
AcDbPolyline
 90
        5
 70
     1
 43
0.0
 10
640126.9501045779
 20
3299198.788016369
 10
640103.2839960411
 20
3299206.845019952
 10
640083.9471874437
 20
3299150.046359463
 10
640107.6132959805
 20
3299141.989355881
 10
640126.9501045779
 20
3299198.788016369
  0
LWPOLYLINE
  5
2712
330
1F
100
AcDbEntity
  8
Parcel_Boundary
100
AcDbPolyline
 90
        5
 70
     1
 43
0.0
 10
640387.2772984826
 20
3299110.160976964
 10
640363.6111899459
 20
3299118.217980546
 10
640344.2743813487
 20
3299061.419320058
 10
640367.9404898854
 20
3299053.362316476
 10
640387.2772984826
 20
3299110.160976964
  0
LWPOLYLINE
  5
2713
330
1F
100
AcDbEntity
  8
Parcel_Boundary
100
AcDbPolyline
 90
        5
 70
     1
 43
0.0
 10
640107.6132959805
 20
3299141.989355881
 10
640083.9471874437
 20
3299150.046359463
 10
640063.804678488
 20
3299090.881088121
 10
640087.4707870248
 20
3299082.824084539
 10
640107.6132959805
 20
3299141.989355881
  0
LWPOLYLINE
  5
2714
330
1F
100
AcDbEntity
  8
Parcel_Boundary
100
AcDbPolyline
 90
        5
 70
     1
 43
0.0
 10
640060.2810789068
 20
3299158.103363045
 10
640036.6149703701
 20
3299166.160366628
 10
640016.4724614143
 20
3299106.995095286
 10
640040.1385699511
 20
3299098.938091703
 10
640060.2810789068
 20
3299158.103363045
  0
LWPOLYLINE
  5
2715
330
1F
100
AcDbEntity
  8
Parcel_Boundary
100
AcDbPolyline
 90
        5
 70
     1
 43
0.0
 10
640197.9484301884
 20
3299174.617005622
 10
640174.2823216514
 20
3299182.674009204
 10
640154.9455130542
 20
3299125.875348717
 10
640178.6116215909
 20
3299117.818345134
 10
640197.9484301884
 20
3299174.617005622
  0
LWPOLYLINE
  5
2716
330
1F
100
AcDbEntity
  8
Parcel_Boundary
100
AcDbPolyline
 90
        5
 70
     1
 43
0.0
 10
640178.6116215909
 20
3299117.818345134
 10
640154.9455130542
 20
3299125.875348717
 10
640134.8030040985
 20
3299066.710077374
 10
640158.4691126351
 20
3299058.653073792
 10
640178.6116215909
 20
3299117.818345134
  0
LWPOLYLINE
  5
2717
330
1F
100
AcDbEntity
  8
Parcel_Boundary
100
AcDbPolyline
 90
        5
 70
     1
 43
0.0
 10
640174.2823216514
 20
3299182.674009204
 10
640150.6162131147
 20
3299190.731012787
 10
640131.2794045172
 20
3299133.932352299
 10
640154.9455130542
 20
3299125.875348717
 10
640174.2823216514
 20
3299182.674009204
  0
LWPOLYLINE
  5
2718
330
1F
100
AcDbEntity
  8
Parcel_Boundary
100
AcDbPolyline
 90
        5
 70
     1
 43
0.0
 10
640363.6111899459
 20
3299118.217980546
 10
640339.9450814091
 20
3299126.274984129
 10
640320.6082728117
 20
3299069.476323641
 10
640344.2743813487
 20
3299061.419320058
 10
640363.6111899459
 20
3299118.217980546
  0
LWPOLYLINE
  5
2719
330
1F
100
AcDbEntity
  8
Parcel_Boundary
100
AcDbPolyline
 90
        5
 70
     1
 43
0.0
 10
640221.6145387251
 20
3299166.56000204
 10
640197.9484301884
 20
3299174.617005622
 10
640178.6116215909
 20
3299117.818345134
 10
640202.2777301278
 20
3299109.761341552
 10
640221.6145387251
 20
3299166.56000204
  0
LWPOLYLINE
  5
271A
330
1F
100
AcDbEntity
  8
Parcel_Boundary
100
AcDbPolyline
 90
        5
 70
     1
 43
0.0
 10
640268.9467557987
 20
3299150.445994876
 10
640245.280647262
 20
3299158.502998458
 10
640225.9438386645
 20
3299101.70433797
 10
640249.6099472014
 20
3299093.647334387
 10
640268.9467557987
 20
3299150.445994876
  0
LWPOLYLINE
  5
271B
330
1F
100
AcDbEntity
  8
Parcel_Boundary
100
AcDbPolyline
 90
        5
 70
     1
 43
0.0
 10
640202.2777301278
 20
3299109.761341552
 10
640178.6116215909
 20
3299117.818345134
 10
640158.4691126351
 20
3299058.653073792
 10
640182.1352211719
 20
3299050.59607021
 10
640202.2777301278
 20
3299109.761341552
  0
LWPOLYLINE
  5
271C
330
1F
100
AcDbEntity
  8
Parcel_Boundary
100
AcDbPolyline
 90
        5
 70
     1
 43
0.0
 10
640292.6128643354
 20
3299142.388991293
 10
640268.9467557987
 20
3299150.445994876
 10
640249.6099472014
 20
3299093.647334387
 10
640273.2760557381
 20
3299085.590330805
 10
640292.6128643354
 20
3299142.388991293
  0
LWPOLYLINE
  5
271D
330
1F
100
AcDbEntity
  8
Parcel_Boundary
100
AcDbPolyline
 90
        5
 70
     1
 43
0.0
 10
640245.280647262
 20
3299158.502998458
 10
640221.6145387251
 20
3299166.56000204
 10
640202.2777301278
 20
3299109.761341552
 10
640225.9438386645
 20
3299101.70433797
 10
640245.280647262
 20
3299158.502998458
  0
LWPOLYLINE
  5
271E
330
1F
100
AcDbEntity
  8
Parcel_Boundary
100
AcDbPolyline
 90
        5
 70
     1
 43
0.0
 10
640344.2743813484
 20
3299061.419320058
 10
640320.6082728117
 20
3299069.476323641
 10
640300.4657638558
 20
3299010.311052299
 10
640324.1318723925
 20
3299002.254048716
 10
640344.2743813484
 20
3299061.419320058
  0
LWPOLYLINE
  5
271F
330
1F
100
AcDbEntity
  8
Parcel_Boundary
100
AcDbPolyline
 90
        5
 70
     1
 43
0.0
 10
640481.9417326298
 20
3299077.932962636
 10
640458.275624093
 20
3299085.989966217
 10
640438.9388154957
 20
3299029.191305729
 10
640462.6049240324
 20
3299021.134302147
 10
640481.9417326298
 20
3299077.932962636
  0
LWPOLYLINE
  5
2720
330
1F
100
AcDbEntity
  8
Parcel_Boundary
100
AcDbPolyline
 90
        5
 70
     1
 43
0.0
 10
640410.9434070194
 20
3299102.103973382
 10
640387.2772984826
 20
3299110.160976964
 10
640367.9404898854
 20
3299053.362316476
 10
640391.6065984221
 20
3299045.305312894
 10
640410.9434070194
 20
3299102.103973382
  0
LWPOLYLINE
  5
2721
330
1F
100
AcDbEntity
  8
Parcel_Boundary
100
AcDbPolyline
 90
        5
 70
     1
 43
0.0
 10
640339.9450814091
 20
3299126.274984129
 10
640316.2789728724
 20
3299134.331987711
 10
640296.9421642748
 20
3299077.533327222
 10
640320.6082728117
 20
3299069.476323641
 10
640339.9450814091
 20
3299126.274984129
  0
LWPOLYLINE
  5
2722
330
1F
100
AcDbEntity
  8
Parcel_Boundary
100
AcDbPolyline
 90
        5
 70
     1
 43
0.0
 10
640434.6095155563
 20
3299094.046969799
 10
640410.9434070194
 20
3299102.103973382
 10
640391.6065984221
 20
3299045.305312894
 10
640415.2727069586
 20
3299037.248309311
 10
640434.6095155563
 20
3299094.046969799
  0
LWPOLYLINE
  5
2723
330
1F
100
AcDbEntity
  8
Parcel_Boundary
100
AcDbPolyline
 90
        6
 70
     1
 43
0.0
 10
640627.9639241564
 20
3299026.993094602
 10
640609.031037327
 20
3299033.438697468
 10
640589.6942287293
 20
3298976.640036979
 10
640608.6271155588
 20
3298970.194434114
 10
640614.2279224285
 20
3298986.645873153
 10
640627.9639241564
 20
3299026.993094602
  0
LWPOLYLINE
  5
2724
330
1F
100
AcDbEntity
  8
Parcel_Boundary
100
AcDbPolyline
 90
        5
 70
     1
 43
0.0
 10
640296.9421642748
 20
3299077.533327222
 10
640273.2760557381
 20
3299085.590330805
 10
640253.1335467824
 20
3299026.425059463
 10
640276.7996553191
 20
3299018.368055881
 10
640296.9421642748
 20
3299077.533327222
  0
LWPOLYLINE
  5
2725
330
1F
100
AcDbEntity
  8
Parcel_Boundary
100
AcDbPolyline
 90
        5
 70
     1
 43
0.0
 10
640458.275624093
 20
3299085.989966217
 10
640434.6095155563
 20
3299094.046969799
 10
640415.2727069586
 20
3299037.248309311
 10
640438.9388154957
 20
3299029.191305729
 10
640458.275624093
 20
3299085.989966217
  0
LWPOLYLINE
  5
2726
330
1F
100
AcDbEntity
  8
Parcel_Boundary
100
AcDbPolyline
 90
        5
 70
     1
 43
0.0
 10
640415.2727069588
 20
3299037.248309311
 10
640391.6065984221
 20
3299045.305312894
 10
640371.4640894662
 20
3298986.140041551
 10
640395.1301980031
 20
3298978.083037969
 10
640415.2727069588
 20
3299037.248309311
  0
LWPOLYLINE
  5
2727
330
1F
100
AcDbEntity
  8
Parcel_Boundary
100
AcDbPolyline
 90
        5
 70
     1
 43
0.0
 10
640391.6065984221
 20
3299045.305312894
 10
640367.9404898854
 20
3299053.362316476
 10
640347.7979809299
 20
3298994.197045134
 10
640371.4640894662
 20
3298986.140041551
 10
640391.6065984221
 20
3299045.305312894
  0
LWPOLYLINE
  5
2728
330
1F
100
AcDbEntity
  8
Parcel_Boundary
100
AcDbPolyline
 90
        5
 70
     1
 43
0.0
 10
640320.6082728117
 20
3299069.476323641
 10
640296.9421642748
 20
3299077.533327222
 10
640276.7996553191
 20
3299018.368055881
 10
640300.4657638558
 20
3299010.311052299
 10
640320.6082728117
 20
3299069.476323641
  0
LWPOLYLINE
  5
2729
330
1F
100
AcDbEntity
  8
Parcel_Boundary
100
AcDbPolyline
 90
        5
 70
     1
 43
0.0
 10
640367.9404898854
 20
3299053.362316476
 10
640344.2743813484
 20
3299061.419320058
 10
640324.1318723925
 20
3299002.254048716
 10
640347.7979809299
 20
3298994.197045134
 10
640367.9404898854
 20
3299053.362316476
  0
LWPOLYLINE
  5
272A
330
1F
100
AcDbEntity
  8
Parcel_Boundary
100
AcDbPolyline
 90
        5
 70
     1
 43
0.0
 10
640627.5600023882
 20
3298963.748831248
 10
640608.6271155588
 20
3298970.194434114
 10
640588.4846066031
 20
3298911.029162772
 10
640607.4174934325
 20
3298904.583559906
 10
640627.5600023882
 20
3298963.748831248
  0
LWPOLYLINE
  5
272B
330
1F
100
AcDbEntity
  8
Parcel_Boundary
100
AcDbPolyline
 90
        5
 70
     1
 43
0.0
 10
640273.2760557381
 20
3299085.590330805
 10
640249.6099472012
 20
3299093.647334387
 10
640229.4674382456
 20
3299034.482063045
 10
640253.1335467824
 20
3299026.425059463
 10
640273.2760557381
 20
3299085.590330805
  0
LWPOLYLINE
  5
272C
330
1F
100
AcDbEntity
  8
Parcel_Boundary
100
AcDbPolyline
 90
        5
 70
     1
 43
0.0
 10
640249.6099472012
 20
3299093.647334387
 10
640225.9438386645
 20
3299101.70433797
 10
640205.8013297088
 20
3299042.539066627
 10
640229.4674382456
 20
3299034.482063045
 10
640249.6099472012
 20
3299093.647334387
  0
LWPOLYLINE
  5
272D
330
1F
100
AcDbEntity
  8
Parcel_Boundary
100
AcDbPolyline
 90
        5
 70
     1
 43
0.0
 10
640570.7613419
 20
3298983.085639846
 10
640551.8284550706
 20
3298989.531242711
 10
640531.6859461149
 20
3298930.365971369
 10
640550.6188329443
 20
3298923.920368504
 10
640570.7613419
 20
3298983.085639846
  0
LWPOLYLINE
  5
272E
330
1F
100
AcDbEntity
  8
Parcel_Boundary
100
AcDbPolyline
 90
        5
 70
     1
 43
0.0
 10
640225.9438386645
 20
3299101.70433797
 10
640202.2777301278
 20
3299109.761341552
 10
640182.1352211719
 20
3299050.59607021
 10
640205.8013297088
 20
3299042.539066627
 10
640225.9438386645
 20
3299101.70433797
  0
LWPOLYLINE
  5
272F
330
1F
100
AcDbEntity
  8
Parcel_Boundary
100
AcDbPolyline
 90
        5
 70
     1
 43
0.0
 10
640684.3586628766
 20
3298944.412022651
 10
640665.4257760471
 20
3298950.857625517
 10
640645.2832670914
 20
3298891.692354175
 10
640664.2161539209
 20
3298885.246751309
 10
640684.3586628766
 20
3298944.412022651
  0
LWPOLYLINE
  5
2730
330
1F
100
AcDbEntity
  8
Parcel_Boundary
100
AcDbPolyline
 90
        5
 70
     1
 43
0.0
 10
640665.8296978152
 20
3299014.10188887
 10
640646.8968109859
 20
3299020.547491736
 10
640627.5600023882
 20
3298963.748831248
 10
640646.4928892177
 20
3298957.303228382
 10
640665.8296978152
 20
3299014.10188887
  0
LWPOLYLINE
  5
2731
330
1F
100
AcDbEntity
  8
Parcel_Boundary
100
AcDbPolyline
 90
        5
 70
     1
 43
0.0
 10
640589.6942287295
 20
3298976.640036979
 10
640570.7613419
 20
3298983.085639846
 10
640550.6188329443
 20
3298923.920368504
 10
640569.5517197736
 20
3298917.474765638
 10
640589.6942287295
 20
3298976.640036979
  0
LWPOLYLINE
  5
2732
330
1F
100
AcDbEntity
  8
Parcel_Boundary
100
AcDbPolyline
 90
        5
 70
     1
 43
0.0
 10
640608.6271155588
 20
3298970.194434114
 10
640589.6942287295
 20
3298976.640036979
 10
640569.5517197736
 20
3298917.474765638
 10
640588.4846066031
 20
3298911.029162772
 10
640608.6271155588
 20
3298970.194434114
  0
LWPOLYLINE
  5
2733
330
1F
100
AcDbEntity
  8
Parcel_Boundary
100
AcDbPolyline
 90
        5
 70
     1
 43
0.0
 10
640646.4928892177
 20
3298957.303228382
 10
640627.5600023882
 20
3298963.748831248
 10
640607.4174934325
 20
3298904.583559906
 10
640626.350380262
 20
3298898.13795704
 10
640646.4928892177
 20
3298957.303228382
  0
LWPOLYLINE
  5
2734
330
1F
100
AcDbEntity
  8
Parcel_Boundary
100
AcDbPolyline
 90
        5
 70
     1
 43
0.0
 10
640684.7625846445
 20
3299007.656286005
 10
640665.8296978152
 20
3299014.10188887
 10
640646.4928892177
 20
3298957.303228382
 10
640665.4257760471
 20
3298950.857625517
 10
640684.7625846445
 20
3299007.656286005
  0
LWPOLYLINE
  5
2735
330
1F
100
AcDbEntity
  8
Parcel_Boundary
100
AcDbPolyline
 90
        5
 70
     1
 43
0.0
 10
640703.695471474
 20
3299001.210683139
 10
640684.7625846445
 20
3299007.656286005
 10
640665.4257760471
 20
3298950.857625517
 10
640684.3586628766
 20
3298944.412022651
 10
640703.695471474
 20
3299001.210683139
  0
LWPOLYLINE
  5
2736
330
1F
100
AcDbEntity
  8
Parcel_Boundary
100
AcDbPolyline
 90
        5
 70
     1
 43
0.0
 10
640665.4257760471
 20
3298950.857625517
 10
640646.4928892177
 20
3298957.303228382
 10
640626.350380262
 20
3298898.13795704
 10
640645.2832670914
 20
3298891.692354175
 10
640665.4257760471
 20
3298950.857625517
  0
LWPOLYLINE
  5
2737
330
1F
100
AcDbEntity
  8
Parcel_Boundary
100
AcDbPolyline
 90
        6
 70
     1
 43
0.0
 10
640741.1573233649
 20
3298925.075214053
 10
640722.2244365354
 20
3298931.520816919
 10
640722.031345996
 20
3298930.953645561
 10
640702.0819275797
 20
3298872.355545577
 10
640721.0148144091
 20
3298865.909942712
 10
640741.1573233649
 20
3298925.075214053
  0
LWPOLYLINE
  5
2738
330
1F
100
AcDbEntity
  8
Parcel_Boundary
100
AcDbPolyline
 90
        5
 70
     1
 43
0.0
 10
640722.6283583034
 20
3298994.765080273
 10
640703.695471474
 20
3299001.210683139
 10
640684.3586628766
 20
3298944.412022651
 10
640703.2915497061
 20
3298937.966419785
 10
640722.6283583034
 20
3298994.765080273
  0
LWPOLYLINE
  5
2739
330
1F
100
AcDbEntity
  8
Parcel_Boundary
100
AcDbPolyline
 90
        6
 70
     1
 43
0.0
 10
640646.8968109859
 20
3299020.547491736
 10
640627.9639241564
 20
3299026.993094602
 10
640614.2279224285
 20
3298986.645873153
 10
640608.6271155588
 20
3298970.194434114
 10
640627.5600023882
 20
3298963.748831248
 10
640646.8968109859
 20
3299020.547491736
  0
LWPOLYLINE
  5
273A
330
1F
100
AcDbEntity
  8
Parcel_Boundary
100
AcDbPolyline
 90
        6
 70
     1
 43
0.0
 10
640816.8888706825
 20
3298899.29280259
 10
640797.9559838532
 20
3298905.738405456
 10
640793.900295041
 20
3298893.825493833
 10
640777.8134748975
 20
3298846.573134114
 10
640796.7463617268
 20
3298840.127531248
 10
640816.8888706825
 20
3298899.29280259
  0
LWPOLYLINE
  5
273B
330
1F
100
AcDbEntity
  8
Parcel_Boundary
100
AcDbPolyline
 90
        5
 70
     1
 43
0.0
 10
640722.2244365354
 20
3298931.520816919
 10
640703.2915497061
 20
3298937.966419785
 10
640683.1490407502
 20
3298878.801148443
 10
640702.0819275797
 20
3298872.355545577
 10
640722.2244365354
 20
3298931.520816919
  0
LWPOLYLINE
  5
273C
330
1F
100
AcDbEntity
  8
Parcel_Boundary
100
AcDbPolyline
 90
        5
 70
     1
 43
0.0
 10
640760.4941319623
 20
3298981.873874542
 10
640741.5612451328
 20
3298988.319477408
 10
640722.2244365354
 20
3298931.520816919
 10
640741.1573233649
 20
3298925.075214053
 10
640760.4941319623
 20
3298981.873874542
  0
LWPOLYLINE
  5
273D
330
1F
100
AcDbEntity
  8
Parcel_Boundary
100
AcDbPolyline
 90
        5
 70
     1
 43
0.0
 10
640703.2915497061
 20
3298937.966419785
 10
640684.3586628766
 20
3298944.412022651
 10
640664.2161539209
 20
3298885.246751309
 10
640683.1490407502
 20
3298878.801148443
 10
640703.2915497061
 20
3298937.966419785
  0
LWPOLYLINE
  5
273E
330
1F
100
AcDbEntity
  8
Parcel_Boundary
100
AcDbPolyline
 90
        5
 70
     1
 43
0.0
 10
640779.0230970238
 20
3298912.184008321
 10
640760.0902101943
 20
3298918.629611187
 10
640739.9477012386
 20
3298859.464339845
 10
640758.880588068
 20
3298853.01873698
 10
640779.0230970238
 20
3298912.184008321
  0
LWPOLYLINE
  5
273F
330
1F
100
AcDbEntity
  8
Parcel_Boundary
100
AcDbPolyline
 90
        5
 70
     1
 43
0.0
 10
640798.3599056212
 20
3298968.98266881
 10
640779.4270187918
 20
3298975.428271676
 10
640760.0902101943
 20
3298918.629611187
 10
640779.0230970238
 20
3298912.184008321
 10
640798.3599056212
 20
3298968.98266881
  0
LWPOLYLINE
  5
2740
330
1F
100
AcDbEntity
  8
Parcel_Boundary
100
AcDbPolyline
 90
        5
 70
     1
 43
0.0
 10
640741.5612451328
 20
3298988.319477408
 10
640722.6283583034
 20
3298994.765080273
 10
640703.2915497061
 20
3298937.966419785
 10
640722.2244365354
 20
3298931.520816919
 10
640741.5612451328
 20
3298988.319477408
  0
LWPOLYLINE
  5
2741
330
1F
100
AcDbEntity
  8
Parcel_Boundary
100
AcDbPolyline
 90
        6
 70
     1
 43
0.0
 10
640793.900295041
 20
3298893.825493833
 10
640797.9559838532
 20
3298905.738405456
 10
640779.0230970237
 20
3298912.184008321
 10
640758.880588068
 20
3298853.01873698
 10
640777.8134748975
 20
3298846.573134114
 10
640793.900295041
 20
3298893.825493833
  0
LWPOLYLINE
  5
2742
330
1F
100
AcDbEntity
  8
Parcel_Boundary
100
AcDbPolyline
 90
        6
 70
     1
 43
0.0
 10
640854.7546443414
 20
3298886.401596858
 10
640835.8217575119
 20
3298892.847199724
 10
640815.6792485562
 20
3298833.681928382
 10
640831.6018063799
 20
3298828.261176372
 42
0.4142135623733162
 10
640835.6369862413
 20
3298830.246654522
 10
640854.7546443414
 20
3298886.401596858
  0
LWPOLYLINE
  5
2743
330
1F
100
AcDbEntity
  8
Parcel_Boundary
100
AcDbPolyline
 90
        5
 70
     1
 43
0.0
 10
640760.0902101943
 20
3298918.629611187
 10
640741.1573233649
 20
3298925.075214053
 10
640721.0148144091
 20
3298865.909942712
 10
640739.9477012386
 20
3298859.464339845
 10
640760.0902101943
 20
3298918.629611187
  0
LWPOLYLINE
  5
2744
330
1F
100
AcDbEntity
  8
Parcel_Boundary
100
AcDbPolyline
 90
        5
 70
     1
 43
0.0
 10
640835.8217575119
 20
3298892.847199724
 10
640816.8888706825
 20
3298899.29280259
 10
640796.7463617268
 20
3298840.127531248
 10
640815.6792485562
 20
3298833.681928382
 10
640835.8217575119
 20
3298892.847199724
  0
LWPOLYLINE
  5
2745
330
1F
100
AcDbEntity
  8
Parcel_Boundary
100
AcDbPolyline
 90
        5
 70
     1
 43
0.0
 10
640817.2927924505
 20
3298962.537065944
 10
640798.3599056212
 20
3298968.98266881
 10
640779.0230970238
 20
3298912.184008321
 10
640797.9559838532
 20
3298905.738405456
 10
640817.2927924505
 20
3298962.537065944
  0
LWPOLYLINE
  5
2746
330
1F
100
AcDbEntity
  8
Parcel_Boundary
100
AcDbPolyline
 90
        5
 70
     1
 43
0.0
 10
640779.4270187918
 20
3298975.428271676
 10
640760.4941319623
 20
3298981.873874542
 10
640741.1573233649
 20
3298925.075214053
 10
640760.0902101943
 20
3298918.629611187
 10
640779.4270187918
 20
3298975.428271676
  0
LWPOLYLINE
  5
2747
330
1F
100
AcDbEntity
  8
Parcel_Boundary
100
AcDbPolyline
 90
        5
 70
     1
 43
0.0
 10
640737.7802538592
 20
3298629.497709616
 10
640716.9821935432
 20
3298636.669925946
 10
640701.7398799514
 20
3298592.470121753
 10
640722.5885936167
 20
3298585.444790481
 10
640737.7802538592
 20
3298629.497709616
  0
LWPOLYLINE
  5
2748
330
1F
100
AcDbEntity
  8
Parcel_Boundary
100
AcDbPolyline
 90
        5
 70
     1
 43
0.0
 10
640855.1585661093
 20
3298949.645860213
 10
640836.22567928
 20
3298956.091463078
 10
640816.8888706825
 20
3298899.29280259
 10
640835.8217575119
 20
3298892.847199724
 10
640855.1585661093
 20
3298949.645860213
  0
LWPOLYLINE
  5
2749
330
1F
100
AcDbEntity
  8
Parcel_Boundary
100
AcDbPolyline
 90
        6
 70
     1
 43
0.0
 10
640873.0666020831
 20
3298940.189928341
 42
0.4142135623729408
 10
640871.0811239328
 20
3298944.225108202
 10
640855.1585661093
 20
3298949.645860213
 10
640835.8217575119
 20
3298892.847199724
 10
640854.7546443414
 20
3298886.401596858
 10
640873.0666020831
 20
3298940.189928341
 42
0.4142135623729408
  0
LWPOLYLINE
  5
274A
330
1F
100
AcDbEntity
  8
Parcel_Boundary
100
AcDbPolyline
 90
        5
 70
     1
 43
0.0
 10
640836.22567928
 20
3298956.091463078
 10
640817.2927924505
 20
3298962.537065944
 10
640797.9559838532
 20
3298905.738405456
 10
640816.8888706825
 20
3298899.29280259
 10
640836.22567928
 20
3298956.091463078
  0
LWPOLYLINE
  5
274B
330
1F
100
AcDbEntity
  8
Parcel_Boundary
100
AcDbPolyline
 90
        9
 70
     1
 43
0.0
 10
640612.9918919629
 20
3298672.531007599
 10
640607.3550308024
 20
3298674.474880588
 10
640603.8586224984
 20
3298675.057204639
 10
640598.8617107073
 20
3298675.752964745
 10
640592.2094590962
 20
3298676.213088839
 10
640591.0524446844
 20
3298676.393419289
 10
640576.6475979601
 20
3298634.622109388
 10
640597.4963116253
 20
3298627.596778116
 10
640612.9918919629
 20
3298672.531007599
  0
LWPOLYLINE
  5
274C
330
1F
100
AcDbEntity
  8
Parcel_Boundary
100
AcDbPolyline
 90
        5
 70
     1
 43
0.0
 10
640145.4360820959
 20
3298853.868248146
 10
640121.8019226459
 20
3298862.018493977
 10
640108.7615293178
 20
3298824.203838856
 10
640132.3956887679
 20
3298816.053593027
 10
640145.4360820959
 20
3298853.868248146
  0
LWPOLYLINE
  5
274D
330
1F
100
AcDbEntity
  8
Parcel_Boundary
100
AcDbPolyline
 90
        5
 70
     1
 43
0.0
 10
640633.7899522789
 20
3298665.358791268
 10
640612.9918919629
 20
3298672.531007599
 10
640597.4963116253
 20
3298627.596778116
 10
640618.3450252905
 20
3298620.571446843
 10
640633.7899522789
 20
3298665.358791268
  0
LWPOLYLINE
  5
274E
330
1F
100
AcDbEntity
  8
Parcel_Boundary
100
AcDbPolyline
 90
        8
 70
     1
 43
0.0
 10
640567.9173279134
 20
3298682.92340163
 10
640566.712603201
 20
3298683.400997446
 10
640560.0768936029
 20
3298686.674462775
 10
640555.0107882184
 20
3298690.205539248
 10
640546.8749632956
 20
3298695.52196633
 10
640531.1594954179
 20
3298649.950104892
 10
640553.903546689
 20
3298642.28610714
 10
640567.9173279134
 20
3298682.92340163
  0
LWPOLYLINE
  5
274F
330
1F
100
AcDbEntity
  8
Parcel_Boundary
100
AcDbPolyline
 90
        5
 70
     1
 43
0.0
 10
640716.9821935432
 20
3298636.669925946
 10
640696.1841332272
 20
3298643.842142277
 10
640680.8911662863
 20
3298599.495453026
 10
640701.7398799514
 20
3298592.470121753
 10
640716.9821935432
 20
3298636.669925946
  0
LWPOLYLINE
  5
2750
330
1F
100
AcDbEntity
  8
Parcel_Boundary
100
AcDbPolyline
 90
        5
 70
     1
 43
0.0
 10
640675.386072911
 20
3298651.014358607
 10
640654.588012595
 20
3298658.186574937
 10
640639.1937389559
 20
3298613.546115571
 10
640660.0424526209
 20
3298606.520784298
 10
640675.386072911
 20
3298651.014358607
  0
LWPOLYLINE
  5
2751
330
1F
100
AcDbEntity
  8
Parcel_Boundary
100
AcDbPolyline
 90
        9
 70
     1
 43
0.0
 10
640591.0524446844
 20
3298676.393419289
 10
640587.5618055039
 20
3298676.937464833
 10
640581.9972160005
 20
3298677.886080091
 10
640576.3104506458
 20
3298679.874703559
 10
640571.8895152557
 20
3298681.348684984
 10
640567.9173279134
 20
3298682.92340163
 10
640553.903546689
 20
3298642.28610714
 10
640576.6475979601
 20
3298634.622109388
 10
640591.0524446844
 20
3298676.393419289
  0
LWPOLYLINE
  5
2752
330
1F
100
AcDbEntity
  8
Parcel_Boundary
100
AcDbPolyline
 90
        5
 70
     1
 43
0.0
 10
640216.338560446
 20
3298829.417510656
 10
640192.704400996
 20
3298837.567756486
 10
640179.6640076679
 20
3298799.753101366
 10
640203.298167118
 20
3298791.602855536
 10
640216.338560446
 20
3298829.417510656
  0
LWPOLYLINE
  5
2753
330
1F
100
AcDbEntity
  8
Parcel_Boundary
100
AcDbPolyline
 90
        5
 70
     1
 43
0.0
 10
640696.1841332272
 20
3298643.842142277
 10
640675.386072911
 20
3298651.014358607
 10
640660.0424526209
 20
3298606.520784298
 10
640680.8911662863
 20
3298599.495453026
 10
640696.1841332272
 20
3298643.842142277
  0
LWPOLYLINE
  5
2754
330
1F
100
AcDbEntity
  8
Parcel_Boundary
100
AcDbPolyline
 90
        7
 70
     1
 43
0.0
 10
640538.2089892661
 20
3298700.919654697
 10
640529.7046832335
 20
3298707.332187731
 10
640526.1368346575
 20
3298709.266006402
 10
640520.1777094783
 20
3298711.369752709
 10
640502.0280216752
 20
3298659.448757822
 10
640521.4253006882
 20
3298652.844710733
 10
640538.2089892661
 20
3298700.919654697
  0
LWPOLYLINE
  5
2755
330
1F
100
AcDbEntity
  8
Parcel_Boundary
100
AcDbPolyline
 90
       15
 70
     1
 43
0.0
 10
640321.541918201
 20
3298777.292987798
 10
640317.8911005598
 20
3298778.651792286
 10
640316.5116622324
 20
3298779.211812073
 10
640315.0644318519
 20
3298779.840518679
 10
640313.9403320013
 20
3298780.357323082
 10
640312.9147340928
 20
3298780.858547575
 10
640311.3720518326
 20
3298781.661464074
 10
640309.9415428767
 20
3298782.410300927
 10
640307.1919105265
 20
3298783.934969048
 10
640305.0124281482
 20
3298785.430336125
 10
640303.4695766108
 20
3298786.636956811
 10
640287.7299515783
 20
3298740.995044227
 10
640291.3401227156
 20
3298730.535699524
 10
640303.921461442
 20
3298726.1970217
 10
640321.541918201
 20
3298777.292987798
  0
LWPOLYLINE
  5
2756
330
1F
100
AcDbEntity
  8
Parcel_Boundary
100
AcDbPolyline
 90
       10
 70
     1
 43
0.0
 10
640303.4695766108
 20
3298786.636956811
 10
640300.6245909582
 20
3298788.861939872
 10
640296.3341282585
 20
3298792.677469537
 10
640292.9755082877
 20
3298796.272767416
 10
640290.2486391889
 20
3298799.199626914
 10
640288.1210299192
 20
3298801.471329292
 10
640285.3535250192
 20
3298803.757018053
 10
640271.8631093505
 20
3298764.637383921
 10
640287.7299515783
 20
3298740.995044227
 10
640303.4695766108
 20
3298786.636956811
  0
LWPOLYLINE
  5
2757
330
1F
100
AcDbEntity
  8
Parcel_Boundary
100
AcDbPolyline
 90
        8
 70
     1
 43
0.0
 10
640285.3535250192
 20
3298803.757018053
 10
640285.3172582273
 20
3298803.786970881
 10
640280.4457930168
 20
3298807.310115382
 10
640263.6068793461
 20
3298813.117018996
 10
640250.566486018
 20
3298775.302363876
 10
640268.963315734
 20
3298768.958212522
 10
640271.8631093505
 20
3298764.637383921
 10
640285.3535250192
 20
3298803.757018053
  0
LWPOLYLINE
  5
2758
330
1F
100
AcDbEntity
  8
Parcel_Boundary
100
AcDbPolyline
 90
        5
 70
     1
 43
0.0
 10
640263.6068793461
 20
3298813.117018996
 10
640239.972719896
 20
3298821.267264826
 10
640226.9323265679
 20
3298783.452609707
 10
640250.566486018
 20
3298775.302363876
 10
640263.6068793461
 20
3298813.117018996
  0
LWPOLYLINE
  5
2759
330
1F
100
AcDbEntity
  8
Parcel_Boundary
100
AcDbPolyline
 90
        5
 70
     1
 43
0.0
 10
640239.972719896
 20
3298821.267264826
 10
640216.338560446
 20
3298829.417510656
 10
640203.298167118
 20
3298791.602855536
 10
640226.9323265679
 20
3298783.452609707
 10
640239.972719896
 20
3298821.267264826
  0
LWPOLYLINE
  5
275A
330
1F
100
AcDbEntity
  8
Parcel_Boundary
100
AcDbPolyline
 90
        5
 70
     1
 43
0.0
 10
640192.704400996
 20
3298837.567756486
 10
640169.0702415461
 20
3298845.718002317
 10
640156.029848218
 20
3298807.903347196
 10
640179.6640076679
 20
3298799.753101366
 10
640192.704400996
 20
3298837.567756486
  0
LWPOLYLINE
  5
275B
330
1F
100
AcDbEntity
  8
Parcel_Boundary
100
AcDbPolyline
 90
        5
 70
     1
 43
0.0
 10
640169.0702415461
 20
3298845.718002317
 10
640145.4360820959
 20
3298853.868248146
 10
640132.3956887679
 20
3298816.053593027
 10
640156.029848218
 20
3298807.903347196
 10
640169.0702415461
 20
3298845.718002317
  0
LWPOLYLINE
  5
275C
330
1F
100
AcDbEntity
  8
Parcel_Boundary
100
AcDbPolyline
 90
        5
 70
     1
 43
0.0
 10
640654.588012595
 20
3298658.186574937
 10
640633.7899522789
 20
3298665.358791268
 10
640618.3450252905
 20
3298620.571446843
 10
640639.1937389559
 20
3298613.546115571
 10
640654.588012595
 20
3298658.186574937
  0
LWPOLYLINE
  5
275D
330
1F
100
AcDbEntity
  8
Parcel_Boundary
100
AcDbPolyline
 90
        6
 70
     1
 43
0.0
 10
639709.4717224955
 20
3299178.593697997
 10
639706.3276822541
 20
3299184.945826745
 10
639692.127808853
 20
3299189.780099802
 10
639675.4421599107
 20
3299140.004712062
 10
639694.3751658287
 20
3299133.558772223
 10
639709.4717224955
 20
3299178.593697997
  0
LWPOLYLINE
  5
275E
330
1F
100
AcDbEntity
  8
Parcel_Boundary
100
AcDbPolyline
 90
        5
 70
     1
 43
0.0
 10
639692.1281766954
 20
3299189.781197122
 10
639673.1941107704
 20
3299196.223974828
 10
639656.5091539925
 20
3299146.450651903
 10
639675.4421599107
 20
3299140.004712062
 10
639692.1281766954
 20
3299189.781197122
  0
LWPOLYLINE
  5
275F
330
1F
100
AcDbEntity
  8
Parcel_Boundary
100
AcDbPolyline
 90
        7
 70
     1
 43
0.0
 10
639637.5761146459
 20
3299152.896603124
 10
639618.6388432496
 20
3299159.34399519
 10
639635.3243658289
 20
3299209.113601091
 10
639635.3285235271
 20
3299209.117121122
 10
639635.3270386655
 20
3299209.112691594
 10
639654.2626975745
 20
3299202.669371835
 10
639637.5761146459
 20
3299152.896603124
  0
LWPOLYLINE
  5
2760
330
1F
100
AcDbEntity
  8
Parcel_Boundary
100
AcDbPolyline
 90
        5
 70
     1
 43
0.0
 10
639673.1910300335
 20
3299196.225023124
 10
639654.2626975745
 20
3299202.669371835
 10
639637.5761146459
 20
3299152.896603124
 10
639656.504447105
 20
3299146.452254411
 10
639673.1910300335
 20
3299196.225023124
  0
LWPOLYLINE
  5
2761
330
1F
100
AcDbEntity
  8
Parcel_Boundary
100
AcDbPolyline
 90
        5
 70
     1
 43
0.0
 10
639635.3243658289
 20
3299209.113601091
 10
639616.3960333698
 20
3299215.557949803
 10
639599.7105107905
 20
3299165.788343902
 10
639618.6388432496
 20
3299159.34399519
 10
639635.3243658289
 20
3299209.113601091
  0
LWPOLYLINE
  5
2762
330
1F
100
AcDbEntity
  8
Parcel_Boundary
100
AcDbPolyline
 90
        6
 70
     1
 43
0.0
 10
639747.3805825263
 20
3299170.969580331
 10
639731.4580247026
 20
3299176.390332342
 10
639727.4276407578
 20
3299174.418941399
 10
639711.5279881738
 20
3299127.71635527
 10
639730.4608750034
 20
3299121.270752404
 10
639747.3805825263
 20
3299170.969580331
  0
LWPOLYLINE
  5
2763
330
1F
100
AcDbEntity
  8
Parcel_Boundary
100
AcDbPolyline
 90
        5
 70
     1
 43
0.0
 10
639749.3937618328
 20
3299114.825149538
 10
639766.3134693556
 20
3299164.523977466
 10
639747.3805825263
 20
3299170.969580331
 10
639730.4608750034
 20
3299121.270752404
 10
639749.3937618328
 20
3299114.825149538
  0
LWPOLYLINE
  5
2764
330
1F
100
AcDbEntity
  8
Parcel_Boundary
100
AcDbPolyline
 90
        5
 70
     1
 43
0.0
 10
639806.1924223211
 20
3299095.48834094
 10
639787.2595354916
 20
3299101.933943807
 10
639771.1455283271
 20
3299054.601726733
 10
639790.0784151564
 20
3299048.156123867
 10
639806.1924223211
 20
3299095.48834094
  0
LWPOLYLINE
  5
2765
330
1F
100
AcDbEntity
  8
Parcel_Boundary
100
AcDbPolyline
 90
        5
 70
     1
 43
0.0
 10
639768.3266486622
 20
3299108.379546672
 10
639749.3937618328
 20
3299114.825149538
 10
639733.2797546683
 20
3299067.492932465
 10
639752.2126414976
 20
3299061.047329599
 10
639768.3266486622
 20
3299108.379546672
  0
LWPOLYLINE
  5
2766
330
1F
100
AcDbEntity
  8
Parcel_Boundary
100
AcDbPolyline
 90
        5
 70
     1
 43
0.0
 10
639787.2595354916
 20
3299101.933943807
 10
639768.3266486622
 20
3299108.379546672
 10
639752.2126414976
 20
3299061.047329599
 10
639771.1455283271
 20
3299054.601726733
 10
639787.2595354916
 20
3299101.933943807
  0
LWPOLYLINE
  5
2767
330
1F
100
AcDbEntity
  8
Parcel_Boundary
100
AcDbPolyline
 90
        5
 70
     1
 43
0.0
 10
639809.0113019861
 20
3299041.710521001
 10
639827.9441888155
 20
3299035.264918136
 10
639844.05819598
 20
3299082.597135209
 10
639825.1253091506
 20
3299089.042738075
 10
639809.0113019861
 20
3299041.710521001
  0
LWPOLYLINE
  5
2768
330
1F
100
AcDbEntity
  8
Parcel_Boundary
100
AcDbPolyline
 90
        5
 70
     1
 43
0.0
 10
639825.1253091506
 20
3299089.042738075
 10
639806.1924223211
 20
3299095.48834094
 10
639790.0784151564
 20
3299048.156123867
 10
639809.0113019861
 20
3299041.710521001
 10
639825.1253091506
 20
3299089.042738075
  0
LWPOLYLINE
  5
2769
330
1F
100
AcDbEntity
  8
Parcel_Boundary
100
AcDbPolyline
 90
        7
 70
     1
 43
0.0
 10
640844.7631499334
 20
3298602.314581601
 10
640842.8406838926
 20
3298602.962389471
 10
640829.7938701799
 20
3298604.29441443
 10
640820.9724951233
 20
3298600.808844295
 10
640805.9834482775
 20
3298557.34346539
 10
640826.8321619427
 20
3298550.318134119
 10
640844.7631499334
 20
3298602.314581601
  0
LWPOLYLINE
  5
276A
330
1F
100
AcDbEntity
  8
Parcel_Boundary
100
AcDbPolyline
 90
        5
 70
     1
 43
0.0
 10
640851.4715508196
 20
3298542.015469887
 10
640882.7446213175
 20
3298531.477472979
 10
640900.6756093083
 20
3298583.473920461
 10
640869.4025388105
 20
3298594.011917369
 10
640851.4715508196
 20
3298542.015469887
  0
LWPOLYLINE
  5
276B
330
1F
100
AcDbEntity
  8
Parcel_Boundary
100
AcDbPolyline
 90
        5
 70
     1
 43
0.0
 10
640800.1744348073
 20
3298607.981060625
 10
640779.3763744912
 20
3298615.153276955
 10
640764.286020947
 20
3298571.394127936
 10
640785.1347346123
 20
3298564.368796663
 10
640800.1744348073
 20
3298607.981060625
  0
LWPOLYLINE
  5
276C
330
1F
100
AcDbEntity
  8
Parcel_Boundary
100
AcDbPolyline
 90
        5
 70
     1
 43
0.0
 10
640758.5783141752
 20
3298622.325493286
 10
640737.7802538592
 20
3298629.497709616
 10
640722.5885936167
 20
3298585.444790481
 10
640743.4373072817
 20
3298578.419459208
 10
640758.5783141752
 20
3298622.325493286
  0
LWPOLYLINE
  5
276D
330
1F
100
AcDbEntity
  8
Parcel_Boundary
100
AcDbPolyline
 90
        5
 70
     1
 43
0.0
 10
640865.6118635987
 20
3298595.289250329
 10
640844.7631499334
 20
3298602.314581601
 10
640826.8321619427
 20
3298550.318134119
 10
640847.6808756079
 20
3298543.292802845
 10
640865.6118635987
 20
3298595.289250329
  0
LWPOLYLINE
  5
276E
330
1F
100
AcDbEntity
  8
Parcel_Boundary
100
AcDbPolyline
 90
        5
 70
     1
 43
0.0
 10
640820.9724951233
 20
3298600.808844295
 10
640800.1744348073
 20
3298607.981060625
 10
640785.1347346123
 20
3298564.368796663
 10
640805.9834482775
 20
3298557.34346539
 10
640820.9724951233
 20
3298600.808844295
  0
LWPOLYLINE
  5
276F
330
1F
100
AcDbEntity
  8
Parcel_Boundary
100
AcDbPolyline
 90
        5
 70
     1
 43
0.0
 10
640779.3763744912
 20
3298615.153276955
 10
640758.5783141752
 20
3298622.325493286
 10
640743.4373072817
 20
3298578.419459208
 10
640764.286020947
 20
3298571.394127936
 10
640779.3763744912
 20
3298615.153276955
  0
LWPOLYLINE
  5
2770
330
1F
100
AcDbEntity
  8
Parcel_Boundary
100
AcDbPolyline
 90
        6
 70
     1
 43
0.0
 10
639652.6870314075
 20
3299135.072225163
 10
639633.7609905411
 20
3299141.515497356
 10
639621.6830401903
 20
3299105.48545358
 10
639617.8659972801
 20
3299094.109435988
 10
639636.803268553
 20
3299087.662043963
 10
639652.6870314075
 20
3299135.072225163
  0
LWPOLYLINE
  5
2771
330
1F
100
AcDbEntity
  8
Parcel_Boundary
100
AcDbPolyline
 90
        5
 70
     1
 43
0.0
 10
639671.6261460818
 20
3299128.62106324
 10
639652.6940856499
 20
3299135.069823583
 10
639636.803268553
 20
3299087.662043963
 10
639655.7316010113
 20
3299081.217695251
 10
639671.6261460818
 20
3299128.62106324
  0
LWPOLYLINE
  5
2772
330
1F
100
AcDbEntity
  8
Parcel_Boundary
100
AcDbPolyline
 90
        7
 70
     1
 43
0.0
 10
639621.9847372027
 20
3299307.319035309
 10
639617.6294784208
 20
3299308.799481506
 10
639571.198226556
 20
3299264.455074302
 42
0.5629886441045379
 10
639572.5981026771
 20
3299258.109774441
 10
639595.9928072145
 20
3299250.145168939
 10
639601.8506309898
 20
3299248.178445627
 10
639621.9847372027
 20
3299307.319035309
  0
LWPOLYLINE
  5
2773
330
1F
100
AcDbEntity
  8
Parcel_Boundary
100
AcDbPolyline
 90
        6
 70
     1
 43
0.0
 10
639655.731601012
 20
3299081.217695251
 10
639669.9303203138
 20
3299076.386963403
 10
639676.2534323054
 20
3299079.51272007
 10
639690.5548052116
 20
3299122.176603309
 10
639671.6264727526
 20
3299128.62095202
 10
639655.731601012
 20
3299081.217695251
  0
LWPOLYLINE
  5
2774
330
1F
100
AcDbEntity
  8
Parcel_Boundary
100
AcDbPolyline
 90
        5
 70
     1
 43
0.0
 10
639645.6508457395
 20
3299299.262031726
 10
639621.9847372027
 20
3299307.319035309
 10
639601.8506309898
 20
3299248.178445627
 10
639625.5507360917
 20
3299240.221301303
 10
639645.6508457395
 20
3299299.262031726
  0
LWPOLYLINE
  5
2775
330
1F
100
AcDbEntity
  8
Parcel_Boundary
100
AcDbPolyline
 90
        5
 70
     1
 43
0.0
 10
639669.3169542763
 20
3299291.205028144
 10
639645.6508457395
 20
3299299.262031726
 10
639625.5507360917
 20
3299240.221301303
 10
639649.2508411937
 20
3299232.264156978
 10
639669.3169542763
 20
3299291.205028144
  0
LWPOLYLINE
  5
2776
330
1F
100
AcDbEntity
  8
Parcel_Boundary
100
AcDbPolyline
 90
        6
 70
     1
 43
0.0
 10
639730.4608750034
 20
3299121.270752404
 10
639711.5279881738
 20
3299127.71635527
 10
639696.4215878237
 20
3299083.03057793
 10
639698.2011146002
 20
3299079.435273059
 10
639714.3468678388
 20
3299073.938535331
 10
639730.4608750034
 20
3299121.270752404
  0
LWPOLYLINE
  5
2777
330
1F
100
AcDbEntity
  8
Parcel_Boundary
100
AcDbPolyline
 90
        5
 70
     1
 43
0.0
 10
639749.3937618328
 20
3299114.825149538
 10
639730.4608750034
 20
3299121.270752404
 10
639714.3468678388
 20
3299073.938535331
 10
639733.2797546683
 20
3299067.492932465
 10
639749.3937618328
 20
3299114.825149538
  0
LWPOLYLINE
  5
2778
330
1F
100
AcDbEntity
  8
Parcel_Boundary
100
AcDbPolyline
 90
        5
 70
     1
 43
0.0
 10
640066.065731058
 20
3298881.412468689
 10
640047.136875793
 20
3298887.869913605
 10
640031.3116003863
 20
3298841.385798068
 10
640050.2316797399
 20
3298834.902575372
 10
640066.065731058
 20
3298881.412468689
  0
LWPOLYLINE
  5
2779
330
1F
100
AcDbEntity
  8
Parcel_Boundary
100
AcDbPolyline
 90
        5
 70
     1
 43
0.0
 10
640084.994586323
 20
3298874.955023773
 10
640066.065731058
 20
3298881.412468689
 10
640050.2316797399
 20
3298834.902575372
 10
640069.1517590939
 20
3298828.419352674
 10
640084.994586323
 20
3298874.955023773
  0
LWPOLYLINE
  5
277A
330
1F
100
AcDbEntity
  8
Parcel_Boundary
100
AcDbPolyline
 90
        7
 70
     1
 43
0.0
 10
640047.136875793
 20
3298887.869913605
 10
640028.2080205279
 20
3298894.327358521
 10
640012.4148761443
 20
3298847.937622523
 10
640029.8474580996
 20
3298841.986357861
 10
640030.0878171896
 20
3298841.805144036
 10
640031.3116003863
 20
3298841.385798068
 10
640047.136875793
 20
3298887.869913605
  0
LWPOLYLINE
  5
277B
330
1F
100
AcDbEntity
  8
Parcel_Boundary
100
AcDbPolyline
 90
        9
 70
     1
 43
0.0
 10
639974.5431170523
 20
3298860.811247038
 10
639990.3560364244
 20
3298907.259068778
 10
640009.2889232536
 20
3298900.813465912
 10
640028.2080205279
 20
3298894.327358521
 10
640009.2791652629
 20
3298900.784803437
 10
639993.4874326105
 20
3298854.399214164
 10
640029.8474580996
 20
3298841.986357861
 10
640030.0878171896
 20
3298841.805144036
 10
639974.5431170523
 20
3298860.811247038
  0
LWPOLYLINE
  5
277C
330
1F
100
AcDbEntity
  8
Parcel_Boundary
100
AcDbPolyline
 90
        5
 70
     1
 43
0.0
 10
639990.3560364244
 20
3298907.259068778
 10
639971.443504359
 20
3298913.76446038
 10
639955.6567872872
 20
3298867.393603541
 10
639974.5693193526
 20
3298860.888211939
 10
639990.3560364244
 20
3298907.259068778
  0
LWPOLYLINE
  5
277D
330
1F
100
AcDbEntity
  8
Parcel_Boundary
100
AcDbPolyline
 90
        5
 70
     1
 43
0.0
 10
639821.4985859492
 20
3299016.332031306
 10
639745.7670386316
 20
3299042.114442769
 10
639729.6530314672
 20
3298994.782225696
 10
639805.3845787848
 20
3298968.999814233
 10
639821.4985859492
 20
3299016.332031306
  0
LWPOLYLINE
  5
277E
330
1F
100
AcDbEntity
  8
Parcel_Boundary
100
AcDbPolyline
 90
        8
 70
     1
 43
0.0
 10
639933.7935171356
 20
3298927.28950289
 10
639929.2013669227
 20
3298930.634382508
 10
639923.2935766431
 20
3298936.114460029
 10
639918.6833000003
 20
3298941.948381365
 10
639918.0352057205
 20
3298943.059893259
 10
639898.9191910913
 20
3298886.909778345
 10
639917.8317231566
 20
3298880.404386744
 10
639933.7935171356
 20
3298927.28950289
  0
LWPOLYLINE
  5
277F
330
1F
100
AcDbEntity
  8
Parcel_Boundary
100
AcDbPolyline
 90
        5
 70
     1
 43
0.0
 10
640028.2080205279
 20
3298894.327358521
 10
640009.2791652629
 20
3298900.784803437
 10
639993.4874326105
 20
3298854.399214164
 10
640012.4148761443
 20
3298847.937622523
 10
640028.2080205279
 20
3298894.327358521
  0
LWPOLYLINE
  5
2780
330
1F
100
AcDbEntity
  8
Parcel_Boundary
100
AcDbPolyline
 90
        6
 70
     1
 43
0.0
 10
639633.758609218
 20
3299141.516308065
 10
639614.8278954325
 20
3299147.961171129
 10
639602.7499450816
 20
3299111.931127354
 10
639598.9373590534
 20
3299100.552874589
 10
639617.8657811104
 20
3299094.108791732
 10
639633.758609218
 20
3299141.516308065
  0
LWPOLYLINE
  5
2781
330
1F
100
AcDbEntity
  8
Parcel_Boundary
100
AcDbPolyline
 90
        9
 70
     1
 43
0.0
 10
639918.0352057205
 20
3298943.059893259
 10
639917.1322296894
 20
3298944.608539235
 10
639914.011412414
 20
3298950.415213294
 10
639911.1470632064
 20
3298958.06003307
 10
639907.8653979888
 20
3298967.096416971
 10
639906.4252386075
 20
3298971.015355348
 10
639880.006659026
 20
3298893.415169946
 10
639898.9191910913
 20
3298886.909778345
 10
639918.0352057205
 20
3298943.059893259
  0
LWPOLYLINE
  5
2782
330
1F
100
AcDbEntity
  8
Parcel_Boundary
100
AcDbPolyline
 90
        5
 70
     1
 43
0.0
 10
639726.8341518023
 20
3299048.560045636
 10
639707.9012649729
 20
3299055.005648501
 10
639675.6732506438
 20
3298960.341214354
 10
639694.6061374731
 20
3298953.895611488
 10
639726.8341518023
 20
3299048.560045636
  0
LWPOLYLINE
  5
2783
330
1F
100
AcDbEntity
  8
Parcel_Boundary
100
AcDbPolyline
 90
       10
 70
     1
 43
0.0
 10
639906.4252386075
 20
3298971.015355348
 10
639900.6414247308
 20
3298986.754175976
 42
0.1767488654247524
 10
639897.7124220554
 20
3298990.188571267
 10
639896.3411821284
 20
3298990.98683416
 10
639891.3901628098
 20
3298993.256782456
 10
639888.2413441298
 20
3298994.364869261
 10
639821.7289440682
 20
3299017.008669983
 10
639790.1721317155
 20
3298924.315780053
 10
639880.006659026
 20
3298893.415169946
 10
639906.4252386075
 20
3298971.015355348
  0
LWPOLYLINE
  5
2784
330
1F
100
AcDbEntity
  8
Parcel_Boundary
100
AcDbPolyline
 90
        5
 70
     1
 43
0.0
 10
639805.3845787848
 20
3298968.999814233
 10
639729.6530314672
 20
3298994.782225696
 10
639714.5220034541
 20
3298950.337346459
 10
639790.1721317155
 20
3298924.315780053
 10
639805.3845787848
 20
3298968.999814233
  0
LWPOLYLINE
  5
2785
330
1F
100
AcDbEntity
  8
Parcel_Boundary
100
AcDbPolyline
 90
        5
 70
     1
 43
0.0
 10
639971.443504359
 20
3298913.76446038
 10
639952.5309722937
 20
3298920.26985198
 10
639936.7442552219
 20
3298873.898995142
 10
639955.6567872872
 20
3298867.393603541
 10
639971.443504359
 20
3298913.76446038
  0
LWPOLYLINE
  5
2786
330
1F
100
AcDbEntity
  8
Parcel_Boundary
100
AcDbPolyline
 90
        5
 70
     1
 43
0.0
 10
639952.5309722937
 20
3298920.26985198
 10
639933.6184402283
 20
3298926.775243582
 10
639917.8317231566
 20
3298880.404386744
 10
639936.7442552219
 20
3298873.898995142
 10
639952.5309722937
 20
3298920.26985198
  0
LWPOLYLINE
  5
2787
330
1F
100
AcDbEntity
  8
Parcel_Boundary
100
AcDbPolyline
 90
        7
 70
     1
 43
0.0
 10
639707.9012649729
 20
3299055.005648501
 10
639691.9787071492
 20
3299060.426400511
 10
639687.9435272877
 20
3299058.440922361
 10
639657.7652146699
 20
3298969.797146225
 10
639659.7506928202
 20
3298965.761966365
 10
639675.6732506438
 20
3298960.341214354
 10
639707.9012649729
 20
3299055.005648501
  0
LWPOLYLINE
  5
2788
330
1F
100
AcDbEntity
  8
Parcel_Boundary
100
AcDbPolyline
 90
        6
 70
     1
 43
0.0
 10
639729.6530314672
 20
3298994.782225696
 10
639745.7670386316
 20
3299042.114442769
 10
639726.8341518023
 20
3299048.560045636
 10
639694.6061374731
 20
3298953.895611488
 10
639713.5390243026
 20
3298947.450008622
 10
639729.6530314672
 20
3298994.782225696
  0
LWPOLYLINE
  5
2789
330
1F
100
AcDbEntity
  8
Parcel_Boundary
100
AcDbPolyline
 90
        6
 70
     1
 43
0.0
 10
639614.8212486201
 20
3299147.963434002
 10
639595.8948003239
 20
3299154.406844903
 10
639583.816849973
 20
3299118.376801128
 10
639580.0
 20
3299107.0
 10
639598.9373590534
 20
3299100.552874589
 10
639614.8212486201
 20
3299147.963434002
  0
VIEWPORT
  5
27D0
102
{ACAD_XDICTIONARY
360
27D1
102
}
330
5D
100
AcDbEntity
 67
     1
  8
0
100
AcDbViewport
 10
5.249999639556165
 20
3.999999883606678
 30
0.0
 40
23.24476315239191
 41
8.992999745766949
 68
     1
 69
     1
 12
5.249999639556165
 22
3.999999883606678
 13
0.0
 23
0.0
 14
0.5
 24
0.5
 15
0.5
 25
0.5
 16
0.0
 26
0.0
 36
1.0
 17
0.0
 27
0.0
 37
0.0
 42
50.0
 43
0.0
 44
0.0
 45
8.992999745766949
 50
0.0
 51
0.0
 72
  1000
 90
   819232
  1

281
     0
 71
     1
 74
     0
110
0.0
120
0.0
130
0.0
111
1.0
121
0.0
131
0.0
112
0.0
122
1.0
132
0.0
 79
     0
146
0.0
170
     0
 61
     5
348
9F
292
     1
282
     1
141
0.0
142
0.0
 63
   250
421
  3355443
  0
VIEWPORT
  5
27D4
102
{ACAD_XDICTIONARY
360
27D5
102
}
330
5D
100
AcDbEntity
 67
     1
  8
0
100
AcDbViewport
 10
5.249999761581421
 20
3.999999761581421
 30
0.0
 40
8.399999618530275
 41
6.399999618530274
 68
     2
 69
     2
 12
34848.61746465861
 22
16687.89750252954
 13
0.0
 23
0.0
 14
0.5
 24
0.5
 15
0.5
 25
0.5
 16
0.0
 26
0.0
 36
1.0
 17
0.0
 27
0.0
 37
0.0
 42
50.0
 43
0.0
 44
0.0
 45
1180.962642947954
 50
0.0
 51
0.0
 72
  1000
 90
   819808
  1

281
     0
 71
     1
 74
     0
110
0.0
120
0.0
130
0.0
111
1.0
121
0.0
131
0.0
112
0.0
122
1.0
132
0.0
 79
     0
146
0.0
170
     0
 61
     5
348
9F
292
     1
282
     1
141
0.0
142
0.0
 63
   250
421
  3355443
  0
ENDSEC
  0
SECTION
  2
OBJECTS
  0
DICTIONARY
  5
C
330
0
100
AcDbDictionary
281
     1
  3
ACAD_CIP_PREVIOUS_PRODUCT_INFO
350
1A5
  3
ACAD_COLOR
350
73
  3
ACAD_DETAILVIEWSTYLE
350
1AB
  3
ACAD_GROUP
350
D
  3
ACAD_LAYOUT
350
1A
  3
ACAD_MATERIAL
350
72
  3
ACAD_MLEADERSTYLE
350
D7
  3
ACAD_MLINESTYLE
350
17
  3
ACAD_PLOTSETTINGS
350
19
  3
ACAD_PLOTSTYLENAME
350
E
  3
ACAD_SCALELIST
350
B6
  3
ACAD_SECTIONVIEWSTYLE
350
1A8
  3
ACAD_TABLESTYLE
350
86
  3
ACAD_VISUALSTYLE
350
99
  3
ACDB_RECOMPOSE_DATA
350
2829
  3
AcDbVariableDictionary
350
66
  3
AcDsDecomposeData
350
282F
  0
DICTIONARY
  5
18E
330
2
100
AcDbDictionary
280
     1
281
     1
  3
ACAD_LAYERSTATES
360
18F
  0
DICTIONARY
  5
E6
330
10
100
AcDbDictionary
280
     1
281
     1
  0
DICTIONARY
  5
205
330
204
100
AcDbDictionary
280
     1
281
     1
  0
DICTIONARY
  5
15D
330
1F
100
AcDbDictionary
280
     1
281
     1
  0
DICTIONARY
  5
27B1
330
27B0
100
AcDbDictionary
280
     1
281
     1
  3
ASDK_XREC_ANNOTATION_SCALE_INFO
360
27B2
  0
DICTIONARY
  5
27B6
330
27B5
100
AcDbDictionary
280
     1
281
     1
  3
ASDK_XREC_ANNOTATION_SCALE_INFO
360
27B7
  0
DICTIONARY
  5
27D1
330
27D0
100
AcDbDictionary
280
     1
281
     1
  3
ASDK_XREC_ANNOTATION_SCALE_INFO
360
27D2
  0
DICTIONARY
  5
27D5
330
27D4
100
AcDbDictionary
280
     1
281
     1
  3
ASDK_XREC_ANNOTATION_SCALE_INFO
360
27D6
  0
XRECORD
  5
1A5
102
{ACAD_REACTORS
330
C
102
}
330
C
100
AcDbXrecord
280
     1
300
ACD
300
2018
300

  0
DICTIONARY
  5
73
102
{ACAD_REACTORS
330
C
102
}
330
C
100
AcDbDictionary
281
     1
  0
DICTIONARY
  5
1AB
102
{ACAD_REACTORS
330
C
102
}
330
C
100
AcDbDictionary
281
     1
  3
Imperial24
350
1AC
  0
DICTIONARY
  5
D
102
{ACAD_REACTORS
330
C
102
}
330
C
100
AcDbDictionary
281
     1
  0
DICTIONARY
  5
1A
102
{ACAD_REACTORS
330
C
102
}
330
C
100
AcDbDictionary
281
     1
  3
Layout1
350
59
  3
Layout2
350
5E
  3
Model
350
22
  0
DICTIONARY
  5
72
102
{ACAD_REACTORS
330
C
102
}
330
C
100
AcDbDictionary
281
     1
  3
ByBlock
350
97
  3
ByLayer
350
96
  3
Global
350
98
  0
DICTIONARY
  5
D7
102
{ACAD_REACTORS
330
C
102
}
330
C
100
AcDbDictionary
281
     1
  3
Standard
350
D8
  0
DICTIONARY
  5
17
102
{ACAD_REACTORS
330
C
102
}
330
C
100
AcDbDictionary
281
     1
  3
Standard
350
18
  0
DICTIONARY
  5
19
102
{ACAD_REACTORS
330
C
102
}
330
C
100
AcDbDictionary
281
     1
  0
ACDBDICTIONARYWDFLT
  5
E
102
{ACAD_REACTORS
330
C
102
}
330
C
100
AcDbDictionary
281
     1
  3
Normal
350
F
100
AcDbDictionaryWithDefault
340
F
  0
DICTIONARY
  5
B6
102
{ACAD_REACTORS
330
C
102
}
330
C
100
AcDbDictionary
281
     1
  3
A0
350
B7
  3
A1
350
124
  3
A2
350
125
  3
A3
350
126
  3
A4
350
127
  3
A5
350
128
  3
A6
350
129
  3
A7
350
12A
  3
A8
350
12B
  3
A9
350
12C
  3
B0
350
12D
  3
B1
350
12E
  3
B2
350
12F
  3
B3
350
130
  3
B4
350
131
  3
B5
350
132
  3
B6
350
133
  3
B7
350
134
  3
B8
350
135
  3
B9
350
136
  3
C0
350
137
  3
C1
350
138
  3
C2
350
139
  3
C3
350
13A
  3
C4
350
13B
  3
C5
350
13C
  3
C6
350
13D
  3
C7
350
13E
  3
C8
350
13F
  3
C9
350
140
  3
D0
350
141
  3
D1
350
142
  3
D2
350
143
  0
DICTIONARY
  5
1A8
102
{ACAD_REACTORS
330
C
102
}
330
C
100
AcDbDictionary
281
     1
  3
Imperial24
350
1AA
  0
DICTIONARY
  5
86
102
{ACAD_REACTORS
330
C
102
}
330
C
100
AcDbDictionary
281
     1
  3
Standard
350
87
  0
DICTIONARY
  5
99
102
{ACAD_REACTORS
330
C
102
}
330
C
100
AcDbDictionary
281
     1
  3
2dWireframe
350
9F
  3
3dWireframe
350
208
  3
Basic
350
9E
  3
Brighten
350
A5
  3
ColorChange
350
A9
  3
Conceptual
350
A2
  3
Dim
350
A4
  3
EdgeColorOff
350
175
  3
Facepattern
350
A8
  3
Flat
350
9A
  3
FlatWithEdges
350
9B
  3
Gouraud
350
9C
  3
GouraudWithEdges
350
9D
  3
Hidden
350
A1
  3
JitterOff
350
173
  3
Linepattern
350
A7
  3
OverhangOff
350
174
  3
Realistic
350
A3
  3
Shaded
350
182
  3
Shaded with edges
350
181
  3
Shades of Gray
350
17E
  3
Sketchy
350
17F
  3
Thicken
350
A6
  3
Wireframe
350
A0
  3
X-Ray
350
180
  0
XRECORD
  5
2829
102
{ACAD_REACTORS
330
C
102
}
330
C
100
AcDbXrecord
280
     1
 90
        1
330
87
  0
DICTIONARY
  5
66
102
{ACAD_REACTORS
330
C
102
}
330
C
100
AcDbDictionary
281
     1
  3
CANNOSCALE
350
F0
  3
CMLEADERSTYLE
350
EF
  3
CTABLESTYLE
350
89
  3
CVIEWDETAILSTYLE
350
1B7
  3
CVIEWSECTIONSTYLE
350
1B8
  3
DIMASSOC
350
67
  3
HIDETEXT
350
6B
  3
LAYEREVAL
350
14D
  3
LAYERNOTIFY
350
14E
  0
DICTIONARY
  5
282F
102
{ACAD_REACTORS
330
C
102
}
330
C
100
AcDbDictionary
281
     1
  3
AcDsRecords
350
2831
  3
AcDsSchemas
350
2830
1001
ACAD
1070
     2
  0
DICTIONARY
  5
18F
102
{ACAD_REACTORS
330
18E
102
}
330
18E
100
AcDbDictionary
281
     1
  0
XRECORD
  5
27B2
102
{ACAD_REACTORS
330
27B1
102
}
330
27B1
100
AcDbXrecord
280
     1
 90
        1
340
B7
  0
XRECORD
  5
27B7
102
{ACAD_REACTORS
330
27B6
102
}
330
27B6
100
AcDbXrecord
280
     1
 90
        1
340
B7
  0
XRECORD
  5
27D2
102
{ACAD_REACTORS
330
27D1
102
}
330
27D1
100
AcDbXrecord
280
     1
 90
        1
340
B7
  0
XRECORD
  5
27D6
102
{ACAD_REACTORS
330
27D5
102
}
330
27D5
100
AcDbXrecord
280
     1
 90
        1
340
B7
  0
ACDBDETAILVIEWSTYLE
  5
1AC
102
{ACAD_XDICTIONARY
360
2834
102
}
102
{ACAD_REACTORS
330
1AB
102
}
330
1AB
100
AcDbModelDocViewStyle
 70
     0
  3
Imperial24
290
     0
100
AcDbDetailViewStyle
 70
     0
 71
     0
 90
        3
 71
     1
340
11
 62
   256
 40
0.24
340
0
 62
   256
 40
0.24
300

 40
0.36
280
     3
 71
     2
340
16
 90
       25
 62
   256
 71
     3
340
11
 62
   256
 40
0.24
 90
        1
 40
0.75
 90
        1
300
%<\AcVar ViewType \f "%tc1">% %<\AcVar ViewDetailId>%\PSCALE %<\AcVar ViewScale \f "%sn">%
 71
     4
340
16
 90
       25
 62
   256
340
16
 90
       25
 62
   256
280
     0
  0
LAYOUT
  5
59
102
{ACAD_REACTORS
330
1A
102
}
330
1A
100
AcDbPlotSettings
  1

  2
None
  4
Letter_(8.50_x_11.00_Inches)
  6

 40
6.349999904632568
 41
6.349999904632568
 42
6.350006103515625
 43
6.350006103515625
 44
215.8999938964844
 45
279.3999938964844
 46
0.0
 47
0.0
 48
0.0
 49
0.0
140
0.0
141
0.0
142
1.0
143
1.0
 70
   688
 72
     0
 73
     1
 74
     5
  7

 75
    16
147
1.0
 76
     0
 77
     2
 78
   300
148
0.0
149
0.0
100
AcDbLayout
  1
Layout1
 70
     1
 71
     1
 10
-0.2500002402958907
 20
-0.2499999962453767
 11
10.74999951940822
 21
8.249999763458733
 12
0.0
 22
0.0
 32
0.0
 14
1.049999952316284
 24
0.7999999523162842
 34
0.0
 15
9.449999570846559
 25
7.199999570846558
 35
0.0
146
0.0
 13
0.0
 23
0.0
 33
0.0
 16
1.0
 26
0.0
 36
0.0
 17
0.0
 27
1.0
 37
0.0
 76
     0
330
58
331
27B0
1001
ACAD_PSEXT
1000
None
1000
None
1000
Not applicable
1000
The layout will not be plotted unless a new plotter configuration name is selected.
1070
     0
  0
LAYOUT
  5
5E
102
{ACAD_REACTORS
330
1A
102
}
330
1A
100
AcDbPlotSettings
  1

  2
None
  4
Letter_(8.50_x_11.00_Inches)
  6

 40
6.349999904632568
 41
6.349999904632568
 42
6.350006103515625
 43
6.350006103515625
 44
215.8999938964844
 45
279.3999938964844
 46
0.0
 47
0.0
 48
0.0
 49
0.0
140
0.0
141
0.0
142
1.0
143
1.0
 70
   688
 72
     0
 73
     1
 74
     5
  7

 75
    16
147
1.0
 76
     0
 77
     2
 78
   300
148
0.0
149
0.0
100
AcDbLayout
  1
Layout2
 70
     1
 71
     2
 10
-0.2500002402958907
 20
-0.2499999962453767
 11
10.74999951940822
 21
8.249999763458733
 12
0.0
 22
0.0
 32
0.0
 14
1.049999952316284
 24
0.7999999523162842
 34
0.0
 15
9.449999570846559
 25
7.199999570846558
 35
0.0
146
0.0
 13
0.0
 23
0.0
 33
0.0
 16
1.0
 26
0.0
 36
0.0
 17
0.0
 27
1.0
 37
0.0
 76
     0
330
5D
331
27D0
1001
ACAD_PSEXT
1000
None
1000
None
1000
Not applicable
1000
The layout will not be plotted unless a new plotter configuration name is selected.
1070
     0
  0
LAYOUT
  5
22
102
{ACAD_XDICTIONARY
360
194
102
}
102
{ACAD_REACTORS
330
1A
102
}
330
1A
100
AcDbPlotSettings
  1

  2
none_device
  4
ANSI_A_(8.50_x_11.00_Inches)
  6

 40
6.349999904632568
 41
19.04999923706055
 42
6.350006103515625
 43
19.04998779296875
 44
215.8999938964844
 45
279.3999938964844
 46
0.0
 47
0.0
 48
0.0
 49
0.0
140
0.0
141
0.0
142
1.0
143
2.584895464708373
 70
 11952
 72
     0
 73
     1
 74
     0
  7

 75
     0
147
0.3868628397755418
 76
     0
 77
     2
 78
   300
148
0.0
149
0.0
100
AcDbLayout
  1
Model
 70
     1
 71
     0
 10
0.0
 20
0.0
 11
12.0
 21
9.0
 12
0.0
 22
0.0
 32
0.0
 14
0.0
 24
0.0
 34
0.0
 15
0.0
 25
0.0
 35
0.0
146
0.0
 13
0.0
 23
0.0
 33
0.0
 16
1.0
 26
0.0
 36
0.0
 17
0.0
 27
1.0
 37
0.0
 76
     0
330
1F
331
94
  0
MATERIAL
  5
97
102
{ACAD_XDICTIONARY
360
188
102
}
102
{ACAD_REACTORS
330
72
102
}
330
72
100
AcDbMaterial
  1
ByBlock
 94
       63
  0
MATERIAL
  5
96
102
{ACAD_XDICTIONARY
360
186
102
}
102
{ACAD_REACTORS
330
72
102
}
330
72
100
AcDbMaterial
  1
ByLayer
 94
       63
  0
MATERIAL
  5
98
102
{ACAD_XDICTIONARY
360
110
102
}
102
{ACAD_REACTORS
330
72
102
}
330
72
100
AcDbMaterial
  1
Global
 43
0.0208000000566244
 43
0.0
 43
0.0
 43
0.0
 43
0.0
 43
0.0208000000566244
 43
0.0
 43
0.0
 43
0.0
 43
0.0
 43
1.0
 43
0.0
 43
0.0
 43
0.0
 43
0.0
 43
1.0
 49
0.0208000000566244
 49
0.0
 49
0.0
 49
0.0
 49
0.0
 49
0.0208000000566244
 49
0.0
 49
0.0
 49
0.0
 49
0.0
 49
1.0
 49
0.0
 49
0.0
 49
0.0
 49
0.0
 49
1.0
142
0.0208000000566244
142
0.0
142
0.0
142
0.0
142
0.0
142
0.0208000000566244
142
0.0
142
0.0
142
0.0
142
0.0
142
1.0
142
0.0
142
0.0
142
0.0
142
0.0
142
1.0
144
0.0208000000566244
144
0.0
144
0.0
144
0.0
144
0.0
144
0.0208000000566244
144
0.0
144
0.0
144
0.0
144
0.0
144
1.0
144
0.0
144
0.0
144
0.0
144
0.0
144
1.0
 94
       63
1001
ACAD
1070
    -1
1070
     3
1070
     0
1000

1071
        0
1070
     0
  0
MLEADERSTYLE
  5
D8
102
{ACAD_REACTORS
330
D7
102
}
330
D7
100
AcDbMLeaderStyle
179
     2
170
     2
171
     1
172
     0
 90
        2
 40
0.0
 41
0.0
173
     1
 91
-1056964608
340
14
 92
       -2
290
     1
 42
0.09
291
     1
 43
0.36
  3
Standard
 44
0.18
300

342
11
174
     1
178
     1
175
     1
176
     0
 93
-1056964608
 45
0.18
292
     0
297
     0
 46
0.18
 94
-1056964608
 47
1.0
 49
1.0
140
1.0
293
     1
141
0.0
294
     1
177
     0
142
1.0
295
     0
296
     0
143
0.125
271
     0
272
     9
273
     9
298
     0
  0
MLINESTYLE
  5
18
102
{ACAD_REACTORS
330
17
102
}
330
17
100
AcDbMlineStyle
  2
STANDARD
 70
     0
  3

 62
   256
 51
90.0
 52
90.0
 71
     2
 49
0.5
 62
   256
  6
BYLAYER
 49
-0.5
 62
   256
  6
BYLAYER
  0
ACDBPLACEHOLDER
  5
F
102
{ACAD_REACTORS
330
E
102
}
330
E
  0
SCALE
  5
B7
102
{ACAD_REACTORS
330
B6
102
}
330
B6
100
AcDbScale
 70
     0
300
1:1
140
1.0
141
1.0
290
     1
  0
SCALE
  5
124
102
{ACAD_REACTORS
330
B6
102
}
330
B6
100
AcDbScale
 70
     0
300
1:2
140
1.0
141
2.0
290
     0
  0
SCALE
  5
125
102
{ACAD_REACTORS
330
B6
102
}
330
B6
100
AcDbScale
 70
     0
300
1:4
140
1.0
141
4.0
290
     0
  0
SCALE
  5
126
102
{ACAD_REACTORS
330
B6
102
}
330
B6
100
AcDbScale
 70
     0
300
1:5
140
1.0
141
5.0
290
     0
  0
SCALE
  5
127
102
{ACAD_REACTORS
330
B6
102
}
330
B6
100
AcDbScale
 70
     0
300
1:8
140
1.0
141
8.0
290
     0
  0
SCALE
  5
128
102
{ACAD_REACTORS
330
B6
102
}
330
B6
100
AcDbScale
 70
     0
300
1:10
140
1.0
141
10.0
290
     0
  0
SCALE
  5
129
102
{ACAD_REACTORS
330
B6
102
}
330
B6
100
AcDbScale
 70
     0
300
1:16
140
1.0
141
16.0
290
     0
  0
SCALE
  5
12A
102
{ACAD_REACTORS
330
B6
102
}
330
B6
100
AcDbScale
 70
     0
300
1:20
140
1.0
141
20.0
290
     0
  0
SCALE
  5
12B
102
{ACAD_REACTORS
330
B6
102
}
330
B6
100
AcDbScale
 70
     0
300
1:30
140
1.0
141
30.0
290
     0
  0
SCALE
  5
12C
102
{ACAD_REACTORS
330
B6
102
}
330
B6
100
AcDbScale
 70
     0
300
1:40
140
1.0
141
40.0
290
     0
  0
SCALE
  5
12D
102
{ACAD_REACTORS
330
B6
102
}
330
B6
100
AcDbScale
 70
     0
300
1:50
140
1.0
141
50.0
290
     0
  0
SCALE
  5
12E
102
{ACAD_REACTORS
330
B6
102
}
330
B6
100
AcDbScale
 70
     0
300
1:100
140
1.0
141
100.0
290
     0
  0
SCALE
  5
12F
102
{ACAD_REACTORS
330
B6
102
}
330
B6
100
AcDbScale
 70
     0
300
2:1
140
2.0
141
1.0
290
     0
  0
SCALE
  5
130
102
{ACAD_REACTORS
330
B6
102
}
330
B6
100
AcDbScale
 70
     0
300
4:1
140
4.0
141
1.0
290
     0
  0
SCALE
  5
131
102
{ACAD_REACTORS
330
B6
102
}
330
B6
100
AcDbScale
 70
     0
300
8:1
140
8.0
141
1.0
290
     0
  0
SCALE
  5
132
102
{ACAD_REACTORS
330
B6
102
}
330
B6
100
AcDbScale
 70
     0
300
10:1
140
10.0
141
1.0
290
     0
  0
SCALE
  5
133
102
{ACAD_REACTORS
330
B6
102
}
330
B6
100
AcDbScale
 70
     0
300
100:1
140
100.0
141
1.0
290
     0
  0
SCALE
  5
134
102
{ACAD_REACTORS
330
B6
102
}
330
B6
100
AcDbScale
 70
     0
300
1/128" = 1'-0"
140
0.0078125
141
12.0
290
     0
  0
SCALE
  5
135
102
{ACAD_REACTORS
330
B6
102
}
330
B6
100
AcDbScale
 70
     0
300
1/64" = 1'-0"
140
0.015625
141
12.0
290
     0
  0
SCALE
  5
136
102
{ACAD_REACTORS
330
B6
102
}
330
B6
100
AcDbScale
 70
     0
300
1/32" = 1'-0"
140
0.03125
141
12.0
290
     0
  0
SCALE
  5
137
102
{ACAD_REACTORS
330
B6
102
}
330
B6
100
AcDbScale
 70
     0
300
1/16" = 1'-0"
140
0.0625
141
12.0
290
     0
  0
SCALE
  5
138
102
{ACAD_REACTORS
330
B6
102
}
330
B6
100
AcDbScale
 70
     0
300
3/32" = 1'-0"
140
0.09375
141
12.0
290
     0
  0
SCALE
  5
139
102
{ACAD_REACTORS
330
B6
102
}
330
B6
100
AcDbScale
 70
     0
300
1/8" = 1'-0"
140
0.125
141
12.0
290
     0
  0
SCALE
  5
13A
102
{ACAD_REACTORS
330
B6
102
}
330
B6
100
AcDbScale
 70
     0
300
3/16" = 1'-0"
140
0.1875
141
12.0
290
     0
  0
SCALE
  5
13B
102
{ACAD_REACTORS
330
B6
102
}
330
B6
100
AcDbScale
 70
     0
300
1/4" = 1'-0"
140
0.25
141
12.0
290
     0
  0
SCALE
  5
13C
102
{ACAD_REACTORS
330
B6
102
}
330
B6
100
AcDbScale
 70
     0
300
3/8" = 1'-0"
140
0.375
141
12.0
290
     0
  0
SCALE
  5
13D
102
{ACAD_REACTORS
330
B6
102
}
330
B6
100
AcDbScale
 70
     0
300
1/2" = 1'-0"
140
0.5
141
12.0
290
     0
  0
SCALE
  5
13E
102
{ACAD_REACTORS
330
B6
102
}
330
B6
100
AcDbScale
 70
     0
300
3/4" = 1'-0"
140
0.75
141
12.0
290
     0
  0
SCALE
  5
13F
102
{ACAD_REACTORS
330
B6
102
}
330
B6
100
AcDbScale
 70
     0
300
1" = 1'-0"
140
1.0
141
12.0
290
     0
  0
SCALE
  5
140
102
{ACAD_REACTORS
330
B6
102
}
330
B6
100
AcDbScale
 70
     0
300
1-1/2" = 1'-0"
140
1.5
141
12.0
290
     0
  0
SCALE
  5
141
102
{ACAD_REACTORS
330
B6
102
}
330
B6
100
AcDbScale
 70
     0
300
3" = 1'-0"
140
3.0
141
12.0
290
     0
  0
SCALE
  5
142
102
{ACAD_REACTORS
330
B6
102
}
330
B6
100
AcDbScale
 70
     0
300
6" = 1'-0"
140
6.0
141
12.0
290
     0
  0
SCALE
  5
143
102
{ACAD_REACTORS
330
B6
102
}
330
B6
100
AcDbScale
 70
     0
300
1'-0" = 1'-0"
140
12.0
141
12.0
290
     0
  0
ACDBSECTIONVIEWSTYLE
  5
1AA
102
{ACAD_XDICTIONARY
360
2832
102
}
102
{ACAD_REACTORS
330
1A8
102
}
330
1A8
100
AcDbModelDocViewStyle
 70
     0
  3
Imperial24
290
     0
100
AcDbSectionViewStyle
 70
     0
 71
     0
 90
       78
 71
     1
340
11
 62
   256
 40
0.24
340
0
340
0
 62
   256
 40
0.24
300
I, O, Q, S, X, Z
 40
0.48
 90
        3
 40
0.18
 90
        1
 71
     2
340
16
 90
       25
 62
   256
340
16
 90
       50
 62
   256
 40
0.24
 40
0.0
 40
0.24
 71
     3
340
11
 62
   256
 40
0.24
 90
        1
 40
0.75
 90
        1
300
%<\AcVar ViewType \f "%tc1">% %<\AcVar ViewSectionStartId>%-%<\AcVar ViewSectionEndId>%\PSCALE %<\AcVar ViewScale \f "%sn">%
 71
     4
 62
   256
 62
   257
300
ANSI31
 40
1.0
 90
        0
290
     0
290
     0
 90
        6
 40
0.0
 40
1.570796326794896
 40
0.2617993877991494
 40
1.308996938995747
 40
-0.2617993877991494
 40
1.832595714594046
  0
TABLESTYLE
  5
87
102
{ACAD_XDICTIONARY
360
104
102
}
102
{ACAD_REACTORS
330
86
102
}
330
86
100
AcDbTableStyle
280
     0
  3
Standard
 70
     0
 71
     0
 40
0.06
 41
0.06
280
     0
281
     0
  7
Standard
140
0.18
170
     2
 62
     0
 63
     7
283
     0
 90
      512
 91
        0
  1

274
    -2
284
     1
 64
     0
275
    -2
285
     1
 65
     0
276
    -2
286
     1
 66
     0
277
    -2
287
     1
 67
     0
278
    -2
288
     1
 68
     0
279
    -2
289
     1
 69
     0
  7
Standard
140
0.25
170
     5
 62
     0
 63
     7
283
     0
 90
      512
 91
        0
  1

274
    -2
284
     1
 64
     0
275
    -2
285
     1
 65
     0
276
    -2
286
     1
 66
     0
277
    -2
287
     1
 67
     0
278
    -2
288
     1
 68
     0
279
    -2
289
     1
 69
     0
  7
Standard
140
0.18
170
     5
 62
     0
 63
     7
283
     0
 90
      512
 91
        0
  1

274
    -2
284
     1
 64
     0
275
    -2
285
     1
 65
     0
276
    -2
286
     1
 66
     0
277
    -2
287
     1
 67
     0
278
    -2
288
     1
 68
     0
279
    -2
289
     1
 69
     0
  0
VISUALSTYLE
  5
9F
102
{ACAD_REACTORS
330
99
102
}
330
99
100
AcDbVisualStyle
  2
2dWireframe
 70
     4
177
     3
291
     0
 70
    58
 90
        0
176
     1
 90
        2
176
     1
 90
        1
176
     1
 90
        0
176
     1
 40
0.6
176
     1
 40
30.0
176
     1
 62
     7
420
 16777215
176
     1
 90
        1
176
     1
 90
        4
176
     1
 62
     7
176
     1
 62
   257
176
     1
 90
        1
176
     1
 90
        1
176
     1
 40
1.0
176
     1
 90
        0
176
     1
 62
   257
176
     1
 40
1.0
176
     1
 90
        1
176
     1
 90
        6
176
     1
 90
        2
176
     1
 62
     7
176
     1
 90
        5
176
     1
 90
        0
176
     1
 90
        0
176
     1
290
     0
176
     1
 90
        1
176
     1
 40
0.0
176
     1
 90
        0
176
     1
290
     1
176
     1
290
     1
176
     1
290
     0
176
     1
290
     0
176
     1
290
     0
176
     1
290
     0
176
     1
290
     0
176
     1
290
     0
176
     1
290
     0
176
     1
 90
       50
176
     1
 40
0.0
176
     1
 40
1.0
176
     1
 90
        0
176
     1
 62
    18
420
        0
176
     1
 90
       50
176
     1
 90
        3
176
     1
 62
     5
420
      255
176
     1
290
     0
176
     1
 90
       50
176
     1
 90
       50
176
     1
 90
       50
176
     1
290
     0
176
     1
 90
       50
176
     1
 62
   256
176
     0
 40
1.0
176
     0
 90
        2
176
     1
  1
strokes_ogs.tif
176
     1
290
     0
176
     1
 40
1.0
176
     1
 40
1.0
176
     1
1001
ACAD
1000
AcDbSavedByObjectVersion
1070
     0
  0
VISUALSTYLE
  5
208
102
{ACAD_REACTORS
330
99
102
}
330
99
100
AcDbVisualStyle
  2
3dWireframe
 70
     5
177
     3
291
     0
 70
    58
 90
        0
176
     1
 90
        2
176
     1
 90
        0
176
     1
 90
        0
176
     1
 40
0.6
176
     1
 40
30.0
176
     1
 62
     7
420
 16777215
176
     1
 90
        1
176
     1
 90
        4
176
     1
 62
     7
176
     1
 62
   257
176
     1
 90
        1
176
     1
 90
        1
176
     1
 40
1.0
176
     1
 90
        0
176
     1
 62
   257
176
     1
 40
1.0
176
     1
 90
        1
176
     1
 90
        6
176
     1
 90
        2
176
     1
 62
     7
176
     1
 90
        5
176
     1
 90
        0
176
     1
 90
        0
176
     1
290
     0
176
     1
 90
        1
176
     1
 40
0.0
176
     1
 90
        0
176
     1
290
     0
176
     1
290
     1
176
     1
290
     1
176
     1
290
     0
176
     1
290
     0
176
     1
290
     0
176
     1
290
     0
176
     1
290
     0
176
     1
290
     0
176
     1
 90
       50
176
     1
 40
0.0
176
     1
 40
1.0
176
     1
 90
        0
176
     1
 62
    18
420
        0
176
     1
 90
       50
176
     1
 90
        3
176
     1
 62
     5
420
      255
176
     1
290
     0
176
     1
 90
       50
176
     1
 90
       50
176
     1
 90
       50
176
     1
290
     0
176
     1
 90
       50
176
     1
 62
   256
176
     0
 40
1.0
176
     0
 90
        2
176
     1
  1
strokes_ogs.tif
176
     1
290
     0
176
     1
 40
1.0
176
     1
 40
1.0
176
     1
1001
ACAD
1000
AcDbSavedByObjectVersion
1070
     0
  0
VISUALSTYLE
  5
9E
102
{ACAD_REACTORS
330
99
102
}
330
99
100
AcDbVisualStyle
  2
Basic
 70
     7
177
     3
291
     1
 70
    58
 90
        1
176
     1
 90
        0
176
     1
 90
        1
176
     1
 90
        0
176
     1
 40
0.6
176
     1
 40
30.0
176
     1
 62
     7
420
 16777215
176
     1
 90
        0
176
     1
 90
        4
176
     1
 62
     7
176
     1
 62
   257
176
     1
 90
        1
176
     1
 90
        1
176
     1
 40
1.0
176
     1
 90
        8
176
     1
 62
     7
176
     1
 40
1.0
176
     1
 90
        1
176
     1
 90
        6
176
     1
 90
        2
176
     1
 62
     7
176
     1
 90
        5
176
     1
 90
        0
176
     1
 90
        0
176
     1
290
     0
176
     1
 90
        1
176
     1
 40
0.0
176
     1
 90
        0
176
     1
290
     0
176
     1
290
     1
176
     1
290
     1
176
     1
290
     0
176
     1
290
     0
176
     1
290
     0
176
     1
290
     0
176
     1
290
     0
176
     1
290
     0
176
     1
 90
       50
176
     1
 40
0.0
176
     1
 40
1.0
176
     1
 90
        0
176
     1
 62
    18
420
        0
176
     1
 90
       50
176
     1
 90
        3
176
     1
 62
     5
420
      255
176
     1
290
     0
176
     1
 90
       50
176
     1
 90
       50
176
     1
 90
       50
176
     1
290
     0
176
     1
 90
       50
176
     1
 62
   256
176
     0
 40
1.0
176
     0
 90
        2
176
     1
  1
strokes_ogs.tif
176
     1
290
     0
176
     1
 40
1.0
176
     1
 40
1.0
176
     1
1001
ACAD
1000
AcDbSavedByObjectVersion
1070
     0
  0
VISUALSTYLE
  5
A5
102
{ACAD_REACTORS
330
99
102
}
330
99
100
AcDbVisualStyle
  2
Brighten
 70
    12
177
     3
291
     1
 70
    58
 90
        2
176
     1
 90
        2
176
     1
 90
        1
176
     1
 90
        0
176
     1
 40
0.6
176
     1
 40
30.0
176
     1
 62
     7
420
 16777215
176
     1
 90
        1
176
     1
 90
        4
176
     1
 62
     7
176
     1
 62
   257
176
     1
 90
        1
176
     1
 90
        1
176
     1
 40
1.0
176
     1
 90
        8
176
     1
 62
     7
176
     1
 40
1.0
176
     1
 90
        1
176
     1
 90
        6
176
     1
 90
        2
176
     1
 62
     7
176
     1
 90
        5
176
     1
 90
        0
176
     1
 90
        0
176
     1
290
     0
176
     1
 90
        1
176
     1
 40
50.0
176
     1
 90
        0
176
     1
290
     0
176
     1
290
     1
176
     1
290
     1
176
     1
290
     0
176
     1
290
     0
176
     1
290
     0
176
     1
290
     0
176
     1
290
     0
176
     1
290
     0
176
     1
 90
       50
176
     1
 40
0.0
176
     1
 40
1.0
176
     1
 90
        0
176
     1
 62
    18
420
        0
176
     1
 90
       50
176
     1
 90
        3
176
     1
 62
     5
420
      255
176
     1
290
     0
176
     1
 90
       50
176
     1
 90
       50
176
     1
 90
       50
176
     1
290
     0
176
     1
 90
       50
176
     1
 62
   256
176
     0
 40
1.0
176
     0
 90
        2
176
     1
  1
strokes_ogs.tif
176
     1
290
     0
176
     1
 40
1.0
176
     1
 40
1.0
176
     1
1001
ACAD
1000
AcDbSavedByObjectVersion
1070
     0
  0
VISUALSTYLE
  5
A9
102
{ACAD_REACTORS
330
99
102
}
330
99
100
AcDbVisualStyle
  2
ColorChange
 70
    16
177
     3
291
     1
 70
    58
 90
        2
176
     1
 90
        2
176
     1
 90
        3
176
     1
 90
        0
176
     1
 40
0.6
176
     1
 40
30.0
176
     1
 62
     8
420
  8421504
176
     1
 90
        1
176
     1
 90
        4
176
     1
 62
     7
176
     1
 62
   257
176
     1
 90
        1
176
     1
 90
        1
176
     1
 40
1.0
176
     1
 90
        8
176
     1
 62
     8
420
  8421504
176
     1
 40
1.0
176
     1
 90
        1
176
     1
 90
        6
176
     1
 90
        2
176
     1
 62
     7
176
     1
 90
        5
176
     1
 90
        0
176
     1
 90
        0
176
     1
290
     0
176
     1
 90
        1
176
     1
 40
0.0
176
     1
 90
        0
176
     1
290
     0
176
     1
290
     1
176
     1
290
     1
176
     1
290
     0
176
     1
290
     0
176
     1
290
     0
176
     1
290
     0
176
     1
290
     0
176
     1
290
     0
176
     1
 90
       50
176
     1
 40
0.0
176
     1
 40
1.0
176
     1
 90
        0
176
     1
 62
    18
420
        0
176
     1
 90
       50
176
     1
 90
        3
176
     1
 62
     5
420
      255
176
     1
290
     0
176
     1
 90
       50
176
     1
 90
       50
176
     1
 90
       50
176
     1
290
     0
176
     1
 90
       50
176
     1
 62
   256
176
     0
 40
1.0
176
     0
 90
        2
176
     1
  1
strokes_ogs.tif
176
     1
290
     0
176
     1
 40
1.0
176
     1
 40
1.0
176
     1
1001
ACAD
1000
AcDbSavedByObjectVersion
1070
     0
  0
VISUALSTYLE
  5
A2
102
{ACAD_REACTORS
330
99
102
}
330
99
100
AcDbVisualStyle
  2
Conceptual
 70
     9
177
     3
291
     0
 70
    58
 90
        3
176
     1
 90
        2
176
     1
 90
        1
176
     1
 90
        0
176
     1
 40
0.6
176
     1
 40
30.0
176
     1
 62
     7
420
 16777215
176
     1
 90
        2
176
     1
 90
        2
176
     1
 62
     7
176
     1
 62
   257
176
     1
 90
        1
176
     1
 90
        1
176
     1
 40
40.0
176
     1
 90
        8
176
     1
 62
     7
176
     1
 40
1.0
176
     1
 90
        1
176
     1
 90
        6
176
     1
 90
        2
176
     1
 62
     7
176
     1
 90
        3
176
     1
 90
        0
176
     1
 90
        0
176
     1
290
     0
176
     1
 90
        1
176
     1
 40
0.0
176
     1
 90
        0
176
     1
290
     0
176
     1
290
     1
176
     1
290
     1
176
     1
290
     0
176
     1
290
     0
176
     1
290
     0
176
     1
290
     0
176
     1
290
     0
176
     1
290
     0
176
     1
 90
       50
176
     1
 40
0.0
176
     1
 40
1.0
176
     1
 90
        0
176
     1
 62
    18
420
        0
176
     1
 90
       50
176
     1
 90
        3
176
     1
 62
     5
420
      255
176
     1
290
     0
176
     1
 90
       50
176
     1
 90
       50
176
     1
 90
       50
176
     1
290
     0
176
     1
 90
       50
176
     1
 62
   256
176
     0
 40
1.0
176
     0
 90
        2
176
     1
  1
strokes_ogs.tif
176
     1
290
     0
176
     1
 40
1.0
176
     1
 40
1.0
176
     1
1001
ACAD
1000
AcDbSavedByObjectVersion
1070
     0
  0
VISUALSTYLE
  5
A4
102
{ACAD_REACTORS
330
99
102
}
330
99
100
AcDbVisualStyle
  2
Dim
 70
    11
177
     3
291
     1
 70
    58
 90
        2
176
     1
 90
        2
176
     1
 90
        1
176
     1
 90
        0
176
     1
 40
0.6
176
     1
 40
30.0
176
     1
 62
     7
420
 16777215
176
     1
 90
        1
176
     1
 90
        4
176
     1
 62
     7
176
     1
 62
   257
176
     1
 90
        1
176
     1
 90
        1
176
     1
 40
1.0
176
     1
 90
        8
176
     1
 62
     7
176
     1
 40
1.0
176
     1
 90
        1
176
     1
 90
        6
176
     1
 90
        2
176
     1
 62
     7
176
     1
 90
        5
176
     1
 90
        0
176
     1
 90
        0
176
     1
290
     0
176
     1
 90
        1
176
     1
 40
-50.0
176
     1
 90
        0
176
     1
290
     0
176
     1
290
     1
176
     1
290
     1
176
     1
290
     0
176
     1
290
     0
176
     1
290
     0
176
     1
290
     0
176
     1
290
     0
176
     1
290
     0
176
     1
 90
       50
176
     1
 40
0.0
176
     1
 40
1.0
176
     1
 90
        0
176
     1
 62
    18
420
        0
176
     1
 90
       50
176
     1
 90
        3
176
     1
 62
     5
420
      255
176
     1
290
     0
176
     1
 90
       50
176
     1
 90
       50
176
     1
 90
       50
176
     1
290
     0
176
     1
 90
       50
176
     1
 62
   256
176
     0
 40
1.0
176
     0
 90
        2
176
     1
  1
strokes_ogs.tif
176
     1
290
     0
176
     1
 40
1.0
176
     1
 40
1.0
176
     1
1001
ACAD
1000
AcDbSavedByObjectVersion
1070
     0
  0
VISUALSTYLE
  5
175
102
{ACAD_REACTORS
330
99
102
}
330
99
100
AcDbVisualStyle
  2
EdgeColorOff
 70
    22
177
     3
291
     1
 70
    58
 90
        2
176
     0
 90
        2
176
     0
 90
        0
176
     0
 90
        0
176
     0
 40
0.6
176
     0
 40
30.0
176
     0
 62
     7
420
 16777215
176
     0
 90
        1
176
     0
 90
        4
176
     0
 62
     7
176
     0
 62
   257
176
     0
 90
        1
176
     0
 90
        1
176
     0
 40
1.0
176
     0
 90
        8
176
     2
 62
     7
176
     0
 40
1.0
176
     0
 90
        1
176
     0
 90
        6
176
     0
 90
        2
176
     0
 62
     7
176
     0
 90
        5
176
     0
 90
        0
176
     0
 90
        0
176
     0
290
     0
176
     0
 90
        1
176
     0
 40
0.0
176
     0
 90
        0
176
     0
290
     0
176
     1
290
     1
176
     1
290
     1
176
     1
290
     0
176
     1
290
     0
176
     1
290
     0
176
     1
290
     0
176
     1
290
     0
176
     1
290
     0
176
     1
 90
       50
176
     1
 40
0.0
176
     1
 40
1.0
176
     1
 90
        0
176
     1
 62
    18
420
        0
176
     1
 90
       50
176
     1
 90
        3
176
     1
 62
     5
420
      255
176
     1
290
     0
176
     1
 90
       50
176
     1
 90
       50
176
     1
 90
       50
176
     1
290
     0
176
     1
 90
       50
176
     1
 62
   256
176
     0
 40
1.0
176
     0
 90
        2
176
     1
  1
strokes_ogs.tif
176
     1
290
     0
176
     1
 40
1.0
176
     1
 40
1.0
176
     1
1001
ACAD
1000
AcDbSavedByObjectVersion
1070
     0
  0
VISUALSTYLE
  5
A8
102
{ACAD_REACTORS
330
99
102
}
330
99
100
AcDbVisualStyle
  2
Facepattern
 70
    15
177
     3
291
     1
 70
    58
 90
        2
176
     1
 90
        2
176
     1
 90
        1
176
     1
 90
        0
176
     1
 40
0.6
176
     1
 40
30.0
176
     1
 62
     7
420
 16777215
176
     1
 90
        1
176
     1
 90
        4
176
     1
 62
     7
176
     1
 62
   257
176
     1
 90
        1
176
     1
 90
        1
176
     1
 40
1.0
176
     1
 90
        8
176
     1
 62
     7
176
     1
 40
1.0
176
     1
 90
        1
176
     1
 90
        6
176
     1
 90
        2
176
     1
 62
     7
176
     1
 90
        5
176
     1
 90
        0
176
     1
 90
        0
176
     1
290
     0
176
     1
 90
        1
176
     1
 40
0.0
176
     1
 90
        0
176
     1
290
     0
176
     1
290
     1
176
     1
290
     1
176
     1
290
     0
176
     1
290
     0
176
     1
290
     0
176
     1
290
     0
176
     1
290
     0
176
     1
290
     0
176
     1
 90
       50
176
     1
 40
0.0
176
     1
 40
1.0
176
     1
 90
        0
176
     1
 62
    18
420
        0
176
     1
 90
       50
176
     1
 90
        3
176
     1
 62
     5
420
      255
176
     1
290
     0
176
     1
 90
       50
176
     1
 90
       50
176
     1
 90
       50
176
     1
290
     0
176
     1
 90
       50
176
     1
 62
   256
176
     0
 40
1.0
176
     0
 90
        2
176
     1
  1
strokes_ogs.tif
176
     1
290
     0
176
     1
 40
1.0
176
     1
 40
1.0
176
     1
1001
ACAD
1000
AcDbSavedByObjectVersion
1070
     0
  0
VISUALSTYLE
  5
9A
102
{ACAD_REACTORS
330
99
102
}
330
99
100
AcDbVisualStyle
  2
Flat
 70
     0
177
     3
291
     1
 70
    58
 90
        2
176
     1
 90
        1
176
     1
 90
        1
176
     1
 90
        2
176
     1
 40
0.6
176
     1
 40
30.0
176
     1
 62
     7
420
 16777215
176
     1
 90
        0
176
     1
 90
        0
176
     1
 62
     7
176
     1
 62
   257
176
     1
 90
        1
176
     1
 90
        1
176
     1
 40
1.0
176
     1
 90
        8
176
     1
 62
     7
176
     1
 40
1.0
176
     1
 90
        1
176
     1
 90
        6
176
     1
 90
        2
176
     1
 62
     7
176
     1
 90
        5
176
     1
 90
        0
176
     1
 90
        0
176
     1
290
     0
176
     1
 90
       13
176
     1
 40
0.0
176
     1
 90
        0
176
     1
290
     0
176
     1
290
     1
176
     1
290
     1
176
     1
290
     0
176
     1
290
     0
176
     1
290
     0
176
     1
290
     0
176
     1
290
     0
176
     1
290
     0
176
     1
 90
       50
176
     1
 40
0.0
176
     1
 40
1.0
176
     1
 90
        0
176
     1
 62
    18
420
        0
176
     1
 90
       50
176
     1
 90
        3
176
     1
 62
     5
420
      255
176
     1
290
     0
176
     1
 90
       50
176
     1
 90
       50
176
     1
 90
       50
176
     1
290
     0
176
     1
 90
       50
176
     1
 62
   256
176
     0
 40
1.0
176
     0
 90
        2
176
     1
  1
strokes_ogs.tif
176
     1
290
     0
176
     1
 40
1.0
176
     1
 40
1.0
176
     1
1001
ACAD
1000
AcDbSavedByObjectVersion
1070
     0
  0
VISUALSTYLE
  5
9B
102
{ACAD_REACTORS
330
99
102
}
330
99
100
AcDbVisualStyle
  2
FlatWithEdges
 70
     1
177
     3
291
     1
 70
    58
 90
        2
176
     1
 90
        1
176
     1
 90
        1
176
     1
 90
        2
176
     1
 40
0.6
176
     1
 40
30.0
176
     1
 62
     7
420
 16777215
176
     1
 90
        1
176
     1
 90
        0
176
     1
 62
     7
176
     1
 62
   257
176
     1
 90
        1
176
     1
 90
        1
176
     1
 40
1.0
176
     1
 90
        0
176
     1
 62
   257
176
     1
 40
1.0
176
     1
 90
        1
176
     1
 90
        6
176
     1
 90
        2
176
     1
 62
     7
176
     1
 90
        5
176
     1
 90
        0
176
     1
 90
        0
176
     1
290
     0
176
     1
 90
       13
176
     1
 40
0.0
176
     1
 90
        0
176
     1
290
     0
176
     1
290
     1
176
     1
290
     1
176
     1
290
     0
176
     1
290
     0
176
     1
290
     0
176
     1
290
     0
176
     1
290
     0
176
     1
290
     0
176
     1
 90
       50
176
     1
 40
0.0
176
     1
 40
1.0
176
     1
 90
        0
176
     1
 62
    18
420
        0
176
     1
 90
       50
176
     1
 90
        3
176
     1
 62
     5
420
      255
176
     1
290
     0
176
     1
 90
       50
176
     1
 90
       50
176
     1
 90
       50
176
     1
290
     0
176
     1
 90
       50
176
     1
 62
   256
176
     0
 40
1.0
176
     0
 90
        2
176
     1
  1
strokes_ogs.tif
176
     1
290
     0
176
     1
 40
1.0
176
     1
 40
1.0
176
     1
1001
ACAD
1000
AcDbSavedByObjectVersion
1070
     0
  0
VISUALSTYLE
  5
9C
102
{ACAD_REACTORS
330
99
102
}
330
99
100
AcDbVisualStyle
  2
Gouraud
 70
     2
177
     3
291
     1
 70
    58
 90
        2
176
     1
 90
        2
176
     1
 90
        1
176
     1
 90
        2
176
     1
 40
0.6
176
     1
 40
30.0
176
     1
 62
     7
420
 16777215
176
     1
 90
        0
176
     1
 90
        0
176
     1
 62
     7
176
     1
 62
   257
176
     1
 90
        1
176
     1
 90
        1
176
     1
 40
1.0
176
     1
 90
        0
176
     1
 62
     7
176
     1
 40
1.0
176
     1
 90
        1
176
     1
 90
        6
176
     1
 90
        2
176
     1
 62
     7
176
     1
 90
        5
176
     1
 90
        0
176
     1
 90
        0
176
     1
290
     0
176
     1
 90
       13
176
     1
 40
0.0
176
     1
 90
        0
176
     1
290
     0
176
     1
290
     1
176
     1
290
     1
176
     1
290
     0
176
     1
290
     0
176
     1
290
     0
176
     1
290
     0
176
     1
290
     0
176
     1
290
     0
176
     1
 90
       50
176
     1
 40
0.0
176
     1
 40
1.0
176
     1
 90
        0
176
     1
 62
    18
420
        0
176
     1
 90
       50
176
     1
 90
        3
176
     1
 62
     5
420
      255
176
     1
290
     0
176
     1
 90
       50
176
     1
 90
       50
176
     1
 90
       50
176
     1
290
     0
176
     1
 90
       50
176
     1
 62
   256
176
     0
 40
1.0
176
     0
 90
        2
176
     1
  1
strokes_ogs.tif
176
     1
290
     0
176
     1
 40
1.0
176
     1
 40
1.0
176
     1
1001
ACAD
1000
AcDbSavedByObjectVersion
1070
     0
  0
VISUALSTYLE
  5
9D
102
{ACAD_REACTORS
330
99
102
}
330
99
100
AcDbVisualStyle
  2
GouraudWithEdges
 70
     3
177
     3
291
     1
 70
    58
 90
        2
176
     1
 90
        2
176
     1
 90
        1
176
     1
 90
        2
176
     1
 40
0.6
176
     1
 40
30.0
176
     1
 62
     7
420
 16777215
176
     1
 90
        1
176
     1
 90
        0
176
     1
 62
     7
176
     1
 62
   257
176
     1
 90
        1
176
     1
 90
        1
176
     1
 40
1.0
176
     1
 90
        0
176
     1
 62
   257
176
     1
 40
1.0
176
     1
 90
        1
176
     1
 90
        6
176
     1
 90
        2
176
     1
 62
     7
176
     1
 90
        5
176
     1
 90
        0
176
     1
 90
        0
176
     1
290
     0
176
     1
 90
       13
176
     1
 40
0.0
176
     1
 90
        0
176
     1
290
     0
176
     1
290
     1
176
     1
290
     1
176
     1
290
     0
176
     1
290
     0
176
     1
290
     0
176
     1
290
     0
176
     1
290
     0
176
     1
290
     0
176
     1
 90
       50
176
     1
 40
0.0
176
     1
 40
1.0
176
     1
 90
        0
176
     1
 62
    18
420
        0
176
     1
 90
       50
176
     1
 90
        3
176
     1
 62
     5
420
      255
176
     1
290
     0
176
     1
 90
       50
176
     1
 90
       50
176
     1
 90
       50
176
     1
290
     0
176
     1
 90
       50
176
     1
 62
   256
176
     0
 40
1.0
176
     0
 90
        2
176
     1
  1
strokes_ogs.tif
176
     1
290
     0
176
     1
 40
1.0
176
     1
 40
1.0
176
     1
1001
ACAD
1000
AcDbSavedByObjectVersion
1070
     0
  0
VISUALSTYLE
  5
A1
102
{ACAD_REACTORS
330
99
102
}
330
99
100
AcDbVisualStyle
  2
Hidden
 70
     6
177
     3
291
     0
 70
    58
 90
        1
176
     1
 90
        2
176
     1
 90
        2
176
     1
 90
        0
176
     1
 40
0.6
176
     1
 40
30.0
176
     1
 62
     7
420
 16777215
176
     1
 90
        2
176
     1
 90
        2
176
     1
 62
     7
176
     1
 62
   257
176
     1
 90
        2
176
     1
 90
        1
176
     1
 40
40.0
176
     1
 90
        0
176
     1
 62
   257
176
     1
 40
1.0
176
     1
 90
        1
176
     1
 90
        6
176
     1
 90
        2
176
     1
 62
     7
176
     1
 90
        3
176
     1
 90
        0
176
     1
 90
        0
176
     1
290
     0
176
     1
 90
        1
176
     1
 40
0.0
176
     1
 90
        0
176
     1
290
     0
176
     1
290
     1
176
     1
290
     1
176
     1
290
     0
176
     1
290
     0
176
     1
290
     0
176
     1
290
     0
176
     1
290
     0
176
     1
290
     0
176
     1
 90
       50
176
     1
 40
0.0
176
     1
 40
1.0
176
     1
 90
        0
176
     1
 62
    18
420
        0
176
     1
 90
       50
176
     1
 90
        3
176
     1
 62
     5
420
      255
176
     1
290
     0
176
     1
 90
       50
176
     1
 90
       50
176
     1
 90
       50
176
     1
290
     0
176
     1
 90
       50
176
     1
 62
   256
176
     0
 40
1.0
176
     0
 90
        2
176
     1
  1
strokes_ogs.tif
176
     1
290
     0
176
     1
 40
1.0
176
     1
 40
1.0
176
     1
1001
ACAD
1000
AcDbSavedByObjectVersion
1070
     0
  0
VISUALSTYLE
  5
173
102
{ACAD_REACTORS
330
99
102
}
330
99
100
AcDbVisualStyle
  2
JitterOff
 70
    20
177
     3
291
     1
 70
    58
 90
        2
176
     0
 90
        2
176
     0
 90
        0
176
     0
 90
        0
176
     0
 40
0.6
176
     0
 40
30.0
176
     0
 62
     7
420
 16777215
176
     0
 90
        1
176
     0
 90
        4
176
     0
 62
     7
176
     0
 62
   257
176
     0
 90
        1
176
     0
 90
        1
176
     0
 40
1.0
176
     0
 90
       10
176
     2
 62
     7
176
     0
 40
1.0
176
     0
 90
        1
176
     0
 90
        6
176
     0
 90
        2
176
     0
 62
     7
176
     0
 90
        5
176
     0
 90
        0
176
     0
 90
        0
176
     0
290
     0
176
     0
 90
        1
176
     0
 40
0.0
176
     0
 90
        0
176
     0
290
     0
176
     1
290
     1
176
     1
290
     1
176
     1
290
     0
176
     1
290
     0
176
     1
290
     0
176
     1
290
     0
176
     1
290
     0
176
     1
290
     0
176
     1
 90
       50
176
     1
 40
0.0
176
     1
 40
1.0
176
     1
 90
        0
176
     1
 62
    18
420
        0
176
     1
 90
       50
176
     1
 90
        3
176
     1
 62
     5
420
      255
176
     1
290
     0
176
     1
 90
       50
176
     1
 90
       50
176
     1
 90
       50
176
     1
290
     0
176
     1
 90
       50
176
     1
 62
   256
176
     0
 40
1.0
176
     0
 90
        2
176
     1
  1
strokes_ogs.tif
176
     1
290
     0
176
     1
 40
1.0
176
     1
 40
1.0
176
     1
1001
ACAD
1000
AcDbSavedByObjectVersion
1070
     0
  0
VISUALSTYLE
  5
A7
102
{ACAD_REACTORS
330
99
102
}
330
99
100
AcDbVisualStyle
  2
Linepattern
 70
    14
177
     3
291
     1
 70
    58
 90
        2
176
     1
 90
        2
176
     1
 90
        1
176
     1
 90
        0
176
     1
 40
0.6
176
     1
 40
30.0
176
     1
 62
     7
420
 16777215
176
     1
 90
        1
176
     1
 90
        4
176
     1
 62
     7
176
     1
 62
   257
176
     1
 90
        7
176
     1
 90
        7
176
     1
 40
1.0
176
     1
 90
        8
176
     1
 62
     7
176
     1
 40
1.0
176
     1
 90
        1
176
     1
 90
        6
176
     1
 90
        2
176
     1
 62
     7
176
     1
 90
        5
176
     1
 90
        0
176
     1
 90
        0
176
     1
290
     0
176
     1
 90
        1
176
     1
 40
0.0
176
     1
 90
        0
176
     1
290
     0
176
     1
290
     1
176
     1
290
     1
176
     1
290
     0
176
     1
290
     0
176
     1
290
     0
176
     1
290
     0
176
     1
290
     0
176
     1
290
     0
176
     1
 90
       50
176
     1
 40
0.0
176
     1
 40
1.0
176
     1
 90
        0
176
     1
 62
    18
420
        0
176
     1
 90
       50
176
     1
 90
        3
176
     1
 62
     5
420
      255
176
     1
290
     0
176
     1
 90
       50
176
     1
 90
       50
176
     1
 90
       50
176
     1
290
     0
176
     1
 90
       50
176
     1
 62
   256
176
     0
 40
1.0
176
     0
 90
        2
176
     1
  1
strokes_ogs.tif
176
     1
290
     0
176
     1
 40
1.0
176
     1
 40
1.0
176
     1
1001
ACAD
1000
AcDbSavedByObjectVersion
1070
     0
  0
VISUALSTYLE
  5
174
102
{ACAD_REACTORS
330
99
102
}
330
99
100
AcDbVisualStyle
  2
OverhangOff
 70
    21
177
     3
291
     1
 70
    58
 90
        2
176
     0
 90
        2
176
     0
 90
        0
176
     0
 90
        0
176
     0
 40
0.6
176
     0
 40
30.0
176
     0
 62
     7
420
 16777215
176
     0
 90
        1
176
     0
 90
        4
176
     0
 62
     7
176
     0
 62
   257
176
     0
 90
        1
176
     0
 90
        1
176
     0
 40
1.0
176
     0
 90
        9
176
     2
 62
     7
176
     0
 40
1.0
176
     0
 90
        1
176
     0
 90
        6
176
     0
 90
        2
176
     0
 62
     7
176
     0
 90
        5
176
     0
 90
        0
176
     0
 90
        0
176
     0
290
     0
176
     0
 90
        1
176
     0
 40
0.0
176
     0
 90
        0
176
     0
290
     0
176
     1
290
     1
176
     1
290
     1
176
     1
290
     0
176
     1
290
     0
176
     1
290
     0
176
     1
290
     0
176
     1
290
     0
176
     1
290
     0
176
     1
 90
       50
176
     1
 40
0.0
176
     1
 40
1.0
176
     1
 90
        0
176
     1
 62
    18
420
        0
176
     1
 90
       50
176
     1
 90
        3
176
     1
 62
     5
420
      255
176
     1
290
     0
176
     1
 90
       50
176
     1
 90
       50
176
     1
 90
       50
176
     1
290
     0
176
     1
 90
       50
176
     1
 62
   256
176
     0
 40
1.0
176
     0
 90
        2
176
     1
  1
strokes_ogs.tif
176
     1
290
     0
176
     1
 40
1.0
176
     1
 40
1.0
176
     1
1001
ACAD
1000
AcDbSavedByObjectVersion
1070
     0
  0
VISUALSTYLE
  5
A3
102
{ACAD_REACTORS
330
99
102
}
330
99
100
AcDbVisualStyle
  2
Realistic
 70
     8
177
     3
291
     0
 70
    58
 90
        2
176
     1
 90
        3
176
     1
 90
        0
176
     1
 90
        2
176
     1
 40
0.6
176
     1
 40
30.0
176
     1
 62
     7
420
 16777215
176
     1
 90
        0
176
     1
 90
        0
176
     1
 62
     7
176
     1
 62
   257
176
     1
 90
        1
176
     1
 90
        1
176
     1
 40
1.0
176
     1
 90
        8
176
     1
 62
   257
176
     1
 40
1.0
176
     1
 90
        1
176
     1
 90
        6
176
     1
 90
        2
176
     1
 62
     7
176
     1
 90
        3
176
     1
 90
        0
176
     1
 90
        0
176
     1
290
     0
176
     1
 90
       13
176
     1
 40
0.0
176
     1
 90
        0
176
     1
290
     0
176
     1
290
     1
176
     1
290
     1
176
     1
290
     0
176
     1
290
     0
176
     1
290
     0
176
     1
290
     0
176
     1
290
     0
176
     1
290
     0
176
     1
 90
       50
176
     1
 40
0.0
176
     1
 40
1.0
176
     1
 90
        0
176
     1
 62
    18
420
        0
176
     1
 90
       50
176
     1
 90
        3
176
     1
 62
     5
420
      255
176
     1
290
     0
176
     1
 90
       50
176
     1
 90
       50
176
     1
 90
       50
176
     1
290
     0
176
     1
 90
       50
176
     1
 62
   256
176
     0
 40
1.0
176
     0
 90
        2
176
     1
  1
strokes_ogs.tif
176
     1
290
     0
176
     1
 40
1.0
176
     1
 40
1.0
176
     1
1001
ACAD
1000
AcDbSavedByObjectVersion
1070
     0
  0
VISUALSTYLE
  5
182
102
{ACAD_REACTORS
330
99
102
}
330
99
100
AcDbVisualStyle
  2
Shaded
 70
    27
177
     3
291
     0
 70
    58
 90
        2
176
     1
 90
        2
176
     1
 90
        1
176
     1
 90
        2
176
     1
 40
0.6
176
     1
 40
30.0
176
     1
 62
     7
420
 16777215
176
     1
 90
        0
176
     1
 90
        4
176
     1
 62
     7
176
     1
 62
   257
176
     1
 90
        1
176
     1
 90
        1
176
     1
 40
1.0
176
     1
 90
        8
176
     1
 62
   257
176
     1
 40
1.0
176
     1
 90
        1
176
     1
 90
        6
176
     1
 90
        2
176
     1
 62
     8
420
  7895160
176
     1
 90
        3
176
     1
 90
        0
176
     1
 90
        0
176
     1
290
     0
176
     1
 90
        5
176
     1
 40
0.0
176
     1
 90
        0
176
     1
290
     0
176
     1
290
     1
176
     1
290
     1
176
     1
290
     0
176
     1
290
     0
176
     1
290
     0
176
     1
290
     0
176
     1
290
     0
176
     1
290
     0
176
     1
 90
       50
176
     1
 40
0.0
176
     1
 40
1.0
176
     1
 90
        0
176
     1
 62
    18
420
        0
176
     1
 90
       50
176
     1
 90
        3
176
     1
 62
     5
420
      255
176
     1
290
     0
176
     1
 90
       50
176
     1
 90
       50
176
     1
 90
       50
176
     1
290
     0
176
     1
 90
       50
176
     1
 62
   256
176
     0
 40
1.0
176
     0
 90
        2
176
     1
  1
strokes_ogs.tif
176
     1
290
     0
176
     1
 40
1.0
176
     1
 40
1.0
176
     1
1001
ACAD
1000
AcDbSavedByObjectVersion
1070
     0
  0
VISUALSTYLE
  5
181
102
{ACAD_REACTORS
330
99
102
}
330
99
100
AcDbVisualStyle
  2
Shaded with edges
 70
    26
177
     3
291
     0
 70
    58
 90
        2
176
     1
 90
        2
176
     1
 90
        1
176
     1
 90
        2
176
     1
 40
0.6
176
     1
 40
30.0
176
     1
 62
     7
420
 16777215
176
     1
 90
        1
176
     1
 90
        2
176
     1
 62
     7
176
     1
 62
   257
176
     1
 90
        2
176
     1
 90
        1
176
     1
 40
1.0
176
     1
 90
        8
176
     1
 62
   257
176
     1
 40
1.0
176
     1
 90
        1
176
     1
 90
        6
176
     1
 90
        2
176
     1
 62
     7
176
     1
 90
        3
176
     1
 90
        0
176
     1
 90
        0
176
     1
290
     0
176
     1
 90
        5
176
     1
 40
0.0
176
     1
 90
        0
176
     1
290
     0
176
     1
290
     1
176
     1
290
     1
176
     1
290
     0
176
     1
290
     0
176
     1
290
     0
176
     1
290
     0
176
     1
290
     0
176
     1
290
     0
176
     1
 90
       50
176
     1
 40
0.0
176
     1
 40
1.0
176
     1
 90
        0
176
     1
 62
    18
420
        0
176
     1
 90
       50
176
     1
 90
        3
176
     1
 62
     5
420
      255
176
     1
290
     0
176
     1
 90
       50
176
     1
 90
       50
176
     1
 90
       50
176
     1
290
     0
176
     1
 90
       50
176
     1
 62
   256
176
     0
 40
1.0
176
     0
 90
        2
176
     1
  1
strokes_ogs.tif
176
     1
290
     0
176
     1
 40
1.0
176
     1
 40
1.0
176
     1
1001
ACAD
1000
AcDbSavedByObjectVersion
1070
     0
  0
VISUALSTYLE
  5
17E
102
{ACAD_REACTORS
330
99
102
}
330
99
100
AcDbVisualStyle
  2
Shades of Gray
 70
    23
177
     3
291
     0
 70
    58
 90
        2
176
     1
 90
        2
176
     1
 90
        3
176
     1
 90
        0
176
     1
 40
0.6
176
     1
 40
30.0
176
     1
 62
     7
420
 16777215
176
     1
 90
        2
176
     1
 90
        2
176
     1
 62
     7
176
     1
 62
     7
176
     1
 90
        1
176
     1
 90
        1
176
     1
 40
40.0
176
     1
 90
        8
176
     1
 62
     7
176
     1
 40
1.0
176
     1
 90
        1
176
     1
 90
        6
176
     1
 90
        2
176
     1
 62
     7
176
     1
 90
        3
176
     1
 90
        0
176
     1
 90
        0
176
     1
290
     0
176
     1
 90
        1
176
     1
 40
0.0
176
     1
 90
        0
176
     1
290
     0
176
     1
290
     1
176
     1
290
     1
176
     1
290
     0
176
     1
290
     0
176
     1
290
     0
176
     1
290
     0
176
     1
290
     0
176
     1
290
     0
176
     1
 90
       50
176
     1
 40
0.0
176
     1
 40
1.0
176
     1
 90
        0
176
     1
 62
    18
420
        0
176
     1
 90
       50
176
     1
 90
        3
176
     1
 62
     5
420
      255
176
     1
290
     0
176
     1
 90
       50
176
     1
 90
       50
176
     1
 90
       50
176
     1
290
     0
176
     1
 90
       50
176
     1
 62
   256
176
     0
 40
1.0
176
     0
 90
        2
176
     1
  1
strokes_ogs.tif
176
     1
290
     0
176
     1
 40
1.0
176
     1
 40
1.0
176
     1
1001
ACAD
1000
AcDbSavedByObjectVersion
1070
     0
  0
VISUALSTYLE
  5
17F
102
{ACAD_REACTORS
330
99
102
}
330
99
100
AcDbVisualStyle
  2
Sketchy
 70
    24
177
     3
291
     0
 70
    58
 90
        1
176
     1
 90
        2
176
     1
 90
        2
176
     1
 90
        0
176
     1
 40
0.6
176
     1
 40
30.0
176
     1
 62
     7
420
 16777215
176
     1
 90
        2
176
     1
 90
        2
176
     1
 62
     7
176
     1
 62
     7
176
     1
 90
        1
176
     1
 90
        1
176
     1
 40
40.0
176
     1
 90
       11
176
     1
 62
     7
176
     1
 40
1.0
176
     1
 90
        1
176
     1
 90
        6
176
     1
 90
        2
176
     1
 62
     7
176
     1
 90
        6
176
     1
 90
        0
176
     1
 90
        0
176
     1
290
     0
176
     1
 90
        1
176
     1
 40
0.0
176
     1
 90
        0
176
     1
290
     0
176
     1
290
     1
176
     1
290
     1
176
     1
290
     0
176
     1
290
     0
176
     1
290
     0
176
     1
290
     0
176
     1
290
     0
176
     1
290
     0
176
     1
 90
       50
176
     1
 40
0.0
176
     1
 40
1.0
176
     1
 90
        0
176
     1
 62
    18
420
        0
176
     1
 90
       50
176
     1
 90
        3
176
     1
 62
     5
420
      255
176
     1
290
     0
176
     1
 90
       50
176
     1
 90
       50
176
     1
 90
       50
176
     1
290
     0
176
     1
 90
       50
176
     1
 62
   256
176
     0
 40
1.0
176
     0
 90
        2
176
     1
  1
strokes_ogs.tif
176
     1
290
     0
176
     1
 40
1.0
176
     1
 40
1.0
176
     1
1001
ACAD
1000
AcDbSavedByObjectVersion
1070
     0
  0
VISUALSTYLE
  5
A6
102
{ACAD_REACTORS
330
99
102
}
330
99
100
AcDbVisualStyle
  2
Thicken
 70
    13
177
     3
291
     1
 70
    58
 90
        2
176
     1
 90
        2
176
     1
 90
        1
176
     1
 90
        0
176
     1
 40
0.6
176
     1
 40
30.0
176
     1
 62
     7
420
 16777215
176
     1
 90
        1
176
     1
 90
        4
176
     1
 62
     7
176
     1
 62
   257
176
     1
 90
        1
176
     1
 90
        1
176
     1
 40
1.0
176
     1
 90
       12
176
     1
 62
     7
176
     1
 40
1.0
176
     1
 90
        1
176
     1
 90
        6
176
     1
 90
        2
176
     1
 62
     7
176
     1
 90
        5
176
     1
 90
        0
176
     1
 90
        0
176
     1
290
     0
176
     1
 90
        1
176
     1
 40
0.0
176
     1
 90
        0
176
     1
290
     0
176
     1
290
     1
176
     1
290
     1
176
     1
290
     0
176
     1
290
     0
176
     1
290
     0
176
     1
290
     0
176
     1
290
     0
176
     1
290
     0
176
     1
 90
       50
176
     1
 40
0.0
176
     1
 40
1.0
176
     1
 90
        0
176
     1
 62
    18
420
        0
176
     1
 90
       50
176
     1
 90
        3
176
     1
 62
     5
420
      255
176
     1
290
     0
176
     1
 90
       50
176
     1
 90
       50
176
     1
 90
       50
176
     1
290
     0
176
     1
 90
       50
176
     1
 62
   256
176
     0
 40
1.0
176
     0
 90
        2
176
     1
  1
strokes_ogs.tif
176
     1
290
     0
176
     1
 40
1.0
176
     1
 40
1.0
176
     1
1001
ACAD
1000
AcDbSavedByObjectVersion
1070
     0
  0
VISUALSTYLE
  5
A0
102
{ACAD_REACTORS
330
99
102
}
330
99
100
AcDbVisualStyle
  2
Wireframe
 70
     5
177
     3
291
     0
 70
    58
 90
        0
176
     1
 90
        2
176
     1
 90
        0
176
     1
 90
        0
176
     1
 40
0.6
176
     1
 40
30.0
176
     1
 62
     7
420
 16777215
176
     1
 90
        1
176
     1
 90
        4
176
     1
 62
     7
176
     1
 62
   257
176
     1
 90
        1
176
     1
 90
        1
176
     1
 40
1.0
176
     1
 90
        0
176
     1
 62
   257
176
     1
 40
1.0
176
     1
 90
        1
176
     1
 90
        6
176
     1
 90
        2
176
     1
 62
     7
176
     1
 90
        3
176
     1
 90
        0
176
     1
 90
        0
176
     1
290
     0
176
     1
 90
        1
176
     1
 40
0.0
176
     1
 90
        0
176
     1
290
     0
176
     1
290
     1
176
     1
290
     1
176
     1
290
     0
176
     1
290
     0
176
     1
290
     0
176
     1
290
     0
176
     1
290
     0
176
     1
290
     0
176
     1
 90
       50
176
     1
 40
0.0
176
     1
 40
1.0
176
     1
 90
        0
176
     1
 62
    18
420
        0
176
     1
 90
       50
176
     1
 90
        3
176
     1
 62
     5
420
      255
176
     1
290
     0
176
     1
 90
       50
176
     1
 90
       50
176
     1
 90
       50
176
     1
290
     0
176
     1
 90
       50
176
     1
 62
   256
176
     0
 40
1.0
176
     0
 90
        2
176
     1
  1
strokes_ogs.tif
176
     1
290
     0
176
     1
 40
1.0
176
     1
 40
1.0
176
     1
1001
ACAD
1000
AcDbSavedByObjectVersion
1070
     0
  0
VISUALSTYLE
  5
180
102
{ACAD_REACTORS
330
99
102
}
330
99
100
AcDbVisualStyle
  2
X-Ray
 70
    25
177
     3
291
     0
 70
    58
 90
        2
176
     1
 90
        2
176
     1
 90
        1
176
     1
 90
        1
176
     1
 40
0.5
176
     1
 40
30.0
176
     1
 62
     7
420
 16777215
176
     1
 90
        1
176
     1
 90
        0
176
     1
 62
     7
176
     1
 62
   257
176
     1
 90
        1
176
     1
 90
        1
176
     1
 40
1.0
176
     1
 90
        8
176
     1
 62
     7
176
     1
 40
1.0
176
     1
 90
        1
176
     1
 90
        6
176
     1
 90
        2
176
     1
 62
     7
176
     1
 90
        3
176
     1
 90
        0
176
     1
 90
        0
176
     1
290
     0
176
     1
 90
       13
176
     1
 40
0.0
176
     1
 90
        0
176
     1
290
     0
176
     1
290
     1
176
     1
290
     1
176
     1
290
     0
176
     1
290
     0
176
     1
290
     0
176
     1
290
     0
176
     1
290
     0
176
     1
290
     0
176
     1
 90
       50
176
     1
 40
0.0
176
     1
 40
1.0
176
     1
 90
        0
176
     1
 62
    18
420
        0
176
     1
 90
       50
176
     1
 90
        3
176
     1
 62
     5
420
      255
176
     1
290
     0
176
     1
 90
       50
176
     1
 90
       50
176
     1
 90
       50
176
     1
290
     0
176
     1
 90
       50
176
     1
 62
   256
176
     0
 40
1.0
176
     0
 90
        2
176
     1
  1
strokes_ogs.tif
176
     1
290
     0
176
     1
 40
1.0
176
     1
 40
1.0
176
     1
1001
ACAD
1000
AcDbSavedByObjectVersion
1070
     0
  0
DICTIONARYVAR
  5
F0
102
{ACAD_REACTORS
330
66
102
}
330
66
100
DictionaryVariables
280
     0
  1
1:1
  0
DICTIONARYVAR
  5
EF
102
{ACAD_REACTORS
330
66
102
}
330
66
100
DictionaryVariables
280
     0
  1
STANDARD
  0
DICTIONARYVAR
  5
89
102
{ACAD_REACTORS
330
66
102
}
330
66
100
DictionaryVariables
280
     0
  1
STANDARD
  0
DICTIONARYVAR
  5
1B7
102
{ACAD_REACTORS
330
66
102
}
330
66
100
DictionaryVariables
280
     0
  1
Imperial24
  0
DICTIONARYVAR
  5
1B8
102
{ACAD_REACTORS
330
66
102
}
330
66
100
DictionaryVariables
280
     0
  1
Imperial24
  0
DICTIONARYVAR
  5
67
102
{ACAD_REACTORS
330
66
102
}
330
66
100
DictionaryVariables
280
     0
  1
2
  0
DICTIONARYVAR
  5
6B
102
{ACAD_REACTORS
330
66
102
}
330
66
100
DictionaryVariables
280
     0
  1
1
  0
DICTIONARYVAR
  5
14D
102
{ACAD_REACTORS
330
66
102
}
330
66
100
DictionaryVariables
280
     0
  1
0
  0
DICTIONARYVAR
  5
14E
102
{ACAD_REACTORS
330
66
102
}
330
66
100
DictionaryVariables
280
     0
  1
0
  0
DICTIONARY
  5
2831
102
{ACAD_REACTORS
330
282F
102
}
330
282F
100
AcDbDictionary
281
     1
  0
DICTIONARY
  5
2830
102
{ACAD_REACTORS
330
282F
102
}
330
282F
100
AcDbDictionary
281
     1
  3
600336928
350
282A
  3
600336944
350
282B
  3
600336960
350
282C
  3
600336976
350
282D
  3
600336992
350
282E
  0
DICTIONARY
  5
2834
330
1AC
100
AcDbDictionary
280
     1
281
     1
  3
ACAD_XREC_ROUNDTRIP
360
2835
  0
DICTIONARY
  5
194
330
22
100
AcDbDictionary
280
     1
281
     1
  0
DICTIONARY
  5
188
330
97
100
AcDbDictionary
280
     1
281
     1
  3
FBXASSET
360
189
  0
DICTIONARY
  5
186
330
96
100
AcDbDictionary
280
     1
281
     1
  3
FBXASSET
360
187
  0
DICTIONARY
  5
110
330
98
100
AcDbDictionary
280
     1
281
     1
  3
BUMPTILE
360
112
  3
DIFFUSETILE
360
111
  3
FBXASSET
360
18A
  3
OPACITYTILE
360
113
  3
REFLECTIONTILE
360
114
  0
DICTIONARY
  5
2832
330
1AA
100
AcDbDictionary
280
     1
281
     1
  3
ACAD_XREC_ROUNDTRIP
360
2833
  0
DICTIONARY
  5
104
330
87
100
AcDbDictionary
280
     1
281
     1
  3
ACAD_ROUNDTRIP_2008_TABLESTYLE_CELLSTYLEMAP
360
2828
  0
XRECORD
  5
282A
102
{ACAD_REACTORS
330
2830
102
}
330
2830
100
AcDbXrecord
280
     1
  1
AcDb_Thumbnail_Schema
102
{ATTRRECORD
341
282B
  2
AcDbDs::TreatedAsObjectData
280
     1
291
     1
102
ATTRRECORD}
102
{ATTRRECORD
341
282C
  2
AcDbDs::Legacy
280
     1
291
     1
102
ATTRRECORD}
  2
AcDbDs::ID
280
    10
 91
        8
102
{ATTRRECORD
341
282D
  2
AcDs:Indexable
280
     1
291
     1
102
ATTRRECORD}
102
{ATTRRECORD
341
282E
  2
AcDbDs::HandleAttribute
280
     7
282
     1
102
ATTRRECORD}
  2
Thumbnail_Data
280
    15
 91
        0
  0
XRECORD
  5
282B
102
{ACAD_REACTORS
330
2830
102
}
330
2830
100
AcDbXrecord
280
     1
  1
AcDbDs::TreatedAsObjectDataSchema
  2
AcDbDs::TreatedAsObjectData
280
     1
 91
        0
  0
XRECORD
  5
282C
102
{ACAD_REACTORS
330
2830
102
}
330
2830
100
AcDbXrecord
280
     1
  1
AcDbDs::LegacySchema
  2
AcDbDs::Legacy
280
     1
 91
        0
  0
XRECORD
  5
282D
102
{ACAD_REACTORS
330
2830
102
}
330
2830
100
AcDbXrecord
280
     1
  1
AcDbDs::IndexedPropertySchema
  2
AcDs:Indexable
280
     1
 91
        0
  0
XRECORD
  5
282E
102
{ACAD_REACTORS
330
2830
102
}
330
2830
100
AcDbXrecord
280
     1
  1
AcDbDs::HandleAttributeSchema
  2
AcDbDs::HandleAttribute
280
     7
 91
        1
284
     1
  0
XRECORD
  5
2835
102
{ACAD_REACTORS
330
2834
102
}
330
2834
100
AcDbXrecord
280
     1
102
DISPLAYNAME
  1
Imperial24
102
FLAGS
 90
        0
  0
XRECORD
  5
189
102
{ACAD_REACTORS
330
188
102
}
330
188
100
AcDbXrecord
280
     1
 70
     1
 90
429727718
  1
508B35C9-AEE7-456F-BE74-D52651303AC6
310
504B03040A0000080000B670623B3DEE336E79000000790000001B0000006175746F6465736B2D64657369676E2D7061636B6167652E786D6C3C3F786D6C2076657273696F6E3D22312E302220656E636F64696E673D227574662D3822203F3E3C666F726D6174733E3C666F726D61743E687474703A2F2F736368656D612E
310
6175746F6465736B2E636F6D2F64657369676E2D7061636B6167652F323030393C2F666F726D61743E3C2F666F726D6174733E504B0304140006080800B670623BD486FD9CA0000000F4000000130000005B436F6E74656E745F54797065735D2E786D6C7D8EC10E82300C865F65E91D8A1E8C310C0EEA1BF002731658846E
310
D98AC1B77784ABF1D8FE5FBFBF75BBCE937A534CCEB38643598122B6FEE978D0B0485F9C41B54DDD7D022595594E1A469170414C76A4D9A4D207E29CF43ECE46F218070CC6BECC4078ACAA135ACF422C856C0E68EA1BF5669944DDD7BCDE7B1F8E415D77AECB980613C2E4AC91FC167A2B244592486606FC29C8FD7F045B9A
310
EF7053A7E60B504B0304140006080800B670623B28ED286BEB0000007C01000008000000636F72652E786D6C8D90416EC3201045AF82665B6183218D6D61A254764FD00B204C5C94182C03558F5F9C3852BBEB6A467FFE9B197D71FA9E6FE8CBACC17AD7012D0820E3B41FAD9B3A48F1826B40272956EFE32F1B20A766D3C1
310
268314D3EAD3B24BDABB685CCCAAF3A3D94515828980F42D371D04FD696655A814B3235C8B45E9AB9A4C419F5D8653B2237A1CB163DE672FD6AC209BF3C08E0D1B30EB19C3FC9D72FCC6EB231EFA33EDE96BDD341517E5064B11EDFCBCAF57A3A2194156843498524CAA0FCA5B7268F9E185D42D21A2DCEC7FA0B48CFF8492
310
759155FBBB0F2C80A4F991FB408A72CB22977B50B96EB9C91F504B0304140006080800B670623B55019EA25F0000007C00000007000000636E782E786D6C4DCB3B0E80201045D1AD90E915ED2CF8AC45050C11660C8261F98AB1B07AC9C97D42D718D865D3E909258CFD00CCE24AC6E326A164D74DC0B4128928FF32603847
310
2BA13128B1252AC747C6BAB984FC68F0B87FE8960A5C09FE86CFB69FBA01504B0304140006080800B670623B7BC41AC871010000D40300000C0000006662782F636F72652E786D6CC553ED6E8320147D15C2DF4501B56B6D90A64BBB27D80B50A5CE54C120983EFEAE1F4DD7A56BBA5FF3879273EEE59E7310BE393735EA95
310
ED2AA333CC428A91D2B9292A5D66D8BB63B0C26823B835C67D2BC348CB46657880B1E0A535BE9DA1DC68A7B403549B42CDA0EC3AE530CA6B5864B8CB3F552343E91D5474A7B095F949962A6421D0502778E72C0840D390E18DC5F170E664C205F7BE2A66B62A605A75AC94C522DDEEE3651AEF837817C741F2CE92E02D592D
310
83FD6ECB76EC7595A651C2C9D02CB8AB9A8BBADC2AE954814544691A3016D0E883256BBA58278B17BA5A53CAC9507ED3E4DBE2C9265F691747B3DCA9ADC382819091F8E1162272A8933DE82182932144F88C09DF060D8140C84E1EEA8B8F1340BDCA9DB1093085F157AA97B557309586747CD0EF0B4EA64E983A6E0EAEEFCE
310
889E9EF17847386AA94B30211D2C0FDE0D3AF9A4610EAD5536E8DD1969631B593F67E381C33F5157F17725E5A636F6BF1491F980C8FC7B90E13E8A2F504B0304140006080800B670623B70102A487D0000009D0000000B0000006662782F636E782E786D6C4DCCD10A83201886E15B91FFDC95A5C30335ACCDFB886521330D
310
A76397BF1A1DECE883878F57749FD5A3B74D2F17830472A901D9F088930B8B849267CC01754AA418F3DF0D5018572BE160506249B16C274D761E8BCFBB7A179E27F65CB39A0F14D396184C9921B81F34C3ACA1B4B99ABB6E6F062A25AA5F69DF23ACBE504B0304140006080800B670623B3610CA3329010000120200003100
310
00006662782F42384135303843342D343331462D343546312D424341352D3532343432364645413344462F636F72652E786D6C8D515B6EC32010BC0AE22B55850D0E446E848992B43E412FE000495162B07854397EA176A4F62F3F2C9A9D991D58BEBB8F37F0AD7D30CE76905418026DA553C65E3A98E219B510EC04F7CEC5
310
3F3408EC30EA0E16180A7EF12E4D0B249D8DDAC68C5AA7F4020E21E80881BCE54B0783FCD2E3500D296646B856D320AFC34557A4CAEDCC133C449F0380794839A138B47B86DB2345744D7A44594FD0E1B867883594369BFE63BF7EEF793D0B054FC9A8456E548E63CE46FB674D8A58F068C6477CE9F510B582A2C1F80D1182
310
70F349E816B32D65AFB8DD62CCEB42FF274A937A52948C8DEB66893BCB021484D7734370E5D2E9F608A3EF93F3119479ABA0E50B14B8C298119A43CCC4FCFCECB8A18B6388CEE7EF5D5D4F994BD86CBBA182D76543B9FCAE2FD7B24DF103504B0304140006080800B670623B1B8617914E0100003303000030000000666278
310
2F42384135303843342D343331462D343546312D424341352D3532343432364645413344462F636E782E786D6CD593C16EC32010447F0571AD6CE3D489D20813A9877E410FBD62D82434182CC055F3F75D1292E692438FBD206B7698593D61BEFD1E2DF982108D773D6D6B460938E5B571FB9ECE6957AD29D90A1EBC4F7736
310
4A9C1CA1A759A682EF839FA72269D8C9D92654AD71C72206887E0E0A22CAF926B15E498B01E0AA19451807D01A34B919F16B070157417138917400F2F6FA41FCF0092A45DEE414C19BDC21783E4BD39D891265658C3D8DEA00A3ACE59CBC8678ACB54CB26EEB6BD7839D7E9348BE70AD9C8321B9BCA7F9A4A26C542347DEE0
310
50F09802D22BA6749A800A394DD62899107273365E3C82CFC6A55557BC06C10774B7ABE7AEC3B0F34CF06446280E154026D0542C187BA9DAB6628BF7B6DBB0E5A65B3EB1F58631DE64BBE083F7B65CC218087E22CABB042E51D1F2268F1FE12B3EA24D40D63E9CFE00120194D60B9D5BC67FE6D39CDF37E20AF817881F504B
310
0304140006080800B670623BBFEF2E3B690500003C100000340000006662782F42384135303843342D343331462D343546312D424341352D3532343432364645413344462F6F626A656374732E786D6CAD575D739B3814FD2B0CFB0C98D84E931D4227B6938EA793B6534F3BFB90198F0099B001899144EAECAFDF231018B0
310
D37A3FFC609090EEE7B94757C1FB7D915B2F54C88CB31BDB7727B64559CC938CA53776A576CE956DBD0F03C1B9EA2DB32D460A7A63EB693B0C52C1ABD24C257447AA5C8D66EF177F5832A68CDA569C13296F6C193FD182B8A4523CA1F2D94D88226EBADBBBBEDB2C1C8A4D05299F46424B222853B014F30C52ACC6287F389C
310
D85E1878FA7B18E87FB36AFAF62AAFF667A83F635211161F291B8999FAB3D5DDC5FCDA99CF6653677679E13B8BFBC5CAF1DF4D27CBCBE5F2FAF6EE1A8AA51290642C117467871F101B91C581D77CEA2C36869F3229E68CD1B8F61F1ED6361B89092D294B90C78C4A68EB793D190E7D1D9BDEE7A91E1B95FDE9F3BCEAEFE809
310
6A6D6F9F7D4B79F4275C90E7A04248AA51D5C4C738DAE06F72885AC4796EBE65D22A88A22223B995679120E2D50EB1542F098381188D4EA111AE3DB043FF20AF6F2B4AE3D7D83D65E5AECA730D4D3BAC91BD05FEA992B565D95F549CD6069B90AB2A63EACA38A45E4B6A87D781574F86817E4C2FCCC72690D62E2729520E37
310
9BAF234797BAF6D62B3BFC781FED37BA1E4F2B2F052FA9501A3E80569BB8F6A9A364D4FA67654E6F803383981F82F21591FF84F23D9882BC896C3FDBCF8C162508933B2E0AE4C69DD43F6BD2BE38DDDBF10BF86CB4FA784D37F3AF16075E67EC9030DECA1FC0A55373F5DFF3378C591FA9BDF485C10B0A8C8BA909E5262639
310
A8E72163488806A595734C81CB77D1DE0ED7604A303B76913CEC0272F412782FF88EFF4636D8AA56DF7B322474C4B767303F625997056C7B032C473C592B36CEBD15F3F9FF5233B7ABCDC74D257624A60F8658567497B14CE1EC3C80B76FD02011038F9EE9EB0F2E12387A9C844D3F09855125116D1D731DF8B43D2CF4E0A0
310
79A020C6BE946BCE0B7EA1E1219331CD73C228AF5A2DDD31A4B1DA918CE91350854D40A71723140BFA92E94E62B0626016CEFA5864A50E5977E8753CEDBEE1CBB7F52780D20E17AF0BA0F5F9B02A3AD07DCC732EB6D1EBB661421BE0C39E21BABF0FE16D22EA6929407C8DE596724C88B749B6DB5512BC7B228ADFD7CB7EA6
310
3A22397E690BA8D5D8D4E40CEC8CDA23C2C0B7D5898640101CEC9C6D331CE328CB93CAFBBAC70A642DF70DF95155945B52F08AA973C23469FD69ADEF84F7BB18F983A8F8C90E37F5D35980B2139A1C523540813E824EF83448CF7C72B598CE97D7CEEDDDDD3B6736BFBC771677EF66CE6A7E7139F7A793E9EDF2B2B3A8B624
310
0CDA13AA5F8388264EC4A0129909F3B7F5A16CEDF08128E97D680ACA4B9BE7B7B58BB638F0B00700EF36AE8B32A705658A68F83EE897FC2B41573190D1CCAF0B92D233A47CFEB019D9809933F67DD1A5467F8CF69AD9A5AE859342D45355448C64F968A371DC2D596ADC6E43D93D1B466F877A64E2893E54F23C4B40388995
310
525E5005DA3983ED45412510D3EFCA13737B3863F74BD30F2A12E5B4B5E489A025CE25500DB855B11ACE5BBFA185D35DD48D8DC3CE7DC69F2944DB42AA6F6CF09BCA622ADD08C7A36E7C6AE18000BAB08E040135C2D21C9D75B3A91B77BB746C403F38018DFE6EC939DD92F16B40BC05294B9CDA035AAD6D330AE27FE4786B
310
8E45145EA34A75BE1C263A676A35A8ACC6297337400BF16C54EF515F3F77CB77EB3583889C754FFA29081AA98E2222ADEF05DA3E63D2EDEA8B8756C05A7FB6CABC4A91CBF325398202CC952E70A008A830324BA200D5E5EF8F5F04C75DB4B0EE3340E071C98B823333B83577596BF3849B69F2085AA0FAFA212F26BEFF5877
310
FDE622B28D88A42E49E43326DA82D31E8CB006401E1DA726059ECEC168F97A6599036306A135688F9AD2E61A6EA178F4CD51974A9F2CCB9F36FE5EBD14601068D9C3BF01504B0304140006080000B670623B000000000000000000000000350000006662782F42384135303843342D343331462D343546312D424341352D35
310
32343432364645413344462F76657274696365732E62696E504B0304140006080800B670623BF270F1330600000004000000360000006662782F42384135303843342D343331462D343546312D424341352D3532343432364645413344462F747269616E676C65732E62696E636660600000504B0304140006080000B67062
310
3B000000000000000000000000370000006662782F42384135303843342D343331462D343546312D424341352D3532343432364645413344462F617474726962757465732E62696E504B0304140006080800B670623B08DA0BD19000000041010000360000006662782F42384135303843342D343331462D343546312D4243
310
41352D3532343432364645413344462F6469726563746F72792E786D6C858F410AC3201045AF22B36F53E9A60B35CBEEBAE80D244E44489C6234F4F835464A48035D0DF398FF9F8AF63D0E6CC63039F212F8F9020C7D47C6792B21C5FE7403D62A1188E2E60C98D7234A5830286103A55745067B9D86B8A3CF9C7F90C11DE6
310
07FB144396D7B6A82D282E9A152AD114D5EF2CB866EEE831B8EEA07A7BB5A8D7D61A2BAAEB7FD5F70921FF497D00504B0304140006080800B670623B3B4606F3FE000000A00100003B0000006662782F42384135303843342D343331462D343546312D424341352D3532343432364645413344462F7265736F75726365732F
310
636F72652E786D6C8D504B6E833010BD0A9A6D65B08134808CA354A427E8052C332156828DFCA97AFC9A40A576D7CDCCE87D344F8F9FBEE647F689CE6B6B7A6039850C8DB2A336530F315C4903D94970676DF82583CCC8197B5861107C72362E3BA4AC096842428D1D7107A5F71820538F74F4E0D50D6799CB1892C2DFF345
310
AABB9C306779A2934E701F5C0A906D4FD609C2A1B7D129F4BCD858C163D4E3AED163FAA9AF1A1D88F67CA98E6D35906AA82A52BFB39ABCD5CD915C86331BD86BD3B665CD8BD52C78D0F34F46E550061C419494B6843142CB0F5677F4D0D58717DA7494F26295FF31C565FCA7296A13AA728FBBD93C0896823C09C18BB5AFB4
310
9E65A6BD762BBE01504B010214000A0000080000B670623B3DEE336E79000000790000001B00000000000000000000000000000000006175746F6465736B2D64657369676E2D7061636B6167652E786D6C504B01021400140006080800B670623BD486FD9CA0000000F40000001300000000000000000000000000B2000000
310
5B436F6E74656E745F54797065735D2E786D6C504B01021400140006080800B670623B28ED286BEB0000007C010000080000000000000000000000000083010000636F72652E786D6C504B01021400140006080800B670623B55019EA25F0000007C000000070000000000000000000000000094020000636E782E786D6C50
310
4B01021400140006080800B670623B7BC41AC871010000D40300000C00000000000000000000000000180300006662782F636F72652E786D6C504B01021400140006080800B670623B70102A487D0000009D0000000B00000000000000000000000000B30400006662782F636E782E786D6C504B01021400140006080800B6
310
70623B3610CA3329010000120200003100000000000000000000000000590500006662782F42384135303843342D343331462D343546312D424341352D3532343432364645413344462F636F72652E786D6C504B01021400140006080800B670623B1B8617914E010000330300003000000000000000000000000000D10600
310
006662782F42384135303843342D343331462D343546312D424341352D3532343432364645413344462F636E782E786D6C504B01021400140006080800B670623BBFEF2E3B690500003C10000034000000000000000000000000006D0800006662782F42384135303843342D343331462D343546312D424341352D35323434
310
32364645413344462F6F626A656374732E786D6C504B01021400140006080000B670623B0000000000000000000000003500000000000000000000000000280E00006662782F42384135303843342D343331462D343546312D424341352D3532343432364645413344462F76657274696365732E62696E504B010214001400
310
06080800B670623BF270F133060000000400000036000000000000000000000000007B0E00006662782F42384135303843342D343331462D343546312D424341352D3532343432364645413344462F747269616E676C65732E62696E504B01021400140006080000B670623B00000000000000000000000037000000000000
310
00000000000000D50E00006662782F42384135303843342D343331462D343546312D424341352D3532343432364645413344462F617474726962757465732E62696E504B01021400140006080800B670623B08DA0BD1900000004101000036000000000000000000000000002A0F00006662782F42384135303843342D3433
310
31462D343546312D424341352D3532343432364645413344462F6469726563746F72792E786D6C504B01021400140006080800B670623B3B4606F3FE000000A00100003B000000000000000000000000000E1000006662782F42384135303843342D343331462D343546312D424341352D3532343432364645413344462F72
310
65736F75726365732F636F72652E786D6C504B0506000000000E000E0080040000651100000000
  0
XRECORD
  5
187
102
{ACAD_REACTORS
330
186
102
}
330
186
100
AcDbXrecord
280
     1
 70
     1
 90
429727718
  1
887D55A9-D0DD-414E-B741-A7DCD4DA2B4C
310
504B03040A0000080000B670623B3DEE336E79000000790000001B0000006175746F6465736B2D64657369676E2D7061636B6167652E786D6C3C3F786D6C2076657273696F6E3D22312E302220656E636F64696E673D227574662D3822203F3E3C666F726D6174733E3C666F726D61743E687474703A2F2F736368656D612E
310
6175746F6465736B2E636F6D2F64657369676E2D7061636B6167652F323030393C2F666F726D61743E3C2F666F726D6174733E504B0304140006080800B670623BD486FD9CA0000000F4000000130000005B436F6E74656E745F54797065735D2E786D6C7D8EC10E82300C865F65E91D8A1E8C310C0EEA1BF002731658846E
310
D98AC1B77784ABF1D8FE5FBFBF75BBCE937A534CCEB38643598122B6FEE978D0B0485F9C41B54DDD7D022595594E1A469170414C76A4D9A4D207E29CF43ECE46F218070CC6BECC4078ACAA135ACF422C856C0E68EA1BF5669944DDD7BCDE7B1F8E415D77AECB980613C2E4AC91FC167A2B244592486606FC29C8FD7F045B9A
310
EF7053A7E60B504B0304140006080800B670623BBC1638F5EC0000007C01000008000000636F72652E786D6C8D90416EC3201045AF82665B61836BE2D8C24471DB9CA01740401C94182C03558F5F9C3852BBEB6A467FFE9B197D7EF89E6EE8CB2CC17AD7032D0820E394D7D68D3DA478C67B4007C117EFE32F1B202727D3C3
310
2A83E0E3E2D3BC49CABB685CCCAAF3DA6CA20CC14440EA969B1E82BA98491632C5EC08D76296EA2A4753D06797E194AC468F2356E77DF66CCD02825543D50CACC62D39ED70FDC68EB8FD68F6F8787A6784342D1DDA1D2F5758F068A7E77DB518198D065111D2624A31A93E69DD11D6D5EC85EC3B4278B9DAFF4069D6FF8492
310
75F1B5DADE7D600104CD8FDC0782976B16B9DC83CA75CD4DFC00504B0304140006080800B670623B55019EA25F0000007C00000007000000636E782E786D6C4DCB3B0E80201045D1AD90E915ED2CF8AC45050C11660C8261F98AB1B07AC9C97D42D718D865D3E909258CFD00CCE24AC6E326A164D74DC0B4128928FF326038
310
472BA13128B1252AC747C6BAB984FC68F0B87FE8960A5C09FE86CFB69FBA01504B0304140006080800B670623B3586FFB671010000D40300000C0000006662782F636F72652E786D6CC553ED6E8320147D15C2DF4541A76D6D90A6DDD627D80B50A4CE54C120983EFEAE1F4DD7A55BBA5FF3879273EEE59E7310B6393735EA
310
95ED2AA3731C851423A5A5292A5DE6D8BB63B0C268C39935C67D29C3488B46E578803167A535BE9D2169B453DA01AA4DA16650749D7218C91A1639EEE4876A4428BC838AEE14B6429E44A9C228041AEA38EB9C0501681A32BC313F1ECE8C4C3867DE57C5CC56054CAB8E95B298A7F12E5EEED224C8E87E11242FE936C8DE96
310
AB60BB7F4D295D66D12E5B30323473E6AAE6A24E5A259C2A308F29CD82280A68FC1E256B9AAE93F489AED694323294DF34F9B678B0C957DA3DC7B3DCA9ADC33C022123F1CD2D44E450277AD04338234388F01913BE0D1A0281909D38D4171F27807A259DB1093085F157AA17B557309586747CD0CF0B46A64E983A6E0EAEEF
310
CE881F9EF1FB8E70D44297604238581EBC1B74B249C31C5AAB6CD0BB33D2C636A27ECCC62F0EFF445DC5DF95244D6DEC7F2922F30191F9F720C37DE49F504B0304140006080800B670623B4220A0FF7D0000009D0000000B0000006662782F636E782E786D6C4DCCD10A83201886E15B91FFDCE542CB0335D0EC3E6259C84A
310
C3E9D8E5AF46073BFAE0E1E315DD675BD1DBA5978F41C2FD4600B9F088930F8B849267CC01754AA418F3DF0D50183727E164506249B1EC174D6E1ECB9A0F5D7D785E68DB8151CD286E5A5363CA6B8A39E90D36D40E96B086F55A43A544F52B1D7B86D517504B0304140006080800B670623B2FA3FEDE290100001202000031
310
0000006662782F45374635344235342D363743322D343832342D383044432D4334454645303536354442422F636F72652E786D6C8D515B6EC32010BC0AE22B55850D2E386E848994D7097A0117488A1283C5A3CAF10BB523B57FF961D1ECCCECC0F2ED7DBC816FED8371B687A4C210682B9D32F6D2C314CFA883602BB8772E
310
FEA141608751F7B0C050F08B77695A20E96CD43666D43AA5177008414708E42D5F7A18E4971E876A483133C2B59A06791D2EBA22556E679EE021FA1C00CC43CA09C5717D6274C7286AD7FB06D1AEA1A8C3873DDAD3E3E98859CB0EBB1DAF67A1E02919B5C88DCA71CCD968FFAC49110B1ECDF8882FBD1EA256503418BF2342
310
106E3E08DD60B6A1EC15771B8C795DE8FF4469524F8A92B1F1AD59E2CEB20005E1F5DC105CB9F4797B84D1F7C9F908CABC55D0F2050A5C61CC1AD2F27A26E6E767C7962E8E213A9FBF7775FDCC5CC266DB960A5E970DE5F2BBBE5CCB36C50F504B0304140006080800B670623B1B8617914E01000033030000300000006662
310
782F45374635344235342D363743322D343832342D383044432D4334454645303536354442422F636E782E786D6CD593C16EC32010447F0571AD6CE3D489D20813A9877E410FBD62D82434182CC055F3F75D1292E692438FBD206B7698593D61BEFD1E2DF982108D773D6D6B460938E5B571FB9ECE6957AD29D90A1EBC4F77
310
364A9C1CA1A759A682EF839FA72269D8C9D92654AD71C72206887E0E0A22CAF926B15E498B01E0AA19451807D01A34B919F16B070157417138917400F2F6FA41FCF0092A45DEE414C19BDC21783E4BD39D891265658C3D8DEA00A3ACE59CBC8678ACB54CB26EEB6BD7839D7E9348BE70AD9C8321B9BCA7F9A4A26C542347DE
310
E050F09802D22BA6749A800A394DD62899107273365E3C82CFC6A55557BC06C10774B7ABE7AEC3B0F34CF06446280E154026D0542C187BA9DAB6628BF7B6DBB0E5A65B3EB1F58631DE64BBE083F7B65CC218087E22CABB042E51D1F2268F1FE12B3EA24D40D63E9CFE00120194D60B9D5BC67FE6D39CDF37E20AF817881F50
310
4B0304140006080800B670623B29652116630500003C100000340000006662782F45374635344235342D363743322D343832342D383044432D4334454645303536354442422F6F626A656374732E786D6CAD575D739B3814FD2B0CFB0C989834C90EA1639B24E3E9A6EDD4D3CE3E64C623834CD8006224913AFDF57B040203
310
B65BEF871F0C12D2FD3CF7E8CA7FBFCB33E3957291B2E2D674ED8969D02262715A24B76625B7D6B569BC0F7CCE98EC2D338D82E4F4D654D366E0279C55A59E8AE99654991CCDDECFFF3444440B6A1A514684B83545F44C7362934AB2988A173B2692D8C97667BB76B3702836E1A47C1E092D09A78584A5982F20C5688C7287
310
C389E904BEA3BE07BEFAD7ABA6A75739B53F43FD69212429A20365233153D70BEF2E2E6FAC4BCF9B5ADEBB0BD79ADFCF43CBBD9A4E16EF168B9BD9DD0D140BC921495BC2E9D60C1E101B9E46BED37CEA2CD6861F3329624541A3DA7F7858DBAC25C6B4A4458C3CA654405BCFEBC970E8AAD8F43E4FD558ABEC4F9FE7557F47
310
4F506B7BFBEC5BCA367FC105710E2AB8A00A554D7CB4A30DFE26FBA86D18CBF4B75418399194A72433B274C3097F33032C554B027F2046A1932B842B0FCCC0DDCBEBDB8AD2F835768F59B9ADB24C41D30C6A64AF817F2A456D59FA83F2E3DA60137255A585BCD60EC9B7929AC18DEFD49381AF1ED30BFDB109A4B1CD488294
310
C3CDE6EBC8D185AABD6568061FEE37BB95AAC7E3CA4BCE4ACAA5820FA0D526AE7DAA2869B5EE5999531BE0CC20E6FBA07C41E43FA27CF7A6206F3CDD793B4F6B919C1462CB788EDCD893FA674CDA17AB7B3B7C019F8D561FAEE966FED562DFE98C1D12C6A9FC015C2A35D7FF3D7FC398F591DA4B5FE0BFA2C0189FEA50AE22
310
92817A1ED3020951A03432862970F976B33383259812CC8E5D240BBA801CBCF8CE2BBEE3BF910DB6AAD5F79E05123AE2DB33981FB1ACCB02B69D00CB014FD68AB573A7627EF9BFD4CC2C5C7D58557C4B22FAA88925A4DBB44825CECE3D78FB060D1231F0E885BE7D673C86A3874958F593906B5502D1563157814FDAC3420D
310
F69A070A22EC4B98E23CFF171A1E5311D12C23056555ABA53B8614563B92D17D02AAB009E8F46284624E5F53D5490C560CCCC2591FF1B45421EB0EBD8EA7ED13BE7C5D7E0428CD60FEF60779EB13E6664FF711CB185F6FDED60D139A001FF60CD1FD6D086F1D51474901E26B2CB794A343BC8ED3EDB612E0DD2351FCB65CF4
310
33D511C9E14B5B40ADC6A6263DB0336A8F700DDF56271A024E70B0B3629DE21847591E55DED73D56206AB927E46FAABC5C939C55853C274C93D69FD6FA4E78BF8B11DF898C9ECD60553FAD39283BA6F18984AA23E8884F83F45C5F5F859797B31B2B9C84A1E5B9DE9D35BFF25C6B76152E422F9C5DCC3D847F5801ED09D5AF
310
41441327A25FF15487F9EB725FB666F048A4701E9A827292E6F97569A32DF61DEC01C0BB8DCBBCCC684E0B49147C1FD54BF685A0AB18C868E6973949E819523E3DAC463660E68C7D9F55A9D1EFA3BD7A76A16AE1A810F95CE59B82A4D968A376DC2E8B44BBDD86B27B368CDE0ED548C7137DA860591A83706223A12CA712B4
310
7306DBF39C0A20A6DF95C7FAF670C6EED7A61F946493D1D6926782963813403548A78AE470DEF80D2D9CEAA26E4D1C76F60BFE74219A06527D6B82DF641A51616F703CAAC6A7160E08A00BEB4810A0274592A1B36E3675E36E978A0DE80727A0D6DF2D39A75BD27E0D8837276589537B40ABB56D5A41F48F1C6FCD3188C4EB
310
A6929D2FFB89CE995A4D00AE813BDD032DC48B56BD437DFDDC2DD7AED70C2272D63DE9A72068A45A92F0A4BE17A8A06B9366E16707AD80B1FC649459952097E74BB23805982B55E0401150A165964402AA8BDF9F3E7386BB686EDCA780C0D382E5392BF460A6EFB2C6EA1937D3F809B440D5F5435C4C5CF7A9EEFAF54564BD
310
2182DA24162F98680B4E7930C21A0079709CEAEB99A372305ABE0C0D7D6078105A83F6A0296DAEE1068A47DD1C55A9F4C9B2FC69E3EFD44B81028E963DF81B504B0304140006080000B670623B000000000000000000000000350000006662782F45374635344235342D363743322D343832342D383044432D433445464530
310
3536354442422F76657274696365732E62696E504B0304140006080800B670623BF270F1330600000004000000360000006662782F45374635344235342D363743322D343832342D383044432D4334454645303536354442422F747269616E676C65732E62696E636660600000504B0304140006080000B670623B00000000
310
0000000000000000370000006662782F45374635344235342D363743322D343832342D383044432D4334454645303536354442422F617474726962757465732E62696E504B0304140006080800B670623B08DA0BD19000000041010000360000006662782F45374635344235342D363743322D343832342D383044432D4334
310
454645303536354442422F6469726563746F72792E786D6C858F410AC3201045AF22B36F53E9A60B35CBEEBAE80D244E44489C6234F4F835464A48035D0DF398FF9F8AF63D0E6CC63039F212F8F9020C7D47C6792B21C5FE7403D62A1188E2E60C98D7234A5830286103A55745067B9D86B8A3CF9C7F90C11DE607FB144396
310
D7B6A82D282E9A152AD114D5EF2CB866EEE831B8EEA07A7BB5A8D7D61A2BAAEB7FD5F70921FF497D00504B0304140006080800B670623B6378F24DFF000000A00100003B0000006662782F45374635344235342D363743322D343832342D383044432D4334454645303536354442422F7265736F75726365732F636F72652E
310
786D6C8D504B6E833010BD0A9A6D65B0094E42641C85B639412F6099496225D8C89FAAC7AF09546A77DDCC8CDE47F3F4C4F16B7C149FE88371B603565228D06A37187BED20C50BD9437194C23B177FC9A0B06AC40E6618A4B87A97A615D2CE46B431A3D60DB8822A048C50E8473E3A08FA86A32A558A5911EEE5A4F45D5DB1
310
6465A6B34E8A107D0E502C4FE609D26370C96B0CA25A58295232C3AA3143FE692E063D485EF7F5AEE71BD2D2F39634AFFC44DAF7DD9E9CCE6F9CD25DCBFA762BAAD92C4534E34F46ED51451C40D694B6843142EB0FD61C283F34FC85EE0F948A6A96FF31A569F8A729191B37F51A77B105902C0779125254735F793DCBCC7B
310
EE567E03504B010214000A0000080000B670623B3DEE336E79000000790000001B00000000000000000000000000000000006175746F6465736B2D64657369676E2D7061636B6167652E786D6C504B01021400140006080800B670623BD486FD9CA0000000F40000001300000000000000000000000000B20000005B436F6E
310
74656E745F54797065735D2E786D6C504B01021400140006080800B670623BBC1638F5EC0000007C010000080000000000000000000000000083010000636F72652E786D6C504B01021400140006080800B670623B55019EA25F0000007C000000070000000000000000000000000095020000636E782E786D6C504B010214
310
00140006080800B670623B3586FFB671010000D40300000C00000000000000000000000000190300006662782F636F72652E786D6C504B01021400140006080800B670623B4220A0FF7D0000009D0000000B00000000000000000000000000B40400006662782F636E782E786D6C504B01021400140006080800B670623B2F
310
A3FEDE290100001202000031000000000000000000000000005A0500006662782F45374635344235342D363743322D343832342D383044432D4334454645303536354442422F636F72652E786D6C504B01021400140006080800B670623B1B8617914E010000330300003000000000000000000000000000D2060000666278
310
2F45374635344235342D363743322D343832342D383044432D4334454645303536354442422F636E782E786D6C504B01021400140006080800B670623B29652116630500003C10000034000000000000000000000000006E0800006662782F45374635344235342D363743322D343832342D383044432D4334454645303536
310
354442422F6F626A656374732E786D6C504B01021400140006080000B670623B0000000000000000000000003500000000000000000000000000230E00006662782F45374635344235342D363743322D343832342D383044432D4334454645303536354442422F76657274696365732E62696E504B01021400140006080800
310
B670623BF270F13306000000040000003600000000000000000000000000760E00006662782F45374635344235342D363743322D343832342D383044432D4334454645303536354442422F747269616E676C65732E62696E504B01021400140006080000B670623B0000000000000000000000003700000000000000000000
310
000000D00E00006662782F45374635344235342D363743322D343832342D383044432D4334454645303536354442422F617474726962757465732E62696E504B01021400140006080800B670623B08DA0BD190000000410100003600000000000000000000000000250F00006662782F45374635344235342D363743322D34
310
3832342D383044432D4334454645303536354442422F6469726563746F72792E786D6C504B01021400140006080800B670623B6378F24DFF000000A00100003B00000000000000000000000000091000006662782F45374635344235342D363743322D343832342D383044432D4334454645303536354442422F7265736F75
310
726365732F636F72652E786D6C504B0506000000000E000E0080040000611100000000
  0
XRECORD
  5
112
102
{ACAD_REACTORS
330
110
102
}
330
110
100
AcDbXrecord
280
     1
270
     1
271
     1
  0
XRECORD
  5
111
102
{ACAD_REACTORS
330
110
102
}
330
110
100
AcDbXrecord
280
     1
270
     1
271
     1
  0
XRECORD
  5
18A
102
{ACAD_REACTORS
330
110
102
}
330
110
100
AcDbXrecord
280
     1
 70
     0
 90
1778669749
  1
9BF507EE-FAF7-4A99-A33D-4EE51894BC40
310
504B03040A0000080000B670623B3DEE336E79000000790000001B0000006175746F6465736B2D64657369676E2D7061636B6167652E786D6C3C3F786D6C2076657273696F6E3D22312E302220656E636F64696E673D227574662D3822203F3E3C666F726D6174733E3C666F726D61743E687474703A2F2F736368656D612E
310
6175746F6465736B2E636F6D2F64657369676E2D7061636B6167652F323030393C2F666F726D61743E3C2F666F726D6174733E504B0304140006080800B670623BD486FD9CA0000000F4000000130000005B436F6E74656E745F54797065735D2E786D6C7D8EC10E82300C865F65E91D8A1E8C310C0EEA1BF002731658846E
310
D98AC1B77784ABF1D8FE5FBFBF75BBCE937A534CCEB38643598122B6FEE978D0B0485F9C41B54DDD7D022595594E1A469170414C76A4D9A4D207E29CF43ECE46F218070CC6BECC4078ACAA135ACF422C856C0E68EA1BF5669944DDD7BCDE7B1F8E415D77AECB980613C2E4AC91FC167A2B244592486606FC29C8FD7F045B9A
310
EF7053A7E60B504B0304140006080800B670623BCA089DFFEC0000007C01000008000000636F72652E786D6C8D90416E83301045AF62CDB632D8402020E32882F604BD80653BC44AB011B6AB1EBF262152BBEB6A467FFE9B197D76FA9EEFE84BAFDE38DB03CD08206DA553C64E3DC470C1474027CE56E7C22F1B202B66DDC3
310
260367D3EAE2B24BD2D9A06D48AA754AEFA2F05E0740F29E9A1EBCBCEA59642286E4F0B76C11F226269DD15797E0188D42CF2346A57DE662F40ABCAEC77628C6120F654571D50C04B7F5B9C1E3997CD4F550BE3745C3F20DE62C98F9755FAE5A04AD801784B498524C8A4F5A75E4D055873772EC0861F966FF03C545FD138A
310
C686B2D8DF7D621E384D8F3C069CE55B16A93C824A75CB8DFF00504B0304140006080800B670623B55019EA25F0000007C00000007000000636E782E786D6C4DCB3B0E80201045D1AD90E915ED2CF8AC45050C11660C8261F98AB1B07AC9C97D42D718D865D3E909258CFD00CCE24AC6E326A164D74DC0B4128928FF326038
310
472BA13128B1252AC747C6BAB984FC68F0B87FE8960A5C09FE86CFB69FBA01504B0304140006080800B670623B68FC0B7272010000D40300000C0000006662782F636F72652E786D6CC5535B6E833010BC8AE5DF0A6C1E8124328E22D29EA01770C0A128602363A31CBFCB234A53A555FA553EC09AD9F5CE8C31DB5DDA060D
310
D2F4B556190E7C8A9154852E6B5565D8D993B7C668C799D1DA7E29C3488956667884316795D1AE5BA0422B2B950554E9522EA0E87B69312A1A5864B82F3E642B7CE12C54F467BF13C55954D20F7CA0A18EB3DE1A1080E621E31BF3D3F1C2C88C73E65C5D2E6C5DC2B4FA544B8379921C36797888BC3C8A032F4E73EA6D927D
310
EA1DF6F42D49F2E8350D5346C666CE6CDD5ED515460A2B4BCC434A375E1078347C0FE22D5D6DE3D50B5D6F2965642CBF6B725DF96493AB958DC245EEDCD6631E809089F8E61622B2A81703E8219C913144F84C09DF070D8140C8561C9BAB8F3340832CAC363130A576376A108D933095FA747AD0CF0B46E64E983A6D0EAE1F
310
CE089F9EF1FB8E70D44255604258581E9D1D75B259C3125A278D37D80B52DAB4A279CEC62F0EFF44DDC43F9454E8469BFF5244960322CBEF41C6FBC83F01504B0304140006080800B670623B0F71DDB67E0000009D0000000B0000006662782F636E782E786D6C4DCCD10A83201886E15B91FFDCA54DB73F502386BB8F5816
310
32D3703976F9ABD1C18E3E78F87855FB990379BBFCF2296AE02706C4C5471A7C9C349475A408A4352AA7B4FEDD80C47E761A7606A3A69CCA72D0E0C6BE8475D3E0E3F3409428EA6B27A84079A782899AA2EC1A7AE3ECCC2FD858CB2D544655BFD2B67BD87C01504B0304140006080800B670623BE134B4FB28010000120200
310
00310000006662782F38353834323741342D343835462D343034322D383541392D4331303331363839454531452F636F72652E786D6C8D515B6EC32010BC0AE22B55850D0EA424C24451959EA0172086A42831583CAA1CBF503B52FB971F16CDCECC0EACD8DFC71BF836215AEF7A481A0C817183D7D65D7A98D3197108F652
310
04EFD31F1A044E8DA6871586525C82CFD3020DDE25E352419DD76601558C264130DCCAA58771F832A36A544E8511AFCDA486ABBA988634A55D7852C4144A00300FA927949C71DABD1D28A29C7D208A6987383B6CD13BC16BB2E1DBE3911C453B0BA5C8D9EA456E758963CFD684674DAA588A64C747FC2118958C86B2C3788B
310
0841B8FB247487D98EB257CC77188BB6D2FF89F2A49F1465EBD2BA5BE2CEB2082511EDDC9042FB7CBA3DC298FBE4430275DE2A9AE1054ADC60CC08E3A29D89E5F9C5714317C7987C28DFBBBA9E0A97B0D97643A568EB864AF95D5FA9759BF207504B0304140006080800B670623B1B8617914E010000330300003000000066
310
62782F38353834323741342D343835462D343034322D383541392D4331303331363839454531452F636E782E786D6CD593C16EC32010447F0571AD6CE3D489D20813A9877E410FBD62D82434182CC055F3F75D1292E692438FBD206B7698593D61BEFD1E2DF982108D773D6D6B460938E5B571FB9ECE6957AD29D90A1EBC4F
310
77364A9C1CA1A759A682EF839FA72269D8C9D92654AD71C72206887E0E0A22CAF926B15E498B01E0AA19451807D01A34B919F16B070157417138917400F2F6FA41FCF0092A45DEE414C19BDC21783E4BD39D891265658C3D8DEA00A3ACE59CBC8678ACB54CB26EEB6BD7839D7E9348BE70AD9C8321B9BCA7F9A4A26C542347
310
DEE050F09802D22BA6749A800A394DD62899107273365E3C82CFC6A55557BC06C10774B7ABE7AEC3B0F34CF06446280E154026D0542C187BA9DAB6628BF7B6DBB0E5A65B3EB1F58631DE64BBE083F7B65CC218087E22CABB042E51D1F2268F1FE12B3EA24D40D63E9CFE00120194D60B9D5BC67FE6D39CDF37E20AF817881F
310
504B0304140006080800B670623B5933D422630500003B100000340000006662782F38353834323741342D343835462D343034322D383541392D4331303331363839454531452F6F626A656374732E786D6CAD575B6FA33814FE2B887D0642934E9B156594264D158D3A534DD4D13E548A0C38942D60649B4EBABF7E3F8321
310
40924EF6928780CDF1B97EE762EFF32E4B8D37CA45C2F21BD3B547A641F39045491EDF98A5DC5AD7A6F1D9F73863B243661A39C9E88DA9B64DDF8B392B0BBD15D12D295339D85DDEFE618890E6D434C2940871638AF08566C426A5641115AF764424B1E3EDCE76ED9AB0CF36E6A47819302D08A7B984A6D8CFC1C5A89572FB
310
CB91E9F89EA3BEFB9EFAD754E3D3544E654F5F7E920B49F2F040D880CDD89D2CEE2E2EA7D6E56432B6269F2E5CEB7679BBB0DCABF168FE693E9FCEEEA6102C240727AD09A75BD3BF876F78127A4EFDA9D5582B7E4CA590E5390D2BFB6161A5B3E618D182E611E2985001691DAB47FDA5AB7CD3F93C566B2DB2BB7D9E55DD13
310
1D468DEECDB3AB290BFE8409E21C54704115AA6AFF68436BFC8DF65E0B184BF5B74418199194272435D224E084BF9B3E481589EFF5D828747285706581E9BB7B7E5D5D911ABFC6EE312DB7659A2A689A7E85EC0DF04FA5A8344BFEA2FCB834E8845895492EAFB541F2BDA0A63FF59C6AD3F7D4637CA13FD68E34B629891172
310
98597F1D183A57B9B75A98FE9765B05BAB7C3C2EBCE0ACA05C2AF8005A4DE09AA7F29216EB9E15397500C6F47CBE77CA7778FE2BD277AF0AE2C693DD6437D1522427B9D8329E2136F6A8FA19A3E6C56ADF0E5F50CF06D48734EDCEBF22F69C56D97EC138153F804B85E6FABFC7AFEFB32E523BE1F3BD372418E363EDCA7548
310
52949E8724474014288D94610BB57C1BEC4C7F854A89CA8E5324F55B871CBC78CE1BBEE3BFE68D6A5589EF3C730474506FCFA8FCF0659516D0ED04580EEA6425581B77CAE797FF4BCECC16EB2FEB926F49481F746159D06D922712BD730FDEAE42BD40F42C7AA5EF3F198F60E86110D6DD20645A9480B795CF95E3E3A659A8
310
C55E724F408873315335CFFB8584874484344D494E59D94869DB90C26A5B64F49C802CAC1D3ABE18A098D3B7444D123D8A9E5AE8F5214F0AE5B2B6E9B575DA3E61CBD3EA2B4009FA940524DD1305FB6A1FB294F14DF0BEA90BA109ECE1481FDC3FFAE8D60E75141700BE82725371B4873751B2DD960265F788137FACE6DD40
310
B575E4F0A5C99F46629D92131467A41EE11ABD8D4CCC039CA0AFB37C93A08B232B8F0AEFCA1E0A1015DF13FC83322B362463652ECF71D3A8B1A7D1BE65DE1D62C44F22C317D35F574FEB16153BA2D13E543D10A80E74C4A65E78A6B7CBCBD1D5DD9DB59C2DAFACC96C3AB566E3F1C29ADCDD5DBAD7D3C9ED7C822ED74F80A6
310
41755310DE4443F44A9E68373FADF6596BFA0F440AE7BECE2727AE9F4F2B1B53B1E7E00CF0DD1E5C65454A339A4BA2D0FBA05ED2EF0443458F47BDBFCA484CCFE0F2ED7E3DD0013B679C7B5499467F0ECEEADDB9CA85A34CE44B99053949D2C1416DB85DE4B136BB7165FBAC0B7AB3542BED4F8CA182A549847A1319316519
310
95A83A67147B9E5101C47487F2485F1ECE38FD568F839204296D3479219888530154036E6528FBFBC66F98E0D4107563A2D7D9AFF8D389681A08F58D89F22693900A3B407754734FC51C10C010D6D640809EE4718AC1BA3ED4AEDB53CA37283F68805A7E4B72CEB0A4EDEAD5DD8C14059A76AFAA56BA6901E13F32BC51C720
310
12AF41295B5BF61BAD3195181FB506E6B40F4C10AF5AF40EF9F5B159AE5DD1F43C72D635E94310D45C2D49785C5D0B94D3B54AB3C5A38349C0587D338AB48C11CBF339599C02CCA54A70A008A8D03C0B2201D5F9EFCF8F9CE12A9A19CB0410789EB32C63B95ECCF455D658BFE0621A3DA32C5075FB101723D77DAE867E7D0F
310
D90444509B44E2151B4DC2290B065803200FBAA9BE9D392A0603F2D5C2D00D6302A615680F66D2FA166E2079D4C551A54AB758161FCEFD4E450A14704CECFEDF504B0304140006080000B670623B000000000000000000000000350000006662782F38353834323741342D343835462D343034322D383541392D4331303331
310
363839454531452F76657274696365732E62696E504B0304140006080800B670623BF270F1330600000004000000360000006662782F38353834323741342D343835462D343034322D383541392D4331303331363839454531452F747269616E676C65732E62696E636660600000504B0304140006080000B670623B000000
310
000000000000000000370000006662782F38353834323741342D343835462D343034322D383541392D4331303331363839454531452F617474726962757465732E62696E504B0304140006080800B670623B08DA0BD19000000041010000360000006662782F38353834323741342D343835462D343034322D383541392D43
310
31303331363839454531452F6469726563746F72792E786D6C858F410AC3201045AF22B36F53E9A60B35CBEEBAE80D244E44489C6234F4F835464A48035D0DF398FF9F8AF63D0E6CC63039F212F8F9020C7D47C6792B21C5FE7403D62A1188E2E60C98D7234A5830286103A55745067B9D86B8A3CF9C7F90C11DE607FB1443
310
96D7B6A82D282E9A152AD114D5EF2CB866EEE831B8EEA07A7BB5A8D7D61A2BAAEB7FD5F70921FF497D00504B0304140006080800B670623BD9A3B367FE000000A00100003B0000006662782F38353834323741342D343835462D343034322D383541392D4331303331363839454531452F7265736F75726365732F636F7265
310
2E786D6C8D504B6E833010BD0A9A6D65B01D0201194711694FD00B586642AD043BF2A7EAF16B122AB5BB6E6646EFA3797AE2F8B5DC8A4FF4C1383B002B291468B59B8C9D0748F1420E501CA5F0CEC55F3228AC5A708015062966EFD27D83B4B3116DCCA875136EA00A012314FA968F0182FEC045952AC5AC08D7F2AEF455CD
310
58B232D3592745883E07289E4FD609D26370C96B0CA27AB252A464A64D63A6FCD35C0C7A904D73EE467EE664DCD58CD4ED4849D79C5A723ED1B7A61977AF2D6F45B59AA58866F9C9A83DAA8813484E6947182394BFB3BAA7FBBEDEBFD0434FA9A856F91F53BA4FFF342563E38E6F719FB60092E5200F428A6AED2BAF479979
310
AFDDCA6F504B010214000A0000080000B670623B3DEE336E79000000790000001B00000000000000000000000000000000006175746F6465736B2D64657369676E2D7061636B6167652E786D6C504B01021400140006080800B670623BD486FD9CA0000000F40000001300000000000000000000000000B20000005B436F6E
310
74656E745F54797065735D2E786D6C504B01021400140006080800B670623BCA089DFFEC0000007C010000080000000000000000000000000083010000636F72652E786D6C504B01021400140006080800B670623B55019EA25F0000007C000000070000000000000000000000000095020000636E782E786D6C504B010214
310
00140006080800B670623B68FC0B7272010000D40300000C00000000000000000000000000190300006662782F636F72652E786D6C504B01021400140006080800B670623B0F71DDB67E0000009D0000000B00000000000000000000000000B50400006662782F636E782E786D6C504B01021400140006080800B670623BE1
310
34B4FB280100001202000031000000000000000000000000005C0500006662782F38353834323741342D343835462D343034322D383541392D4331303331363839454531452F636F72652E786D6C504B01021400140006080800B670623B1B8617914E010000330300003000000000000000000000000000D3060000666278
310
2F38353834323741342D343835462D343034322D383541392D4331303331363839454531452F636E782E786D6C504B01021400140006080800B670623B5933D422630500003B10000034000000000000000000000000006F0800006662782F38353834323741342D343835462D343034322D383541392D4331303331363839
310
454531452F6F626A656374732E786D6C504B01021400140006080000B670623B0000000000000000000000003500000000000000000000000000240E00006662782F38353834323741342D343835462D343034322D383541392D4331303331363839454531452F76657274696365732E62696E504B01021400140006080800
310
B670623BF270F13306000000040000003600000000000000000000000000770E00006662782F38353834323741342D343835462D343034322D383541392D4331303331363839454531452F747269616E676C65732E62696E504B01021400140006080000B670623B0000000000000000000000003700000000000000000000
310
000000D10E00006662782F38353834323741342D343835462D343034322D383541392D4331303331363839454531452F617474726962757465732E62696E504B01021400140006080800B670623B08DA0BD190000000410100003600000000000000000000000000260F00006662782F38353834323741342D343835462D34
310
3034322D383541392D4331303331363839454531452F6469726563746F72792E786D6C504B01021400140006080800B670623BD9A3B367FE000000A00100003B000000000000000000000000000A1000006662782F38353834323741342D343835462D343034322D383541392D4331303331363839454531452F7265736F75
310
726365732F636F72652E786D6C504B0506000000000E000E0080040000611100000000
  0
XRECORD
  5
113
102
{ACAD_REACTORS
330
110
102
}
330
110
100
AcDbXrecord
280
     1
270
     1
271
     1
  0
XRECORD
  5
114
102
{ACAD_REACTORS
330
110
102
}
330
110
100
AcDbXrecord
280
     1
270
     1
271
     1
  0
XRECORD
  5
2833
102
{ACAD_REACTORS
330
2832
102
}
330
2832
100
AcDbXrecord
280
     1
102
DISPLAYNAME
  1
Imperial24
102
FLAGS
 90
        0
  0
CELLSTYLEMAP
  5
2828
102
{ACAD_REACTORS
330
104
102
}
330
104
100
AcDbCellStyleMap
 90
        3
300
CELLSTYLE
  1
TABLEFORMAT_BEGIN
 90
        5
170
     1
 91
        0
 92
    32768
 62
   257
 93
        1
300
CONTENTFORMAT
  1
CONTENTFORMAT_BEGIN
 90
        0
 91
        0
 92
      512
 93
        0
300

 40
0.0
140
1.0
 94
        5
 62
     0
340
11
144
0.25
309
CONTENTFORMAT_END
171
     1
301
MARGIN
  1
CELLMARGIN_BEGIN
 40
0.06
 40
0.06
 40
0.06
 40
0.06
 40
0.18
 40
0.18
309
CELLMARGIN_END
 94
        6
 95
        1
302
GRIDFORMAT
  1
GRIDFORMAT_BEGIN
 90
        0
 91
        1
 62
     0
 92
       -2
340
0
 93
        0
 40
0.045
309
GRIDFORMAT_END
 95
        2
302
GRIDFORMAT
  1
GRIDFORMAT_BEGIN
 90
        0
 91
        1
 62
     0
 92
       -2
340
0
 93
        0
 40
0.045
309
GRIDFORMAT_END
 95
        4
302
GRIDFORMAT
  1
GRIDFORMAT_BEGIN
 90
        0
 91
        1
 62
     0
 92
       -2
340
0
 93
        0
 40
0.045
309
GRIDFORMAT_END
 95
        8
302
GRIDFORMAT
  1
GRIDFORMAT_BEGIN
 90
        0
 91
        1
 62
     0
 92
       -2
340
0
 93
        0
 40
0.045
309
GRIDFORMAT_END
 95
       16
302
GRIDFORMAT
  1
GRIDFORMAT_BEGIN
 90
        0
 91
        1
 62
     0
 92
       -2
340
0
 93
        0
 40
0.045
309
GRIDFORMAT_END
 95
       32
302
GRIDFORMAT
  1
GRIDFORMAT_BEGIN
 90
        0
 91
        1
 62
     0
 92
       -2
340
0
 93
        0
 40
0.045
309
GRIDFORMAT_END
309
TABLEFORMAT_END
  1
CELLSTYLE_BEGIN
 90
        1
 91
        1
300
_TITLE
309
CELLSTYLE_END
300
CELLSTYLE
  1
TABLEFORMAT_BEGIN
 90
        5
170
     1
 91
        0
 92
        0
 62
   257
 93
        1
300
CONTENTFORMAT
  1
CONTENTFORMAT_BEGIN
 90
        0
 91
        0
 92
      512
 93
        0
300

 40
0.0
140
1.0
 94
        5
 62
     0
340
11
144
0.18
309
CONTENTFORMAT_END
171
     1
301
MARGIN
  1
CELLMARGIN_BEGIN
 40
0.06
 40
0.06
 40
0.06
 40
0.06
 40
0.18
 40
0.18
309
CELLMARGIN_END
 94
        6
 95
        1
302
GRIDFORMAT
  1
GRIDFORMAT_BEGIN
 90
        0
 91
        1
 62
     0
 92
       -2
340
0
 93
        0
 40
0.045
309
GRIDFORMAT_END
 95
        2
302
GRIDFORMAT
  1
GRIDFORMAT_BEGIN
 90
        0
 91
        1
 62
     0
 92
       -2
340
0
 93
        0
 40
0.045
309
GRIDFORMAT_END
 95
        4
302
GRIDFORMAT
  1
GRIDFORMAT_BEGIN
 90
        0
 91
        1
 62
     0
 92
       -2
340
0
 93
        0
 40
0.045
309
GRIDFORMAT_END
 95
        8
302
GRIDFORMAT
  1
GRIDFORMAT_BEGIN
 90
        0
 91
        1
 62
     0
 92
       -2
340
0
 93
        0
 40
0.045
309
GRIDFORMAT_END
 95
       16
302
GRIDFORMAT
  1
GRIDFORMAT_BEGIN
 90
        0
 91
        1
 62
     0
 92
       -2
340
0
 93
        0
 40
0.045
309
GRIDFORMAT_END
 95
       32
302
GRIDFORMAT
  1
GRIDFORMAT_BEGIN
 90
        0
 91
        1
 62
     0
 92
       -2
340
0
 93
        0
 40
0.045
309
GRIDFORMAT_END
309
TABLEFORMAT_END
  1
CELLSTYLE_BEGIN
 90
        2
 91
        1
300
_HEADER
309
CELLSTYLE_END
300
CELLSTYLE
  1
TABLEFORMAT_BEGIN
 90
        5
170
     1
 91
        0
 92
        0
 62
   257
 93
        1
300
CONTENTFORMAT
  1
CONTENTFORMAT_BEGIN
 90
        0
 91
        0
 92
      512
 93
        0
300

 40
0.0
140
1.0
 94
        2
 62
     0
340
11
144
0.18
309
CONTENTFORMAT_END
171
     1
301
MARGIN
  1
CELLMARGIN_BEGIN
 40
0.06
 40
0.06
 40
0.06
 40
0.06
 40
0.18
 40
0.18
309
CELLMARGIN_END
 94
        6
 95
        1
302
GRIDFORMAT
  1
GRIDFORMAT_BEGIN
 90
        0
 91
        1
 62
     0
 92
       -2
340
0
 93
        0
 40
0.045
309
GRIDFORMAT_END
 95
        2
302
GRIDFORMAT
  1
GRIDFORMAT_BEGIN
 90
        0
 91
        1
 62
     0
 92
       -2
340
0
 93
        0
 40
0.045
309
GRIDFORMAT_END
 95
        4
302
GRIDFORMAT
  1
GRIDFORMAT_BEGIN
 90
        0
 91
        1
 62
     0
 92
       -2
340
0
 93
        0
 40
0.045
309
GRIDFORMAT_END
 95
        8
302
GRIDFORMAT
  1
GRIDFORMAT_BEGIN
 90
        0
 91
        1
 62
     0
 92
       -2
340
0
 93
        0
 40
0.045
309
GRIDFORMAT_END
 95
       16
302
GRIDFORMAT
  1
GRIDFORMAT_BEGIN
 90
        0
 91
        1
 62
     0
 92
       -2
340
0
 93
        0
 40
0.045
309
GRIDFORMAT_END
 95
       32
302
GRIDFORMAT
  1
GRIDFORMAT_BEGIN
 90
        0
 91
        1
 62
     0
 92
       -2
340
0
 93
        0
 40
0.045
309
GRIDFORMAT_END
309
TABLEFORMAT_END
  1
CELLSTYLE_BEGIN
 90
        3
 91
        2
300
_DATA
309
CELLSTYLE_END
  0
ENDSEC
  0
SECTION
  2
ACDSDATA
 70
     2
 71
     8
  0
ACDSSCHEMA
 90
        0
  1
AcDb_Thumbnail_Schema
  2
AcDbDs::ID
280
    10
 91
        8
  2
Thumbnail_Data
280
    15
 91
        0
101
ACDSRECORD
 95
        0
 90
        1
  2
AcDbDs::TreatedAsObjectData
280
     1
291
     1
101
ACDSRECORD
 95
        0
 90
        2
  2
AcDbDs::Legacy
280
     1
291
     1
101
ACDSRECORD
  1
AcDbDs::ID
 90
        3
  2
AcDs:Indexable
280
     1
291
     1
101
ACDSRECORD
  1
AcDbDs::ID
 90
        4
  2
AcDbDs::HandleAttribute
280
     7
282
     1
  0
ACDSSCHEMA
 90
        1
  1
AcDbDs::TreatedAsObjectDataSchema
  2
AcDbDs::TreatedAsObjectData
280
     1
 91
        0
  0
ACDSSCHEMA
 90
        2
  1
AcDbDs::LegacySchema
  2
AcDbDs::Legacy
280
     1
 91
        0
  0
ACDSSCHEMA
 90
        3
  1
AcDbDs::IndexedPropertySchema
  2
AcDs:Indexable
280
     1
 91
        0
  0
ACDSSCHEMA
 90
        4
  1
AcDbDs::HandleAttributeSchema
  2
AcDbDs::HandleAttribute
280
     7
 91
        1
284
     1
  0
ACDSRECORD
 90
        0
  2
AcDbDs::ID
280
    10
320
59
  2
Thumbnail_Data
280
    15
 94
     3106
310
89504E470D0A1A0A0000000D4948445200000100000000C508030000008CFEDCE700000300504C5445FFFFFFFFFFFFFFFFFF0000000000000000000000000000000000000000000000000000330000660000990000CC0000FF0033000033330033660033990033CC0033FF0066000066330066660066990066CC0066FF0099
310
000099330099660099990099CC0099FF00CC0000CC3300CC6600CC9900CCCC00CCFF00FF0000FF3300FF6600FF9900FFCC00FFFF3300003300333300663300993300CC3300FF3333003333333333663333993333CC3333FF3366003366333366663366993366CC3366FF3399003399333399663399993399CC3399FF33CC00
310
33CC3333CC6633CC9933CCCC33CCFF33FF0033FF3333FF6633FF9933FFCC33FFFF6600006600336600666600996600CC6600FF6633006633336633666633996633CC6633FF6666006666336666666666996666CC6666FF6699006699336699666699996699CC6699FF66CC0066CC3366CC6666CC9966CCCC66CCFF66FF0066
310
FF3366FF6666FF9966FFCC66FFFF9900009900339900669900999900CC9900FF9933009933339933669933999933CC9933FF9966009966339966669966999966CC9966FF9999009999339999669999999999CC9999FF99CC0099CC3399CC6699CC9999CCCC99CCFF99FF0099FF3399FF6699FF9999FFCC99FFFFCC0000CC00
310
33CC0066CC0099CC00CCCC00FFCC3300CC3333CC3366CC3399CC33CCCC33FFCC6600CC6633CC6666CC6699CC66CCCC66FFCC9900CC9933CC9966CC9999CC99CCCC99FFCCCC00CCCC33CCCC66CCCC99CCCCCCCCCCFFCCFF00CCFF33CCFF66CCFF99CCFFCCCCFFFFFF0000FF0033FF0066FF0099FF00CCFF00FFFF3300FF3333
310
FF3366FF3399FF33CCFF33FFFF6600FF6633FF6666FF6699FF66CCFF66FFFF9900FF9933FF9966FF9999FF99CCFF99FFFFCC00FFCC33FFCC66FFCC99FFCCCCFFCCFFFFFF00FFFF33FFFF66FFFF99FFFFCCFFFFFF0000000D0D0D1A1A1A2828283535354343435050505D5D5D6B6B6B787878868686939393A1A1A1AEAEAEBB
310
BBBBC9C9C9D6D6D6E4E4E4F1F1F1FFFFFF000000000000000000000000000000000000000000000000000000000000AD4AB4E4000008DD4944415478DAED9D5992DC200C867521EEFFA6C3F83987480C6805BA7BD28C8D6DB95249D52C15F321A45F8BDDF0E7E117FC81075F01200004800090016CBDABF30BDBEBEB52BF61
310
013C6FF30340000800012000048000100002C0537381001000024000080001E01D80ED06D777006EB2D30120000480001000024000080001C05D01E05D4D3000048000100002400008000120000480FD427C3600CCD77301E4C5E3E5CC601A807F4B4FA922C00702C07DF129FF7D2D069300E00679F75331830B3198030071
310
C36DDB10F2E22FC5600A002C8BFDC7A058C295187C56137C0D60F77F65B1D90C88011083BB03D83D5F220660185C202C7C0F00EB9F9449A067B0FA51F816C06EF5C460B78486C11E195666F025807D55B2D4BCD8EA0EAEC2E06B0B00E5FA68B157B28329518096CAEEC0D901340CF05600A02ED52DF61A0CE600A064F8870C
310
6E0580286C2A2CBC62808B309875047EC420E580B1864C9C04007431A865901A0625542C7014A600D8356F326B79CB60199938654062CF8668859DB340798130D005043E21D705C02A300BA0D6271633D00C1692485300549BC68AC0F9837AEECB4F2CC7600200B5CD95833F0B9B63000BC9832900CA36D77480CF8236839C
310
313103584822CD0050454DA1C089B13103540CD692893300F076D7DE883583BA96ECFC1764F03D80FD5E79BB55982F9D1265082500CA395883C114002485F2426A5ED8F507B57DB852CA3401C026DB9D7500E58520B151FB03FC482A1FC6E06B0065B5B4DD1404815CA239096C085E260EECE088EEC2441D80E0F75CFC4192
310
F03F9089673198930B281DB0E9E3B02F51574CDB7441D63A3C0BBFCB60D6B4385B7C47165B7F605762AA480D03F87D06F3C6E5CB09D787BBAE05509901D78C7DC6F43983550118BBEE1842F507AD44320C5CCA440C4CC77565002ADE4B7E94D81F0C24D27B06B6EBBC32005E537FCFF795D049C0E62CD8944931C8DFA12372
310
0C00F82F00664DA40969CF2932EEBB998A74DCBF68DDC1880128062700F8B82CDE53BE921CD458902954002C1D3B29933030A17169007AAF4DA0E318507F685F4B5E9A2A0FEB9469C4A0EF745701205E0EB4716B9748B1211F0F4C924959F761195448FD5954FC2E36CE0500A26D132D454C9B11544FA178A970E918F0E119
310
5CC889C61A00DC4155FE40FE200D95E6F321C7A38C150D190C0074EA4F6701E055EDEFD6A0AFB01D90EB036D0B64086C20C681580683F5F7CB902701A87BCC044C4D305B7CB201216FBC4E9900EC76A244C0AEE892A104251ACE0480DEEE0D1BD286A52EA4546276899B4A06D0F8D0AE01B0AC509E84C2EA2900D409686F1B
310
81575C6280F28BC02953AEB0988A02C2D0FB738345155A7FEE0FE63E2F601DB6BD0BCE9525E82148B120DB4039EFBABF32DE4E9D70FB4A6CFA1CC1DC2880C65FB70068AF139D801A034A35B544FDCDE6CEC3ED4469B0902BDD9A988AC70200D7176CEF5725847C0C58CB201B0A994127656A3C2E77DA50CFAA091A3C140068
310
F983CE625B4D5896A6A347BDFDED5515A9AA4EE5FE590BA92EA52ED51F0CA0EBB9B3D953C6C73E511D759E1A423603F4E985B2AE4D9F7B18F983FD3BAF8FC2EF3D3667FFD7B25128B2985BC975C658A944542993D94EAB0FD04440D5763645EA44D63580F0ABCF0D1A7FA02C9956697C16788924FE60E0DED5B9678F813D7F
310
C0B5C9A301187FA0548F7831F28A1218D81F289BD886FE80E6745B432921B575954703107F80A2D5C8CA8941594099B4B2862055E50DDD6881AE3B59F7CFD9267C2091E60E4ABE60D0FA6C66C37A36A97B5729932BB2FAA13414F7DFEA00D15583987A0C00325651C37C23D51F90BDF2A495D64DC89D97814432432ABA0B45
310
FA732C910E0300A604D2E43B7972C03453291670A18456399248BA0E0DFA4C8D24D2D10024766997680F495D409253EC2C5E37DAC06FA753C42639B512A9E4E5396F3F128030502E9193068D406D3C6D78EAF983FC75EF0F8C4482B144CADF3F1A40D337D285333B6F56A37767D4C41A7BC71F98ED561209B0518F67002004
310
04802C1E757744456F35842261015CE3BD2391C41F486BDEFB839300F033265C4DD70CDAD04EC14CC737ED12BB1249E74BD049996AF5F22400AAA3B1DF856340A1BD9A2CAAE96AA7235E4A2433BBA81B2C7206CF04A0F7AACFC06C563F02BE9448A423BD44526E6405002C9635035D66A4FA486FECE09D44026C5326CD7D0D
310
000D031EBB94B498AA1B360276FC417756995D22FA92DD2A005A06082E29A0F3B1191DD1F507BEAA2C12A9E930ACF54A4D4E1C417BC3BC515B236E9B22C1FB94A9531659EE9DA2253E96121ACA9D9717D9D7C21A9A99E457FEC077DA302D0FA0AE229F64B4192F64049402403F0252126CF32A3EFA780500E540D722A24918
310
1981AA1EC39B94E94D9360D5D7EA161587DE826BE4B275D3DE0CA29FDFAD4F355C0740691878776E1346E9A97D2291060DF4755FAC4C6303C9F77CF57329F4AF9F419418A22550EA74991606204FA1E53118680ACAA68ABC99865AF5A068CB913C81710D0066FB9ABE88ED20187FE02412DA71A4CB0068CB47AEA6AE3AAB6E
310
06D14924D4B5383F6EB4FCCBD53D8224054D14E1A86834C302A8195C0F8073E7E40F6C3115D0D4FFCC93AC2A8A50C6743100269D53F2CED613D43149D8A64CA82BAFD70300FCF48DACC995BF3865CAC72499B20F4924AA315C1100F8A76FB01934A794494D176F6606F1474B58F41326645B7B4313A5A05CB2C6D4A64C7700
310
209ECC157A55325D5226E9888344C05B00A843B7F571AAE4F52DF59BB9608E2C0E7EBE84653F63C4747F7C9AC3CF277383FDD5A326D77DB5B6E980A5F67944340D7684DB0100D30183E62D36356BAC0AF19E00C03C90039DE7114536DF15809A15031641F6691DB83900AB919A52B01F60BE250065099C086B9574CEA4E8A9
310
0EA108C14F1E21B9D9274CB019506298780AFB1900D80C547D20BD7CE0F68E9F31625ECEA112E1C70080F6E51C8F03201EF1B9007838647B2C00F607F06000F0EEE38FE293A6024000187F3D000480001000024000080001200004800010009E0D000240000800012000747EEA06D757006E7C058000100002400008000120
310
00048000000FBE02C0BB9A6000080001E021007E5C54B9C76F441408000120000480875F7F01EE1B8471476CE78B0000000049454E44AE426082
  0
ACDSRECORD
 90
        0
  2
AcDbDs::ID
280
    10
320
5E
  2
Thumbnail_Data
280
    15
 94
     3106
310
89504E470D0A1A0A0000000D4948445200000100000000C508030000008CFEDCE700000300504C5445FFFFFFFFFFFFFFFFFF0000000000000000000000000000000000000000000000000000330000660000990000CC0000FF0033000033330033660033990033CC0033FF0066000066330066660066990066CC0066FF0099
310
000099330099660099990099CC0099FF00CC0000CC3300CC6600CC9900CCCC00CCFF00FF0000FF3300FF6600FF9900FFCC00FFFF3300003300333300663300993300CC3300FF3333003333333333663333993333CC3333FF3366003366333366663366993366CC3366FF3399003399333399663399993399CC3399FF33CC00
310
33CC3333CC6633CC9933CCCC33CCFF33FF0033FF3333FF6633FF9933FFCC33FFFF6600006600336600666600996600CC6600FF6633006633336633666633996633CC6633FF6666006666336666666666996666CC6666FF6699006699336699666699996699CC6699FF66CC0066CC3366CC6666CC9966CCCC66CCFF66FF0066
310
FF3366FF6666FF9966FFCC66FFFF9900009900339900669900999900CC9900FF9933009933339933669933999933CC9933FF9966009966339966669966999966CC9966FF9999009999339999669999999999CC9999FF99CC0099CC3399CC6699CC9999CCCC99CCFF99FF0099FF3399FF6699FF9999FFCC99FFFFCC0000CC00
310
33CC0066CC0099CC00CCCC00FFCC3300CC3333CC3366CC3399CC33CCCC33FFCC6600CC6633CC6666CC6699CC66CCCC66FFCC9900CC9933CC9966CC9999CC99CCCC99FFCCCC00CCCC33CCCC66CCCC99CCCCCCCCCCFFCCFF00CCFF33CCFF66CCFF99CCFFCCCCFFFFFF0000FF0033FF0066FF0099FF00CCFF00FFFF3300FF3333
310
FF3366FF3399FF33CCFF33FFFF6600FF6633FF6666FF6699FF66CCFF66FFFF9900FF9933FF9966FF9999FF99CCFF99FFFFCC00FFCC33FFCC66FFCC99FFCCCCFFCCFFFFFF00FFFF33FFFF66FFFF99FFFFCCFFFFFF0000000D0D0D1A1A1A2828283535354343435050505D5D5D6B6B6B787878868686939393A1A1A1AEAEAEBB
310
BBBBC9C9C9D6D6D6E4E4E4F1F1F1FFFFFF000000000000000000000000000000000000000000000000000000000000AD4AB4E4000008DD4944415478DAED9D5992DC200C867521EEFFA6C3F83987480C6805BA7BD28C8D6DB95249D52C15F321A45F8BDDF0E7E117FC81075F01200004800090016CBDABF30BDBEBEB52BF61
310
013C6FF30340000800012000048000100002C0537381001000024000080001E01D80ED06D777006EB2D30120000480001000024000080001C05D01E05D4D3000048000100002400008000120000480FD427C3600CCD77301E4C5E3E5CC601A807F4B4FA922C00702C07DF129FF7D2D069300E00679F75331830B3198030071
310
C36DDB10F2E22FC5600A002C8BFDC7A058C295187C56137C0D60F77F65B1D90C88011083BB03D83D5F220660185C202C7C0F00EB9F9449A067B0FA51F816C06EF5C460B78486C11E195666F025807D55B2D4BCD8EA0EAEC2E06B0B00E5FA68B157B28329518096CAEEC0D901340CF05600A02ED52DF61A0CE600A064F8870C
310
6E0580286C2A2CBC62808B309875047EC420E580B1864C9C04007431A865901A0625542C7014A600D8356F326B79CB60199938654062CF8668859DB340798130D005043E21D705C02A300BA0D6271633D00C1692485300549BC68AC0F9837AEECB4F2CC7600200B5CD95833F0B9B63000BC9832900CA36D77480CF8236839C
310
313103584822CD0050454DA1C089B13103540CD692893300F076D7DE883583BA96ECFC1764F03D80FD5E79BB55982F9D1265082500CA395883C114002485F2426A5ED8F507B57DB852CA3401C026DB9D7500E58520B151FB03FC482A1FC6E06B0065B5B4DD1404815CA239096C085E260EECE088EEC2441D80E0F75CFC4192
310
F03F9089673198930B281DB0E9E3B02F51574CDB7441D63A3C0BBFCB60D6B4385B7C47165B7F605762AA480D03F87D06F3C6E5CB09D787BBAE05509901D78C7DC6F43983550118BBEE1842F507AD44320C5CCA440C4CC77565002ADE4B7E94D81F0C24D27B06B6EBBC32005E537FCFF795D049C0E62CD8944931C8DFA12372
310
0C00F82F00664DA40969CF2932EEBB998A74DCBF68DDC1880128062700F8B82CDE53BE921CD458902954002C1D3B29933030A17169007AAF4DA0E318507F685F4B5E9A2A0FEB9469C4A0EF745701205E0EB4716B9748B1211F0F4C924959F761195448FD5954FC2E36CE0500A26D132D454C9B11544FA178A970E918F0E119
310
5CC889C61A00DC4155FE40FE200D95E6F321C7A38C150D190C0074EA4F6701E055EDEFD6A0AFB01D90EB036D0B64086C20C681580683F5F7CB902701A87BCC044C4D305B7CB201216FBC4E9900EC76A244C0AEE892A104251ACE0480DEEE0D1BD286A52EA4546276899B4A06D0F8D0AE01B0AC509E84C2EA2900D409686F1B
310
81575C6280F28BC02953AEB0988A02C2D0FB738345155A7FEE0FE63E2F601DB6BD0BCE9525E82148B120DB4039EFBABF32DE4E9D70FB4A6CFA1CC1DC2880C65FB70068AF139D801A034A35B544FDCDE6CEC3ED4469B0902BDD9A988AC70200D7176CEF5725847C0C58CB201B0A994127656A3C2E77DA50CFAA091A3C140068
310
F983CE625B4D5896A6A347BDFDED5515A9AA4EE5FE590BA92EA52ED51F0CA0EBB9B3D953C6C73E511D759E1A423603F4E985B2AE4D9F7B18F983FD3BAF8FC2EF3D3667FFD7B25128B2985BC975C658A944542993D94EAB0FD04440D5763645EA44D63580F0ABCF0D1A7FA02C9956697C16788924FE60E0DED5B9678F813D7F
310
C0B5C9A301187FA0548F7831F28A1218D81F289BD886FE80E6745B432921B575954703107F80A2D5C8CA8941594099B4B2862055E50DDD6881AE3B59F7CFD9267C2091E60E4ABE60D0FA6C66C37A36A97B5729932BB2FAA13414F7DFEA00D15583987A0C00325651C37C23D51F90BDF2A495D64DC89D97814432432ABA0B45
310
FA732C910E0300A604D2E43B7972C03453291670A18456399248BA0E0DFA4C8D24D2D10024766997680F495D409253EC2C5E37DAC06FA753C42639B512A9E4E5396F3F128030502E9193068D406D3C6D78EAF983FC75EF0F8C4482B144CADF3F1A40D337D285333B6F56A37767D4C41A7BC71F98ED561209B0518F67002004
310
04802C1E757744456F35842261015CE3BD2391C41F486BDEFB839300F033265C4DD70CDAD04EC14CC737ED12BB1249E74BD049996AF5F22400AAA3B1DF856340A1BD9A2CAAE96AA7235E4A2433BBA81B2C7206CF04A0F7AACFC06C563F02BE9448A423BD44526E6405002C9635035D66A4FA486FECE09D44026C5326CD7D0D
310
000D031EBB94B498AA1B360276FC417756995D22FA92DD2A005A06082E29A0F3B1191DD1F507BEAA2C12A9E930ACF54A4D4E1C417BC3BC515B236E9B22C1FB94A9531659EE9DA2253E96121ACA9D9717D9D7C21A9A99E457FEC077DA302D0FA0AE229F64B4192F64049402403F0252126CF32A3EFA780500E540D722A24918
310
1981AA1EC39B94E94D9360D5D7EA161587DE826BE4B275D3DE0CA29FDFAD4F355C0740691878776E1346E9A97D2291060DF4755FAC4C6303C9F77CF57329F4AF9F419418A22550EA74991606204FA1E53118680ACAA68ABC99865AF5A068CB913C81710D0066FB9ABE88ED20187FE02412DA71A4CB0068CB47AEA6AE3AAB6E
310
06D14924D4B5383F6EB4FCCBD53D8224054D14E1A86834C302A8195C0F8073E7E40F6C3115D0D4FFCC93AC2A8A50C6743100269D53F2CED613D43149D8A64CA82BAFD70300FCF48DACC995BF3865CAC72499B20F4924AA315C1100F8A76FB01934A794494D176F6606F1474B58F41326645B7B4313A5A05CB2C6D4A64C7700
310
209ECC157A55325D5226E9888344C05B00A843B7F571AAE4F52DF59BB9608E2C0E7EBE84653F63C4747F7C9AC3CF277383FDD5A326D77DB5B6E980A5F67944340D7684DB0100D30183E62D36356BAC0AF19E00C03C90039DE7114536DF15809A15031641F6691DB83900AB919A52B01F60BE250065099C086B9574CEA4E8A9
310
0EA108C14F1E21B9D9274CB019506298780AFB1900D80C547D20BD7CE0F68E9F31625ECEA112E1C70080F6E51C8F03201EF1B9007838647B2C00F607F06000F0EEE38FE293A6024000187F3D000480001000024000080001200004800010009E0D000240000800012000747EEA06D757006E7C058000100002400008000120
310
00048000000FBE02C0BB9A6000080001E021007E5C54B9C76F441408000120000480875F7F01EE1B8471476CE78B0000000049454E44AE426082
  0
ACDSRECORD
 90
        0
  2
AcDbDs::ID
280
    10
320
22
  2
Thumbnail_Data
280
    15
 94
     3454
310
89504E470D0A1A0A0000000D494844520000010000000063080300000043BB2E1400000300504C5445212830FFFFFF2128300000000000000000000000000000000000000000000000000000330000660000990000CC0000FF0033000033330033660033990033CC0033FF0066000066330066660066990066CC0066FF0099
310
000099330099660099990099CC0099FF00CC0000CC3300CC6600CC9900CCCC00CCFF00FF0000FF3300FF6600FF9900FFCC00FFFF3300003300333300663300993300CC3300FF3333003333333333663333993333CC3333FF3366003366333366663366993366CC3366FF3399003399333399663399993399CC3399FF33CC00
310
33CC3333CC6633CC9933CCCC33CCFF33FF0033FF3333FF6633FF9933FFCC33FFFF6600006600336600666600996600CC6600FF6633006633336633666633996633CC6633FF6666006666336666666666996666CC6666FF6699006699336699666699996699CC6699FF66CC0066CC3366CC6666CC9966CCCC66CCFF66FF0066
310
FF3366FF6666FF9966FFCC66FFFF9900009900339900669900999900CC9900FF9933009933339933669933999933CC9933FF9966009966339966669966999966CC9966FF9999009999339999669999999999CC9999FF99CC0099CC3399CC6699CC9999CCCC99CCFF99FF0099FF3399FF6699FF9999FFCC99FFFFCC0000CC00
310
33CC0066CC0099CC00CCCC00FFCC3300CC3333CC3366CC3399CC33CCCC33FFCC6600CC6633CC6666CC6699CC66CCCC66FFCC9900CC9933CC9966CC9999CC99CCCC99FFCCCC00CCCC33CCCC66CCCC99CCCCCCCCCCFFCCFF00CCFF33CCFF66CCFF99CCFFCCCCFFFFFF0000FF0033FF0066FF0099FF00CCFF00FFFF3300FF3333
310
FF3366FF3399FF33CCFF33FFFF6600FF6633FF6666FF6699FF66CCFF66FFFF9900FF9933FF9966FF9999FF99CCFF99FFFFCC00FFCC33FFCC66FFCC99FFCCCCFFCCFFFFFF00FFFF33FFFF66FFFF99FFFFCCFFFFFF0000000D0D0D1A1A1A2828283535354343435050505D5D5D6B6B6B787878868686939393A1A1A1AEAEAEBB
310
BBBBC9C9C9D6D6D6E4E4E4F1F1F1FFFFFF0000000000000000000000000000000000000000000000000000000000002E4550F100000A1B4944415478DADD5C5B92DB300CE38574FF3FDC4AFFDDD812C507A4781367EDB433ED4C9BEC36A2480004E9151181B43F1EBF0B4A69FF003CFEA556D4F17AD137EE6FF80F7E01B5D6
310
11849F3F7E02D0838047107E5E1F4178BC6E8280AF0F02E00FF8389006E0F12FFB111F6F6A473641306FF8EA08B8038E339691EAAD14AA06A9B89CF9F6341807DC6AC11C4D83B0E1C1F6BA0982AF85AF0FC116840AB13037B2A01FB1A70A7D03BE3C0668E7ABE241D1D1C2960503358B7DE7FF500B1DF52D354AA0853937EE
310
41FC7E40D8F120664131A90E896FF86F4A41635011F54104041BA51283F07DA74EA0180590BFE9C48DD2EAE45BA9315EDAB8648B05EEA67B29585A10FFFA772540FCC0ED92492D3CE3468B075F12855DF3C4CFABD4E8503F73A3814DFFFAF700C2A309DC512EC720021EE74613808607E58B00013D098A021CD5CAAC140C2D
310
08D3915F0108ED83FEC4A0F41810AD4C65A2A385275AF9D601C04884DE04B94F4C4A21ABA02113AD562EB72F0518B2EB89D0AF15D3B63170A38A614D15E623DD330F00D70CDB58F83C306D639D65014F95BBD3C2E60C21C460C03C6D1B132D889789BE6D0C8071B3D30F770CB6188A3A809067DC3898C4A58AD7CA37A5850E
310
E1AD0340B56830D148941B1DF4836AE53B5A28FD84AE0B32CCB0D04819F0665AD9350B37E3C647AD6FECEF4D0F5B0C2AEC98561E80B0D6CA9E166E84078DF84C9EAB3B66DC2E191A29EB839FE34164A995D378A1DC861BE100AC7F980E08926821666ECF19A16E625971E32DC60B4101291C282058AFDC4ECEA244EA2C22BC
310
DE9985720B6E7C0880217B14F034DDABD78965642FE305A69517E3853B7023C41FB11DCFA4FBA0C6FEA18746CAF260A695CBD1F1C2055ED86E041BC01B22A09F4B35128C7DC06961A295C3782129880B4B61FBD4F00A28A4FBD04860F6416E1B0F582872A796C9BA3A0DD0890A0AC530A385E49305545C8C175CCB843F8F81
310
329F27C0326482D5894F688165BA6F9E677DE3E580204D09562311CA68096AD0070BFB60325E283E6AB965BAD24ED4B648083BF462C8F681298603E3050F08D396096964F3D70511D9C1CA619722B0D48863E385500A0936CBA501080C996D5359DA07AF8F1768CB748D4342D9A18B80A10F9C463A65BC5025CC1B2F734802
310
3BD48C7BED158C12B11A498E8C17E459CB749D431212A1DA44B0B4305AE7069496165E192F785AB8684E1689D89F34027FDD94A418136D7B350B9A03E3858E07A3BDBEC6212144DCB747BC0890D60B6F31D8D972A37268B77F6CBC10EC44E33C5F342713C26BBA41C354902A077552CDD6C4C1F14231DCB82C810F2A24476D
310
AEC1F13A5FECD15410B49BED15F0C2786120FF4A0AE363DD4200FC4D9B466A6CFAC08EC364CB7E58FBA057001F36AEC60B2E1B9769FA8118B4CF94112896824502789F13D59BA4D3C9FB941B8F00F5871201DA0B450442888188B30B51E00BC2370C8E3897E3854301708BEB67C660DC6B0C00121CF8B9FAD8936C7F15DA31
310
9589560E2DD3C14F49D9EA1493BCFD7E7CA8588FEA9CEF239FA28017C7CAC959D879613E5E30B57090A94C229C14027B96ED3B6A040888EFB56E99CE5680B4AE11616EC421ACE5CF9AFBC1AEA9A8283B2106FE225DCD934821DEBAF927C89832D8D6394158A68575832A8AB2CF9BB0B72BC04859F058ED9568F9702480A105
310
71C9BD182F2C4F00D7A4FBDA9ACD2FDF49006F1B4F03D04C02982A80DFA10FA8FA64BCF0AC4D1364C70A6EE0F83A35066E5F5F4C836E8563F80A4888D2E60BA65C66E38525FBEB170445BA9A5FFEC60AB1E391F5BD1819D73DB12C024427A72D01F6362F40D8B15BB34B2870460526D4F84210A0CAF659005C0FD00A5B9360
310
A7D0FDAFDD675578471E2F9423B7C6AF19B5CEE797F2621E90C9276B47861888940057105B4CF5741823D9A72B185380723C625D960C302FC1012243C92C00A612930860B492C47668BFE7991B0495FB8294578D168AA9C2F7DC510248E67A53252273AACD00A585F90A06ED5325B3BF894145B06FAD8FFF86353E0B4011C0
310
FBE7AE413078D5CF042B15902650CE8B42565E13C0532E8D468577EE5E6E174033089E2BE0F9C38EC06297E03B699A3D54D986514DC03CA5059257529487F15E1E244ACAB669A8003B48719BA41E201884CD36F33CE8B32136D3484A4FAF0681D062BFE1B951A2700CDA65D85BAF6C05A34CACF53A2B86480B676AA4CC0A98
310
CC10FA1914E5AD460A77928AC17D6BEEA158D00FA95EB246A2EBCFEFC7C0966BCE56987B353B06516823D84A6902357D946753D582F0E6CC23F91DD31DAF5F96427EC4220DD474CF605886C57DBC9C137DF29E5630B287326A3D35C652403CD74C9EAF8720D5B97DD606B1ADD851D9F072368F0C4B91CD3CE1CAD66EA4135A
310
3035660A0B61FC206F32635828F64351B3425AB78C15D33A83C8A6B1AA3B5DC1986CE24C69C17E86A4914ED8A0A87E8322A756F8FF4DEB9C50B1D82BB64F2FB8050D618D3A017D9DD40EC94568E1AC0D0A61FB54245DAA4448C4FC8AC9131C32A505DE188B9DB4311575C62E45FFB10A39F9728F5D430C86B311C3229916CC
310
B72F2B8D2453F848E572D63E09464F6C440C987DD0AE09BC4ED3F4242F26745AA01A89D57A0099D43A9F1684AAA69F191AC7A1A277749D1522311100F0C584F99C693CAD95CD9A49EB2CA7C620A2711CDA385AC8DDC2540292EDC489B235799E1221C5E0ECED83DDF4B4D4A84B0F29064EC17891C815E6F1A717306B8C9D0D
310
0D910FAC5F44246A01D87B01C4D6B9DA8DE4D1404C6DB2B5469AE9834C8D0E77E42331903104D99141AB1AE913069136B7C9DA17FEE2E985FCEDAC4BF4B9556417DD2DDD371958023B3A84AF0262CB87D23585165B67593CBD90965EF0B6143E6E1F606481F4163FF0427338B66B45E232A230A9EC59B5CE5C23EDEB9E9FFE
310
6574CEE353942462B02FD985D51CFAA492AB04FEF402E9CCFB7F415B67913F8A819642AB055F0A1220703FE95639F30D935F3DBD405B67FCCDF9AD04DAA9A7B6FB4C2652BBA9AA27750FF1FA8D7D4B0B0937937D306B9DE54F43A0A3FD460BC57AEE6E35C7DC768D1BFBC11D39FCF442EE47EA0531B0A7DC82C0B0BF277329
310
0D16035B3AFD1CF4C17ABCE05A675CB0876A4EDA776B902C75A9432036B000483FE43D4AFAF402192F20EA833F0F8109C27838C855C903D96A7CA079FAA4129C103FFAF4827C4C091EEF9F7BDB1364FCD82E30F669618BDAD193F71303325EF062B95CFACC7AFB69B6B22739B193F734084FB6A751E293D639F5964F26FE7F
310
1D82FEF90459170CF30699257EA191963F1C492E0F416DCFD964E744E5A364FB54082D30FBA0C629E52797CC5F0B41ABE9FD21ACD9A4751384C147A73619D148798FB1BCBB49776A00C6BA18D90E71B440769232F1F9E10CD148C32CBFCB4FB069553EB3B8C0A7489AD73517837347A2B53E1CE99BA001FA53777E66C7C680
310
749A263A77CB1A49420CFC8F46B84B16C05FB39F9FD244480B2774DDCA6DA521FC9C90F16CEA1D52605BB48BCE067B646D8046DEC06289E06961EFB9ABFBFA52EE0103736783D8C9FC47DE1DD148D969BA8F1E60CF2717AC62206CCFA09287DD998732FAA07F94E4A44B491368250000000049454E44AE4260829AFEF2889F
310
085D84F00FA7EDA0033187760B0000000049454E44AE426082
  0
ENDSEC
  0
EOF
