{
  "type": "FeatureCollection",
  "name": "55hectari",
  "name_fa": "ناحیه 55 هکتاری",
  "crs": {
    "type": "name",
    "properties": {
      "name": "urn:ogc:def:crs:OGC:1.3:CRS84"
    }
  },
  "features": [
    {
      "type": "Feature",
      "properties": {
        "Name": "GIS_83359",
        "masahat": 230.57
      },
      "geometry": {
        "type": "MultiPolygon",
        "coordinates": [
          [
            [
              [
                52.50083384959015,
                29.81553122271858,
                0.0
              ],
              [
                52.50063296187252,
                29.81557882773988,
                0.0
              ],
              [
                52.50060870255766,
                29.81550312450435,
                0.0
              ],
              [
                52.50060537497727,
                29.8154927431105,
                0.0
              ],
              [
                52.50067705030191,
                29.81547575834377,
                0.0
              ],
              [
                52.50080626357413,
                29.81544513812433,
                0.0
              ],
              [
                52.50083384959015,
                29.81553122271858,
                0.0
              ]
            ]
          ]
        ]
      }
    },
    {
      "type": "Feature",
      "properties": {
        "Name": "GIS_83372",
        "masahat": 512.64
      },
      "geometry": {
        "type": "MultiPolygon",
        "coordinates": [
          [
            [
              [
                52.50434045510327,
                29.81458309531166,
                0.0
              ],
              [
                52.50409470648658,
                29.8144933875088,
                0.0
              ],
              [
                52.50416674122972,
                29.81435121409756,
                0.0
              ],
              [
                52.50441210250858,
                29.8144407800082,
                0.0
              ],
              [
                52.50434045510327,
                29.81458309531166,
                0.0
              ]
            ]
          ]
        ]
      }
    },
    {
      "type": "Feature",
      "properties": {
        "Name": "2",
        "masahat": 21810.19
      },
      "geometry": {
        "type": "MultiPolygon",
        "coordinates": [
          [
            [
              [
                52.50341655845314,
                29.81424244114983,
                0.0
              ],
              [
                52.50344178295192,
                29.81424215771801,
                0.0
              ],
              [
                52.50350211598347,
                29.81424064370621,
                0.0
              ],
              [
                52.503562395197,
                29.81423795364332,
                0.0
              ],
              [
                52.50363055935373,
                29.81423348736331,
                0.0
              ],
              [
                52.50369857060017,
                29.81422751590042,
                0.0
              ],
              [
                52.50376638037691,
                29.81422004431934,
                0.0
              ],
              [
                52.50376917647056,
                29.81421978510744,
                0.0
              ],
              [
                52.50377197987875,
                29.81421959980315,
                0.0
              ],
              [
                52.50377478851888,
                29.81421948752783,
                0.0
              ],
              [
                52.50377759827978,
                29.81421945013292,
                0.0
              ],
              [
                52.50378041016898,
                29.81421948580233,
                0.0
              ],
              [
                52.50378321695814,
                29.81421959552063,
                0.0
              ],
              [
                52.50363245990547,
                29.81451714690074,
                0.0
              ],
              [
                52.50390039956798,
                29.81461663595747,
                0.0
              ],
              [
                52.50298513904929,
                29.81473956262034,
                0.0
              ],
              [
                52.50048046919687,
                29.81537454546734,
                0.0
              ],
              [
                52.5004151528248,
                29.81533834864143,
                0.0
              ],
              [
                52.50034853551958,
                29.81530393241329,
                0.0
              ],
              [
                52.50028068710653,
                29.81527133027658,
                0.0
              ],
              [
                52.50021167226487,
                29.8152405775882,
                0.0
              ],
              [
                52.50014156069806,
                29.81521169972246,
                0.0
              ],
              [
                52.50012115144968,
                29.81520400360215,
                0.0
              ],
              [
                52.50010043591686,
                29.81519693085627,
                0.0
              ],
              [
                52.50007944114609,
                29.81519049110315,
                0.0
              ],
              [
                52.50005819103974,
                29.81518469128993,
                0.0
              ],
              [
                52.5000367157614,
                29.81517954190198,
                0.0
              ],
              [
                52.49972710451026,
                29.81511127298336,
                0.0
              ],
              [
                52.49972541094369,
                29.81511087713676,
                0.0
              ],
              [
                52.49972373426439,
                29.81511043417734,
                0.0
              ],
              [
                52.49972207549346,
                29.81510994319116,
                0.0
              ],
              [
                52.4997204377346,
                29.81510940414302,
                0.0
              ],
              [
                52.49971882203585,
                29.81510881792334,
                0.0
              ],
              [
                52.49971722943175,
                29.81510818452036,
                0.0
              ],
              [
                52.4997156630664,
                29.8151075066054,
                0.0
              ],
              [
                52.49971412396091,
                29.81510678326452,
                0.0
              ],
              [
                52.49971261628046,
                29.81510601625512,
                0.0
              ],
              [
                52.49971113692136,
                29.81510520561242,
                0.0
              ],
              [
                52.49970969313901,
                29.81510435215639,
                0.0
              ],
              [
                52.49970828185668,
                29.81510345772662,
                0.0
              ],
              [
                52.49970690722606,
                29.81510252317831,
                0.0
              ],
              [
                52.49970557030867,
                29.81510155030406,
                0.0
              ],
              [
                52.4997042721256,
                29.81510053818997,
                0.0
              ],
              [
                52.49970301477289,
                29.8150994886169,
                0.0
              ],
              [
                52.49970180034662,
                29.81509840336571,
                0.0
              ],
              [
                52.49970062783918,
                29.81509728425248,
                0.0
              ],
              [
                52.49969950036767,
                29.8150961321442,
                0.0
              ],
              [
                52.49969842000127,
                29.81509494701734,
                0.0
              ],
              [
                52.49969738575925,
                29.81509373249237,
                0.0
              ],
              [
                52.49969638069808,
                29.81509246259407,
                0.0
              ],
              [
                52.49969542903017,
                29.81509116501982,
                0.0
              ],
              [
                52.49969452763838,
                29.81508983890266,
                0.0
              ],
              [
                52.49969368173589,
                29.8150884868904,
                0.0
              ],
              [
                52.49969288930747,
                29.81508711261522,
                0.0
              ],
              [
                52.49969215342986,
                29.81508571423759,
                0.0
              ],
              [
                52.49969147415693,
                29.81508429536615,
                0.0
              ],
              [
                52.49969085148867,
                29.81508285600095,
                0.0
              ],
              [
                52.49969028754809,
                29.81508139972717,
                0.0
              ],
              [
                52.4996897823621,
                29.81507992834919,
                0.0
              ],
              [
                52.4996893359307,
                29.81507844186699,
                0.0
              ],
              [
                52.49968894934234,
                29.81507694387754,
                0.0
              ],
              [
                52.49968862363154,
                29.81507543436911,
                0.0
              ],
              [
                52.4996883588522,
                29.8150739169504,
                0.0
              ],
              [
                52.49968815398321,
                29.81507239253531,
                0.0
              ],
              [
                52.49968801110715,
                29.81507086200254,
                0.0
              ],
              [
                52.49968793027792,
                29.81506932896081,
                0.0
              ],
              [
                52.49968790942634,
                29.8150677934336,
                0.0
              ],
              [
                52.49968795067544,
                29.81506625900612,
                0.0
              ],
              [
                52.4996880540252,
                29.81506472567837,
                0.0
              ],
              [
                52.49968821848146,
                29.81506319616863,
                0.0
              ],
              [
                52.49968844409808,
                29.81506167408559,
                0.0
              ],
              [
                52.49968876012019,
                29.81506080155551,
                0.0
              ],
              [
                52.49968911043099,
                29.81505993856185,
                0.0
              ],
              [
                52.49968949713998,
                29.81505908778762,
                0.0
              ],
              [
                52.49968991606853,
                29.81505824657327,
                0.0
              ],
              [
                52.499690368332,
                29.81505742032011,
                0.0
              ],
              [
                52.49969085388998,
                29.81505660632162,
                0.0
              ],
              [
                52.49969137176179,
                29.81505580819824,
                0.0
              ],
              [
                52.49969192194742,
                29.81505502594997,
                0.0
              ],
              [
                52.49969250237775,
                29.81505425960032,
                0.0
              ],
              [
                52.49969311307969,
                29.81505351095361,
                0.0
              ],
              [
                52.49969375405328,
                29.81505278000985,
                0.0
              ],
              [
                52.49969442430432,
                29.81505206948731,
                0.0
              ],
              [
                52.49969512279829,
                29.81505137939775,
                0.0
              ],
              [
                52.49969584641799,
                29.81505070887421,
                0.0
              ],
              [
                52.49969659935557,
                29.81505006147842,
                0.0
              ],
              [
                52.49969737641127,
                29.81504943546476,
                0.0
              ],
              [
                52.49969817866005,
                29.81504883352798,
                0.0
              ],
              [
                52.49969900403281,
                29.81504825569159,
                0.0
              ],
              [
                52.49969985254299,
                29.81504770285777,
                0.0
              ],
              [
                52.499700722108,
                29.81504717414784,
                0.0
              ],
              [
                52.4997016117337,
                29.81504667228003,
                0.0
              ],
              [
                52.49970252244118,
                29.81504619634046,
                0.0
              ],
              [
                52.49970345218823,
                29.81504574815696,
                0.0
              ],
              [
                52.4997043968501,
                29.81504532867866,
                0.0
              ],
              [
                52.49970536053808,
                29.81504493605426,
                0.0
              ],
              [
                52.49970633705828,
                29.81504457125638,
                0.0
              ],
              [
                52.49970732853368,
                29.81504423787025,
                0.0
              ],
              [
                52.49970833284129,
                29.81504393231064,
                0.0
              ],
              [
                52.4997093489735,
                29.81504365639366,
                0.0
              ],
              [
                52.49971037487465,
                29.81504341104497,
                0.0
              ],
              [
                52.4997114094967,
                29.81504319537412,
                0.0
              ],
              [
                52.4997611977325,
                29.81503146658015,
                0.0
              ],
              [
                52.5002525484875,
                29.81491503140385,
                0.0
              ],
              [
                52.50105188998499,
                29.81472560808695,
                0.0
              ],
              [
                52.50273303895788,
                29.81432720045033,
                0.0
              ],
              [
                52.50275648764909,
                29.81432164338646,
                0.0
              ],
              [
                52.50281729311054,
                29.81430792032096,
                0.0
              ],
              [
                52.50289850130255,
                29.81429170480651,
                0.0
              ],
              [
                52.50298027745372,
                29.81427776657464,
                0.0
              ],
              [
                52.50306253593091,
                29.81426612193805,
                0.0
              ],
              [
                52.50312186077783,
                29.81425918755268,
                0.0
              ],
              [
                52.50318135534971,
                29.81425343145528,
                0.0
              ],
              [
                52.50325961718826,
                29.81424770271694,
                0.0
              ],
              [
                52.50333804235169,
                29.8142440384058,
                0.0
              ],
              [
                52.50341655845314,
                29.81424244114983,
                0.0
              ]
            ],
            [
              [
                52.50059427508991,
                29.8149074076054,
                0.0
              ],
              [
                52.50047612014531,
                29.81493501456095,
                0.0
              ],
              [
                52.50048665325855,
                29.81497232443496,
                0.0
              ],
              [
                52.50060805083982,
                29.81494719362418,
                0.0
              ],
              [
                52.50059427508991,
                29.8149074076054,
                0.0
              ]
            ]
          ]
        ]
      }
    },
    {
      "type": "Feature",
      "properties": {
        "Name": "GIS_83500",
        "masahat": 4339.48
      },
      "geometry": {
        "type": "MultiPolygon",
        "coordinates": [
          [
            [
              [
                52.50382698750345,
                29.8142317975807,
                0.0
              ],
              [
                52.50383106257753,
                29.81423409995655,
                0.0
              ],
              [
                52.50383522686935,
                29.81423627950244,
                0.0
              ],
              [
                52.50383947830978,
                29.81423833624192,
                0.0
              ],
              [
                52.50384380852788,
                29.81424026395395,
                0.0
              ],
              [
                52.50384821548153,
                29.81424206446645,
                0.0
              ],
              [
                52.50385269183434,
                29.81424373154659,
                0.0
              ],
              [
                52.50385723347508,
                29.81424526704583,
                0.0
              ],
              [
                52.50386183308086,
                29.81424666563356,
                0.0
              ],
              [
                52.50386648757504,
                29.81424792914944,
                0.0
              ],
              [
                52.50387118964817,
                29.81424905316503,
                0.0
              ],
              [
                52.50387593516205,
                29.81425003772744,
                0.0
              ],
              [
                52.5038807168478,
                29.8142508811147,
                0.0
              ],
              [
                52.50388553055368,
                29.81425158247182,
                0.0
              ],
              [
                52.50389036903781,
                29.81425214188116,
                0.0
              ],
              [
                52.50389522915599,
                29.81425255667155,
                0.0
              ],
              [
                52.5039001005897,
                29.81425282876513,
                0.0
              ],
              [
                52.50390498227735,
                29.81425295636927,
                0.0
              ],
              [
                52.50390986594252,
                29.81425293957822,
                0.0
              ],
              [
                52.50391474744698,
                29.81425277843907,
                0.0
              ],
              [
                52.50391961851427,
                29.81425247304604,
                0.0
              ],
              [
                52.50392447500619,
                29.81425202344624,
                0.0
              ],
              [
                52.50392931176345,
                29.81425143060073,
                0.0
              ],
              [
                52.50393412053663,
                29.81425069640806,
                0.0
              ],
              [
                52.50393889819505,
                29.81424981909922,
                0.0
              ],
              [
                52.50394363755084,
                29.81424880236537,
                0.0
              ],
              [
                52.50394833445228,
                29.81424764535142,
                0.0
              ],
              [
                52.50395298168449,
                29.81424634994419,
                0.0
              ],
              [
                52.50395757308065,
                29.81424491892082,
                0.0
              ],
              [
                52.50396210553711,
                29.81424335231669,
                0.0
              ],
              [
                52.5039665739216,
                29.8142416528972,
                0.0
              ],
              [
                52.50397097101926,
                29.81423982254917,
                0.0
              ],
              [
                52.50397529171132,
                29.81423786494015,
                0.0
              ],
              [
                52.50397953082504,
                29.81423578012904,
                0.0
              ],
              [
                52.50398368528374,
                29.81423356995554,
                0.0
              ],
              [
                52.50398774689205,
                29.81423123992691,
                0.0
              ],
              [
                52.50399171255981,
                29.81422879098069,
                0.0
              ],
              [
                52.50399557922385,
                29.81422622585873,
                0.0
              ],
              [
                52.5039993407309,
                29.81422354824037,
                0.0
              ],
              [
                52.50400299092766,
                29.81422076180502,
                0.0
              ],
              [
                52.50400652986816,
                29.81421787016137,
                0.0
              ],
              [
                52.50400994719338,
                29.81421487252502,
                0.0
              ],
              [
                52.50401324409992,
                29.8142117797103,
                0.0
              ],
              [
                52.50401641537451,
                29.81420858906959,
                0.0
              ],
              [
                52.50401945595245,
                29.81420530787917,
                0.0
              ],
              [
                52.50402236275711,
                29.81420193797874,
                0.0
              ],
              [
                52.50402513276587,
                29.81419848481668,
                0.0
              ],
              [
                52.50402776189455,
                29.81419495204879,
                0.0
              ],
              [
                52.50403024815508,
                29.8141913451117,
                0.0
              ],
              [
                52.5040325894919,
                29.81418766493116,
                0.0
              ],
              [
                52.50403478085379,
                29.81418391968559,
                0.0
              ],
              [
                52.50403681915063,
                29.81418011031255,
                0.0
              ],
              [
                52.50403870450398,
                29.81417624493158,
                0.0
              ],
              [
                52.50404043176812,
                29.81417232540594,
                0.0
              ],
              [
                52.50404200205863,
                29.8141683571369,
                0.0
              ],
              [
                52.50404341235292,
                29.81416434557285,
                0.0
              ],
              [
                52.50404466064945,
                29.81416029524822,
                0.0
              ],
              [
                52.50404574494663,
                29.81415621069743,
                0.0
              ],
              [
                52.50404666322942,
                29.81415209555275,
                0.0
              ],
              [
                52.50404741665394,
                29.81414795792198,
                0.0
              ],
              [
                52.50404800316463,
                29.81414379873081,
                0.0
              ],
              [
                52.50404842184847,
                29.81413962611064,
                0.0
              ],
              [
                52.50404867379409,
                29.81413544365836,
                0.0
              ],
              [
                52.50404875597887,
                29.81413125682236,
                0.0
              ],
              [
                52.50404867053948,
                29.81412707008996,
                0.0
              ],
              [
                52.50404841754347,
                29.81412288797203,
                0.0
              ],
              [
                52.50404799605082,
                29.81411871679556,
                0.0
              ],
              [
                52.50404740713663,
                29.81411455925529,
                0.0
              ],
              [
                52.5046135124022,
                29.81432012443464,
                0.0
              ],
              [
                52.50463727564617,
                29.81432901514255,
                0.0
              ],
              [
                52.50439990666357,
                29.81479897437659,
                0.0
              ],
              [
                52.50390039956798,
                29.81461663595747,
                0.0
              ],
              [
                52.50363245990547,
                29.81451714690074,
                0.0
              ],
              [
                52.50378321695814,
                29.81421959552063,
                0.0
              ],
              [
                52.50378631076886,
                29.81421980122806,
                0.0
              ],
              [
                52.50378939454987,
                29.8142200972824,
                0.0
              ],
              [
                52.50379246311489,
                29.81422048284035,
                0.0
              ],
              [
                52.50379551540237,
                29.81422095610935,
                0.0
              ],
              [
                52.50379854730115,
                29.81422151894082,
                0.0
              ],
              [
                52.50380155463247,
                29.81422216867537,
                0.0
              ],
              [
                52.50380453531378,
                29.81422290443438,
                0.0
              ],
              [
                52.50380748417229,
                29.81422372627673,
                0.0
              ],
              [
                52.50381039913894,
                29.81422463422592,
                0.0
              ],
              [
                52.50381327602148,
                29.81422562472043,
                0.0
              ],
              [
                52.50381611381241,
                29.81422669957634,
                0.0
              ],
              [
                52.50381890520233,
                29.81422785436524,
                0.0
              ],
              [
                52.50382165125281,
                29.81422909087968,
                0.0
              ],
              [
                52.50382434570253,
                29.81423040558163,
                0.0
              ],
              [
                52.50382698750345,
                29.8142317975807,
                0.0
              ]
            ],
            [
              [
                52.50434045510327,
                29.81458309531166,
                0.0
              ],
              [
                52.50441210250858,
                29.8144407800082,
                0.0
              ],
              [
                52.50416674122972,
                29.81435121409756,
                0.0
              ],
              [
                52.50409470648658,
                29.8144933875088,
                0.0
              ],
              [
                52.50434045510327,
                29.81458309531166,
                0.0
              ]
            ]
          ]
        ]
      }
    },
    {
      "type": "Feature",
      "properties": {
        "Name": "GIS_84835",
        "masahat": 769.05
      },
      "geometry": {
        "type": "MultiPolygon",
        "coordinates": [
          [
            [
              [
                52.50465178222051,
                29.81428767670406,
                0.0
              ],
              [
                52.5046135124022,
                29.81432012443464,
                0.0
              ],
              [
                52.50404740713663,
                29.81411455925529,
                0.0
              ],
              [
                52.50404664093626,
                29.81411037846807,
                0.0
              ],
              [
                52.50404570747646,
                29.81410622214315,
                0.0
              ],
              [
                52.50404460270008,
                29.81410209574068,
                0.0
              ],
              [
                52.5040433329225,
                29.81409800640737,
                0.0
              ],
              [
                52.50404189819775,
                29.81409395775193,
                0.0
              ],
              [
                52.50404029755882,
                29.814089954297,
                0.0
              ],
              [
                52.50403853523847,
                29.81408600231067,
                0.0
              ],
              [
                52.50403661541544,
                29.81408210445237,
                0.0
              ],
              [
                52.50403453611518,
                29.81407826706087,
                0.0
              ],
              [
                52.504032303599,
                29.81407449367417,
                0.0
              ],
              [
                52.50402991794797,
                29.81407078970532,
                0.0
              ],
              [
                52.50402738338133,
                29.81406716052025,
                0.0
              ],
              [
                52.50402470304326,
                29.81406360879015,
                0.0
              ],
              [
                52.50402187804934,
                29.81406013991627,
                0.0
              ],
              [
                52.50401891569545,
                29.81405675742488,
                0.0
              ],
              [
                52.50401581603561,
                29.81405346492464,
                0.0
              ],
              [
                52.50401258537166,
                29.8140502686601,
                0.0
              ],
              [
                52.50400922682076,
                29.81404716949812,
                0.0
              ],
              [
                52.50400574152551,
                29.81404417464427,
                0.0
              ],
              [
                52.50401371643608,
                29.81403341021922,
                0.0
              ],
              [
                52.50403967163332,
                29.81399837511164,
                0.0
              ],
              [
                52.50404956951049,
                29.81398501445108,
                0.0
              ],
              [
                52.50405664581793,
                29.81397546395917,
                0.0
              ],
              [
                52.50406254863736,
                29.81396749597482,
                0.0
              ],
              [
                52.50465178222051,
                29.81428767670406,
                0.0
              ]
            ]
          ]
        ]
      }
    },
    {
      "type": "Feature",
      "properties": {
        "Name": "340",
        "masahat": 253.87
      },
      "geometry": {
        "type": "MultiPolygon",
        "coordinates": [
          [
            [
              [
                52.50215593525585,
                29.81031911927614,
                0.0
              ],
              [
                52.50204226825786,
                29.81031895964949,
                0.0
              ],
              [
                52.50204259862421,
                29.81013872919262,
                0.0
              ],
              [
                52.50215626747377,
                29.81013888790039,
                0.0
              ],
              [
                52.50215593525585,
                29.81031911927614,
                0.0
              ]
            ]
          ]
        ]
      }
    },
    {
      "type": "Feature",
      "properties": {
        "Name": "334",
        "masahat": 317.34
      },
      "geometry": {
        "type": "MultiPolygon",
        "coordinates": [
          [
            [
              [
                52.50215593525585,
                29.81031911927614,
                0.0
              ],
              [
                52.50215552234371,
                29.81054440936491,
                0.0
              ],
              [
                52.50204185509078,
                29.81054424974677,
                0.0
              ],
              [
                52.50204193791861,
                29.81049919100381,
                0.0
              ],
              [
                52.50204226825786,
                29.81031895964949,
                0.0
              ],
              [
                52.50215593525585,
                29.81031911927614,
                0.0
              ]
            ]
          ]
        ]
      }
    },
    {
      "type": "Feature",
      "properties": {
        "Name": "339",
        "masahat": 230.79
      },
      "geometry": {
        "type": "MultiPolygon",
        "coordinates": [
          [
            [
              [
                52.50204226825786,
                29.81031895964949,
                0.0
              ],
              [
                52.50193893492519,
                29.81031881600455,
                0.0
              ],
              [
                52.50193926546347,
                29.81013858463932,
                0.0
              ],
              [
                52.50204259862421,
                29.81013872919262,
                0.0
              ],
              [
                52.50204226825786,
                29.81031895964949,
                0.0
              ]
            ]
          ]
        ]
      }
    },
    {
      "type": "Feature",
      "properties": {
        "Name": "333",
        "masahat": 230.79
      },
      "geometry": {
        "type": "MultiPolygon",
        "coordinates": [
          [
            [
              [
                52.50204193791861,
                29.81049919100381,
                0.0
              ],
              [
                52.50193860234498,
                29.81049904829076,
                0.0
              ],
              [
                52.50193893492519,
                29.81031881600455,
                0.0
              ],
              [
                52.50204226825786,
                29.81031895964949,
                0.0
              ],
              [
                52.50204193791861,
                29.81049919100381,
                0.0
              ]
            ]
          ]
        ]
      }
    },
    {
      "type": "Feature",
      "properties": {
        "Name": "338",
        "masahat": 230.8
      },
      "geometry": {
        "type": "MultiPolygon",
        "coordinates": [
          [
            [
              [
                52.50193893492519,
                29.81031881600455,
                0.0
              ],
              [
                52.50183559743759,
                29.81031867142364,
                0.0
              ],
              [
                52.50183593123785,
                29.81013843821258,
                0.0
              ],
              [
                52.50193926546347,
                29.81013858463932,
                0.0
              ],
              [
                52.50193893492519,
                29.81031881600455,
                0.0
              ]
            ]
          ]
        ]
      }
    },
    {
      "type": "Feature",
      "properties": {
        "Name": "332",
        "masahat": 230.8
      },
      "geometry": {
        "type": "MultiPolygon",
        "coordinates": [
          [
            [
              [
                52.50193893492519,
                29.81031881600455,
                0.0
              ],
              [
                52.50193860234498,
                29.81049904829076,
                0.0
              ],
              [
                52.50183526881001,
                29.810498903669,
                0.0
              ],
              [
                52.50183559743759,
                29.81031867142364,
                0.0
              ],
              [
                52.50193893492519,
                29.81031881600455,
                0.0
              ]
            ]
          ]
        ]
      }
    },
    {
      "type": "Feature",
      "properties": {
        "Name": "68",
        "masahat": 231.01
      },
      "geometry": {
        "type": "MultiPolygon",
        "coordinates": [
          [
            [
              [
                52.49938188420185,
                29.81253823932635,
                0.0
              ],
              [
                52.49946280516598,
                29.81259428322311,
                0.0
              ],
              [
                52.49933427368329,
                29.81273542155106,
                0.0
              ],
              [
                52.49925311545925,
                29.81267963743376,
                0.0
              ],
              [
                52.49938188420185,
                29.81253823932635,
                0.0
              ]
            ]
          ]
        ]
      }
    },
    {
      "type": "Feature",
      "properties": {
        "Name": "69",
        "masahat": 288.54
      },
      "geometry": {
        "type": "MultiPolygon",
        "coordinates": [
          [
            [
              [
                52.49938188420185,
                29.81253823932635,
                0.0
              ],
              [
                52.49925311545925,
                29.81267963743376,
                0.0
              ],
              [
                52.49922121844128,
                29.81271466236329,
                0.0
              ],
              [
                52.49914267817081,
                29.81266026873601,
                0.0
              ],
              [
                52.49914029230551,
                29.81265861657252,
                0.0
              ],
              [
                52.49919812866973,
                29.81259509863398,
                0.0
              ],
              [
                52.49929651806763,
                29.81248703989621,
                0.0
              ],
              [
                52.49930094139998,
                29.81248218209028,
                0.0
              ],
              [
                52.49938188420185,
                29.81253823932635,
                0.0
              ]
            ]
          ]
        ]
      }
    },
    {
      "type": "Feature",
      "properties": {
        "Name": "57",
        "masahat": 417.14
      },
      "geometry": {
        "type": "MultiPolygon",
        "coordinates": [
          [
            [
              [
                52.49887562470203,
                29.81271740319974,
                0.0
              ],
              [
                52.49906865945653,
                29.81250543690276,
                0.0
              ],
              [
                52.49916613804479,
                29.81257294760818,
                0.0
              ],
              [
                52.49897291830081,
                29.81278478440259,
                0.0
              ],
              [
                52.49887562470203,
                29.81271740319974,
                0.0
              ]
            ]
          ]
        ]
      }
    },
    {
      "type": "Feature",
      "properties": {
        "Name": "48",
        "masahat": 415.84
      },
      "geometry": {
        "type": "MultiPolygon",
        "coordinates": [
          [
            [
              [
                52.49887562470203,
                29.81271740319974,
                0.0
              ],
              [
                52.49897291830081,
                29.81278478440259,
                0.0
              ],
              [
                52.49877993290639,
                29.8129963620069,
                0.0
              ],
              [
                52.49868282533209,
                29.81292911029558,
                0.0
              ],
              [
                52.49887562470203,
                29.81271740319974,
                0.0
              ]
            ]
          ]
        ]
      }
    },
    {
      "type": "Feature",
      "properties": {
        "Name": "56",
        "masahat": 415.95
      },
      "geometry": {
        "type": "MultiPolygon",
        "coordinates": [
          [
            [
              [
                52.49887562470203,
                29.81271740319974,
                0.0
              ],
              [
                52.49877851731816,
                29.81265014974455,
                0.0
              ],
              [
                52.49879295210924,
                29.81263430170649,
                0.0
              ],
              [
                52.49897155217474,
                29.81243818448694,
                0.0
              ],
              [
                52.49906865945653,
                29.81250543690276,
                0.0
              ],
              [
                52.49887562470203,
                29.81271740319974,
                0.0
              ]
            ]
          ]
        ]
      }
    },
    {
      "type": "Feature",
      "properties": {
        "Name": "49",
        "masahat": 415.44
      },
      "geometry": {
        "type": "MultiPolygon",
        "coordinates": [
          [
            [
              [
                52.4985857189077,
                29.81286185759378,
                0.0
              ],
              [
                52.49862849395163,
                29.81281488710484,
                0.0
              ],
              [
                52.49877851731816,
                29.81265014974455,
                0.0
              ],
              [
                52.49887562470203,
                29.81271740319974,
                0.0
              ],
              [
                52.49868282533209,
                29.81292911029558,
                0.0
              ],
              [
                52.4985857189077,
                29.81286185759378,
                0.0
              ]
            ]
          ]
        ]
      }
    },
    {
      "type": "Feature",
      "properties": {
        "Name": "55",
        "masahat": 415.94
      },
      "geometry": {
        "type": "MultiPolygon",
        "coordinates": [
          [
            [
              [
                52.49887851203811,
                29.81237374714289,
                0.0
              ],
              [
                52.49897155217474,
                29.81243818448694,
                0.0
              ],
              [
                52.49879295210924,
                29.81263430170649,
                0.0
              ],
              [
                52.49877851731816,
                29.81265014974455,
                0.0
              ],
              [
                52.49868141215911,
                29.81258289799367,
                0.0
              ],
              [
                52.49887190200298,
                29.81237372648379,
                0.0
              ],
              [
                52.49887444709086,
                29.81237093197111,
                0.0
              ],
              [
                52.49887851203811,
                29.81237374714289,
                0.0
              ]
            ]
          ]
        ]
      }
    },
    {
      "type": "Feature",
      "properties": {
        "Name": "50",
        "masahat": 415.44
      },
      "geometry": {
        "type": "MultiPolygon",
        "coordinates": [
          [
            [
              [
                52.49868141215911,
                29.81258289799367,
                0.0
              ],
              [
                52.49877851731816,
                29.81265014974455,
                0.0
              ],
              [
                52.49862849395163,
                29.81281488710484,
                0.0
              ],
              [
                52.4985857189077,
                29.81286185759378,
                0.0
              ],
              [
                52.49851824348151,
                29.81281512428918,
                0.0
              ],
              [
                52.49848861258523,
                29.81279460301107,
                0.0
              ],
              [
                52.49863428918081,
                29.81263464241341,
                0.0
              ],
              [
                52.49868141215911,
                29.81258289799367,
                0.0
              ]
            ]
          ]
        ]
      }
    },
    {
      "type": "Feature",
      "properties": {
        "Name": "54",
        "masahat": 415.95
      },
      "geometry": {
        "type": "MultiPolygon",
        "coordinates": [
          [
            [
              [
                52.49877947290931,
                29.81230515668395,
                0.0
              ],
              [
                52.49887444709086,
                29.81237093197111,
                0.0
              ],
              [
                52.49887190200298,
                29.81237372648379,
                0.0
              ],
              [
                52.49868141215911,
                29.81258289799367,
                0.0
              ],
              [
                52.49858430504635,
                29.81251564528752,
                0.0
              ],
              [
                52.49877734111472,
                29.81230368029259,
                0.0
              ],
              [
                52.49877947290931,
                29.81230515668395,
                0.0
              ]
            ]
          ]
        ]
      }
    },
    {
      "type": "Feature",
      "properties": {
        "Name": "51",
        "masahat": 415.43
      },
      "geometry": {
        "type": "MultiPolygon",
        "coordinates": [
          [
            [
              [
                52.49858430504635,
                29.81251564528752,
                0.0
              ],
              [
                52.49868141215911,
                29.81258289799367,
                0.0
              ],
              [
                52.49863428918081,
                29.81263464241341,
                0.0
              ],
              [
                52.49848861258523,
                29.81279460301107,
                0.0
              ],
              [
                52.49839150746649,
                29.8127273510466,
                0.0
              ],
              [
                52.49858430504635,
                29.81251564528752,
                0.0
              ]
            ]
          ]
        ]
      }
    },
    {
      "type": "Feature",
      "properties": {
        "Name": "53",
        "masahat": 413.56
      },
      "geometry": {
        "type": "MultiPolygon",
        "coordinates": [
          [
            [
              [
                52.49869671561575,
                29.8122478419479,
                0.0
              ],
              [
                52.49877734111472,
                29.81230368029259,
                0.0
              ],
              [
                52.49858430504635,
                29.81251564528752,
                0.0
              ],
              [
                52.49848719803552,
                29.81244839070046,
                0.0
              ],
              [
                52.49866714327661,
                29.81225080046039,
                0.0
              ],
              [
                52.49869671561575,
                29.8122478419479,
                0.0
              ]
            ]
          ]
        ]
      }
    },
    {
      "type": "Feature",
      "properties": {
        "Name": "52",
        "masahat": 413.6
      },
      "geometry": {
        "type": "MultiPolygon",
        "coordinates": [
          [
            [
              [
                52.49858430504635,
                29.81251564528752,
                0.0
              ],
              [
                52.49839150746649,
                29.8127273510466,
                0.0
              ],
              [
                52.49831058283484,
                29.81267130742668,
                0.0
              ],
              [
                52.49830731769331,
                29.81266904531869,
                0.0
              ],
              [
                52.49830725422938,
                29.81264598520163,
                0.0
              ],
              [
                52.49831696123904,
                29.8126353241812,
                0.0
              ],
              [
                52.49848719803552,
                29.81244839070046,
                0.0
              ],
              [
                52.49858430504635,
                29.81251564528752,
                0.0
              ]
            ]
          ]
        ]
      }
    },
    {
      "type": "Feature",
      "properties": {
        "Name": "314",
        "masahat": 369.29
      },
      "geometry": {
        "type": "MultiPolygon",
        "coordinates": [
          [
            [
              [
                52.50185957506322,
                29.81115991457624,
                0.0
              ],
              [
                52.50186012350837,
                29.81085940209554,
                0.0
              ],
              [
                52.50204127522536,
                29.81085965462403,
                0.0
              ],
              [
                52.50205294785875,
                29.81085967171369,
                0.0
              ],
              [
                52.50199164004457,
                29.81096127882315,
                0.0
              ],
              [
                52.5019271662736,
                29.81106138522785,
                0.0
              ],
              [
                52.50185957506322,
                29.81115991457624,
                0.0
              ]
            ]
          ]
        ]
      }
    },
    {
      "type": "Feature",
      "properties": {
        "Name": "337",
        "masahat": 230.79
      },
      "geometry": {
        "type": "MultiPolygon",
        "coordinates": [
          [
            [
              [
                52.50183559743759,
                29.81031867142364,
                0.0
              ],
              [
                52.50173226513263,
                29.81031852760523,
                0.0
              ],
              [
                52.50173259604174,
                29.81013829622762,
                0.0
              ],
              [
                52.50183593123785,
                29.81013843821258,
                0.0
              ],
              [
                52.50183559743759,
                29.81031867142364,
                0.0
              ]
            ]
          ]
        ]
      }
    },
    {
      "type": "Feature",
      "properties": {
        "Name": "331",
        "masahat": 230.79
      },
      "geometry": {
        "type": "MultiPolygon",
        "coordinates": [
          [
            [
              [
                52.50183559743759,
                29.81031867142364,
                0.0
              ],
              [
                52.50183526881001,
                29.810498903669,
                0.0
              ],
              [
                52.50173193317564,
                29.81049875718555,
                0.0
              ],
              [
                52.50173226513263,
                29.81031852760523,
                0.0
              ],
              [
                52.50183559743759,
                29.81031867142364,
                0.0
              ]
            ]
          ]
        ]
      }
    },
    {
      "type": "Feature",
      "properties": {
        "Name": "336",
        "masahat": 230.79
      },
      "geometry": {
        "type": "MultiPolygon",
        "coordinates": [
          [
            [
              [
                52.50173226513263,
                29.81031852760523,
                0.0
              ],
              [
                52.50162892970725,
                29.81031838283909,
                0.0
              ],
              [
                52.5016292628708,
                29.81013815143178,
                0.0
              ],
              [
                52.50173259604174,
                29.81013829622762,
                0.0
              ],
              [
                52.50173226513263,
                29.81031852760523,
                0.0
              ]
            ]
          ]
        ]
      }
    },
    {
      "type": "Feature",
      "properties": {
        "Name": "330",
        "masahat": 230.79
      },
      "geometry": {
        "type": "MultiPolygon",
        "coordinates": [
          [
            [
              [
                52.50173226513263,
                29.81031852760523,
                0.0
              ],
              [
                52.50173193317564,
                29.81049875718555,
                0.0
              ],
              [
                52.50162859759181,
                29.81049861422995,
                0.0
              ],
              [
                52.50162892970725,
                29.81031838283909,
                0.0
              ],
              [
                52.50173226513263,
                29.81031852760523,
                0.0
              ]
            ]
          ]
        ]
      }
    },
    {
      "type": "Feature",
      "properties": {
        "Name": "335",
        "masahat": 318.85
      },
      "geometry": {
        "type": "MultiPolygon",
        "coordinates": [
          [
            [
              [
                52.50215552234371,
                29.81054440936491,
                0.0
              ],
              [
                52.50215584346147,
                29.81056166817075,
                0.0
              ],
              [
                52.5021555034301,
                29.81057892817683,
                0.0
              ],
              [
                52.50215450087759,
                29.81059616684053,
                0.0
              ],
              [
                52.5021528407469,
                29.81061336876602,
                0.0
              ],
              [
                52.50215052063147,
                29.81063051142247,
                0.0
              ],
              [
                52.50214754750288,
                29.81064757668396,
                0.0
              ],
              [
                52.50214392110453,
                29.81066454740915,
                0.0
              ],
              [
                52.50213964525049,
                29.81068140189875,
                0.0
              ],
              [
                52.50213472691234,
                29.81069812202683,
                0.0
              ],
              [
                52.50212917204059,
                29.81071469058145,
                0.0
              ],
              [
                52.50212298134582,
                29.81073108589855,
                0.0
              ],
              [
                52.50211616808763,
                29.81074729519472,
                0.0
              ],
              [
                52.50210873708769,
                29.81076329495446,
                0.0
              ],
              [
                52.50210069948268,
                29.81077906880918,
                0.0
              ],
              [
                52.50209206020219,
                29.8107946004608,
                0.0
              ],
              [
                52.502082831377,
                29.81080987082239,
                0.0
              ],
              [
                52.50207302312279,
                29.81082486443923,
                0.0
              ],
              [
                52.50205294785875,
                29.81085967171369,
                0.0
              ],
              [
                52.50204127522536,
                29.81085965462403,
                0.0
              ],
              [
                52.50204185509078,
                29.81054424974677,
                0.0
              ],
              [
                52.50215552234371,
                29.81054440936491,
                0.0
              ]
            ]
          ]
        ]
      }
    },
    {
      "type": "Feature",
      "properties": {
        "Name": "118",
        "masahat": 230.8
      },
      "geometry": {
        "type": "MultiPolygon",
        "coordinates": [
          [
            [
              [
                52.49816687907389,
                29.81146703023764,
                0.0
              ],
              [
                52.49824779956533,
                29.81152307673363,
                0.0
              ],
              [
                52.49811926761008,
                29.81166421301088,
                0.0
              ],
              [
                52.49803834607529,
                29.81160816915699,
                0.0
              ],
              [
                52.49816687907389,
                29.81146703023764,
                0.0
              ]
            ]
          ]
        ]
      }
    },
    {
      "type": "Feature",
      "properties": {
        "Name": "341",
        "masahat": 1398.95
      },
      "geometry": {
        "type": "MultiPolygon",
        "coordinates": [
          [
            [
              [
                52.50243328182165,
                29.8094208951362,
                0.0
              ],
              [
                52.50243952901256,
                29.80942088184953,
                0.0
              ],
              [
                52.50244101767854,
                29.80994148353501,
                0.0
              ],
              [
                52.50244102378024,
                29.80994355250612,
                0.0
              ],
              [
                52.50240142396736,
                29.80996657184312,
                0.0
              ],
              [
                52.50235309677239,
                29.80997078029198,
                0.0
              ],
              [
                52.50234225569558,
                29.80997080339954,
                0.0
              ],
              [
                52.50233925004386,
                29.8099708105046,
                0.0
              ],
              [
                52.5022867094395,
                29.80997092424383,
                0.0
              ],
              [
                52.50224727787765,
                29.80997101073367,
                0.0
              ],
              [
                52.50223443475668,
                29.80997103854805,
                0.0
              ],
              [
                52.50223340312917,
                29.80961057521244,
                0.0
              ],
              [
                52.50223285971986,
                29.80942133229016,
                0.0
              ],
              [
                52.50243328182165,
                29.8094208951362,
                0.0
              ]
            ]
          ]
        ]
      }
    },
    {
      "type": "Feature",
      "properties": {
        "Name": "342",
        "masahat": 923.17
      },
      "geometry": {
        "type": "MultiPolygon",
        "coordinates": [
          [
            [
              [
                52.50222605816803,
                29.80961059104484,
                0.0
              ],
              [
                52.50223340312917,
                29.80961057521244,
                0.0
              ],
              [
                52.50223443475668,
                29.80997103854805,
                0.0
              ],
              [
                52.50222407996581,
                29.80997106062875,
                0.0
              ],
              [
                52.50213067479883,
                29.80997126353393,
                0.0
              ],
              [
                52.50212126051069,
                29.80997128393763,
                0.0
              ],
              [
                52.50202776739324,
                29.80997148686753,
                0.0
              ],
              [
                52.50202773962793,
                29.80996187647561,
                0.0
              ],
              [
                52.50202763120831,
                29.80992381926999,
                0.0
              ],
              [
                52.50202674400614,
                29.80961374033245,
                0.0
              ],
              [
                52.50202673652063,
                29.80961102440672,
                0.0
              ],
              [
                52.50222605816803,
                29.80961059104484,
                0.0
              ]
            ]
          ]
        ]
      }
    },
    {
      "type": "Feature",
      "properties": {
        "Name": "209",
        "masahat": 230.8
      },
      "geometry": {
        "type": "MultiPolygon",
        "coordinates": [
          [
            [
              [
                52.50047737108949,
                29.811916005984,
                0.0
              ],
              [
                52.50055805162879,
                29.81197188140196,
                0.0
              ],
              [
                52.50055569289985,
                29.81197447170768,
                0.0
              ],
              [
                52.50042952040761,
                29.81211301984875,
                0.0
              ],
              [
                52.50034859727553,
                29.81205697747124,
                0.0
              ],
              [
                52.50047712853241,
                29.81191583819839,
                0.0
              ],
              [
                52.50047737108949,
                29.811916005984,
                0.0
              ]
            ]
          ]
        ]
      }
    },
    {
      "type": "Feature",
      "properties": {
        "Name": "201",
        "masahat": 230.8
      },
      "geometry": {
        "type": "MultiPolygon",
        "coordinates": [
          [
            [
              [
                52.50034859727553,
                29.81205697747124,
                0.0
              ],
              [
                52.50042952040761,
                29.81211301984875,
                0.0
              ],
              [
                52.5003138454408,
                29.81224004593731,
                0.0
              ],
              [
                52.50030099092459,
                29.81225415996096,
                0.0
              ],
              [
                52.50022006978544,
                29.81219811567945,
                0.0
              ],
              [
                52.50034859727553,
                29.81205697747124,
                0.0
              ]
            ]
          ]
        ]
      }
    },
    {
      "type": "Feature",
      "properties": {
        "Name": "200",
        "masahat": 230.79
      },
      "geometry": {
        "type": "MultiPolygon",
        "coordinates": [
          [
            [
              [
                52.50026767733648,
                29.8120009350053,
                0.0
              ],
              [
                52.50034859727553,
                29.81205697747124,
                0.0
              ],
              [
                52.50022006978544,
                29.81219811567945,
                0.0
              ],
              [
                52.50013914670709,
                29.81214207407481,
                0.0
              ],
              [
                52.50026767733648,
                29.8120009350053,
                0.0
              ]
            ]
          ]
        ]
      }
    },
    {
      "type": "Feature",
      "properties": {
        "Name": "211",
        "masahat": 230.8
      },
      "geometry": {
        "type": "MultiPolygon",
        "coordinates": [
          [
            [
              [
                52.5003962055255,
                29.81185979494166,
                0.0
              ],
              [
                52.50039393637837,
                29.81186228677573,
                0.0
              ],
              [
                52.50026767733648,
                29.8120009350053,
                0.0
              ],
              [
                52.50018675332184,
                29.81194489072881,
                0.0
              ],
              [
                52.5003125492857,
                29.81180675584434,
                0.0
              ],
              [
                52.5003152846771,
                29.81180375160825,
                0.0
              ],
              [
                52.5003962055255,
                29.81185979494166,
                0.0
              ]
            ]
          ]
        ]
      }
    },
    {
      "type": "Feature",
      "properties": {
        "Name": "199",
        "masahat": 230.8
      },
      "geometry": {
        "type": "MultiPolygon",
        "coordinates": [
          [
            [
              [
                52.50018675332184,
                29.81194489072881,
                0.0
              ],
              [
                52.50026767733648,
                29.8120009350053,
                0.0
              ],
              [
                52.50013914670709,
                29.81214207407481,
                0.0
              ],
              [
                52.50005822265673,
                29.81208603062439,
                0.0
              ],
              [
                52.50018675332184,
                29.81194489072881,
                0.0
              ]
            ]
          ]
        ]
      }
    },
    {
      "type": "Feature",
      "properties": {
        "Name": "212",
        "masahat": 230.8
      },
      "geometry": {
        "type": "MultiPolygon",
        "coordinates": [
          [
            [
              [
                52.5003152846771,
                29.81180375160825,
                0.0
              ],
              [
                52.5003125492857,
                29.81180675584434,
                0.0
              ],
              [
                52.50018675332184,
                29.81194489072881,
                0.0
              ],
              [
                52.50010583044466,
                29.8118888472896,
                0.0
              ],
              [
                52.50023086598944,
                29.81175154674577,
                0.0
              ],
              [
                52.50023436082805,
                29.81174770915907,
                0.0
              ],
              [
                52.5003152846771,
                29.81180375160825,
                0.0
              ]
            ]
          ]
        ]
      }
    },
    {
      "type": "Feature",
      "properties": {
        "Name": "198",
        "masahat": 230.8
      },
      "geometry": {
        "type": "MultiPolygon",
        "coordinates": [
          [
            [
              [
                52.50010583044466,
                29.8118888472896,
                0.0
              ],
              [
                52.50018675332184,
                29.81194489072881,
                0.0
              ],
              [
                52.50005822265673,
                29.81208603062439,
                0.0
              ],
              [
                52.49997730282048,
                29.81202998617163,
                0.0
              ],
              [
                52.50010583044466,
                29.8118888472896,
                0.0
              ]
            ]
          ]
        ]
      }
    },
    {
      "type": "Feature",
      "properties": {
        "Name": "213",
        "masahat": 230.79
      },
      "geometry": {
        "type": "MultiPolygon",
        "coordinates": [
          [
            [
              [
                52.50023436082805,
                29.81174770915907,
                0.0
              ],
              [
                52.50023086598944,
                29.81175154674577,
                0.0
              ],
              [
                52.50010583044466,
                29.8118888472896,
                0.0
              ],
              [
                52.50002491078747,
                29.81183280556632,
                0.0
              ],
              [
                52.50015048381507,
                29.81169490977347,
                0.0
              ],
              [
                52.50015343808951,
                29.81169166574282,
                0.0
              ],
              [
                52.50023436082805,
                29.81174770915907,
                0.0
              ]
            ]
          ]
        ]
      }
    },
    {
      "type": "Feature",
      "properties": {
        "Name": "197",
        "masahat": 230.79
      },
      "geometry": {
        "type": "MultiPolygon",
        "coordinates": [
          [
            [
              [
                52.50002491078747,
                29.81183280556632,
                0.0
              ],
              [
                52.50010583044466,
                29.8118888472896,
                0.0
              ],
              [
                52.49997730282048,
                29.81202998617163,
                0.0
              ],
              [
                52.49989638001052,
                29.81197394440747,
                0.0
              ],
              [
                52.50002491078747,
                29.81183280556632,
                0.0
              ]
            ]
          ]
        ]
      }
    },
    {
      "type": "Feature",
      "properties": {
        "Name": "214",
        "masahat": 228.49
      },
      "geometry": {
        "type": "MultiPolygon",
        "coordinates": [
          [
            [
              [
                52.50015312862337,
                29.81169145179515,
                0.0
              ],
              [
                52.50015343808951,
                29.81169166574282,
                0.0
              ],
              [
                52.50015048381507,
                29.81169490977347,
                0.0
              ],
              [
                52.50002491078747,
                29.81183280556632,
                0.0
              ],
              [
                52.49994398602014,
                29.81177676204426,
                0.0
              ],
              [
                52.50005966301831,
                29.81164973534762,
                0.0
              ],
              [
                52.50008869996848,
                29.81164683133238,
                0.0
              ],
              [
                52.50015312862337,
                29.81169145179515,
                0.0
              ]
            ]
          ]
        ]
      }
    },
    {
      "type": "Feature",
      "properties": {
        "Name": "196",
        "masahat": 228.49
      },
      "geometry": {
        "type": "MultiPolygon",
        "coordinates": [
          [
            [
              [
                52.49994398602014,
                29.81177676204426,
                0.0
              ],
              [
                52.50002491078747,
                29.81183280556632,
                0.0
              ],
              [
                52.49989638001052,
                29.81197394440747,
                0.0
              ],
              [
                52.49983164178386,
                29.81192910807088,
                0.0
              ],
              [
                52.49982830973973,
                29.81190378683128,
                0.0
              ],
              [
                52.49994398602014,
                29.81177676204426,
                0.0
              ]
            ]
          ]
        ]
      }
    },
    {
      "type": "Feature",
      "properties": {
        "Name": "159",
        "masahat": 359.6
      },
      "geometry": {
        "type": "MultiPolygon",
        "coordinates": [
          [
            [
              [
                52.50054758721063,
                29.81249973737756,
                0.0
              ],
              [
                52.50035812972597,
                29.8126389572641,
                0.0
              ],
              [
                52.50027004226341,
                29.81257795309052,
                0.0
              ],
              [
                52.50038293749935,
                29.81245398320992,
                0.0
              ],
              [
                52.50038571871845,
                29.81245092882376,
                0.0
              ],
              [
                52.50039008195429,
                29.8124461384374,
                0.0
              ],
              [
                52.50042106528569,
                29.81241211436912,
                0.0
              ],
              [
                52.50054758721063,
                29.81249973737756,
                0.0
              ]
            ]
          ]
        ]
      }
    },
    {
      "type": "Feature",
      "properties": {
        "Name": "160",
        "masahat": 207.72
      },
      "geometry": {
        "type": "MultiPolygon",
        "coordinates": [
          [
            [
              [
                52.50038571871845,
                29.81245092882376,
                0.0
              ],
              [
                52.50038293749935,
                29.81245398320992,
                0.0
              ],
              [
                52.50027004226341,
                29.81257795309052,
                0.0
              ],
              [
                52.5001891188429,
                29.81252191153119,
                0.0
              ],
              [
                52.50030175962403,
                29.81239822162244,
                0.0
              ],
              [
                52.5003047973978,
                29.81239488640729,
                0.0
              ],
              [
                52.50038571871845,
                29.81245092882376,
                0.0
              ]
            ]
          ]
        ]
      }
    },
    {
      "type": "Feature",
      "properties": {
        "Name": "158",
        "masahat": 490.33
      },
      "geometry": {
        "type": "MultiPolygon",
        "coordinates": [
          [
            [
              [
                52.5001891188429,
                29.81252191153119,
                0.0
              ],
              [
                52.50027004226341,
                29.81257795309052,
                0.0
              ],
              [
                52.50035812972597,
                29.8126389572641,
                0.0
              ],
              [
                52.50035569383823,
                29.81264074717444,
                0.0
              ],
              [
                52.50016112315808,
                29.81277337378423,
                0.0
              ],
              [
                52.50003809630329,
                29.81268774999201,
                0.0
              ],
              [
                52.50007344205373,
                29.81264893563593,
                0.0
              ],
              [
                52.5001891188429,
                29.81252191153119,
                0.0
              ]
            ]
          ]
        ]
      }
    },
    {
      "type": "Feature",
      "properties": {
        "Name": "161",
        "masahat": 207.72
      },
      "geometry": {
        "type": "MultiPolygon",
        "coordinates": [
          [
            [
              [
                52.50022456728089,
                29.81233932425031,
                0.0
              ],
              [
                52.5003047973978,
                29.81239488640729,
                0.0
              ],
              [
                52.50030175962403,
                29.81239822162244,
                0.0
              ],
              [
                52.5001891188429,
                29.81252191153119,
                0.0
              ],
              [
                52.50010819651943,
                29.8124658681026,
                0.0
              ],
              [
                52.50022387304954,
                29.81233884307069,
                0.0
              ],
              [
                52.50022456728089,
                29.81233932425031,
                0.0
              ]
            ]
          ]
        ]
      }
    },
    {
      "type": "Feature",
      "properties": {
        "Name": "157",
        "masahat": 207.72
      },
      "geometry": {
        "type": "MultiPolygon",
        "coordinates": [
          [
            [
              [
                52.50004840181658,
                29.81263159563835,
                0.0
              ],
              [
                52.49999251969946,
                29.81259289304099,
                0.0
              ],
              [
                52.50010819651943,
                29.8124658681026,
                0.0
              ],
              [
                52.5001891188429,
                29.81252191153119,
                0.0
              ],
              [
                52.50007344205373,
                29.81264893563593,
                0.0
              ],
              [
                52.50004840181658,
                29.81263159563835,
                0.0
              ]
            ]
          ]
        ]
      }
    },
    {
      "type": "Feature",
      "properties": {
        "Name": "162",
        "masahat": 230.8
      },
      "geometry": {
        "type": "MultiPolygon",
        "coordinates": [
          [
            [
              [
                52.50023672653921,
                29.81232472816354,
                0.0
              ],
              [
                52.50023391578876,
                29.8123278144635,
                0.0
              ],
              [
                52.50022387304954,
                29.81233884307069,
                0.0
              ],
              [
                52.50010819651943,
                29.8124658681026,
                0.0
              ],
              [
                52.50002727428544,
                29.81240982462083,
                0.0
              ],
              [
                52.50015255790765,
                29.81227225062834,
                0.0
              ],
              [
                52.50015580436789,
                29.81226868566009,
                0.0
              ],
              [
                52.50023672653921,
                29.81232472816354,
                0.0
              ]
            ]
          ]
        ]
      }
    },
    {
      "type": "Feature",
      "properties": {
        "Name": "156",
        "masahat": 207.72
      },
      "geometry": {
        "type": "MultiPolygon",
        "coordinates": [
          [
            [
              [
                52.50002727428544,
                29.81240982462083,
                0.0
              ],
              [
                52.50010819651943,
                29.8124658681026,
                0.0
              ],
              [
                52.49999251969946,
                29.81259289304099,
                0.0
              ],
              [
                52.4999115953656,
                29.81253685041638,
                0.0
              ],
              [
                52.50002727428544,
                29.81240982462083,
                0.0
              ]
            ]
          ]
        ]
      }
    },
    {
      "type": "Feature",
      "properties": {
        "Name": "163",
        "masahat": 230.8
      },
      "geometry": {
        "type": "MultiPolygon",
        "coordinates": [
          [
            [
              [
                52.50007512484317,
                29.81221281088978,
                0.0
              ],
              [
                52.50015580436789,
                29.81226868566009,
                0.0
              ],
              [
                52.50015255790765,
                29.81227225062834,
                0.0
              ],
              [
                52.50002727428544,
                29.81240982462083,
                0.0
              ],
              [
                52.49994635009878,
                29.81235378291374,
                0.0
              ],
              [
                52.500074881238,
                29.81221264221302,
                0.0
              ],
              [
                52.50007512484317,
                29.81221281088978,
                0.0
              ]
            ]
          ]
        ]
      }
    },
    {
      "type": "Feature",
      "properties": {
        "Name": "175",
        "masahat": 271.61
      },
      "geometry": {
        "type": "MultiPolygon",
        "coordinates": [
          [
            [
              [
                52.49914155087476,
                29.8112958240052,
                0.0
              ],
              [
                52.49913726806017,
                29.81130052681517,
                0.0
              ],
              [
                52.49899029106634,
                29.81146191934479,
                0.0
              ],
              [
                52.49890936820353,
                29.81140587604583,
                0.0
              ],
              [
                52.49902504719367,
                29.81127885110823,
                0.0
              ],
              [
                52.49905637681236,
                29.8112444489567,
                0.0
              ],
              [
                52.49906062909088,
                29.81123977988192,
                0.0
              ],
              [
                52.49914155087476,
                29.8112958240052,
                0.0
              ]
            ]
          ]
        ]
      }
    },
    {
      "type": "Feature",
      "properties": {
        "Name": "176",
        "masahat": 229.45
      },
      "geometry": {
        "type": "MultiPolygon",
        "coordinates": [
          [
            [
              [
                52.49881998310612,
                29.81134396880243,
                0.0
              ],
              [
                52.49893566214515,
                29.81121694394051,
                0.0
              ],
              [
                52.49902504719367,
                29.81127885110823,
                0.0
              ],
              [
                52.49890936820353,
                29.81140587604583,
                0.0
              ],
              [
                52.49881998310612,
                29.81134396880243,
                0.0
              ]
            ]
          ]
        ]
      }
    },
    {
      "type": "Feature",
      "properties": {
        "Name": "177",
        "masahat": 228.49
      },
      "geometry": {
        "type": "MultiPolygon",
        "coordinates": [
          [
            [
              [
                52.49893566214515,
                29.81121694394051,
                0.0
              ],
              [
                52.49881998310612,
                29.81134396880243,
                0.0
              ],
              [
                52.49873097035098,
                29.81128232165443,
                0.0
              ],
              [
                52.49884664841762,
                29.81115529778181,
                0.0
              ],
              [
                52.49893566214515,
                29.81121694394051,
                0.0
              ]
            ]
          ]
        ]
      }
    },
    {
      "type": "Feature",
      "properties": {
        "Name": "145",
        "masahat": 228.49
      },
      "geometry": {
        "type": "MultiPolygon",
        "coordinates": [
          [
            [
              [
                52.49873097035098,
                29.81128232165443,
                0.0
              ],
              [
                52.49881998310612,
                29.81134396880243,
                0.0
              ],
              [
                52.49870430688083,
                29.81147099353562,
                0.0
              ],
              [
                52.4986152930021,
                29.81140934361747,
                0.0
              ],
              [
                52.49873097035098,
                29.81128232165443,
                0.0
              ]
            ]
          ]
        ]
      }
    },
    {
      "type": "Feature",
      "properties": {
        "Name": "178",
        "masahat": 230.8
      },
      "geometry": {
        "type": "MultiPolygon",
        "coordinates": [
          [
            [
              [
                52.49885819403591,
                29.81114027656351,
                0.0
              ],
              [
                52.49885950194962,
                29.8111411821026,
                0.0
              ],
              [
                52.49884664841762,
                29.81115529778181,
                0.0
              ],
              [
                52.49873097035098,
                29.81128232165443,
                0.0
              ],
              [
                52.49865004983044,
                29.81122627725944,
                0.0
              ],
              [
                52.4987742630385,
                29.81108988068888,
                0.0
              ],
              [
                52.49877858047065,
                29.81108513959981,
                0.0
              ],
              [
                52.49885819403591,
                29.81114027656351,
                0.0
              ]
            ]
          ]
        ]
      }
    },
    {
      "type": "Feature",
      "properties": {
        "Name": "144",
        "masahat": 207.72
      },
      "geometry": {
        "type": "MultiPolygon",
        "coordinates": [
          [
            [
              [
                52.4986152930021,
                29.81140934361747,
                0.0
              ],
              [
                52.49853437038171,
                29.81135330007961,
                0.0
              ],
              [
                52.49865004983044,
                29.81122627725944,
                0.0
              ],
              [
                52.49873097035098,
                29.81128232165443,
                0.0
              ],
              [
                52.4986152930021,
                29.81140934361747,
                0.0
              ]
            ]
          ]
        ]
      }
    },
    {
      "type": "Feature",
      "properties": {
        "Name": "136",
        "masahat": 228.49
      },
      "geometry": {
        "type": "MultiPolygon",
        "coordinates": [
          [
            [
              [
                52.49861433247626,
                29.81156978962654,
                0.0
              ],
              [
                52.49860949886703,
                29.81157509691192,
                0.0
              ],
              [
                52.49849865572222,
                29.8116968132913,
                0.0
              ],
              [
                52.49840964178387,
                29.81163516504352,
                0.0
              ],
              [
                52.498519972937,
                29.81151401308579,
                0.0
              ],
              [
                52.49852532064219,
                29.81150814052847,
                0.0
              ],
              [
                52.49861433247626,
                29.81156978962654,
                0.0
              ]
            ]
          ]
        ]
      }
    },
    {
      "type": "Feature",
      "properties": {
        "Name": "121",
        "masahat": 253.88
      },
      "geometry": {
        "type": "MultiPolygon",
        "coordinates": [
          [
            [
              [
                52.49837012289831,
                29.81183795071845,
                0.0
              ],
              [
                52.4982811099404,
                29.81177630237519,
                0.0
              ],
              [
                52.49840964178387,
                29.81163516504352,
                0.0
              ],
              [
                52.49849865572222,
                29.8116968132913,
                0.0
              ],
              [
                52.49837012289831,
                29.81183795071845,
                0.0
              ]
            ]
          ]
        ]
      }
    },
    {
      "type": "Feature",
      "properties": {
        "Name": "122",
        "masahat": 253.88
      },
      "geometry": {
        "type": "MultiPolygon",
        "coordinates": [
          [
            [
              [
                52.49849865572222,
                29.8116968132913,
                0.0
              ],
              [
                52.49858766978228,
                29.81175846237693,
                0.0
              ],
              [
                52.498459136999,
                29.81189959898565,
                0.0
              ],
              [
                52.49837012289831,
                29.81183795071845,
                0.0
              ],
              [
                52.49849865572222,
                29.8116968132913,
                0.0
              ]
            ]
          ]
        ]
      }
    },
    {
      "type": "Feature",
      "properties": {
        "Name": "133",
        "masahat": 231.01
      },
      "geometry": {
        "type": "MultiPolygon",
        "coordinates": [
          [
            [
              [
                52.49918640674822,
                29.81194255330334,
                0.0
              ],
              [
                52.49926707718203,
                29.81199842061772,
                0.0
              ],
              [
                52.49926260397044,
                29.81200333222583,
                0.0
              ],
              [
                52.49913854408425,
                29.81213955967624,
                0.0
              ],
              [
                52.49905738644649,
                29.81208377451117,
                0.0
              ],
              [
                52.4991733011388,
                29.81195649050614,
                0.0
              ],
              [
                52.49918615374013,
                29.81194237841527,
                0.0
              ],
              [
                52.49918640674822,
                29.81194255330334,
                0.0
              ]
            ]
          ]
        ]
      }
    },
    {
      "type": "Feature",
      "properties": {
        "Name": "128",
        "masahat": 230.58
      },
      "geometry": {
        "type": "MultiPolygon",
        "coordinates": [
          [
            [
              [
                52.49899839391558,
                29.81227265080003,
                0.0
              ],
              [
                52.49892909222066,
                29.81222465349938,
                0.0
              ],
              [
                52.49905738644649,
                29.81208377451117,
                0.0
              ],
              [
                52.49913854408425,
                29.81213955967624,
                0.0
              ],
              [
                52.49901001267078,
                29.81228069679148,
                0.0
              ],
              [
                52.49899839391558,
                29.81227265080003,
                0.0
              ]
            ]
          ]
        ]
      }
    },
    {
      "type": "Feature",
      "properties": {
        "Name": "134",
        "masahat": 209.1
      },
      "geometry": {
        "type": "MultiPolygon",
        "coordinates": [
          [
            [
              [
                52.49909200761413,
                29.8119001880603,
                0.0
              ],
              [
                52.4991733011388,
                29.81195649050614,
                0.0
              ],
              [
                52.49905738644649,
                29.81208377451117,
                0.0
              ],
              [
                52.49897609287729,
                29.81202747199637,
                0.0
              ],
              [
                52.49909200761413,
                29.8119001880603,
                0.0
              ]
            ]
          ]
        ]
      }
    },
    {
      "type": "Feature",
      "properties": {
        "Name": "127",
        "masahat": 231.44
      },
      "geometry": {
        "type": "MultiPolygon",
        "coordinates": [
          [
            [
              [
                52.49905738644649,
                29.81208377451117,
                0.0
              ],
              [
                52.49892909222066,
                29.81222465349938,
                0.0
              ],
              [
                52.49884779653308,
                29.8121683509317,
                0.0
              ],
              [
                52.49897609287729,
                29.81202747199637,
                0.0
              ],
              [
                52.49905738644649,
                29.81208377451117,
                0.0
              ]
            ]
          ]
        ]
      }
    },
    {
      "type": "Feature",
      "properties": {
        "Name": "135",
        "masahat": 228.48
      },
      "geometry": {
        "type": "MultiPolygon",
        "coordinates": [
          [
            [
              [
                52.49897609287729,
                29.81202747199637,
                0.0
              ],
              [
                52.49888707939286,
                29.8119658240819,
                0.0
              ],
              [
                52.49900336535296,
                29.81183879858815,
                0.0
              ],
              [
                52.49909200761413,
                29.8119001880603,
                0.0
              ],
              [
                52.49897609287729,
                29.81202747199637,
                0.0
              ]
            ]
          ]
        ]
      }
    },
    {
      "type": "Feature",
      "properties": {
        "Name": "126",
        "masahat": 253.41
      },
      "geometry": {
        "type": "MultiPolygon",
        "coordinates": [
          [
            [
              [
                52.49888707939286,
                29.8119658240819,
                0.0
              ],
              [
                52.49897609287729,
                29.81202747199637,
                0.0
              ],
              [
                52.49884779653308,
                29.8121683509317,
                0.0
              ],
              [
                52.49875878299466,
                29.81210670293365,
                0.0
              ],
              [
                52.49888707939286,
                29.8119658240819,
                0.0
              ]
            ]
          ]
        ]
      }
    },
    {
      "type": "Feature",
      "properties": {
        "Name": "125",
        "masahat": 253.41
      },
      "geometry": {
        "type": "MultiPolygon",
        "coordinates": [
          [
            [
              [
                52.49879806394763,
                29.81190417612658,
                0.0
              ],
              [
                52.49888707939286,
                29.8119658240819,
                0.0
              ],
              [
                52.49875878299466,
                29.81210670293365,
                0.0
              ],
              [
                52.49866976852997,
                29.812045054883,
                0.0
              ],
              [
                52.49879806394763,
                29.81190417612658,
                0.0
              ]
            ]
          ]
        ]
      }
    },
    {
      "type": "Feature",
      "properties": {
        "Name": "124",
        "masahat": 230.37
      },
      "geometry": {
        "type": "MultiPolygon",
        "coordinates": [
          [
            [
              [
                52.49879806394763,
                29.81190417612658,
                0.0
              ],
              [
                52.49866976852997,
                29.812045054883,
                0.0
              ],
              [
                52.49858884638694,
                29.81198901139082,
                0.0
              ],
              [
                52.49871714392274,
                29.81184813268692,
                0.0
              ],
              [
                52.49879806394763,
                29.81190417612658,
                0.0
              ]
            ]
          ]
        ]
      }
    },
    {
      "type": "Feature",
      "properties": {
        "Name": "235",
        "masahat": 271.18
      },
      "geometry": {
        "type": "MultiPolygon",
        "coordinates": [
          [
            [
              [
                52.49940123217353,
                29.8108657623452,
                0.0
              ],
              [
                52.49943657966483,
                29.81082694994379,
                0.0
              ],
              [
                52.49955225529188,
                29.81069992640786,
                0.0
              ],
              [
                52.49963317687418,
                29.81075596933778,
                0.0
              ],
              [
                52.49948215487506,
                29.81092180715719,
                0.0
              ],
              [
                52.49940123217353,
                29.8108657623452,
                0.0
              ]
            ]
          ]
        ]
      }
    },
    {
      "type": "Feature",
      "properties": {
        "Name": "222",
        "masahat": 271.18
      },
      "geometry": {
        "type": "MultiPolygon",
        "coordinates": [
          [
            [
              [
                52.49946287469724,
                29.81094297715241,
                0.0
              ],
              [
                52.49931185317556,
                29.81110881478035,
                0.0
              ],
              [
                52.4992309314703,
                29.81105277166012,
                0.0
              ],
              [
                52.49934637346925,
                29.81092600540436,
                0.0
              ],
              [
                52.49938195407084,
                29.81088693320769,
                0.0
              ],
              [
                52.49946287469724,
                29.81094297715241,
                0.0
              ]
            ]
          ]
        ]
      }
    },
    {
      "type": "Feature",
      "properties": {
        "Name": "188",
        "masahat": 271.18
      },
      "geometry": {
        "type": "MultiPolygon",
        "coordinates": [
          [
            [
              [
                52.49911525505161,
                29.8111797958385,
                0.0
              ],
              [
                52.4992309314703,
                29.81105277166012,
                0.0
              ],
              [
                52.49931185317556,
                29.81110881478035,
                0.0
              ],
              [
                52.49916082909079,
                29.81127465227239,
                0.0
              ],
              [
                52.49907990938334,
                29.81121860813705,
                0.0
              ],
              [
                52.49911525505161,
                29.8111797958385,
                0.0
              ]
            ]
          ]
        ]
      }
    },
    {
      "type": "Feature",
      "properties": {
        "Name": "223",
        "masahat": 228.02
      },
      "geometry": {
        "type": "MultiPolygon",
        "coordinates": [
          [
            [
              [
                52.49933109664689,
                29.81091542569989,
                0.0
              ],
              [
                52.49934637346925,
                29.81092600540436,
                0.0
              ],
              [
                52.4992309314703,
                29.81105277166012,
                0.0
              ],
              [
                52.49914191872833,
                29.81099112388406,
                0.0
              ],
              [
                52.49925152955799,
                29.81087075912681,
                0.0
              ],
              [
                52.49925735870682,
                29.81086435772697,
                0.0
              ],
              [
                52.49933109664689,
                29.81091542569989,
                0.0
              ]
            ]
          ]
        ]
      }
    },
    {
      "type": "Feature",
      "properties": {
        "Name": "187",
        "masahat": 228.6
      },
      "geometry": {
        "type": "MultiPolygon",
        "coordinates": [
          [
            [
              [
                52.49902612209854,
                29.81111827748117,
                0.0
              ],
              [
                52.49914191872833,
                29.81099112388406,
                0.0
              ],
              [
                52.4992309314703,
                29.81105277166012,
                0.0
              ],
              [
                52.49911525505161,
                29.8111797958385,
                0.0
              ],
              [
                52.49902612209854,
                29.81111827748117,
                0.0
              ]
            ]
          ]
        ]
      }
    },
    {
      "type": "Feature",
      "properties": {
        "Name": "448",
        "masahat": 1041.0
      },
      "geometry": {
        "type": "MultiPolygon",
        "coordinates": [
          [
            [
              [
                52.49920058164376,
                29.81395993500341,
                0.0
              ],
              [
                52.49925320337432,
                29.81411835985996,
                0.0
              ],
              [
                52.49923060353749,
                29.81412520151502,
                0.0
              ],
              [
                52.49920226825267,
                29.81413378026497,
                0.0
              ],
              [
                52.49910650220357,
                29.81416277416614,
                0.0
              ],
              [
                52.49908772391383,
                29.81416845805856,
                0.0
              ],
              [
                52.49908217526854,
                29.81415553018282,
                0.0
              ],
              [
                52.49891757486144,
                29.81377198672211,
                0.0
              ],
              [
                52.49899178525197,
                29.81374216195399,
                0.0
              ],
              [
                52.49911163603398,
                29.81369214399814,
                0.0
              ],
              [
                52.49920058164376,
                29.81395993500341,
                0.0
              ]
            ]
          ]
        ]
      }
    },
    {
      "type": "Feature",
      "properties": {
        "Name": "449",
        "masahat": 1066.13
      },
      "geometry": {
        "type": "MultiPolygon",
        "coordinates": [
          [
            [
              [
                52.49908217526854,
                29.81415553018282,
                0.0
              ],
              [
                52.49908772391383,
                29.81416845805856,
                0.0
              ],
              [
                52.49903077515641,
                29.81418569895585,
                0.0
              ],
              [
                52.49889242357354,
                29.8142275847104,
                0.0
              ],
              [
                52.49872794497364,
                29.81384432926877,
                0.0
              ],
              [
                52.49891757486144,
                29.81377198672211,
                0.0
              ],
              [
                52.49908217526854,
                29.81415553018282,
                0.0
              ]
            ]
          ]
        ]
      }
    },
    {
      "type": "Feature",
      "properties": {
        "Name": "450",
        "masahat": 1022.03
      },
      "geometry": {
        "type": "MultiPolygon",
        "coordinates": [
          [
            [
              [
                52.49853628977117,
                29.8139119491704,
                0.0
              ],
              [
                52.49872794497364,
                29.81384432926877,
                0.0
              ],
              [
                52.49889242357354,
                29.8142275847104,
                0.0
              ],
              [
                52.49874593115358,
                29.81427193399366,
                0.0
              ],
              [
                52.49867901073849,
                29.81424451247607,
                0.0
              ],
              [
                52.49853628977117,
                29.8139119491704,
                0.0
              ]
            ]
          ]
        ]
      }
    },
    {
      "type": "Feature",
      "properties": {
        "Name": "481",
        "masahat": 9634.53
      },
      "geometry": {
        "type": "MultiPolygon",
        "coordinates": [
          [
            [
              [
                52.49845442640343,
                29.81074555917992,
                0.0
              ],
              [
                52.49844868068006,
                29.81075186846401,
                0.0
              ],
              [
                52.49806883219003,
                29.81116896999894,
                0.0
              ],
              [
                52.49806716359284,
                29.81116781498666,
                0.0
              ],
              [
                52.49790699215553,
                29.81105688211502,
                0.0
              ],
              [
                52.49774515038292,
                29.81094479223756,
                0.0
              ],
              [
                52.49758330898158,
                29.8108327030496,
                0.0
              ],
              [
                52.49742147207615,
                29.81072061360211,
                0.0
              ],
              [
                52.49725963035596,
                29.81060852400059,
                0.0
              ],
              [
                52.49699199490917,
                29.81042315814073,
                0.0
              ],
              [
                52.4969904883799,
                29.81042211497154,
                0.0
              ],
              [
                52.4976220151766,
                29.81028934140764,
                0.0
              ],
              [
                52.49824224030071,
                29.81013914269557,
                0.0
              ],
              [
                52.498247947721,
                29.81013776057603,
                0.0
              ],
              [
                52.49845442640343,
                29.81074555917992,
                0.0
              ]
            ]
          ]
        ]
      }
    },
    {
      "type": "Feature",
      "properties": {
        "Name": "485",
        "masahat": 3204.4
      },
      "geometry": {
        "type": "MultiPolygon",
        "coordinates": [
          [
            [
              [
                52.49997932861388,
                29.80960964488769,
                0.0
              ],
              [
                52.50057941959143,
                29.80938706881232,
                0.0
              ],
              [
                52.50058109138033,
                29.80997462512067,
                0.0
              ],
              [
                52.50013278002115,
                29.80997559485041,
                0.0
              ],
              [
                52.49997932861388,
                29.80960964488769,
                0.0
              ]
            ]
          ]
        ]
      }
    },
    {
      "type": "Feature",
      "properties": {
        "Name": "229",
        "masahat": 2619.78
      },
      "geometry": {
        "type": "MultiPolygon",
        "coordinates": [
          [
            [
              [
                52.49864297648701,
                29.81003159619489,
                0.0
              ],
              [
                52.49877270834525,
                29.81041347768339,
                0.0
              ],
              [
                52.49873632462669,
                29.81044581301257,
                0.0
              ],
              [
                52.49870106612299,
                29.81047908572233,
                0.0
              ],
              [
                52.49866696338543,
                29.8105132629831,
                0.0
              ],
              [
                52.49863405217842,
                29.81054831461325,
                0.0
              ],
              [
                52.49845442640343,
                29.81074555917992,
                0.0
              ],
              [
                52.498247947721,
                29.81013776057603,
                0.0
              ],
              [
                52.49864297648701,
                29.81003159619489,
                0.0
              ]
            ]
          ]
        ]
      }
    },
    {
      "type": "Feature",
      "properties": {
        "Name": "463",
        "masahat": 3439.66
      },
      "geometry": {
        "type": "MultiPolygon",
        "coordinates": [
          [
            [
              [
                52.49727447307831,
                29.81351878738017,
                0.0
              ],
              [
                52.49770325481038,
                29.8138157512618,
                0.0
              ],
              [
                52.49750160682433,
                29.81385936729395,
                0.0
              ],
              [
                52.49729856011189,
                29.81389773378027,
                0.0
              ],
              [
                52.49709429316933,
                29.81393081440257,
                0.0
              ],
              [
                52.49708550153081,
                29.81393202388946,
                0.0
              ],
              [
                52.4970766676749,
                29.81393296947156,
                0.0
              ],
              [
                52.4970678019337,
                29.81393365012947,
                0.0
              ],
              [
                52.49705891564705,
                29.81393406302766,
                0.0
              ],
              [
                52.49705001711832,
                29.81393420987673,
                0.0
              ],
              [
                52.4970411187353,
                29.81393408873164,
                0.0
              ],
              [
                52.49703222982249,
                29.81393370038904,
                0.0
              ],
              [
                52.49702336279457,
                29.8139330447083,
                0.0
              ],
              [
                52.4970145238858,
                29.81393212342342,
                0.0
              ],
              [
                52.49700572862798,
                29.81393093726075,
                0.0
              ],
              [
                52.49699698738014,
                29.81392948700525,
                0.0
              ],
              [
                52.49698830535542,
                29.81392777530485,
                0.0
              ],
              [
                52.49697969605683,
                29.81392580561589,
                0.0
              ],
              [
                52.49697117293361,
                29.81392357778599,
                0.0
              ],
              [
                52.49696274016436,
                29.81392109447482,
                0.0
              ],
              [
                52.49695441228661,
                29.81391835912698,
                0.0
              ],
              [
                52.49694619557496,
                29.81391537618305,
                0.0
              ],
              [
                52.49693810247095,
                29.81391214730673,
                0.0
              ],
              [
                52.49693019653928,
                29.8139087024571,
                0.0
              ],
              [
                52.4969224309429,
                29.81390502321588,
                0.0
              ],
              [
                52.49691481300437,
                29.81390111491415,
                0.0
              ],
              [
                52.49690735208845,
                29.81389698105513,
                0.0
              ],
              [
                52.49690005864822,
                29.81389262873906,
                0.0
              ],
              [
                52.49689293891789,
                29.81388805969997,
                0.0
              ],
              [
                52.49688600439852,
                29.81388328192857,
                0.0
              ],
              [
                52.49687926031666,
                29.813878298975,
                0.0
              ],
              [
                52.4968727150697,
                29.81387311886509,
                0.0
              ],
              [
                52.49686637804926,
                29.81386774690646,
                0.0
              ],
              [
                52.49686025657784,
                29.81386218843014,
                0.0
              ],
              [
                52.49685435490118,
                29.81385645060674,
                0.0
              ],
              [
                52.49684868242431,
                29.81385053964599,
                0.0
              ],
              [
                52.49684324339297,
                29.81384446271848,
                0.0
              ],
              [
                52.49683804830048,
                29.81383822963098,
                0.0
              ],
              [
                52.49683309924282,
                29.81383184216443,
                0.0
              ],
              [
                52.49682840363656,
                29.81382531196512,
                0.0
              ],
              [
                52.49682396883102,
                29.81381864616845,
                0.0
              ],
              [
                52.49681979594141,
                29.81381185017579,
                0.0
              ],
              [
                52.49681589239766,
                29.81380493653562,
                0.0
              ],
              [
                52.49681226446084,
                29.81379790878633,
                0.0
              ],
              [
                52.49680891124417,
                29.81379077686362,
                0.0
              ],
              [
                52.49680584215266,
                29.81378354697729,
                0.0
              ],
              [
                52.49680305740129,
                29.81377623356216,
                0.0
              ],
              [
                52.49680056116855,
                29.81376883927795,
                0.0
              ],
              [
                52.49679835569818,
                29.8137613758295,
                0.0
              ],
              [
                52.49679644522242,
                29.81375384948521,
                0.0
              ],
              [
                52.49679483197158,
                29.8137462710478,
                0.0
              ],
              [
                52.49675530352693,
                29.81354123762218,
                0.0
              ],
              [
                52.49712998574025,
                29.81348630403512,
                0.0
              ],
              [
                52.49713631726984,
                29.8134854752341,
                0.0
              ],
              [
                52.4971426775264,
                29.81348483830345,
                0.0
              ],
              [
                52.49714906137754,
                29.81348439600837,
                0.0
              ],
              [
                52.49715545640875,
                29.8134841484895,
                0.0
              ],
              [
                52.49716185845499,
                29.81348409398938,
                0.0
              ],
              [
                52.49716825827259,
                29.81348423712442,
                0.0
              ],
              [
                52.49717465063506,
                29.81348457434451,
                0.0
              ],
              [
                52.49718102311445,
                29.81348510488816,
                0.0
              ],
              [
                52.49718737158605,
                29.81348582970445,
                0.0
              ],
              [
                52.49719368669863,
                29.81348674619235,
                0.0
              ],
              [
                52.49719996122385,
                29.8134878553361,
                0.0
              ],
              [
                52.49720618891412,
                29.81348915449952,
                0.0
              ],
              [
                52.49721235942402,
                29.81349064379988,
                0.0
              ],
              [
                52.49721846750017,
                29.8134923178827,
                0.0
              ],
              [
                52.49722450278369,
                29.81349417596308,
                0.0
              ],
              [
                52.49723046116331,
                29.81349621989226,
                0.0
              ],
              [
                52.49723633631078,
                29.81349844162101,
                0.0
              ],
              [
                52.49724211582502,
                29.81350084219219,
                0.0
              ],
              [
                52.49724779653515,
                29.81350341713011,
                0.0
              ],
              [
                52.49725337321472,
                29.81350616288468,
                0.0
              ],
              [
                52.49725883338195,
                29.81350907508571,
                0.0
              ],
              [
                52.49726417600231,
                29.81351215374496,
                0.0
              ],
              [
                52.49726939062278,
                29.81351539176227,
                0.0
              ],
              [
                52.49727447307831,
                29.81351878738017,
                0.0
              ]
            ]
          ]
        ]
      }
    },
    {
      "type": "Feature",
      "properties": {
        "Name": "353",
        "masahat": 1428.97
      },
      "geometry": {
        "type": "MultiPolygon",
        "coordinates": [
          [
            [
              [
                52.50223069671568,
                29.80866478271929,
                0.0
              ],
              [
                52.5022323204669,
                29.80923208931555,
                0.0
              ],
              [
                52.50203346308124,
                29.80923252100102,
                0.0
              ],
              [
                52.50202565255432,
                29.80923253760242,
                0.0
              ],
              [
                52.50200892653194,
                29.80923257524362,
                0.0
              ],
              [
                52.50200893131046,
                29.80923102589004,
                0.0
              ],
              [
                52.50201035387231,
                29.80876638143637,
                0.0
              ],
              [
                52.50222654573251,
                29.80866084522615,
                0.0
              ],
              [
                52.50222696580659,
                29.80866063742623,
                0.0
              ],
              [
                52.50223067963554,
                29.80865879505656,
                0.0
              ],
              [
                52.50223069671568,
                29.80866478271929,
                0.0
              ]
            ]
          ]
        ]
      }
    },
    {
      "type": "Feature",
      "properties": {
        "Name": "349",
        "masahat": 1198.59
      },
      "geometry": {
        "type": "MultiPolygon",
        "coordinates": [
          [
            [
              [
                52.50062070804378,
                29.80937096704441,
                0.0
              ],
              [
                52.50101143216139,
                29.80921341360906,
                0.0
              ],
              [
                52.50103371173827,
                29.8092540667139,
                0.0
              ],
              [
                52.50103442583698,
                29.80950503972299,
                0.0
              ],
              [
                52.5010138096554,
                29.80952310666185,
                0.0
              ],
              [
                52.50082781021963,
                29.8095235104868,
                0.0
              ],
              [
                52.5006211436699,
                29.80952395657375,
                0.0
              ],
              [
                52.50062070804378,
                29.80937096704441,
                0.0
              ]
            ]
          ]
        ]
      }
    },
    {
      "type": "Feature",
      "properties": {
        "Name": "229.1",
        "masahat": 1723.74
      },
      "geometry": {
        "type": "MultiPolygon",
        "coordinates": [
          [
            [
              [
                52.49906078829126,
                29.80991025214683,
                0.0
              ],
              [
                52.49915088560719,
                29.81012511953374,
                0.0
              ],
              [
                52.49910477004986,
                29.8101475504212,
                0.0
              ],
              [
                52.49905943988514,
                29.81017116616456,
                0.0
              ],
              [
                52.49901493410051,
                29.81019594466642,
                0.0
              ],
              [
                52.49902953038149,
                29.81023075968594,
                0.0
              ],
              [
                52.49898121421229,
                29.81025993514757,
                0.0
              ],
              [
                52.49893405722875,
                29.81029052222033,
                0.0
              ],
              [
                52.49888811369412,
                29.81032248239205,
                0.0
              ],
              [
                52.49884343793912,
                29.81035578166145,
                0.0
              ],
              [
                52.4988076114531,
                29.81038419818658,
                0.0
              ],
              [
                52.49877270834525,
                29.81041347768339,
                0.0
              ],
              [
                52.49864297648701,
                29.81003159619489,
                0.0
              ],
              [
                52.49899366853113,
                29.80993038213741,
                0.0
              ],
              [
                52.49906078829126,
                29.80991025214683,
                0.0
              ]
            ]
          ]
        ]
      }
    },
    {
      "type": "Feature",
      "properties": {
        "Name": "417",
        "masahat": 923.18
      },
      "geometry": {
        "type": "MultiPolygon",
        "coordinates": [
          [
            [
              [
                52.49774515038292,
                29.81094479223756,
                0.0
              ],
              [
                52.4974880861036,
                29.81122706642639,
                0.0
              ],
              [
                52.49748644364374,
                29.81122592915702,
                0.0
              ],
              [
                52.49732624552669,
                29.81111497602003,
                0.0
              ],
              [
                52.49732822051828,
                29.81111280699539,
                0.0
              ],
              [
                52.49758330898158,
                29.8108327030496,
                0.0
              ],
              [
                52.49774515038292,
                29.81094479223756,
                0.0
              ]
            ]
          ]
        ]
      }
    },
    {
      "type": "Feature",
      "properties": {
        "Name": "411",
        "masahat": 980.89
      },
      "geometry": {
        "type": "MultiPolygon",
        "coordinates": [
          [
            [
              [
                52.49679229529863,
                29.81138692998126,
                0.0
              ],
              [
                52.49699610720059,
                29.81135704933663,
                0.0
              ],
              [
                52.49706892161017,
                29.81173474181991,
                0.0
              ],
              [
                52.49686510897379,
                29.81176462260105,
                0.0
              ],
              [
                52.49679229529863,
                29.81138692998126,
                0.0
              ]
            ]
          ]
        ]
      }
    },
    {
      "type": "Feature",
      "properties": {
        "Name": "101",
        "masahat": 230.74
      },
      "geometry": {
        "type": "MultiPolygon",
        "coordinates": [
          [
            [
              [
                52.49748022317133,
                29.81219217567411,
                0.0
              ],
              [
                52.49737831599435,
                29.81220711824399,
                0.0
              ],
              [
                52.4973440497478,
                29.81202938035833,
                0.0
              ],
              [
                52.49744590411187,
                29.81201444653814,
                0.0
              ],
              [
                52.49748022317133,
                29.81219217567411,
                0.0
              ]
            ]
          ]
        ]
      }
    },
    {
      "type": "Feature",
      "properties": {
        "Name": "109",
        "masahat": 230.78
      },
      "geometry": {
        "type": "MultiPolygon",
        "coordinates": [
          [
            [
              [
                52.49731080632562,
                29.81185694649055,
                0.0
              ],
              [
                52.4973440497478,
                29.81202938035833,
                0.0
              ],
              [
                52.49724214371747,
                29.8120443210024,
                0.0
              ],
              [
                52.49720898122696,
                29.81187230757633,
                0.0
              ],
              [
                52.49720788342208,
                29.8118666145845,
                0.0
              ],
              [
                52.4973097836499,
                29.81185164335712,
                0.0
              ],
              [
                52.49731080632562,
                29.81185694649055,
                0.0
              ]
            ]
          ]
        ]
      }
    },
    {
      "type": "Feature",
      "properties": {
        "Name": "100",
        "masahat": 230.8
      },
      "geometry": {
        "type": "MultiPolygon",
        "coordinates": [
          [
            [
              [
                52.4973440497478,
                29.81202938035833,
                0.0
              ],
              [
                52.49737831599435,
                29.81220711824399,
                0.0
              ],
              [
                52.4972764097643,
                29.81222205711583,
                0.0
              ],
              [
                52.49724214371747,
                29.8120443210024,
                0.0
              ],
              [
                52.4973440497478,
                29.81202938035833,
                0.0
              ]
            ]
          ]
        ]
      }
    },
    {
      "type": "Feature",
      "properties": {
        "Name": "110",
        "masahat": 230.74
      },
      "geometry": {
        "type": "MultiPolygon",
        "coordinates": [
          [
            [
              [
                52.49720898122696,
                29.81187230757633,
                0.0
              ],
              [
                52.49724214371747,
                29.8120443210024,
                0.0
              ],
              [
                52.4971402366188,
                29.81205926158059,
                0.0
              ],
              [
                52.49710598423527,
                29.81188158842908,
                0.0
              ],
              [
                52.49720164539872,
                29.81186753165783,
                0.0
              ],
              [
                52.49720788342208,
                29.8118666145845,
                0.0
              ],
              [
                52.49720898122696,
                29.81187230757633,
                0.0
              ]
            ]
          ]
        ]
      }
    },
    {
      "type": "Feature",
      "properties": {
        "Name": "99",
        "masahat": 230.8
      },
      "geometry": {
        "type": "MultiPolygon",
        "coordinates": [
          [
            [
              [
                52.49724214371747,
                29.8120443210024,
                0.0
              ],
              [
                52.4972764097643,
                29.81222205711583,
                0.0
              ],
              [
                52.49717450149862,
                29.81223700044441,
                0.0
              ],
              [
                52.4971402366188,
                29.81205926158059,
                0.0
              ],
              [
                52.49724214371747,
                29.8120443210024,
                0.0
              ]
            ]
          ]
        ]
      }
    },
    {
      "type": "Feature",
      "properties": {
        "Name": "111",
        "masahat": 230.7
      },
      "geometry": {
        "type": "MultiPolygon",
        "coordinates": [
          [
            [
              [
                52.49703833053432,
                29.81207420297165,
                0.0
              ],
              [
                52.49700408187066,
                29.81189655952473,
                0.0
              ],
              [
                52.49710598423527,
                29.81188158842908,
                0.0
              ],
              [
                52.4971402366188,
                29.81205926158059,
                0.0
              ],
              [
                52.49703833053432,
                29.81207420297165,
                0.0
              ]
            ]
          ]
        ]
      }
    },
    {
      "type": "Feature",
      "properties": {
        "Name": "98",
        "masahat": 230.8
      },
      "geometry": {
        "type": "MultiPolygon",
        "coordinates": [
          [
            [
              [
                52.4971402366188,
                29.81205926158059,
                0.0
              ],
              [
                52.49717450149862,
                29.81223700044441,
                0.0
              ],
              [
                52.49707259623553,
                29.81225193914932,
                0.0
              ],
              [
                52.49703833053432,
                29.81207420297165,
                0.0
              ],
              [
                52.4971402366188,
                29.81205926158059,
                0.0
              ]
            ]
          ]
        ]
      }
    },
    {
      "type": "Feature",
      "properties": {
        "Name": "112",
        "masahat": 230.65
      },
      "geometry": {
        "type": "MultiPolygon",
        "coordinates": [
          [
            [
              [
                52.49693642440258,
                29.81208914338291,
                0.0
              ],
              [
                52.49690218468518,
                29.81191153319069,
                0.0
              ],
              [
                52.49700408187066,
                29.81189655952473,
                0.0
              ],
              [
                52.49703833053432,
                29.81207420297165,
                0.0
              ],
              [
                52.49693642440258,
                29.81208914338291,
                0.0
              ]
            ]
          ]
        ]
      }
    },
    {
      "type": "Feature",
      "properties": {
        "Name": "97",
        "masahat": 230.8
      },
      "geometry": {
        "type": "MultiPolygon",
        "coordinates": [
          [
            [
              [
                52.49707259623553,
                29.81225193914932,
                0.0
              ],
              [
                52.49697068997132,
                29.81226688229925,
                0.0
              ],
              [
                52.49693642440258,
                29.81208914338291,
                0.0
              ],
              [
                52.49703833053432,
                29.81207420297165,
                0.0
              ],
              [
                52.49707259623553,
                29.81225193914932,
                0.0
              ]
            ]
          ]
        ]
      }
    },
    {
      "type": "Feature",
      "properties": {
        "Name": "113",
        "masahat": 230.61
      },
      "geometry": {
        "type": "MultiPolygon",
        "coordinates": [
          [
            [
              [
                52.49693642440258,
                29.81208914338291,
                0.0
              ],
              [
                52.49683451720252,
                29.81210408372829,
                0.0
              ],
              [
                52.49680183638147,
                29.81193456147579,
                0.0
              ],
              [
                52.4968002832874,
                29.81192650411942,
                0.0
              ],
              [
                52.4968974003319,
                29.81191223617016,
                0.0
              ],
              [
                52.49690218468518,
                29.81191153319069,
                0.0
              ],
              [
                52.49693642440258,
                29.81208914338291,
                0.0
              ]
            ]
          ]
        ]
      }
    },
    {
      "type": "Feature",
      "properties": {
        "Name": "96",
        "masahat": 230.8
      },
      "geometry": {
        "type": "MultiPolygon",
        "coordinates": [
          [
            [
              [
                52.49693642440258,
                29.81208914338291,
                0.0
              ],
              [
                52.49697068997132,
                29.81226688229925,
                0.0
              ],
              [
                52.4968687836061,
                29.81228182086067,
                0.0
              ],
              [
                52.49683451720252,
                29.81210408372829,
                0.0
              ],
              [
                52.49693642440258,
                29.81208914338291,
                0.0
              ]
            ]
          ]
        ]
      }
    },
    {
      "type": "Feature",
      "properties": {
        "Name": "114",
        "masahat": 230.57
      },
      "geometry": {
        "type": "MultiPolygon",
        "coordinates": [
          [
            [
              [
                52.49680183638147,
                29.81193456147579,
                0.0
              ],
              [
                52.49683451720252,
                29.81210408372829,
                0.0
              ],
              [
                52.49673261101663,
                29.81211902488652,
                0.0
              ],
              [
                52.4967000301339,
                29.81195001850824,
                0.0
              ],
              [
                52.49669838396515,
                29.81194147765365,
                0.0
              ],
              [
                52.4968002832874,
                29.81192650411942,
                0.0
              ],
              [
                52.49680183638147,
                29.81193456147579,
                0.0
              ]
            ]
          ]
        ]
      }
    },
    {
      "type": "Feature",
      "properties": {
        "Name": "95",
        "masahat": 230.8
      },
      "geometry": {
        "type": "MultiPolygon",
        "coordinates": [
          [
            [
              [
                52.4968687836061,
                29.81228182086067,
                0.0
              ],
              [
                52.49676687519179,
                29.81229676297664,
                0.0
              ],
              [
                52.49673261101663,
                29.81211902488652,
                0.0
              ],
              [
                52.49683451720252,
                29.81210408372829,
                0.0
              ],
              [
                52.4968687836061,
                29.81228182086067,
                0.0
              ]
            ]
          ]
        ]
      }
    },
    {
      "type": "Feature",
      "properties": {
        "Name": "115",
        "masahat": 230.63
      },
      "geometry": {
        "type": "MultiPolygon",
        "coordinates": [
          [
            [
              [
                52.4967000301339,
                29.81195001850824,
                0.0
              ],
              [
                52.49673261101663,
                29.81211902488652,
                0.0
              ],
              [
                52.49663070374898,
                29.81213396507669,
                0.0
              ],
              [
                52.49659864339266,
                29.81196766156832,
                0.0
              ],
              [
                52.49659645341151,
                29.81195630167688,
                0.0
              ],
              [
                52.49669838396515,
                29.81194147765365,
                0.0
              ],
              [
                52.4967000301339,
                29.81195001850824,
                0.0
              ]
            ]
          ]
        ]
      }
    },
    {
      "type": "Feature",
      "properties": {
        "Name": "94",
        "masahat": 230.8
      },
      "geometry": {
        "type": "MultiPolygon",
        "coordinates": [
          [
            [
              [
                52.49676687519179,
                29.81229676297664,
                0.0
              ],
              [
                52.49666496983383,
                29.81231170407768,
                0.0
              ],
              [
                52.49663070374898,
                29.81213396507669,
                0.0
              ],
              [
                52.49673261101663,
                29.81211902488652,
                0.0
              ],
              [
                52.49676687519179,
                29.81229676297664,
                0.0
              ]
            ]
          ]
        ]
      }
    },
    {
      "type": "Feature",
      "properties": {
        "Name": "93",
        "masahat": 403.9
      },
      "geometry": {
        "type": "MultiPolygon",
        "coordinates": [
          [
            [
              [
                52.49653086591615,
                29.81237705303125,
                0.0
              ],
              [
                52.49648803414897,
                29.81215488192726,
                0.0
              ],
              [
                52.49663070374898,
                29.81213396507669,
                0.0
              ],
              [
                52.49666496983383,
                29.81231170407768,
                0.0
              ],
              [
                52.49667353584546,
                29.81235613792884,
                0.0
              ],
              [
                52.49653086591615,
                29.81237705303125,
                0.0
              ]
            ]
          ]
        ]
      }
    },
    {
      "type": "Feature",
      "properties": {
        "Name": "303",
        "masahat": 346.19
      },
      "geometry": {
        "type": "MultiPolygon",
        "coordinates": [
          [
            [
              [
                52.5002443944049,
                29.81031662717909,
                0.0
              ],
              [
                52.50021249845619,
                29.81035165232202,
                0.0
              ],
              [
                52.50008397182027,
                29.8104927912778,
                0.0
              ],
              [
                52.50000304916981,
                29.81043674773283,
                0.0
              ],
              [
                52.50019584113905,
                29.81022503979767,
                0.0
              ],
              [
                52.50027676473678,
                29.81028108231454,
                0.0
              ],
              [
                52.5002443944049,
                29.81031662717909,
                0.0
              ]
            ]
          ]
        ]
      }
    },
    {
      "type": "Feature",
      "properties": {
        "Name": "234",
        "masahat": 228.49
      },
      "geometry": {
        "type": "MultiPolygon",
        "coordinates": [
          [
            [
              [
                52.49946324163717,
                29.81063827795071,
                0.0
              ],
              [
                52.49955225529188,
                29.81069992640786,
                0.0
              ],
              [
                52.49943657966483,
                29.81082694994379,
                0.0
              ],
              [
                52.49934756700941,
                29.81076530230171,
                0.0
              ],
              [
                52.49946324163717,
                29.81063827795071,
                0.0
              ]
            ]
          ]
        ]
      }
    },
    {
      "type": "Feature",
      "properties": {
        "Name": "233",
        "masahat": 228.49
      },
      "geometry": {
        "type": "MultiPolygon",
        "coordinates": [
          [
            [
              [
                52.49925855239319,
                29.81070365461878,
                0.0
              ],
              [
                52.49937422913866,
                29.81057663031966,
                0.0
              ],
              [
                52.49946324163717,
                29.81063827795071,
                0.0
              ],
              [
                52.49934756700941,
                29.81076530230171,
                0.0
              ],
              [
                52.49925855239319,
                29.81070365461878,
                0.0
              ]
            ]
          ]
        ]
      }
    },
    {
      "type": "Feature",
      "properties": {
        "Name": "232",
        "masahat": 253.89
      },
      "geometry": {
        "type": "MultiPolygon",
        "coordinates": [
          [
            [
              [
                52.49924569997981,
                29.81071776851774,
                0.0
              ],
              [
                52.49920057636037,
                29.81068651581624,
                0.0
              ],
              [
                52.49915664579325,
                29.81065616632873,
                0.0
              ],
              [
                52.4992852157139,
                29.81051498263602,
                0.0
              ],
              [
                52.49937422913866,
                29.81057663031966,
                0.0
              ],
              [
                52.49925855239319,
                29.81070365461878,
                0.0
              ],
              [
                52.49924569997981,
                29.81071776851774,
                0.0
              ]
            ]
          ]
        ]
      }
    },
    {
      "type": "Feature",
      "properties": {
        "Name": "231",
        "masahat": 254.04
      },
      "geometry": {
        "type": "MultiPolygon",
        "coordinates": [
          [
            [
              [
                52.49919620445293,
                29.81045333396239,
                0.0
              ],
              [
                52.4992852157139,
                29.81051498263602,
                0.0
              ],
              [
                52.49915664579325,
                29.81065616632873,
                0.0
              ],
              [
                52.49906754893814,
                29.81059460967714,
                0.0
              ],
              [
                52.49919620445293,
                29.81045333396239,
                0.0
              ]
            ]
          ]
        ]
      }
    },
    {
      "type": "Feature",
      "properties": {
        "Name": "230",
        "masahat": 331.57
      },
      "geometry": {
        "type": "MultiPolygon",
        "coordinates": [
          [
            [
              [
                52.49919620445293,
                29.81045333396239,
                0.0
              ],
              [
                52.49906754893814,
                29.81059460967714,
                0.0
              ],
              [
                52.49895095856298,
                29.81051405952664,
                0.0
              ],
              [
                52.49894999715391,
                29.81049115757526,
                0.0
              ],
              [
                52.49894996345164,
                29.81049035488417,
                0.0
              ],
              [
                52.49896058366551,
                29.81048218020592,
                0.0
              ],
              [
                52.49898580231356,
                29.81046276832382,
                0.0
              ],
              [
                52.49898851497822,
                29.81046080656322,
                0.0
              ],
              [
                52.49902260035089,
                29.81043615531375,
                0.0
              ],
              [
                52.49906031869642,
                29.81041054607103,
                0.0
              ],
              [
                52.49906471983911,
                29.81040774312994,
                0.0
              ],
              [
                52.4990989234942,
                29.81038595992788,
                0.0
              ],
              [
                52.49919620445293,
                29.81045333396239,
                0.0
              ]
            ]
          ]
        ]
      }
    },
    {
      "type": "Feature",
      "properties": {
        "Name": "490",
        "masahat": 7450.54
      },
      "geometry": {
        "type": "MultiPolygon",
        "coordinates": [
          [
            [
              [
                52.50001578095682,
                29.80868610632095,
                0.0
              ],
              [
                52.50043914294382,
                29.80907398070908,
                0.0
              ],
              [
                52.49980136825982,
                29.80930992507975,
                0.0
              ],
              [
                52.49956094036871,
                29.8093925931162,
                0.0
              ],
              [
                52.49939856784827,
                29.80900090992166,
                0.0
              ],
              [
                52.49934721022866,
                29.80887702171878,
                0.0
              ],
              [
                52.49930697429616,
                29.80877996259348,
                0.0
              ],
              [
                52.49928484343429,
                29.80866440689075,
                0.0
              ],
              [
                52.49990013542649,
                29.80843520712173,
                0.0
              ],
              [
                52.50001578095682,
                29.80868610632095,
                0.0
              ]
            ]
          ]
        ]
      }
    },
    {
      "type": "Feature",
      "properties": {
        "Name": "493",
        "masahat": 13977.08
      },
      "geometry": {
        "type": "MultiPolygon",
        "coordinates": [
          [
            [
              [
                52.50183200441485,
                29.80757194788377,
                0.0
              ],
              [
                52.50187867469771,
                29.80761098818574,
                0.0
              ],
              [
                52.50192378761145,
                29.80765139695921,
                0.0
              ],
              [
                52.50196728864838,
                29.80769312700189,
                0.0
              ],
              [
                52.50200912845937,
                29.80773613015054,
                0.0
              ],
              [
                52.5020492576546,
                29.80778035553537,
                0.0
              ],
              [
                52.50208762994741,
                29.80782575225135,
                0.0
              ],
              [
                52.50212419901035,
                29.80787226668693,
                0.0
              ],
              [
                52.50215892366121,
                29.80791984336732,
                0.0
              ],
              [
                52.50219176275792,
                29.80796842952434,
                0.0
              ],
              [
                52.50222267815374,
                29.80801796513701,
                0.0
              ],
              [
                52.50225163279008,
                29.80806839378128,
                0.0
              ],
              [
                52.50227859267113,
                29.80811965629125,
                0.0
              ],
              [
                52.50222264366503,
                29.80826816069592,
                0.0
              ],
              [
                52.50172574946377,
                29.80850921041805,
                0.0
              ],
              [
                52.50122061226263,
                29.80873686214517,
                0.0
              ],
              [
                52.50117995461221,
                29.80861563591673,
                0.0
              ],
              [
                52.50118987241914,
                29.80861310589824,
                0.0
              ],
              [
                52.5011915943758,
                29.80861263877932,
                0.0
              ],
              [
                52.5011932958819,
                29.80861211865528,
                0.0
              ],
              [
                52.5011949759299,
                29.80861154734223,
                0.0
              ],
              [
                52.50119663245079,
                29.80861092486368,
                0.0
              ],
              [
                52.50119826236807,
                29.80861025305923,
                0.0
              ],
              [
                52.50119986463374,
                29.80860953103846,
                0.0
              ],
              [
                52.50120143825374,
                29.80860876151968,
                0.0
              ],
              [
                52.50120297909009,
                29.80860794454987,
                0.0
              ],
              [
                52.50120448612177,
                29.80860708104297,
                0.0
              ],
              [
                52.50120595729327,
                29.80860617192468,
                0.0
              ],
              [
                52.50120739263153,
                29.80860521899933,
                0.0
              ],
              [
                52.50120878799859,
                29.80860422231396,
                0.0
              ],
              [
                52.50121014240037,
                29.80860318458685,
                0.0
              ],
              [
                52.50121145480239,
                29.80860210582973,
                0.0
              ],
              [
                52.50121272316259,
                29.80860098787048,
                0.0
              ],
              [
                52.50121394645998,
                29.80859983162302,
                0.0
              ],
              [
                52.501215121618,
                29.80859863892699,
                0.0
              ],
              [
                52.50121624969813,
                29.80859741157497,
                0.0
              ],
              [
                52.50121732761035,
                29.80859615050438,
                0.0
              ],
              [
                52.50121835434711,
                29.80859485753135,
                0.0
              ],
              [
                52.50121932785291,
                29.80859353358157,
                0.0
              ],
              [
                52.50122024816819,
                29.80859218136154,
                0.0
              ],
              [
                52.5012211153064,
                29.80859080177347,
                0.0
              ],
              [
                52.50122192413554,
                29.80858939758265,
                0.0
              ],
              [
                52.50122267775906,
                29.80858796875381,
                0.0
              ],
              [
                52.50122337414843,
                29.80858651801701,
                0.0
              ],
              [
                52.50122401123464,
                29.80858504539572,
                0.0
              ],
              [
                52.50122459014656,
                29.80858355719343,
                0.0
              ],
              [
                52.50122510772675,
                29.80858204983672,
                0.0
              ],
              [
                52.50122556509062,
                29.80858052872689,
                0.0
              ],
              [
                52.50122596120365,
                29.80857899387567,
                0.0
              ],
              [
                52.50122629715425,
                29.80857744888004,
                0.0
              ],
              [
                52.50122656881793,
                29.80857589468919,
                0.0
              ],
              [
                52.50122677931164,
                29.80857433217,
                0.0
              ],
              [
                52.50122692765482,
                29.80857276494297,
                0.0
              ],
              [
                52.50122701074395,
                29.80857119304334,
                0.0
              ],
              [
                52.50122703383242,
                29.8085696218254,
                0.0
              ],
              [
                52.50122699275525,
                29.80856804953182,
                0.0
              ],
              [
                52.50122688858741,
                29.80856647885737,
                0.0
              ],
              [
                52.5012267224038,
                29.80856491249685,
                0.0
              ],
              [
                52.50122649216242,
                29.80856335227807,
                0.0
              ],
              [
                52.50122620100714,
                29.80856180087233,
                0.0
              ],
              [
                52.50122584790351,
                29.80856025829137,
                0.0
              ],
              [
                52.50122543290543,
                29.80855872814392,
                0.0
              ],
              [
                52.5012249570474,
                29.8085572104182,
                0.0
              ],
              [
                52.50097272807336,
                29.80780515355398,
                0.0
              ],
              [
                52.50097083242621,
                29.80779911684621,
                0.0
              ],
              [
                52.50096917911562,
                29.80779302595282,
                0.0
              ],
              [
                52.50096777031833,
                29.80778688806775,
                0.0
              ],
              [
                52.50096660513457,
                29.80778071222453,
                0.0
              ],
              [
                52.50096568674859,
                29.80777450380094,
                0.0
              ],
              [
                52.50096501736405,
                29.80776827179528,
                0.0
              ],
              [
                52.50096459398527,
                29.80776202346021,
                0.0
              ],
              [
                52.50096442187893,
                29.80775576505223,
                0.0
              ],
              [
                52.50096449808976,
                29.80774950653051,
                0.0
              ],
              [
                52.50096482373304,
                29.80774325329639,
                0.0
              ],
              [
                52.50096539894346,
                29.80773701437161,
                0.0
              ],
              [
                52.50096622175981,
                29.80773079699709,
                0.0
              ],
              [
                52.5009672912284,
                29.80772460659766,
                0.0
              ],
              [
                52.50096860646291,
                29.80771845310896,
                0.0
              ],
              [
                52.50097016653661,
                29.80771234376021,
                0.0
              ],
              [
                52.50097196842685,
                29.80770628399966,
                0.0
              ],
              [
                52.50097401022631,
                29.80770028467696,
                0.0
              ],
              [
                52.50097629095435,
                29.80769434941254,
                0.0
              ],
              [
                52.5009788045253,
                29.80768848639649,
                0.0
              ],
              [
                52.50098155209488,
                29.80768270373664,
                0.0
              ],
              [
                52.5009845265025,
                29.80767700692829,
                0.0
              ],
              [
                52.50098772786939,
                29.807671404091,
                0.0
              ],
              [
                52.50099114906193,
                29.80766590252446,
                0.0
              ],
              [
                52.50099478704401,
                29.80766050677477,
                0.0
              ],
              [
                52.50099863881994,
                29.80765522409456,
                0.0
              ],
              [
                52.50100269830405,
                29.80765006267395,
                0.0
              ],
              [
                52.50100696037782,
                29.80764502618036,
                0.0
              ],
              [
                52.50101141999006,
                29.80764012279214,
                0.0
              ],
              [
                52.50101607305673,
                29.80763535616493,
                0.0
              ],
              [
                52.50102091245768,
                29.80763073450062,
                0.0
              ],
              [
                52.5010259340954,
                29.80762626055267,
                0.0
              ],
              [
                52.50103112879427,
                29.80762194344865,
                0.0
              ],
              [
                52.50131170026735,
                29.80739674584871,
                0.0
              ],
              [
                52.50142610968744,
                29.80730491607237,
                0.0
              ],
              [
                52.50142950538875,
                29.80730228148579,
                0.0
              ],
              [
                52.50143299884665,
                29.80729974955625,
                0.0
              ],
              [
                52.50143659008814,
                29.80729732208811,
                0.0
              ],
              [
                52.5014402739812,
                29.80729500184664,
                0.0
              ],
              [
                52.50144404540738,
                29.80729279249932,
                0.0
              ],
              [
                52.50144790022873,
                29.80729069409314,
                0.0
              ],
              [
                52.50145183334027,
                29.80728871119777,
                0.0
              ],
              [
                52.5014558416655,
                29.80728684565284,
                0.0
              ],
              [
                52.50145992004553,
                29.80728509841925,
                0.0
              ],
              [
                52.5014640644098,
                29.80728347405491,
                0.0
              ],
              [
                52.50146826853799,
                29.80728197172817,
                0.0
              ],
              [
                52.50147252834609,
                29.80728059509476,
                0.0
              ],
              [
                52.50147684071718,
                29.80727934328774,
                0.0
              ],
              [
                52.50148119744283,
                29.80727822091204,
                0.0
              ],
              [
                52.50148559540614,
                29.80727722710075,
                0.0
              ],
              [
                52.50149003049614,
                29.80727636370521,
                0.0
              ],
              [
                52.50149449549844,
                29.80727563261209,
                0.0
              ],
              [
                52.50149898624819,
                29.80727503206402,
                0.0
              ],
              [
                52.50150349863442,
                29.8072745639124,
                0.0
              ],
              [
                52.50150802649071,
                29.80727423093425,
                0.0
              ],
              [
                52.50151256461772,
                29.80727403138404,
                0.0
              ],
              [
                52.50158779530397,
                29.80735219619779,
                0.0
              ],
              [
                52.50166617917249,
                29.80742796824594,
                0.0
              ],
              [
                52.50174761751341,
                29.80750125029084,
                0.0
              ],
              [
                52.50183200441485,
                29.80757194788377,
                0.0
              ]
            ]
          ]
        ]
      }
    },
    {
      "type": "Feature",
      "properties": {
        "Name": "498.1",
        "masahat": 14894.84
      },
      "geometry": {
        "type": "MultiPolygon",
        "coordinates": [
          [
            [
              [
                52.49769353908835,
                29.80686098064341,
                0.0
              ],
              [
                52.49781803046265,
                29.80692296278201,
                0.0
              ],
              [
                52.49794027953373,
                29.80698825289624,
                0.0
              ],
              [
                52.49806017054116,
                29.80705678914133,
                0.0
              ],
              [
                52.49817758768317,
                29.80712850696627,
                0.0
              ],
              [
                52.49829242335201,
                29.80720333631353,
                0.0
              ],
              [
                52.49840456686232,
                29.80728120896532,
                0.0
              ],
              [
                52.49841692759426,
                29.80729034745823,
                0.0
              ],
              [
                52.49851391365378,
                29.80736205122071,
                0.0
              ],
              [
                52.4986709482283,
                29.80749570459602,
                0.0
              ],
              [
                52.4987055424595,
                29.80752514777431,
                0.0
              ],
              [
                52.49901606463711,
                29.80778943427772,
                0.0
              ],
              [
                52.49902877981537,
                29.80780061607575,
                0.0
              ],
              [
                52.49904103815169,
                29.80781217661983,
                0.0
              ],
              [
                52.49905282602275,
                29.80782410433442,
                0.0
              ],
              [
                52.49906412975142,
                29.80783638403513,
                0.0
              ],
              [
                52.49907493567397,
                29.80784900143985,
                0.0
              ],
              [
                52.49908522800389,
                29.80786193868123,
                0.0
              ],
              [
                52.49909499824982,
                29.80787518141838,
                0.0
              ],
              [
                52.49910423066557,
                29.80788871449051,
                0.0
              ],
              [
                52.49911291670594,
                29.80790251994806,
                0.0
              ],
              [
                52.49912104371467,
                29.80791658169278,
                0.0
              ],
              [
                52.49912860211204,
                29.80793088178688,
                0.0
              ],
              [
                52.4991355844142,
                29.80794540407341,
                0.0
              ],
              [
                52.49914198102793,
                29.8079601297124,
                0.0
              ],
              [
                52.49914778343485,
                29.80797504255862,
                0.0
              ],
              [
                52.49915298510481,
                29.80799012103034,
                0.0
              ],
              [
                52.49915758064979,
                29.80800535075149,
                0.0
              ],
              [
                52.49916156145716,
                29.80802070926156,
                0.0
              ],
              [
                52.49915904775256,
                29.80802067552053,
                0.0
              ],
              [
                52.49912379283806,
                29.80802020746554,
                0.0
              ],
              [
                52.49905752596512,
                29.80801932695938,
                0.0
              ],
              [
                52.49891683533509,
                29.8080155126371,
                0.0
              ],
              [
                52.49883709871173,
                29.80801335101586,
                0.0
              ],
              [
                52.49861687054243,
                29.80800323977394,
                0.0
              ],
              [
                52.49828440831754,
                29.8079800916879,
                0.0
              ],
              [
                52.49820971400671,
                29.80797274908085,
                0.0
              ],
              [
                52.49810695054931,
                29.80796264772802,
                0.0
              ],
              [
                52.49796147566165,
                29.80794834831251,
                0.0
              ],
              [
                52.49795298414054,
                29.80794751337242,
                0.0
              ],
              [
                52.4979408047742,
                29.80794596408615,
                0.0
              ],
              [
                52.49762295454699,
                29.80790553959228,
                0.0
              ],
              [
                52.49729466791606,
                29.80785421332913,
                0.0
              ],
              [
                52.4974666049123,
                29.80731625629334,
                0.0
              ],
              [
                52.49762075417546,
                29.80683382251904,
                0.0
              ],
              [
                52.49769353908835,
                29.80686098064341,
                0.0
              ]
            ]
          ]
        ]
      }
    },
    {
      "type": "Feature",
      "properties": {
        "Name": "493.1",
        "masahat": 138.47
      },
      "geometry": {
        "type": "MultiPolygon",
        "coordinates": [
          [
            [
              [
                52.50059559328869,
                29.80561492573143,
                0.0
              ],
              [
                52.50054279020491,
                29.80569238672389,
                0.0
              ],
              [
                52.50043620736315,
                29.80563712647652,
                0.0
              ],
              [
                52.50048900946948,
                29.80555966553595,
                0.0
              ],
              [
                52.50059559328869,
                29.80561492573143,
                0.0
              ]
            ]
          ]
        ]
      }
    },
    {
      "type": "Feature",
      "properties": {
        "Name": "GIS_82979",
        "masahat": 51.49
      },
      "geometry": {
        "type": "MultiPolygon",
        "coordinates": [
          [
            [
              [
                52.49774249249126,
                29.80814415672163,
                0.0
              ],
              [
                52.49767100765651,
                29.80813452521614,
                0.0
              ],
              [
                52.49765151767308,
                29.80807377747015,
                0.0
              ],
              [
                52.4977230024495,
                29.80808340808569,
                0.0
              ],
              [
                52.49774249249126,
                29.80814415672163,
                0.0
              ]
            ]
          ]
        ]
      }
    },
    {
      "type": "Feature",
      "properties": {
        "Name": "378",
        "masahat": 963.01
      },
      "geometry": {
        "type": "MultiPolygon",
        "coordinates": [
          [
            [
              [
                52.49876708290894,
                29.80817298506989,
                0.0
              ],
              [
                52.4987673791299,
                29.80817390750054,
                0.0
              ],
              [
                52.49887368978156,
                29.80850527246729,
                0.0
              ],
              [
                52.49867466679991,
                29.80855383483128,
                0.0
              ],
              [
                52.49854891927046,
                29.80816188120289,
                0.0
              ],
              [
                52.49876708290894,
                29.80817298506989,
                0.0
              ]
            ]
          ]
        ]
      }
    },
    {
      "type": "Feature",
      "properties": {
        "Name": "357",
        "masahat": 1206.92
      },
      "geometry": {
        "type": "MultiPolygon",
        "coordinates": [
          [
            [
              [
                52.4984420823512,
                29.80970182715663,
                0.0
              ],
              [
                52.49845158254966,
                29.80973143855589,
                0.0
              ],
              [
                52.49844953383146,
                29.80973199055514,
                0.0
              ],
              [
                52.49832392401002,
                29.80976583030039,
                0.0
              ],
              [
                52.49825726123341,
                29.80978379004656,
                0.0
              ],
              [
                52.49825405108767,
                29.8097846547861,
                0.0
              ],
              [
                52.49810770389544,
                29.80932849538755,
                0.0
              ],
              [
                52.49830672872115,
                29.8092799347227,
                0.0
              ],
              [
                52.4984420823512,
                29.80970182715663,
                0.0
              ]
            ]
          ]
        ]
      }
    },
    {
      "type": "Feature",
      "properties": {
        "Name": "397",
        "masahat": 1140.43
      },
      "geometry": {
        "type": "MultiPolygon",
        "coordinates": [
          [
            [
              [
                52.49595095748575,
                29.80795717542651,
                0.0
              ],
              [
                52.49608954354965,
                29.80838918614889,
                0.0
              ],
              [
                52.49589052131399,
                29.80843774343201,
                0.0
              ],
              [
                52.49575728845287,
                29.80802242365685,
                0.0
              ],
              [
                52.49575567506233,
                29.80801739518474,
                0.0
              ],
              [
                52.49588927339367,
                29.8079719501197,
                0.0
              ],
              [
                52.49591928891321,
                29.80796207177561,
                0.0
              ],
              [
                52.49594954480111,
                29.80795277180448,
                0.0
              ],
              [
                52.49595095748575,
                29.80795717542651,
                0.0
              ]
            ]
          ]
        ]
      }
    },
    {
      "type": "Feature",
      "properties": {
        "Name": "371",
        "masahat": 920.85
      },
      "geometry": {
        "type": "MultiPolygon",
        "coordinates": [
          [
            [
              [
                52.49703379664632,
                29.80945951383217,
                0.0
              ],
              [
                52.49703278530406,
                29.80945976079878,
                0.0
              ],
              [
                52.4969477332898,
                29.80948051160405,
                0.0
              ],
              [
                52.49685467397863,
                29.80950321637885,
                0.0
              ],
              [
                52.49683138377655,
                29.80949178602129,
                0.0
              ],
              [
                52.49682920327568,
                29.80949071529389,
                0.0
              ],
              [
                52.49675454259692,
                29.80925798744263,
                0.0
              ],
              [
                52.49672340808796,
                29.80916093897729,
                0.0
              ],
              [
                52.49692243230172,
                29.80911237949484,
                0.0
              ],
              [
                52.49703379664632,
                29.80945951383217,
                0.0
              ]
            ]
          ]
        ]
      }
    },
    {
      "type": "Feature",
      "properties": {
        "Name": "377",
        "masahat": 951.84
      },
      "geometry": {
        "type": "MultiPolygon",
        "coordinates": [
          [
            [
              [
                52.49880177837304,
                29.808174302341,
                0.0
              ],
              [
                52.49885719130286,
                29.8081764051326,
                0.0
              ],
              [
                52.49897944981944,
                29.80818058291344,
                0.0
              ],
              [
                52.49900393630381,
                29.80818141950516,
                0.0
              ],
              [
                52.49900569757546,
                29.80818150690158,
                0.0
              ],
              [
                52.49900745442826,
                29.8081816448786,
                0.0
              ],
              [
                52.49900920588153,
                29.80818183705664,
                0.0
              ],
              [
                52.49901094773002,
                29.80818207897177,
                0.0
              ],
              [
                52.49901268002758,
                29.80818237423269,
                0.0
              ],
              [
                52.49901439964382,
                29.80818272107027,
                0.0
              ],
              [
                52.49901610344833,
                29.80818311771538,
                0.0
              ],
              [
                52.49901779146806,
                29.80818356597231,
                0.0
              ],
              [
                52.49901946057261,
                29.80818406407197,
                0.0
              ],
              [
                52.49902111074851,
                29.80818461111217,
                0.0
              ],
              [
                52.49902273682332,
                29.80818520715158,
                0.0
              ],
              [
                52.49902434083911,
                29.80818585036238,
                0.0
              ],
              [
                52.49902591559481,
                29.80818654353326,
                0.0
              ],
              [
                52.49902746513418,
                29.80818728030204,
                0.0
              ],
              [
                52.49902898330412,
                29.80818806434783,
                0.0
              ],
              [
                52.49903046902975,
                29.80818889297585,
                0.0
              ],
              [
                52.49903192333211,
                29.80818976527219,
                0.0
              ],
              [
                52.49903220330771,
                29.80818994526891,
                0.0
              ],
              [
                52.49903334205977,
                29.8081906803816,
                0.0
              ],
              [
                52.49903472415134,
                29.80819163651146,
                0.0
              ],
              [
                52.49903606858577,
                29.8081926345757,
                0.0
              ],
              [
                52.49903737117129,
                29.80819367101257,
                0.0
              ],
              [
                52.49903863295582,
                29.80819474671248,
                0.0
              ],
              [
                52.49903985389901,
                29.80819585896893,
                0.0
              ],
              [
                52.49904102881492,
                29.80819700693839,
                0.0
              ],
              [
                52.49904215871116,
                29.8081981888048,
                0.0
              ],
              [
                52.49904324149181,
                29.80819940278726,
                0.0
              ],
              [
                52.49904427613583,
                29.8082006497997,
                0.0
              ],
              [
                52.49904526155491,
                29.80820192624513,
                0.0
              ],
              [
                52.49904619566659,
                29.80820323124486,
                0.0
              ],
              [
                52.49904707947848,
                29.80820456298282,
                0.0
              ],
              [
                52.49904790988708,
                29.80820592149417,
                0.0
              ],
              [
                52.49904868581751,
                29.80820730408414,
                0.0
              ],
              [
                52.49904940825046,
                29.80820870713231,
                0.0
              ],
              [
                52.49905007514385,
                29.80821013246647,
                0.0
              ],
              [
                52.49905068643039,
                29.80821157557575,
                0.0
              ],
              [
                52.49905123900659,
                29.80821303649538,
                0.0
              ],
              [
                52.49905173491453,
                29.80821451339751,
                0.0
              ],
              [
                52.49905217309281,
                29.8082160044895,
                0.0
              ],
              [
                52.49905255350102,
                29.80821750706485,
                0.0
              ],
              [
                52.49905287302227,
                29.80821902025659,
                0.0
              ],
              [
                52.49909724839007,
                29.80845072330605,
                0.0
              ],
              [
                52.49908857219094,
                29.80845284025207,
                0.0
              ],
              [
                52.49887368978156,
                29.80850527246729,
                0.0
              ],
              [
                52.4987673791299,
                29.80817390750054,
                0.0
              ],
              [
                52.49876708290894,
                29.80817298506989,
                0.0
              ],
              [
                52.49880177837304,
                29.808174302341,
                0.0
              ]
            ]
          ]
        ]
      }
    },
    {
      "type": "Feature",
      "properties": {
        "Name": "376",
        "masahat": 915.6
      },
      "geometry": {
        "type": "MultiPolygon",
        "coordinates": [
          [
            [
              [
                52.49912947413526,
                29.8086189833016,
                0.0
              ],
              [
                52.49914430793119,
                29.80869643702989,
                0.0
              ],
              [
                52.49914996206931,
                29.80872596027663,
                0.0
              ],
              [
                52.49916061727024,
                29.80878159434827,
                0.0
              ],
              [
                52.49916088144383,
                29.80878314245606,
                0.0
              ],
              [
                52.49916108569731,
                29.80878469665766,
                0.0
              ],
              [
                52.49916122692719,
                29.80878625698831,
                0.0
              ],
              [
                52.49916130405858,
                29.8087878207532,
                0.0
              ],
              [
                52.49916132118911,
                29.80878938519886,
                0.0
              ],
              [
                52.49916127622286,
                29.80879094854439,
                0.0
              ],
              [
                52.49916116710427,
                29.80879251171546,
                0.0
              ],
              [
                52.49916099686956,
                29.80879407016597,
                0.0
              ],
              [
                52.49916076547834,
                29.80879562118938,
                0.0
              ],
              [
                52.49916047087508,
                29.80879716571135,
                0.0
              ],
              [
                52.49916011609595,
                29.80879869918578,
                0.0
              ],
              [
                52.49915970010648,
                29.80880022162439,
                0.0
              ],
              [
                52.49915922286628,
                29.80880173032069,
                0.0
              ],
              [
                52.49915868745192,
                29.80880322343506,
                0.0
              ],
              [
                52.49915809179441,
                29.80880470099102,
                0.0
              ],
              [
                52.49915756605822,
                29.80880587186383,
                0.0
              ],
              [
                52.49915743788199,
                29.80880615755199,
                0.0
              ],
              [
                52.49915672574156,
                29.80880759492237,
                0.0
              ],
              [
                52.49915595842279,
                29.8088090094582,
                0.0
              ],
              [
                52.49915513486427,
                29.80881039936687,
                0.0
              ],
              [
                52.49915425505252,
                29.80881176374622,
                0.0
              ],
              [
                52.49915332206414,
                29.80881310075667,
                0.0
              ],
              [
                52.49915233692014,
                29.80881440948431,
                0.0
              ],
              [
                52.49915129956669,
                29.80881568632042,
                0.0
              ],
              [
                52.49915021310731,
                29.8088169312298,
                0.0
              ],
              [
                52.49914907649401,
                29.80881814332199,
                0.0
              ],
              [
                52.49914789381096,
                29.80881931894136,
                0.0
              ],
              [
                52.49914666402367,
                29.8088204580996,
                0.0
              ],
              [
                52.49914538920112,
                29.80882156077329,
                0.0
              ],
              [
                52.49914407237952,
                29.8088226224163,
                0.0
              ],
              [
                52.49914271359924,
                29.80882364573515,
                0.0
              ],
              [
                52.49914131484854,
                29.80882462529333,
                0.0
              ],
              [
                52.49913987718882,
                29.80882556288344,
                0.0
              ],
              [
                52.4991384026487,
                29.80882645577548,
                0.0
              ],
              [
                52.49913689537964,
                29.80882730482467,
                0.0
              ],
              [
                52.49913535324535,
                29.80882810554359,
                0.0
              ],
              [
                52.4991337824932,
                29.80882886056837,
                0.0
              ],
              [
                52.49913218101382,
                29.80882956721593,
                0.0
              ],
              [
                52.49913055294519,
                29.80883022543934,
                0.0
              ],
              [
                52.4991288982604,
                29.80883083343424,
                0.0
              ],
              [
                52.49912722315302,
                29.808831390228,
                0.0
              ],
              [
                52.4990160457771,
                29.80886644200906,
                0.0
              ],
              [
                52.49901338184962,
                29.80886001515797,
                0.0
              ],
              [
                52.49901293063255,
                29.80885889868084,
                0.0
              ],
              [
                52.49896189432853,
                29.80873244495289,
                0.0
              ],
              [
                52.49893705025849,
                29.80867129526597,
                0.0
              ],
              [
                52.49887368978156,
                29.80850527246729,
                0.0
              ],
              [
                52.49908857219094,
                29.80845284025207,
                0.0
              ],
              [
                52.49909724839007,
                29.80845072330605,
                0.0
              ],
              [
                52.49912947413526,
                29.8086189833016,
                0.0
              ]
            ]
          ]
        ]
      }
    },
    {
      "type": "Feature",
      "properties": {
        "Name": "375",
        "masahat": 991.36
      },
      "geometry": {
        "type": "MultiPolygon",
        "coordinates": [
          [
            [
              [
                52.49893705025849,
                29.80867129526597,
                0.0
              ],
              [
                52.49896189432853,
                29.80873244495289,
                0.0
              ],
              [
                52.49901293063255,
                29.80885889868084,
                0.0
              ],
              [
                52.49901338184962,
                29.80886001515797,
                0.0
              ],
              [
                52.4990160457771,
                29.80886644200906,
                0.0
              ],
              [
                52.49882104725772,
                29.80892792182136,
                0.0
              ],
              [
                52.49881395640871,
                29.80890980045557,
                0.0
              ],
              [
                52.49881274520767,
                29.80890670566792,
                0.0
              ],
              [
                52.49867466679991,
                29.80855383483128,
                0.0
              ],
              [
                52.49887368978156,
                29.80850527246729,
                0.0
              ],
              [
                52.49893705025849,
                29.80867129526597,
                0.0
              ]
            ]
          ]
        ]
      }
    },
    {
      "type": "Feature",
      "properties": {
        "Name": "379",
        "masahat": 1127.16
      },
      "geometry": {
        "type": "MultiPolygon",
        "coordinates": [
          [
            [
              [
                52.49843361062268,
                29.80815388585583,
                0.0
              ],
              [
                52.49854891927046,
                29.80816188120289,
                0.0
              ],
              [
                52.49867466679991,
                29.80855383483128,
                0.0
              ],
              [
                52.49847564464774,
                29.80860239689,
                0.0
              ],
              [
                52.49836427646171,
                29.8082552638646,
                0.0
              ],
              [
                52.49832967709945,
                29.80814741629412,
                0.0
              ],
              [
                52.49832943513592,
                29.80814666288521,
                0.0
              ],
              [
                52.49843361062268,
                29.80815388585583,
                0.0
              ]
            ]
          ]
        ]
      }
    },
    {
      "type": "Feature",
      "properties": {
        "Name": "374",
        "masahat": 1034.25
      },
      "geometry": {
        "type": "MultiPolygon",
        "coordinates": [
          [
            [
              [
                52.49881274520767,
                29.80890670566792,
                0.0
              ],
              [
                52.49881395640871,
                29.80890980045557,
                0.0
              ],
              [
                52.49882104725772,
                29.80892792182136,
                0.0
              ],
              [
                52.49865301464134,
                29.80898089783639,
                0.0
              ],
              [
                52.49863662072929,
                29.80898606644245,
                0.0
              ],
              [
                52.49862605053035,
                29.80898939952575,
                0.0
              ],
              [
                52.49862455623805,
                29.80898987034577,
                0.0
              ],
              [
                52.49847564464774,
                29.80860239689,
                0.0
              ],
              [
                52.49867466679991,
                29.80855383483128,
                0.0
              ],
              [
                52.49881274520767,
                29.80890670566792,
                0.0
              ]
            ]
          ]
        ]
      }
    },
    {
      "type": "Feature",
      "properties": {
        "Name": "381- 380",
        "masahat": 1846.32
      },
      "geometry": {
        "type": "MultiPolygon",
        "coordinates": [
          [
            [
              [
                52.49847564464774,
                29.80860239689,
                0.0
              ],
              [
                52.49827662125604,
                29.80865095866693,
                0.0
              ],
              [
                52.49826732234953,
                29.80865322789585,
                0.0
              ],
              [
                52.49807759869384,
                29.8086995201386,
                0.0
              ],
              [
                52.49807611320462,
                29.80869488998044,
                0.0
              ],
              [
                52.49796623174488,
                29.80835238673856,
                0.0
              ],
              [
                52.49836427646171,
                29.8082552638646,
                0.0
              ],
              [
                52.49847564464774,
                29.80860239689,
                0.0
              ]
            ]
          ]
        ]
      }
    },
    {
      "type": "Feature",
      "properties": {
        "Name": "373",
        "masahat": 1233.2
      },
      "geometry": {
        "type": "MultiPolygon",
        "coordinates": [
          [
            [
              [
                52.49841882187287,
                29.8090941939569,
                0.0
              ],
              [
                52.49827662125604,
                29.80865095866693,
                0.0
              ],
              [
                52.49847564464774,
                29.80860239689,
                0.0
              ],
              [
                52.49862455623805,
                29.80898987034577,
                0.0
              ],
              [
                52.4986380935699,
                29.8090250917504,
                0.0
              ],
              [
                52.49841882187287,
                29.8090941939569,
                0.0
              ]
            ]
          ]
        ]
      }
    },
    {
      "type": "Feature",
      "properties": {
        "Name": "382",
        "masahat": 923.16
      },
      "geometry": {
        "type": "MultiPolygon",
        "coordinates": [
          [
            [
              [
                52.49807611320462,
                29.80869488998044,
                0.0
              ],
              [
                52.49807759869384,
                29.8086995201386,
                0.0
              ],
              [
                52.49787857489213,
                29.80874808132848,
                0.0
              ],
              [
                52.49787684524588,
                29.80874268875973,
                0.0
              ],
              [
                52.49776720856171,
                29.80840094774112,
                0.0
              ],
              [
                52.49796623174488,
                29.80835238673856,
                0.0
              ],
              [
                52.49807611320462,
                29.80869488998044,
                0.0
              ]
            ]
          ]
        ]
      }
    },
    {
      "type": "Feature",
      "properties": {
        "Name": "383",
        "masahat": 923.16
      },
      "geometry": {
        "type": "MultiPolygon",
        "coordinates": [
          [
            [
              [
                52.49787684524588,
                29.80874268875973,
                0.0
              ],
              [
                52.49787857489213,
                29.80874808132848,
                0.0
              ],
              [
                52.49772178579777,
                29.80878633712386,
                0.0
              ],
              [
                52.49770834254065,
                29.80878961697867,
                0.0
              ],
              [
                52.49767955191989,
                29.80879664221308,
                0.0
              ],
              [
                52.4976778277381,
                29.80879126852853,
                0.0
              ],
              [
                52.49756818722908,
                29.8084495075245,
                0.0
              ],
              [
                52.49776720856171,
                29.80840094774112,
                0.0
              ],
              [
                52.49787684524588,
                29.80874268875973,
                0.0
              ]
            ]
          ]
        ]
      }
    },
    {
      "type": "Feature",
      "properties": {
        "Name": "384",
        "masahat": 923.17
      },
      "geometry": {
        "type": "MultiPolygon",
        "coordinates": [
          [
            [
              [
                52.4976778277381,
                29.80879126852853,
                0.0
              ],
              [
                52.49767955191989,
                29.80879664221308,
                0.0
              ],
              [
                52.49762245518587,
                29.80881057347818,
                0.0
              ],
              [
                52.49760948820656,
                29.8088137369382,
                0.0
              ],
              [
                52.4975912202257,
                29.80881819486632,
                0.0
              ],
              [
                52.49753539355867,
                29.80883181573507,
                0.0
              ],
              [
                52.49748052667366,
                29.80884520282759,
                0.0
              ],
              [
                52.49747990819924,
                29.80884327614318,
                0.0
              ],
              [
                52.49736916261485,
                29.80849806885388,
                0.0
              ],
              [
                52.49756818722908,
                29.8084495075245,
                0.0
              ],
              [
                52.4976778277381,
                29.80879126852853,
                0.0
              ]
            ]
          ]
        ]
      }
    },
    {
      "type": "Feature",
      "properties": {
        "Name": "385",
        "masahat": 923.15
      },
      "geometry": {
        "type": "MultiPolygon",
        "coordinates": [
          [
            [
              [
                52.49747990819924,
                29.80884327614318,
                0.0
              ],
              [
                52.49748052667366,
                29.80884520282759,
                0.0
              ],
              [
                52.49747813698587,
                29.80884578574571,
                0.0
              ],
              [
                52.49728150431248,
                29.80889376221122,
                0.0
              ],
              [
                52.49717013983772,
                29.80854662806193,
                0.0
              ],
              [
                52.49736916261485,
                29.80849806885388,
                0.0
              ],
              [
                52.49747990819924,
                29.80884327614318,
                0.0
              ]
            ]
          ]
        ]
      }
    },
    {
      "type": "Feature",
      "properties": {
        "Name": "386",
        "masahat": 923.16
      },
      "geometry": {
        "type": "MultiPolygon",
        "coordinates": [
          [
            [
              [
                52.49717013983772,
                29.80854662806193,
                0.0
              ],
              [
                52.49728150431248,
                29.80889376221122,
                0.0
              ],
              [
                52.49708247970417,
                29.8089423231291,
                0.0
              ],
              [
                52.49697111686904,
                29.80859518787862,
                0.0
              ],
              [
                52.49717013983772,
                29.80854662806193,
                0.0
              ]
            ]
          ]
        ]
      }
    },
    {
      "type": "Feature",
      "properties": {
        "Name": "387",
        "masahat": 1153.95
      },
      "geometry": {
        "type": "MultiPolygon",
        "coordinates": [
          [
            [
              [
                52.49711032026901,
                29.80902910602088,
                0.0
              ],
              [
                52.49691129630868,
                29.80907766487597,
                0.0
              ],
              [
                52.49677209266087,
                29.80864374741349,
                0.0
              ],
              [
                52.49697111686904,
                29.80859518787862,
                0.0
              ],
              [
                52.49708247970417,
                29.8089423231291,
                0.0
              ],
              [
                52.49711032026901,
                29.80902910602088,
                0.0
              ]
            ]
          ]
        ]
      }
    },
    {
      "type": "Feature",
      "properties": {
        "Name": "388",
        "masahat": 1153.96
      },
      "geometry": {
        "type": "MultiPolygon",
        "coordinates": [
          [
            [
              [
                52.49677209266087,
                29.80864374741349,
                0.0
              ],
              [
                52.49691129630868,
                29.80907766487597,
                0.0
              ],
              [
                52.49671227113574,
                29.8091262252536,
                0.0
              ],
              [
                52.4965730682477,
                29.80869230665481,
                0.0
              ],
              [
                52.49677209266087,
                29.80864374741349,
                0.0
              ]
            ]
          ]
        ]
      }
    },
    {
      "type": "Feature",
      "properties": {
        "Name": "403",
        "masahat": 1196.6
      },
      "geometry": {
        "type": "MultiPolygon",
        "coordinates": [
          [
            [
              [
                52.49756818722908,
                29.8084495075245,
                0.0
              ],
              [
                52.49736916261485,
                29.80849806885388,
                0.0
              ],
              [
                52.49721101501103,
                29.80800510326527,
                0.0
              ],
              [
                52.49743763091428,
                29.80804255816365,
                0.0
              ],
              [
                52.49756818722908,
                29.8084495075245,
                0.0
              ]
            ]
          ]
        ]
      }
    },
    {
      "type": "Feature",
      "properties": {
        "Name": "402",
        "masahat": 1431.81
      },
      "geometry": {
        "type": "MultiPolygon",
        "coordinates": [
          [
            [
              [
                52.49717013983772,
                29.80854662806193,
                0.0
              ],
              [
                52.49698283897216,
                29.8079627849435,
                0.0
              ],
              [
                52.49721101501103,
                29.80800510326527,
                0.0
              ],
              [
                52.49736916261485,
                29.80849806885388,
                0.0
              ],
              [
                52.49717013983772,
                29.80854662806193,
                0.0
              ]
            ]
          ]
        ]
      }
    },
    {
      "type": "Feature",
      "properties": {
        "Name": "401",
        "masahat": 1678.37
      },
      "geometry": {
        "type": "MultiPolygon",
        "coordinates": [
          [
            [
              [
                52.49676840121961,
                29.80792191404337,
                0.0
              ],
              [
                52.49677278041771,
                29.80792201693151,
                0.0
              ],
              [
                52.49677715628421,
                29.80792224347652,
                0.0
              ],
              [
                52.49677860447648,
                29.80792235971452,
                0.0
              ],
              [
                52.49678152054322,
                29.80792259377216,
                0.0
              ],
              [
                52.49678586804918,
                29.80792306968136,
                0.0
              ],
              [
                52.49679019667936,
                29.80792366761884,
                0.0
              ],
              [
                52.49679450025373,
                29.8079243894593,
                0.0
              ],
              [
                52.4967987746209,
                29.80792523434739,
                0.0
              ],
              [
                52.49682705827987,
                29.80793100468369,
                0.0
              ],
              [
                52.49698283897216,
                29.8079627849435,
                0.0
              ],
              [
                52.49717013983772,
                29.80854662806193,
                0.0
              ],
              [
                52.49697111686904,
                29.80859518787862,
                0.0
              ],
              [
                52.4967552675498,
                29.80792235517025,
                0.0
              ],
              [
                52.4967596391027,
                29.80792208367828,
                0.0
              ],
              [
                52.49676401766885,
                29.80792193572599,
                0.0
              ],
              [
                52.49676840121961,
                29.80792191404337,
                0.0
              ]
            ]
          ]
        ]
      }
    },
    {
      "type": "Feature",
      "properties": {
        "Name": "400",
        "masahat": 1656.94
      },
      "geometry": {
        "type": "MultiPolygon",
        "coordinates": [
          [
            [
              [
                52.49697111686904,
                29.80859518787862,
                0.0
              ],
              [
                52.49677209266087,
                29.80864374741349,
                0.0
              ],
              [
                52.49660286737257,
                29.80811624620791,
                0.0
              ],
              [
                52.49663759206232,
                29.8080076030158,
                0.0
              ],
              [
                52.4967552675498,
                29.80792235517025,
                0.0
              ],
              [
                52.49697111686904,
                29.80859518787862,
                0.0
              ]
            ]
          ]
        ]
      }
    },
    {
      "type": "Feature",
      "properties": {
        "Name": "399",
        "masahat": 953.55
      },
      "geometry": {
        "type": "MultiPolygon",
        "coordinates": [
          [
            [
              [
                52.49656729149522,
                29.80867430020968,
                0.0
              ],
              [
                52.49655910520858,
                29.80864699817679,
                0.0
              ],
              [
                52.49655198851622,
                29.80861947017656,
                0.0
              ],
              [
                52.49654595117122,
                29.80859174587563,
                0.0
              ],
              [
                52.49654099886916,
                29.80856386040053,
                0.0
              ],
              [
                52.4965371371847,
                29.80853584075817,
                0.0
              ],
              [
                52.49653437083264,
                29.80850772569549,
                0.0
              ],
              [
                52.49653270436657,
                29.80847954313325,
                0.0
              ],
              [
                52.49653213829609,
                29.80845132735428,
                0.0
              ],
              [
                52.49653267311736,
                29.80842311173926,
                0.0
              ],
              [
                52.49653430827861,
                29.80839492877829,
                0.0
              ],
              [
                52.49653704424917,
                29.80836681004765,
                0.0
              ],
              [
                52.49654087427029,
                29.80833878810774,
                0.0
              ],
              [
                52.49654579574811,
                29.80831089727639,
                0.0
              ],
              [
                52.49655180293156,
                29.80828316829791,
                0.0
              ],
              [
                52.49655889009646,
                29.80825563372087,
                0.0
              ],
              [
                52.49656704531171,
                29.80822832616416,
                0.0
              ],
              [
                52.49660286737257,
                29.80811624620791,
                0.0
              ],
              [
                52.49677209266087,
                29.80864374741349,
                0.0
              ],
              [
                52.4965730682477,
                29.80869230665481,
                0.0
              ],
              [
                52.49656729149522,
                29.80867430020968,
                0.0
              ]
            ]
          ]
        ]
      }
    },
    {
      "type": "Feature",
      "properties": {
        "Name": "372",
        "masahat": 920.86
      },
      "geometry": {
        "type": "MultiPolygon",
        "coordinates": [
          [
            [
              [
                52.49722725372142,
                29.80939359657002,
                0.0
              ],
              [
                52.49722248226188,
                29.80940099019107,
                0.0
              ],
              [
                52.49721345817292,
                29.80941497479609,
                0.0
              ],
              [
                52.49721291913452,
                29.80941581014552,
                0.0
              ],
              [
                52.49714107758561,
                29.80943333894723,
                0.0
              ],
              [
                52.49713578374727,
                29.80943463061093,
                0.0
              ],
              [
                52.49709319178091,
                29.80944502168884,
                0.0
              ],
              [
                52.49703379664632,
                29.80945951383217,
                0.0
              ],
              [
                52.49692243230172,
                29.80911237949484,
                0.0
              ],
              [
                52.4971201480574,
                29.80906413862728,
                0.0
              ],
              [
                52.49712145631046,
                29.80906381971882,
                0.0
              ],
              [
                52.49722725372142,
                29.80939359657002,
                0.0
              ]
            ]
          ]
        ]
      }
    },
    {
      "type": "Feature",
      "properties": {
        "Name": "487.1",
        "masahat": 2076.58
      },
      "geometry": {
        "type": "MultiPolygon",
        "coordinates": [
          [
            [
              [
                52.49894937732284,
                29.80913660426316,
                0.0
              ],
              [
                52.49911535464707,
                29.80953698620354,
                0.0
              ],
              [
                52.49881258663089,
                29.80962864176298,
                0.0
              ],
              [
                52.49880557315326,
                29.80963076509681,
                0.0
              ],
              [
                52.49878192172359,
                29.80955704594283,
                0.0
              ],
              [
                52.498635717944,
                29.80910134031074,
                0.0
              ],
              [
                52.49890019356761,
                29.80901795721372,
                0.0
              ],
              [
                52.49894937732284,
                29.80913660426316,
                0.0
              ]
            ]
          ]
        ]
      }
    },
    {
      "type": "Feature",
      "properties": {
        "Name": "355",
        "masahat": 1494.22
      },
      "geometry": {
        "type": "MultiPolygon",
        "coordinates": [
          [
            [
              [
                52.498635717944,
                29.80910134031074,
                0.0
              ],
              [
                52.49878192172359,
                29.80955704594283,
                0.0
              ],
              [
                52.49880557315326,
                29.80963076509681,
                0.0
              ],
              [
                52.49860916087818,
                29.80968747019465,
                0.0
              ],
              [
                52.49859071380826,
                29.80962997181255,
                0.0
              ],
              [
                52.49846594821106,
                29.80924108489921,
                0.0
              ],
              [
                52.4984650768376,
                29.80923836703773,
                0.0
              ],
              [
                52.49845357794843,
                29.80920252786304,
                0.0
              ],
              [
                52.49842965891052,
                29.80912797611039,
                0.0
              ],
              [
                52.49862454995373,
                29.8090665314684,
                0.0
              ],
              [
                52.498635717944,
                29.80910134031074,
                0.0
              ]
            ]
          ]
        ]
      }
    },
    {
      "type": "Feature",
      "properties": {
        "Name": "356",
        "masahat": 955.14
      },
      "geometry": {
        "type": "MultiPolygon",
        "coordinates": [
          [
            [
              [
                52.49859071380826,
                29.80962997181255,
                0.0
              ],
              [
                52.49860916087818,
                29.80968747019465,
                0.0
              ],
              [
                52.49845158254966,
                29.80973143855589,
                0.0
              ],
              [
                52.4984420823512,
                29.80970182715663,
                0.0
              ],
              [
                52.49830672872115,
                29.8092799347227,
                0.0
              ],
              [
                52.49846594821106,
                29.80924108489921,
                0.0
              ],
              [
                52.49859071380826,
                29.80962997181255,
                0.0
              ]
            ]
          ]
        ]
      }
    },
    {
      "type": "Feature",
      "properties": {
        "Name": "358",
        "masahat": 1216.73
      },
      "geometry": {
        "type": "MultiPolygon",
        "coordinates": [
          [
            [
              [
                52.49805589767389,
                29.80983593506037,
                0.0
              ],
              [
                52.49790867992611,
                29.80937705755148,
                0.0
              ],
              [
                52.49810770389544,
                29.80932849538755,
                0.0
              ],
              [
                52.49825405108767,
                29.8097846547861,
                0.0
              ],
              [
                52.49805589767389,
                29.80983593506037,
                0.0
              ]
            ]
          ]
        ]
      }
    },
    {
      "type": "Feature",
      "properties": {
        "Name": "359",
        "masahat": 1221.55
      },
      "geometry": {
        "type": "MultiPolygon",
        "coordinates": [
          [
            [
              [
                52.49785707182928,
                29.80988529348286,
                0.0
              ],
              [
                52.49770965365587,
                29.80942561764097,
                0.0
              ],
              [
                52.49790867992611,
                29.80937705755148,
                0.0
              ],
              [
                52.49805589767389,
                29.80983593506037,
                0.0
              ],
              [
                52.49785707182928,
                29.80988529348286,
                0.0
              ]
            ]
          ]
        ]
      }
    },
    {
      "type": "Feature",
      "properties": {
        "Name": "360",
        "masahat": 1220.74
      },
      "geometry": {
        "type": "MultiPolygon",
        "coordinates": [
          [
            [
              [
                52.49765772925066,
                29.80993269309467,
                0.0
              ],
              [
                52.49751063029756,
                29.8094741783039,
                0.0
              ],
              [
                52.49770965365587,
                29.80942561764097,
                0.0
              ],
              [
                52.49785707182928,
                29.80988529348286,
                0.0
              ],
              [
                52.49765772925066,
                29.80993269309467,
                0.0
              ]
            ]
          ]
        ]
      }
    },
    {
      "type": "Feature",
      "properties": {
        "Name": "361",
        "masahat": 1215.28
      },
      "geometry": {
        "type": "MultiPolygon",
        "coordinates": [
          [
            [
              [
                52.49765772925066,
                29.80993269309467,
                0.0
              ],
              [
                52.49745771426193,
                29.80997817084844,
                0.0
              ],
              [
                52.4973116046518,
                29.80952273779457,
                0.0
              ],
              [
                52.49751063029756,
                29.8094741783039,
                0.0
              ],
              [
                52.49765772925066,
                29.80993269309467,
                0.0
              ]
            ]
          ]
        ]
      }
    },
    {
      "type": "Feature",
      "properties": {
        "Name": "362",
        "masahat": 1204.51
      },
      "geometry": {
        "type": "MultiPolygon",
        "coordinates": [
          [
            [
              [
                52.49725707838386,
                29.81002171171978,
                0.0
              ],
              [
                52.4971125788279,
                29.80957129879604,
                0.0
              ],
              [
                52.4973116046518,
                29.80952273779457,
                0.0
              ],
              [
                52.49745771426193,
                29.80997817084844,
                0.0
              ],
              [
                52.49725707838386,
                29.81002171171978,
                0.0
              ]
            ]
          ]
        ]
      }
    },
    {
      "type": "Feature",
      "properties": {
        "Name": "363",
        "masahat": 1188.58
      },
      "geometry": {
        "type": "MultiPolygon",
        "coordinates": [
          [
            [
              [
                52.49705581954456,
                29.81006331482683,
                0.0
              ],
              [
                52.49691355380663,
                29.80961985768789,
                0.0
              ],
              [
                52.4971125788279,
                29.80957129879604,
                0.0
              ],
              [
                52.49725707838386,
                29.81002171171978,
                0.0
              ],
              [
                52.49705581954456,
                29.81006331482683,
                0.0
              ]
            ]
          ]
        ]
      }
    },
    {
      "type": "Feature",
      "properties": {
        "Name": "364",
        "masahat": 1167.5
      },
      "geometry": {
        "type": "MultiPolygon",
        "coordinates": [
          [
            [
              [
                52.49705581954456,
                29.81006331482683,
                0.0
              ],
              [
                52.49685393981024,
                29.81010297924075,
                0.0
              ],
              [
                52.49671452859379,
                29.80966841718837,
                0.0
              ],
              [
                52.49691355380663,
                29.80961985768789,
                0.0
              ],
              [
                52.49705581954456,
                29.81006331482683,
                0.0
              ]
            ]
          ]
        ]
      }
    },
    {
      "type": "Feature",
      "properties": {
        "Name": "367",
        "masahat": 1782.42
      },
      "geometry": {
        "type": "MultiPolygon",
        "coordinates": [
          [
            [
              [
                52.49630637805532,
                29.80973406089955,
                0.0
              ],
              [
                52.49631601319509,
                29.80976409052244,
                0.0
              ],
              [
                52.49631647651859,
                29.80976553532037,
                0.0
              ],
              [
                52.4963732473908,
                29.80994250078859,
                0.0
              ],
              [
                52.49644820947871,
                29.81017617287486,
                0.0
              ],
              [
                52.49623982708977,
                29.81020936269798,
                0.0
              ],
              [
                52.49623877336498,
                29.81020870961301,
                0.0
              ],
              [
                52.49621974254409,
                29.81019690968764,
                0.0
              ],
              [
                52.49609233974187,
                29.8101179204042,
                0.0
              ],
              [
                52.49608425873689,
                29.81011291012891,
                0.0
              ],
              [
                52.49607177474091,
                29.81005164970658,
                0.0
              ],
              [
                52.49601510468671,
                29.80977356059477,
                0.0
              ],
              [
                52.49629698698374,
                29.8097047873716,
                0.0
              ],
              [
                52.49630637805532,
                29.80973406089955,
                0.0
              ]
            ]
          ]
        ]
      }
    },
    {
      "type": "Feature",
      "properties": {
        "Name": "370",
        "masahat": 920.86
      },
      "geometry": {
        "type": "MultiPolygon",
        "coordinates": [
          [
            [
              [
                52.49666998268508,
                29.80952956408093,
                0.0
              ],
              [
                52.4966675827708,
                29.80953328269849,
                0.0
              ],
              [
                52.49665564794073,
                29.80955177669831,
                0.0
              ],
              [
                52.49647652493592,
                29.80959547964519,
                0.0
              ],
              [
                52.49636516232336,
                29.80924834478342,
                0.0
              ],
              [
                52.49656112918358,
                29.80920053330302,
                0.0
              ],
              [
                52.49656418795404,
                29.80919978671981,
                0.0
              ],
              [
                52.49666998268508,
                29.80952956408093,
                0.0
              ]
            ]
          ]
        ]
      }
    },
    {
      "type": "Feature",
      "properties": {
        "Name": "369",
        "masahat": 923.17
      },
      "geometry": {
        "type": "MultiPolygon",
        "coordinates": [
          [
            [
              [
                52.49636516232336,
                29.80924834478342,
                0.0
              ],
              [
                52.49647652493592,
                29.80959547964519,
                0.0
              ],
              [
                52.49627749954301,
                29.80964403939518,
                0.0
              ],
              [
                52.49616613650112,
                29.80929690345566,
                0.0
              ],
              [
                52.49636516232336,
                29.80924834478342,
                0.0
              ]
            ]
          ]
        ]
      }
    },
    {
      "type": "Feature",
      "properties": {
        "Name": "368",
        "masahat": 1447.57
      },
      "geometry": {
        "type": "MultiPolygon",
        "coordinates": [
          [
            [
              [
                52.49627749954301,
                29.80964403939518,
                0.0
              ],
              [
                52.49627970217146,
                29.80965090464681,
                0.0
              ],
              [
                52.49628953053121,
                29.80968154296194,
                0.0
              ],
              [
                52.49629698698374,
                29.8097047873716,
                0.0
              ],
              [
                52.49601510468671,
                29.80977356059477,
                0.0
              ],
              [
                52.4959168173385,
                29.80935773265656,
                0.0
              ],
              [
                52.49616613650112,
                29.80929690345566,
                0.0
              ],
              [
                52.49627749954301,
                29.80964403939518,
                0.0
              ]
            ]
          ]
        ]
      }
    },
    {
      "type": "Feature",
      "properties": {
        "Name": "389",
        "masahat": 920.86
      },
      "geometry": {
        "type": "MultiPolygon",
        "coordinates": [
          [
            [
              [
                52.49643655270892,
                29.80885928786498,
                0.0
              ],
              [
                52.4964583939496,
                29.80887000833178,
                0.0
              ],
              [
                52.49656418795404,
                29.80919978671981,
                0.0
              ],
              [
                52.49656112918358,
                29.80920053330302,
                0.0
              ],
              [
                52.49636516232336,
                29.80924834478342,
                0.0
              ],
              [
                52.49625380053078,
                29.80890120978347,
                0.0
              ],
              [
                52.4964329234432,
                29.80885750625983,
                0.0
              ],
              [
                52.49643655270892,
                29.80885928786498,
                0.0
              ]
            ]
          ]
        ]
      }
    },
    {
      "type": "Feature",
      "properties": {
        "Name": "390",
        "masahat": 923.16
      },
      "geometry": {
        "type": "MultiPolygon",
        "coordinates": [
          [
            [
              [
                52.49636516232336,
                29.80924834478342,
                0.0
              ],
              [
                52.49616613650112,
                29.80929690345566,
                0.0
              ],
              [
                52.49605477636164,
                29.80894976825672,
                0.0
              ],
              [
                52.49625380053078,
                29.80890120978347,
                0.0
              ],
              [
                52.49636516232336,
                29.80924834478342,
                0.0
              ]
            ]
          ]
        ]
      }
    },
    {
      "type": "Feature",
      "properties": {
        "Name": "391",
        "masahat": 1309.56
      },
      "geometry": {
        "type": "MultiPolygon",
        "coordinates": [
          [
            [
              [
                52.49603528715058,
                29.80888901934895,
                0.0
              ],
              [
                52.49605477636164,
                29.80894976825672,
                0.0
              ],
              [
                52.49616613650112,
                29.80929690345566,
                0.0
              ],
              [
                52.4959168173385,
                29.80935773265656,
                0.0
              ],
              [
                52.49591612293246,
                29.80935501277317,
                0.0
              ],
              [
                52.49580400092634,
                29.80894544920909,
                0.0
              ],
              [
                52.49603528715058,
                29.80888901934895,
                0.0
              ]
            ]
          ]
        ]
      }
    },
    {
      "type": "Feature",
      "properties": {
        "Name": "394",
        "masahat": 1181.17
      },
      "geometry": {
        "type": "MultiPolygon",
        "coordinates": [
          [
            [
              [
                52.49637259290236,
                29.8083519405921,
                0.0
              ],
              [
                52.49636937130993,
                29.80838497169331,
                0.0
              ],
              [
                52.49636744104801,
                29.80841807659889,
                0.0
              ],
              [
                52.49636680577225,
                29.80845122278354,
                0.0
              ],
              [
                52.49636746377777,
                29.80848436515006,
                0.0
              ],
              [
                52.49636834804591,
                29.80849934916202,
                0.0
              ],
              [
                52.49636941665123,
                29.80851747119651,
                0.0
              ],
              [
                52.49637266067248,
                29.80855049945776,
                0.0
              ],
              [
                52.49637719320956,
                29.80858341206559,
                0.0
              ],
              [
                52.49638300750594,
                29.80861617210081,
                0.0
              ],
              [
                52.49639009778581,
                29.80864873902375,
                0.0
              ],
              [
                52.49639845625811,
                29.80868107592689,
                0.0
              ],
              [
                52.49640807310297,
                29.8087131486326,
                0.0
              ],
              [
                52.49640828142601,
                29.80871379775594,
                0.0
              ],
              [
                52.49639394671726,
                29.80873600944334,
                0.0
              ],
              [
                52.49621482503419,
                29.80877971289629,
                0.0
              ],
              [
                52.49608954354965,
                29.80838918614889,
                0.0
              ],
              [
                52.49628856865699,
                29.80834062673275,
                0.0
              ],
              [
                52.49637485389025,
                29.80831957546122,
                0.0
              ],
              [
                52.49637710233088,
                29.80831902664664,
                0.0
              ],
              [
                52.49637259290236,
                29.8083519405921,
                0.0
              ]
            ]
          ]
        ]
      }
    },
    {
      "type": "Feature",
      "properties": {
        "Name": "393",
        "masahat": 1038.55
      },
      "geometry": {
        "type": "MultiPolygon",
        "coordinates": [
          [
            [
              [
                52.49608954354965,
                29.80838918614889,
                0.0
              ],
              [
                52.49621482503419,
                29.80877971289629,
                0.0
              ],
              [
                52.49601580004705,
                29.80882827131568,
                0.0
              ],
              [
                52.49589052131399,
                29.80843774343201,
                0.0
              ],
              [
                52.49608954354965,
                29.80838918614889,
                0.0
              ]
            ]
          ]
        ]
      }
    },
    {
      "type": "Feature",
      "properties": {
        "Name": "392",
        "masahat": 1385.35
      },
      "geometry": {
        "type": "MultiPolygon",
        "coordinates": [
          [
            [
              [
                52.49601580004705,
                29.80882827131568,
                0.0
              ],
              [
                52.49603528715058,
                29.80888901934895,
                0.0
              ],
              [
                52.49580400092634,
                29.80894544920909,
                0.0
              ],
              [
                52.4957113692212,
                29.80864991076752,
                0.0
              ],
              [
                52.49566231952846,
                29.80849342075322,
                0.0
              ],
              [
                52.49566549788404,
                29.80849264576756,
                0.0
              ],
              [
                52.49589052131399,
                29.80843774343201,
                0.0
              ],
              [
                52.49601580004705,
                29.80882827131568,
                0.0
              ]
            ]
          ]
        ]
      }
    },
    {
      "type": "Feature",
      "properties": {
        "Name": "395",
        "masahat": 1063.82
      },
      "geometry": {
        "type": "MultiPolygon",
        "coordinates": [
          [
            [
              [
                52.4963313966902,
                29.80788790088184,
                0.0
              ],
              [
                52.4963358412075,
                29.80788808244992,
                0.0
              ],
              [
                52.49634027728738,
                29.80788839224435,
                0.0
              ],
              [
                52.49634469870951,
                29.80788882943321,
                0.0
              ],
              [
                52.4963491003283,
                29.80788939587948,
                0.0
              ],
              [
                52.49635347690418,
                29.8078900871308,
                0.0
              ],
              [
                52.4963578274295,
                29.80789090500328,
                0.0
              ],
              [
                52.49636214256704,
                29.80789184779798,
                0.0
              ],
              [
                52.49636642024781,
                29.80789291553833,
                0.0
              ],
              [
                52.49637065525909,
                29.80789410557638,
                0.0
              ],
              [
                52.49645673585479,
                29.80803645330058,
                0.0
              ],
              [
                52.49643773681677,
                29.80809589834691,
                0.0
              ],
              [
                52.49640778495983,
                29.80818961252026,
                0.0
              ],
              [
                52.49640575280319,
                29.80819641745049,
                0.0
              ],
              [
                52.49639960299466,
                29.80821700248323,
                0.0
              ],
              [
                52.49639822817336,
                29.80822160550127,
                0.0
              ],
              [
                52.49638992314494,
                29.80825386402819,
                0.0
              ],
              [
                52.4963828775875,
                29.80828635011599,
                0.0
              ],
              [
                52.49637713188812,
                29.80831885757611,
                0.0
              ],
              [
                52.49637710233088,
                29.80831902664664,
                0.0
              ],
              [
                52.49637485389025,
                29.80831957546122,
                0.0
              ],
              [
                52.49628856865699,
                29.80834062673275,
                0.0
              ],
              [
                52.4961498864364,
                29.80790832496836,
                0.0
              ],
              [
                52.49614945458928,
                29.80790697816684,
                0.0
              ],
              [
                52.49619135029275,
                29.80790065848277,
                0.0
              ],
              [
                52.49623343985301,
                29.80789540675447,
                0.0
              ],
              [
                52.49627568714478,
                29.80789122880483,
                0.0
              ],
              [
                52.49631805598914,
                29.80788812684797,
                0.0
              ],
              [
                52.49632249994308,
                29.80788792312772,
                0.0
              ],
              [
                52.49632694892136,
                29.80788784838371,
                0.0
              ],
              [
                52.4963313966902,
                29.80788790088184,
                0.0
              ]
            ]
          ]
        ]
      }
    },
    {
      "type": "Feature",
      "properties": {
        "Name": "396",
        "masahat": 1162.03
      },
      "geometry": {
        "type": "MultiPolygon",
        "coordinates": [
          [
            [
              [
                52.4961498864364,
                29.80790832496836,
                0.0
              ],
              [
                52.49628856865699,
                29.80834062673275,
                0.0
              ],
              [
                52.49608954354965,
                29.80838918614889,
                0.0
              ],
              [
                52.49595095748575,
                29.80795717542651,
                0.0
              ],
              [
                52.49594954480111,
                29.80795277180448,
                0.0
              ],
              [
                52.49599879173754,
                29.80793900864347,
                0.0
              ],
              [
                52.49604856743775,
                29.80792677885373,
                0.0
              ],
              [
                52.49609880902817,
                29.80791609848613,
                0.0
              ],
              [
                52.49612064399005,
                29.80791216613986,
                0.0
              ],
              [
                52.49614230972349,
                29.80790826458077,
                0.0
              ],
              [
                52.49614945458928,
                29.80790697816684,
                0.0
              ],
              [
                52.4961498864364,
                29.80790832496836,
                0.0
              ]
            ]
          ]
        ]
      }
    },
    {
      "type": "Feature",
      "properties": {
        "Name": "398",
        "masahat": 1283.25
      },
      "geometry": {
        "type": "MultiPolygon",
        "coordinates": [
          [
            [
              [
                52.49575728845287,
                29.80802242365685,
                0.0
              ],
              [
                52.49589052131399,
                29.80843774343201,
                0.0
              ],
              [
                52.49566549788404,
                29.80849264576756,
                0.0
              ],
              [
                52.49566231952846,
                29.80849342075322,
                0.0
              ],
              [
                52.4956598295571,
                29.80848636203304,
                0.0
              ],
              [
                52.49565581539443,
                29.80847498486671,
                0.0
              ],
              [
                52.49559047140346,
                29.80828974692446,
                0.0
              ],
              [
                52.49552824745879,
                29.80811335707214,
                0.0
              ],
              [
                52.49553091980103,
                29.80811007572835,
                0.0
              ],
              [
                52.49553372062086,
                29.80810687594478,
                0.0
              ],
              [
                52.49553664481292,
                29.80810376229089,
                0.0
              ],
              [
                52.49553969036194,
                29.80810073839879,
                0.0
              ],
              [
                52.49554285317024,
                29.80809780702184,
                0.0
              ],
              [
                52.49554612813245,
                29.80809497272946,
                0.0
              ],
              [
                52.49554951425438,
                29.8080922382399,
                0.0
              ],
              [
                52.49555300536935,
                29.80808960632994,
                0.0
              ],
              [
                52.49555447578262,
                29.8080885736628,
                0.0
              ],
              [
                52.49555659844101,
                29.80808708154559,
                0.0
              ],
              [
                52.49556028934482,
                29.80808466483585,
                0.0
              ],
              [
                52.49556407296203,
                29.80808235986797,
                0.0
              ],
              [
                52.4955679441739,
                29.80808017030921,
                0.0
              ],
              [
                52.49557190092487,
                29.80807809708517,
                0.0
              ],
              [
                52.49557593707511,
                29.80807614477698,
                0.0
              ],
              [
                52.49558004641769,
                29.80807431345485,
                0.0
              ],
              [
                52.49558422486837,
                29.80807260677437,
                0.0
              ],
              [
                52.49558847038501,
                29.80807102656332,
                0.0
              ],
              [
                52.49559277369748,
                29.80806957563356,
                0.0
              ],
              [
                52.4957446865321,
                29.80802091504393,
                0.0
              ],
              [
                52.49575567506233,
                29.80801739518474,
                0.0
              ],
              [
                52.49575728845287,
                29.80802242365685,
                0.0
              ]
            ]
          ]
        ]
      }
    },
    {
      "type": "Feature",
      "properties": {
        "Name": "498",
        "masahat": 9239.92
      },
      "geometry": {
        "type": "MultiPolygon",
        "coordinates": [
          [
            [
              [
                52.49720005565831,
                29.80667684358657,
                0.0
              ],
              [
                52.49762075417546,
                29.80683382251904,
                0.0
              ],
              [
                52.4974666049123,
                29.80731625629334,
                0.0
              ],
              [
                52.49729466791606,
                29.80785421332913,
                0.0
              ],
              [
                52.49709370352609,
                29.80781777772782,
                0.0
              ],
              [
                52.4970680563474,
                29.80781312804872,
                0.0
              ],
              [
                52.49677130607132,
                29.80775626559323,
                0.0
              ],
              [
                52.49672730757651,
                29.80774838223264,
                0.0
              ],
              [
                52.49668307955373,
                29.8077415517698,
                0.0
              ],
              [
                52.49663865413791,
                29.80773577835216,
                0.0
              ],
              [
                52.49663935901237,
                29.8077335731935,
                0.0
              ],
              [
                52.49699895831456,
                29.80660839820494,
                0.0
              ],
              [
                52.49720005565831,
                29.80667684358657,
                0.0
              ]
            ]
          ]
        ]
      }
    },
    {
      "type": "Feature",
      "properties": {
        "Name": "499.1",
        "masahat": 9751.35
      },
      "geometry": {
        "type": "MultiPolygon",
        "coordinates": [
          [
            [
              [
                52.49663935901237,
                29.8077335731935,
                0.0
              ],
              [
                52.49663865413791,
                29.80773577835216,
                0.0
              ],
              [
                52.49662714127797,
                29.80773458593592,
                0.0
              ],
              [
                52.49658627943766,
                29.80773035392328,
                0.0
              ],
              [
                52.49653373207619,
                29.80772639681383,
                0.0
              ],
              [
                52.49648106596547,
                29.80772391453409,
                0.0
              ],
              [
                52.49642833594449,
                29.80772290736525,
                0.0
              ],
              [
                52.49637559788673,
                29.80772337557686,
                0.0
              ],
              [
                52.49632290250664,
                29.80772532039933,
                0.0
              ],
              [
                52.49627030565085,
                29.80772874029805,
                0.0
              ],
              [
                52.4962140827664,
                29.80721923888352,
                0.0
              ],
              [
                52.49618038880642,
                29.80707257388243,
                0.0
              ],
              [
                52.4961722648772,
                29.80703721148973,
                0.0
              ],
              [
                52.49604110906178,
                29.80664966288079,
                0.0
              ],
              [
                52.49601963710482,
                29.80658621405645,
                0.0
              ],
              [
                52.49609063906293,
                29.8065679392536,
                0.0
              ],
              [
                52.49614579704538,
                29.80655374187704,
                0.0
              ],
              [
                52.49620084884975,
                29.80653957184762,
                0.0
              ],
              [
                52.49620329161296,
                29.80653894323601,
                0.0
              ],
              [
                52.49623774697683,
                29.80653070462154,
                0.0
              ],
              [
                52.49627250963754,
                29.8065235092222,
                0.0
              ],
              [
                52.4963075383648,
                29.8065173674303,
                0.0
              ],
              [
                52.4963427866754,
                29.8065122842836,
                0.0
              ],
              [
                52.49637821640226,
                29.80650826743277,
                0.0
              ],
              [
                52.4964137841388,
                29.80650532007622,
                0.0
              ],
              [
                52.49643524050793,
                29.80650419461126,
                0.0
              ],
              [
                52.49644944756668,
                29.80650344900932,
                0.0
              ],
              [
                52.49646141967357,
                29.80650318258887,
                0.0
              ],
              [
                52.49648516424666,
                29.806502652908,
                0.0
              ],
              [
                52.49652089077222,
                29.80650293497072,
                0.0
              ],
              [
                52.49655658467726,
                29.80650429206911,
                0.0
              ],
              [
                52.49659220358974,
                29.80650672739006,
                0.0
              ],
              [
                52.49660766950925,
                29.80650825401938,
                0.0
              ],
              [
                52.49662770392849,
                29.80651023240389,
                0.0
              ],
              [
                52.49666304430219,
                29.80651480667717,
                0.0
              ],
              [
                52.49669818323887,
                29.80652044436341,
                0.0
              ],
              [
                52.49673307717074,
                29.80652713783526,
                0.0
              ],
              [
                52.49676768458546,
                29.80653487853981,
                0.0
              ],
              [
                52.49680196606652,
                29.80654365970512,
                0.0
              ],
              [
                52.49683587693089,
                29.80655346830257,
                0.0
              ],
              [
                52.49686937871581,
                29.80656429213554,
                0.0
              ],
              [
                52.49699895831456,
                29.80660839820494,
                0.0
              ],
              [
                52.49663935901237,
                29.8077335731935,
                0.0
              ]
            ]
          ]
        ]
      }
    },
    {
      "type": "Feature",
      "properties": {
        "Name": "499.2",
        "masahat": 2553.0
      },
      "geometry": {
        "type": "MultiPolygon",
        "coordinates": [
          [
            [
              [
                52.49606935475955,
                29.80725071586134,
                0.0
              ],
              [
                52.49609291039733,
                29.80724366814424,
                0.0
              ],
              [
                52.49611673011708,
                29.80723733207888,
                0.0
              ],
              [
                52.49614078506116,
                29.8072317152105,
                0.0
              ],
              [
                52.49616504842749,
                29.80722682415874,
                0.0
              ],
              [
                52.49618949028369,
                29.80722266377407,
                0.0
              ],
              [
                52.4962140827664,
                29.80721923888352,
                0.0
              ],
              [
                52.49627030565085,
                29.80772874029805,
                0.0
              ],
              [
                52.49621985165479,
                29.80773341631871,
                0.0
              ],
              [
                52.49616958652925,
                29.80773945089623,
                0.0
              ],
              [
                52.49611955979341,
                29.80774683444687,
                0.0
              ],
              [
                52.49606981999911,
                29.80775556190957,
                0.0
              ],
              [
                52.49602041047214,
                29.80776562467319,
                0.0
              ],
              [
                52.49597138177974,
                29.80777701404468,
                0.0
              ],
              [
                52.49592277923625,
                29.80778971597654,
                0.0
              ],
              [
                52.49574181324363,
                29.80735423704254,
                0.0
              ],
              [
                52.49606935475955,
                29.80725071586134,
                0.0
              ]
            ]
          ]
        ]
      }
    },
    {
      "type": "Feature",
      "properties": {
        "Name": "499.3",
        "masahat": 3242.15
      },
      "geometry": {
        "type": "MultiPolygon",
        "coordinates": [
          [
            [
              [
                52.49554469369824,
                29.80791410864724,
                0.0
              ],
              [
                52.49554045520267,
                29.80791546499931,
                0.0
              ],
              [
                52.49553616725424,
                29.80791669648698,
                0.0
              ],
              [
                52.49553183396407,
                29.80791780125907,
                0.0
              ],
              [
                52.49552746049119,
                29.80791877835485,
                0.0
              ],
              [
                52.49552305200809,
                29.80791962771577,
                0.0
              ],
              [
                52.49551861468142,
                29.80792034656503,
                0.0
              ],
              [
                52.49551415058022,
                29.80792093487923,
                0.0
              ],
              [
                52.49550966589799,
                29.80792139168592,
                0.0
              ],
              [
                52.49550516685513,
                29.80792171781703,
                0.0
              ],
              [
                52.49550065859727,
                29.80792191140966,
                0.0
              ],
              [
                52.49549614424129,
                29.80792197333087,
                0.0
              ],
              [
                52.49549162996734,
                29.80792190170605,
                0.0
              ],
              [
                52.49548712202265,
                29.80792169917147,
                0.0
              ],
              [
                52.49548262349727,
                29.80792136478984,
                0.0
              ],
              [
                52.4954781416058,
                29.80792089667485,
                0.0
              ],
              [
                52.49547367951887,
                29.80792029930225,
                0.0
              ],
              [
                52.49546924341659,
                29.80791957079746,
                0.0
              ],
              [
                52.4954648364427,
                29.8079187138319,
                0.0
              ],
              [
                52.49546046685975,
                29.80791772740968,
                0.0
              ],
              [
                52.49545613572908,
                29.8079166133235,
                0.0
              ],
              [
                52.49542884593809,
                29.80785094104279,
                0.0
              ],
              [
                52.49525456828501,
                29.80743155096083,
                0.0
              ],
              [
                52.49571364779936,
                29.80728645786028,
                0.0
              ],
              [
                52.49574181324363,
                29.80735423704254,
                0.0
              ],
              [
                52.49592277923625,
                29.80778971597654,
                0.0
              ],
              [
                52.49587194152361,
                29.80780455374604,
                0.0
              ],
              [
                52.49582168702158,
                29.80782082952561,
                0.0
              ],
              [
                52.49554469369824,
                29.80791410864724,
                0.0
              ]
            ]
          ]
        ]
      }
    },
    {
      "type": "Feature",
      "properties": {
        "Name": "499.4",
        "masahat": 5902.56
      },
      "geometry": {
        "type": "MultiPolygon",
        "coordinates": [
          [
            [
              [
                52.49601086798423,
                29.80706967569945,
                0.0
              ],
              [
                52.49597810880391,
                29.80712619230982,
                0.0
              ],
              [
                52.495685481347,
                29.80721867777957,
                0.0
              ],
              [
                52.49571364779936,
                29.80728645786028,
                0.0
              ],
              [
                52.49525456828501,
                29.80743155096083,
                0.0
              ],
              [
                52.49510842489183,
                29.80707986177187,
                0.0
              ],
              [
                52.49510539991207,
                29.80707216572963,
                0.0
              ],
              [
                52.49510268091235,
                29.8070643814061,
                0.0
              ],
              [
                52.495100275295,
                29.80705651954552,
                0.0
              ],
              [
                52.4950981842421,
                29.80704859006019,
                0.0
              ],
              [
                52.49509640892227,
                29.80704060196018,
                0.0
              ],
              [
                52.49509495360758,
                29.8070325642205,
                0.0
              ],
              [
                52.49509381742454,
                29.80702448767902,
                0.0
              ],
              [
                52.49509300567966,
                29.807016381299,
                0.0
              ],
              [
                52.4950925154171,
                29.80700825503954,
                0.0
              ],
              [
                52.49509234990124,
                29.80700011969169,
                0.0
              ],
              [
                52.49509250823175,
                29.80699198428894,
                0.0
              ],
              [
                52.49509299157726,
                29.80698385784138,
                0.0
              ],
              [
                52.49509379699528,
                29.80697575121029,
                0.0
              ],
              [
                52.49509492463337,
                29.8069676743196,
                0.0
              ],
              [
                52.49509637255672,
                29.80695963621453,
                0.0
              ],
              [
                52.49509814091287,
                29.80695164681903,
                0.0
              ],
              [
                52.49510022569804,
                29.80694371520172,
                0.0
              ],
              [
                52.49510262605217,
                29.80693585310261,
                0.0
              ],
              [
                52.4951053368833,
                29.80692806599328,
                0.0
              ],
              [
                52.49510835632371,
                29.80692036742983,
                0.0
              ],
              [
                52.49511168034281,
                29.80691276467645,
                0.0
              ],
              [
                52.49511530495024,
                29.80690526770395,
                0.0
              ],
              [
                52.49511922611539,
                29.80689788377654,
                0.0
              ],
              [
                52.49512343986135,
                29.8068906237672,
                0.0
              ],
              [
                52.49512793905407,
                29.80688349497521,
                0.0
              ],
              [
                52.49513271866876,
                29.80687650738309,
                0.0
              ],
              [
                52.49513777468823,
                29.80686966915723,
                0.0
              ],
              [
                52.49514309996506,
                29.80686298669479,
                0.0
              ],
              [
                52.49514868741891,
                29.80685647090382,
                0.0
              ],
              [
                52.49515453092339,
                29.80685012726758,
                0.0
              ],
              [
                52.49516062545374,
                29.80684396576855,
                0.0
              ],
              [
                52.4951669597112,
                29.80683799194854,
                0.0
              ],
              [
                52.4951735286173,
                29.80683221218127,
                0.0
              ],
              [
                52.49518032300938,
                29.80682663649605,
                0.0
              ],
              [
                52.49518733572661,
                29.80682127038785,
                0.0
              ],
              [
                52.49519455752577,
                29.80681611847287,
                0.0
              ],
              [
                52.49520198023844,
                29.80681118806218,
                0.0
              ],
              [
                52.4952095946617,
                29.80680648647849,
                0.0
              ],
              [
                52.49521739257341,
                29.80680201742415,
                0.0
              ],
              [
                52.49522536270172,
                29.80679778824534,
                0.0
              ],
              [
                52.49523346908149,
                29.80679381559093,
                0.0
              ],
              [
                52.49524172811678,
                29.80679008934964,
                0.0
              ],
              [
                52.49525013057787,
                29.80678661503985,
                0.0
              ],
              [
                52.4952586661871,
                29.80678339728953,
                0.0
              ],
              [
                52.49526732359212,
                29.80678043803172,
                0.0
              ],
              [
                52.4952760925153,
                29.8067777418944,
                0.0
              ],
              [
                52.49528496472116,
                29.8067753116777,
                0.0
              ],
              [
                52.49572502103954,
                29.80666204612071,
                0.0
              ],
              [
                52.49586107077523,
                29.80662702867641,
                0.0
              ],
              [
                52.49601086798423,
                29.80706967569945,
                0.0
              ]
            ]
          ]
        ]
      }
    },
    {
      "type": "Feature",
      "properties": {
        "Name": "494",
        "masahat": 3451.1
      },
      "geometry": {
        "type": "MultiPolygon",
        "coordinates": [
          [
            [
              [
                52.49916780418831,
                29.80802067994043,
                0.0
              ],
              [
                52.49947897762726,
                29.80801922533843,
                0.0
              ],
              [
                52.49990013542649,
                29.80843520712173,
                0.0
              ],
              [
                52.49928484343429,
                29.80866440689075,
                0.0
              ],
              [
                52.49916233677158,
                29.808024755536,
                0.0
              ],
              [
                52.49916166696264,
                29.80802126209514,
                0.0
              ],
              [
                52.49916156145716,
                29.80802070926156,
                0.0
              ],
              [
                52.49916780418831,
                29.80802067994043,
                0.0
              ]
            ]
          ]
        ]
      }
    },
    {
      "type": "Feature",
      "properties": {
        "Name": "489",
        "masahat": 649.44
      },
      "geometry": {
        "type": "MultiPolygon",
        "coordinates": [
          [
            [
              [
                52.49928890437275,
                29.80889540507852,
                0.0
              ],
              [
                52.49935898896184,
                29.80906446799287,
                0.0
              ],
              [
                52.4990879522856,
                29.80915281436115,
                0.0
              ],
              [
                52.49901680660315,
                29.80898119169357,
                0.0
              ],
              [
                52.49915285450759,
                29.80893829801488,
                0.0
              ],
              [
                52.49928890437275,
                29.80889540507852,
                0.0
              ]
            ]
          ]
        ]
      }
    },
    {
      "type": "Feature",
      "properties": {
        "Name": "487",
        "masahat": 2170.82
      },
      "geometry": {
        "type": "MultiPolygon",
        "coordinates": [
          [
            [
              [
                52.49911535464707,
                29.80953698620354,
                0.0
              ],
              [
                52.49894937732284,
                29.80913660426316,
                0.0
              ],
              [
                52.49890019356761,
                29.80901795721372,
                0.0
              ],
              [
                52.49901680660315,
                29.80898119169357,
                0.0
              ],
              [
                52.4990879522856,
                29.80915281436115,
                0.0
              ],
              [
                52.49935898896184,
                29.80906446799287,
                0.0
              ],
              [
                52.49950305502608,
                29.8094119932401,
                0.0
              ],
              [
                52.49911535464707,
                29.80953698620354,
                0.0
              ]
            ]
          ]
        ]
      }
    },
    {
      "type": "Feature",
      "properties": {
        "Name": "496",
        "masahat": 976.55
      },
      "geometry": {
        "type": "MultiPolygon",
        "coordinates": [
          [
            [
              [
                52.4975953616825,
                29.80806596542753,
                0.0
              ],
              [
                52.49766852370453,
                29.80829401858915,
                0.0
              ],
              [
                52.49812627615732,
                29.80818232829036,
                0.0
              ],
              [
                52.49815411738667,
                29.80826911185,
                0.0
              ],
              [
                52.49759685393772,
                29.80840508213148,
                0.0
              ],
              [
                52.49748277302356,
                29.80804947816848,
                0.0
              ],
              [
                52.4975953616825,
                29.80806596542753,
                0.0
              ]
            ]
          ]
        ]
      }
    },
    {
      "type": "Feature",
      "properties": {
        "Name": "444",
        "masahat": 1541.64
      },
      "geometry": {
        "type": "MultiPolygon",
        "coordinates": [
          [
            [
              [
                52.49960672954888,
                29.8134600471166,
                0.0
              ],
              [
                52.49978400964535,
                29.81336628146885,
                0.0
              ],
              [
                52.500248564713,
                29.81385093936865,
                0.0
              ],
              [
                52.50002607053538,
                29.81389984267186,
                0.0
              ],
              [
                52.49960524572579,
                29.81346080747773,
                0.0
              ],
              [
                52.49960672954888,
                29.8134600471166,
                0.0
              ]
            ]
          ]
        ]
      }
    },
    {
      "type": "Feature",
      "properties": {
        "Name": "445",
        "masahat": 1531.0
      },
      "geometry": {
        "type": "MultiPolygon",
        "coordinates": [
          [
            [
              [
                52.49974486750557,
                29.81397180605451,
                0.0
              ],
              [
                52.49944372670463,
                29.81354115775132,
                0.0
              ],
              [
                52.49960524572579,
                29.81346080747773,
                0.0
              ],
              [
                52.50002607053538,
                29.81389984267186,
                0.0
              ],
              [
                52.49988502299398,
                29.81393449991862,
                0.0
              ],
              [
                52.49974486750557,
                29.81397180605451,
                0.0
              ]
            ]
          ]
        ]
      }
    },
    {
      "type": "Feature",
      "properties": {
        "Name": "446",
        "masahat": 1308.31
      },
      "geometry": {
        "type": "MultiPolygon",
        "coordinates": [
          [
            [
              [
                52.49950736884132,
                29.81404141131697,
                0.0
              ],
              [
                52.49927760603895,
                29.81361901367827,
                0.0
              ],
              [
                52.49944372670463,
                29.81354115775132,
                0.0
              ],
              [
                52.49974486750557,
                29.81397180605451,
                0.0
              ],
              [
                52.49957055246149,
                29.81402228306231,
                0.0
              ],
              [
                52.49950736884132,
                29.81404141131697,
                0.0
              ]
            ]
          ]
        ]
      }
    },
    {
      "type": "Feature",
      "properties": {
        "Name": "447",
        "masahat": 1277.2
      },
      "geometry": {
        "type": "MultiPolygon",
        "coordinates": [
          [
            [
              [
                52.49927760603895,
                29.81361901367827,
                0.0
              ],
              [
                52.49950736884132,
                29.81404141131697,
                0.0
              ],
              [
                52.49925320337432,
                29.81411835985996,
                0.0
              ],
              [
                52.49920058164376,
                29.81395993500341,
                0.0
              ],
              [
                52.49911163603398,
                29.81369214399814,
                0.0
              ],
              [
                52.49927760603895,
                29.81361901367827,
                0.0
              ]
            ]
          ]
        ]
      }
    },
    {
      "type": "Feature",
      "properties": {
        "Name": "433",
        "masahat": 1105.11
      },
      "geometry": {
        "type": "MultiPolygon",
        "coordinates": [
          [
            [
              [
                52.50183011212416,
                29.81269010845719,
                0.0
              ],
              [
                52.50193574407358,
                29.81280087587306,
                0.0
              ],
              [
                52.5021214694512,
                29.81299463204701,
                0.0
              ],
              [
                52.50197768942884,
                29.81312565517039,
                0.0
              ],
              [
                52.50166112896711,
                29.81279540358168,
                0.0
              ],
              [
                52.50165039300898,
                29.81278420318091,
                0.0
              ],
              [
                52.50170444977845,
                29.81274655720384,
                0.0
              ],
              [
                52.50175990732929,
                29.81271049150317,
                0.0
              ],
              [
                52.50181670421056,
                29.81267604828276,
                0.0
              ],
              [
                52.50183011212416,
                29.81269010845719,
                0.0
              ]
            ]
          ]
        ]
      }
    },
    {
      "type": "Feature",
      "properties": {
        "Name": "421",
        "masahat": 1244.6
      },
      "geometry": {
        "type": "MultiPolygon",
        "coordinates": [
          [
            [
              [
                52.50122511988599,
                29.8123398963452,
                0.0
              ],
              [
                52.50136554142657,
                29.81220736650444,
                0.0
              ],
              [
                52.50136653173524,
                29.81220640329412,
                0.0
              ],
              [
                52.50173694560288,
                29.81259284247723,
                0.0
              ],
              [
                52.50168817957746,
                29.81262246888934,
                0.0
              ],
              [
                52.50162902061298,
                29.81266093982743,
                0.0
              ],
              [
                52.50157147084656,
                29.81270122869054,
                0.0
              ],
              [
                52.50122511988599,
                29.8123398963452,
                0.0
              ]
            ]
          ]
        ]
      }
    },
    {
      "type": "Feature",
      "properties": {
        "Name": "434",
        "masahat": 2434.49
      },
      "geometry": {
        "type": "MultiPolygon",
        "coordinates": [
          [
            [
              [
                52.50223887394714,
                29.81190680221955,
                0.0
              ],
              [
                52.50226426384404,
                29.81194094279525,
                0.0
              ],
              [
                52.50228826923935,
                29.81197583901733,
                0.0
              ],
              [
                52.50231085945646,
                29.8120114461189,
                0.0
              ],
              [
                52.50233200694915,
                29.81204772110216,
                0.0
              ],
              [
                52.50235168414412,
                29.81208461916492,
                0.0
              ],
              [
                52.50236987068263,
                29.81212209361824,
                0.0
              ],
              [
                52.50238653903156,
                29.81216010236638,
                0.0
              ],
              [
                52.50240167499869,
                29.81219859594327,
                0.0
              ],
              [
                52.50241525616935,
                29.81223752858556,
                0.0
              ],
              [
                52.50241614279059,
                29.81224042670909,
                0.0
              ],
              [
                52.50241692115026,
                29.81224335042656,
                0.0
              ],
              [
                52.50241758600825,
                29.81224629528595,
                0.0
              ],
              [
                52.50241813935269,
                29.81224925585063,
                0.0
              ],
              [
                52.50241857807995,
                29.81225223215591,
                0.0
              ],
              [
                52.50241890314363,
                29.81225521877699,
                0.0
              ],
              [
                52.50241911349569,
                29.81225821482346,
                0.0
              ],
              [
                52.50241921008972,
                29.8122612148705,
                0.0
              ],
              [
                52.50241919285826,
                29.81226421440722,
                0.0
              ],
              [
                52.50241905973223,
                29.81226721345717,
                0.0
              ],
              [
                52.50241881268625,
                29.81227020568157,
                0.0
              ],
              [
                52.50241845274137,
                29.8122731901665,
                0.0
              ],
              [
                52.50241797674001,
                29.81227616333855,
                0.0
              ],
              [
                52.50241738976039,
                29.81227911882366,
                0.0
              ],
              [
                52.50241668869891,
                29.81228205665712,
                0.0
              ],
              [
                52.50241587660519,
                29.81228497319495,
                0.0
              ],
              [
                52.50241490576422,
                29.81228799891507,
                0.0
              ],
              [
                52.50241381652786,
                29.8122909953023,
                0.0
              ],
              [
                52.50241260774016,
                29.81229395424886,
                0.0
              ],
              [
                52.50241128043562,
                29.81229687574295,
                0.0
              ],
              [
                52.50240983869843,
                29.81229975612882,
                0.0
              ],
              [
                52.50240828037858,
                29.81230259001695,
                0.0
              ],
              [
                52.50240661165625,
                29.81230537553242,
                0.0
              ],
              [
                52.50240483245051,
                29.81230810726213,
                0.0
              ],
              [
                52.50240294378239,
                29.81231078429214,
                0.0
              ],
              [
                52.50240095075711,
                29.81231340205278,
                0.0
              ],
              [
                52.50239885227267,
                29.81231595604493,
                0.0
              ],
              [
                52.50239665454976,
                29.81231844710015,
                0.0
              ],
              [
                52.50239435852847,
                29.81232086889148,
                0.0
              ],
              [
                52.5023919662509,
                29.81232321959101,
                0.0
              ],
              [
                52.5023894818012,
                29.81232549554298,
                0.0
              ],
              [
                52.50238691032507,
                29.81232769488424,
                0.0
              ],
              [
                52.50238424867843,
                29.81232981494351,
                0.0
              ],
              [
                52.50238150509708,
                29.81233185292017,
                0.0
              ],
              [
                52.50237868160962,
                29.81233380608417,
                0.0
              ],
              [
                52.50237578232721,
                29.81233567258408,
                0.0
              ],
              [
                52.50237281028598,
                29.81233744787375,
                0.0
              ],
              [
                52.50236976863002,
                29.81233913462438,
                0.0
              ],
              [
                52.50236666242408,
                29.81234072555977,
                0.0
              ],
              [
                52.50236349375072,
                29.81234222155857,
                0.0
              ],
              [
                52.50236026775562,
                29.81234362075758,
                0.0
              ],
              [
                52.50235698543288,
                29.81234492043851,
                0.0
              ],
              [
                52.50235365505873,
                29.81234612050726,
                0.0
              ],
              [
                52.5023502786753,
                29.81234721913594,
                0.0
              ],
              [
                52.50234686138781,
                29.81234821175485,
                0.0
              ],
              [
                52.50234340428473,
                29.81234910196094,
                0.0
              ],
              [
                52.50231754517873,
                29.81235549122789,
                0.0
              ],
              [
                52.50178185707261,
                29.81179663310754,
                0.0
              ],
              [
                52.50176766733562,
                29.81178183016994,
                0.0
              ],
              [
                52.50177168215028,
                29.81177706445352,
                0.0
              ],
              [
                52.5018810266544,
                29.81164728029302,
                0.0
              ],
              [
                52.50201856584481,
                29.81162162912444,
                0.0
              ],
              [
                52.50223887394714,
                29.81190680221955,
                0.0
              ]
            ]
          ]
        ]
      }
    },
    {
      "type": "Feature",
      "properties": {
        "Name": "462",
        "masahat": 1773.69
      },
      "geometry": {
        "type": "MultiPolygon",
        "coordinates": [
          [
            [
              [
                52.50178185707261,
                29.81179663310754,
                0.0
              ],
              [
                52.50231754517873,
                29.81235549122789,
                0.0
              ],
              [
                52.50224719802665,
                29.81237449648417,
                0.0
              ],
              [
                52.50217766974586,
                29.81239567693134,
                0.0
              ],
              [
                52.50210905404342,
                29.81241900263089,
                0.0
              ],
              [
                52.50170717920311,
                29.81199974615917,
                0.0
              ],
              [
                52.5016378606616,
                29.81192742912117,
                0.0
              ],
              [
                52.50167122640553,
                29.81189001742064,
                0.0
              ],
              [
                52.50169465577013,
                29.81186374600921,
                0.0
              ],
              [
                52.50176622503764,
                29.81178349692318,
                0.0
              ],
              [
                52.50176766733562,
                29.81178183016994,
                0.0
              ],
              [
                52.50178185707261,
                29.81179663310754,
                0.0
              ]
            ]
          ]
        ]
      }
    },
    {
      "type": "Feature",
      "properties": {
        "Name": "461",
        "masahat": 1533.66
      },
      "geometry": {
        "type": "MultiPolygon",
        "coordinates": [
          [
            [
              [
                52.50170717920311,
                29.81199974615917,
                0.0
              ],
              [
                52.50210905404342,
                29.81241900263089,
                0.0
              ],
              [
                52.5020436407335,
                29.81244357409815,
                0.0
              ],
              [
                52.50197923848219,
                29.81247009570274,
                0.0
              ],
              [
                52.50191592237615,
                29.81249853771812,
                0.0
              ],
              [
                52.50153638476213,
                29.81210258390166,
                0.0
              ],
              [
                52.5015041298727,
                29.8120689335628,
                0.0
              ],
              [
                52.50163655851863,
                29.81192885065135,
                0.0
              ],
              [
                52.5016378606616,
                29.81192742912117,
                0.0
              ],
              [
                52.50170717920311,
                29.81199974615917,
                0.0
              ]
            ]
          ]
        ]
      }
    },
    {
      "type": "Feature",
      "properties": {
        "Name": "460",
        "masahat": 1358.42
      },
      "geometry": {
        "type": "MultiPolygon",
        "coordinates": [
          [
            [
              [
                52.50153638476213,
                29.81210258390166,
                0.0
              ],
              [
                52.50191592237615,
                29.81249853771812,
                0.0
              ],
              [
                52.50185505930568,
                29.8125282105686,
                0.0
              ],
              [
                52.50179537745254,
                29.81255965747865,
                0.0
              ],
              [
                52.50173694560288,
                29.81259284247723,
                0.0
              ],
              [
                52.50136653173524,
                29.81220640329412,
                0.0
              ],
              [
                52.50144036236585,
                29.8121326651512,
                0.0
              ],
              [
                52.50150259923671,
                29.81207050567034,
                0.0
              ],
              [
                52.50150297524878,
                29.81207011790738,
                0.0
              ],
              [
                52.5015041298727,
                29.8120689335628,
                0.0
              ],
              [
                52.50153638476213,
                29.81210258390166,
                0.0
              ]
            ]
          ]
        ]
      }
    },
    {
      "type": "Feature",
      "properties": {
        "Name": "422",
        "masahat": 1192.48
      },
      "geometry": {
        "type": "MultiPolygon",
        "coordinates": [
          [
            [
              [
                52.5014403251739,
                29.81280454060031,
                0.0
              ],
              [
                52.5014185156577,
                29.81282331776713,
                0.0
              ],
              [
                52.50139191758332,
                29.81279556932388,
                0.0
              ],
              [
                52.50107960125825,
                29.81246974267668,
                0.0
              ],
              [
                52.50122511988599,
                29.8123398963452,
                0.0
              ],
              [
                52.50157147084656,
                29.81270122869054,
                0.0
              ],
              [
                52.501526635281,
                29.81273457308642,
                0.0
              ],
              [
                52.50148290673817,
                29.81276901926319,
                0.0
              ],
              [
                52.5014403251739,
                29.81280454060031,
                0.0
              ]
            ]
          ]
        ]
      }
    },
    {
      "type": "Feature",
      "properties": {
        "Name": "427 426",
        "masahat": 2440.93
      },
      "geometry": {
        "type": "MultiPolygon",
        "coordinates": [
          [
            [
              [
                52.50063281423665,
                29.81284669215943,
                0.0
              ],
              [
                52.50098592568534,
                29.81321508214825,
                0.0
              ],
              [
                52.50092948753161,
                29.81325016701466,
                0.0
              ],
              [
                52.50087185864399,
                29.81328374586234,
                0.0
              ],
              [
                52.50081308722953,
                29.81331579016991,
                0.0
              ],
              [
                52.50075237721829,
                29.81334669066352,
                0.0
              ],
              [
                52.50069060588273,
                29.81337595102066,
                0.0
              ],
              [
                52.50062783494715,
                29.81340354707821,
                0.0
              ],
              [
                52.50030578381076,
                29.81306756067682,
                0.0
              ],
              [
                52.50029762523881,
                29.81305904871123,
                0.0
              ],
              [
                52.50029806278486,
                29.81305876221601,
                0.0
              ],
              [
                52.50033888599121,
                29.81303128832379,
                0.0
              ],
              [
                52.50046137187928,
                29.81294885646348,
                0.0
              ],
              [
                52.50062141619526,
                29.81283480078972,
                0.0
              ],
              [
                52.50063281423665,
                29.81284669215943,
                0.0
              ]
            ]
          ]
        ]
      }
    },
    {
      "type": "Feature",
      "properties": {
        "Name": "440 439 438",
        "masahat": 3968.77
      },
      "geometry": {
        "type": "MultiPolygon",
        "coordinates": [
          [
            [
              [
                52.50119873274109,
                29.81371811377086,
                0.0
              ],
              [
                52.5009514122976,
                29.81374111872741,
                0.0
              ],
              [
                52.50062783494715,
                29.81340354707821,
                0.0
              ],
              [
                52.50069060588273,
                29.81337595102066,
                0.0
              ],
              [
                52.50075237721829,
                29.81334669066352,
                0.0
              ],
              [
                52.50081308722953,
                29.81331579016991,
                0.0
              ],
              [
                52.50087185864399,
                29.81328374586234,
                0.0
              ],
              [
                52.50092948753161,
                29.81325016701466,
                0.0
              ],
              [
                52.50098592568534,
                29.81321508214825,
                0.0
              ],
              [
                52.50104081454556,
                29.81317873174844,
                0.0
              ],
              [
                52.5010944259877,
                29.81314096023467,
                0.0
              ],
              [
                52.50114670976335,
                29.81310179795625,
                0.0
              ],
              [
                52.50119774867238,
                29.81306117720162,
                0.0
              ],
              [
                52.50124735741696,
                29.81301923091538,
                0.0
              ],
              [
                52.50129549622971,
                29.81297599835115,
                0.0
              ],
              [
                52.50134859365829,
                29.81303139352457,
                0.0
              ],
              [
                52.50132764246344,
                29.81370632633657,
                0.0
              ],
              [
                52.50126330718053,
                29.81371322841654,
                0.0
              ],
              [
                52.50119873274109,
                29.81371811377086,
                0.0
              ]
            ]
          ]
        ]
      }
    },
    {
      "type": "Feature",
      "properties": {
        "Name": "430",
        "masahat": 548.39
      },
      "geometry": {
        "type": "MultiPolygon",
        "coordinates": [
          [
            [
              [
                52.50245965880665,
                29.81251862150971,
                0.0
              ],
              [
                52.50246078286737,
                29.81252134458785,
                0.0
              ],
              [
                52.50246180803102,
                29.81252409676281,
                0.0
              ],
              [
                52.50246272702889,
                29.81252687631258,
                0.0
              ],
              [
                52.5024635460142,
                29.81252967955789,
                0.0
              ],
              [
                52.50246426186985,
                29.81253250563183,
                0.0
              ],
              [
                52.50246487141129,
                29.81253534915666,
                0.0
              ],
              [
                52.50246537772861,
                29.81253820919493,
                0.0
              ],
              [
                52.50246577765078,
                29.81254108127103,
                0.0
              ],
              [
                52.50246607320636,
                29.81254396265492,
                0.0
              ],
              [
                52.50246626127824,
                29.81254685247973,
                0.0
              ],
              [
                52.50246634075096,
                29.81254974534415,
                0.0
              ],
              [
                52.50246577613324,
                29.81258630329605,
                0.0
              ],
              [
                52.50246391042983,
                29.81262283092701,
                0.0
              ],
              [
                52.50246074508779,
                29.8126592867134,
                0.0
              ],
              [
                52.50245628487367,
                29.81269564353113,
                0.0
              ],
              [
                52.50245053122112,
                29.8127318589543,
                0.0
              ],
              [
                52.50244349091182,
                29.81276790222655,
                0.0
              ],
              [
                52.50219274606423,
                29.81250631329805,
                0.0
              ],
              [
                52.5022391427861,
                29.81249124655003,
                0.0
              ],
              [
                52.50228596679066,
                29.81247721531269,
                0.0
              ],
              [
                52.50233318510896,
                29.81246422898372,
                0.0
              ],
              [
                52.50233665719863,
                29.81246337199357,
                0.0
              ],
              [
                52.50234016297751,
                29.81246262289971,
                0.0
              ],
              [
                52.50234369622491,
                29.81246198087055,
                0.0
              ],
              [
                52.50234725281622,
                29.81246144685529,
                0.0
              ],
              [
                52.50235082861327,
                29.812461020901,
                0.0
              ],
              [
                52.50235442055298,
                29.8124607057495,
                0.0
              ],
              [
                52.50235802135313,
                29.81246049877659,
                0.0
              ],
              [
                52.50236162897166,
                29.81246040181017,
                0.0
              ],
              [
                52.5023652382359,
                29.81246041490904,
                0.0
              ],
              [
                52.50236884395969,
                29.81246053722985,
                0.0
              ],
              [
                52.50237244204541,
                29.81246077152616,
                0.0
              ],
              [
                52.50237603137756,
                29.81246111239672,
                0.0
              ],
              [
                52.50237960268583,
                29.81246156265392,
                0.0
              ],
              [
                52.5023831549492,
                29.81246212321165,
                0.0
              ],
              [
                52.50238668088544,
                29.8124627914458,
                0.0
              ],
              [
                52.50239018044065,
                29.81246356374765,
                0.0
              ],
              [
                52.50239364437145,
                29.81246444473393,
                0.0
              ],
              [
                52.50239707158936,
                29.81246543080774,
                0.0
              ],
              [
                52.50240045896381,
                29.81246652019999,
                0.0
              ],
              [
                52.50240379820506,
                29.81246771210264,
                0.0
              ],
              [
                52.50240708823809,
                29.81246900382091,
                0.0
              ],
              [
                52.50241032598631,
                29.81247039719448,
                0.0
              ],
              [
                52.50241350514808,
                29.81247188597868,
                0.0
              ],
              [
                52.50241662368132,
                29.81247347200141,
                0.0
              ],
              [
                52.50241967532486,
                29.81247515172456,
                0.0
              ],
              [
                52.50242265901721,
                29.81247692335554,
                0.0
              ],
              [
                52.50242556849721,
                29.81247878335622,
                0.0
              ],
              [
                52.5024284027573,
                29.81248073354275,
                0.0
              ],
              [
                52.50243115653038,
                29.81248276765872,
                0.0
              ],
              [
                52.50243382770692,
                29.81248488302113,
                0.0
              ],
              [
                52.50243641216227,
                29.81248708057921,
                0.0
              ],
              [
                52.50243890878095,
                29.81248935493171,
                0.0
              ],
              [
                52.50244131028077,
                29.81249170345442,
                0.0
              ],
              [
                52.50244361765577,
                29.81249412342908,
                0.0
              ],
              [
                52.50244582674085,
                29.81249661309838,
                0.0
              ],
              [
                52.50244793230935,
                29.81249916891247,
                0.0
              ],
              [
                52.50244993738396,
                29.81250178542301,
                0.0
              ],
              [
                52.5024518347094,
                29.81250446181014,
                0.0
              ],
              [
                52.50245362529327,
                29.81250719625781,
                0.0
              ],
              [
                52.50245530386842,
                29.81250998250956,
                0.0
              ],
              [
                52.50245687038091,
                29.81251281695674,
                0.0
              ],
              [
                52.50245832376919,
                29.81251569780676,
                0.0
              ],
              [
                52.50245965880665,
                29.81251862150971,
                0.0
              ]
            ]
          ]
        ]
      }
    },
    {
      "type": "Feature",
      "properties": {
        "Name": "431",
        "masahat": 1110.87
      },
      "geometry": {
        "type": "MultiPolygon",
        "coordinates": [
          [
            [
              [
                52.50219274606423,
                29.81250631329805,
                0.0
              ],
              [
                52.50244349091182,
                29.81276790222655,
                0.0
              ],
              [
                52.50243519509349,
                29.8128036421558,
                0.0
              ],
              [
                52.50242563538485,
                29.81283914109785,
                0.0
              ],
              [
                52.50241481957526,
                29.81287436648005,
                0.0
              ],
              [
                52.50240275745575,
                29.81290928119531,
                0.0
              ],
              [
                52.50238946303649,
                29.8129438535025,
                0.0
              ],
              [
                52.50237494721061,
                29.81297805079358,
                0.0
              ],
              [
                52.50226197913673,
                29.81286019996481,
                0.0
              ],
              [
                52.50203227631293,
                29.8126199235979,
                0.0
              ],
              [
                52.5019972367063,
                29.81258336796753,
                0.0
              ],
              [
                52.50204518033998,
                29.81256234547489,
                0.0
              ],
              [
                52.50209377149115,
                29.8125424868264,
                0.0
              ],
              [
                52.50214297205859,
                29.81252380418481,
                0.0
              ],
              [
                52.50219274606423,
                29.81250631329805,
                0.0
              ]
            ]
          ]
        ]
      }
    },
    {
      "type": "Feature",
      "properties": {
        "Name": "432",
        "masahat": 997.69
      },
      "geometry": {
        "type": "MultiPolygon",
        "coordinates": [
          [
            [
              [
                52.50203227631293,
                29.8126199235979,
                0.0
              ],
              [
                52.50226197913673,
                29.81286019996481,
                0.0
              ],
              [
                52.5021214694512,
                29.81299463204701,
                0.0
              ],
              [
                52.50193574407358,
                29.81280087587306,
                0.0
              ],
              [
                52.50183011212416,
                29.81269010845719,
                0.0
              ],
              [
                52.50181670421056,
                29.81267604828276,
                0.0
              ],
              [
                52.50182099537978,
                29.81267363991559,
                0.0
              ],
              [
                52.50186717827267,
                29.81264771980808,
                0.0
              ],
              [
                52.5019186299654,
                29.81262076617835,
                0.0
              ],
              [
                52.5019972367063,
                29.81258336796753,
                0.0
              ],
              [
                52.50203227631293,
                29.8126199235979,
                0.0
              ]
            ]
          ]
        ]
      }
    },
    {
      "type": "Feature",
      "properties": {
        "Name": "428",
        "masahat": 1048.13
      },
      "geometry": {
        "type": "MultiPolygon",
        "coordinates": [
          [
            [
              [
                52.50197768942884,
                29.81312565517039,
                0.0
              ],
              [
                52.5021214694512,
                29.81299463204701,
                0.0
              ],
              [
                52.50226197913673,
                29.81286019996481,
                0.0
              ],
              [
                52.50237494721061,
                29.81297805079358,
                0.0
              ],
              [
                52.50235780222553,
                29.81301460508514,
                0.0
              ],
              [
                52.50233924421568,
                29.81305063314245,
                0.0
              ],
              [
                52.50231929420365,
                29.81308608780482,
                0.0
              ],
              [
                52.50229797541615,
                29.81312093090975,
                0.0
              ],
              [
                52.50227531005895,
                29.81315512520866,
                0.0
              ],
              [
                52.50225270988626,
                29.8131867597586,
                0.0
              ],
              [
                52.50222895769156,
                29.81321774689891,
                0.0
              ],
              [
                52.50220407991368,
                29.81324805564922,
                0.0
              ],
              [
                52.50217810088199,
                29.81327765234614,
                0.0
              ],
              [
                52.5021510460145,
                29.8133065069232,
                0.0
              ],
              [
                52.50197768942884,
                29.81312565517039,
                0.0
              ]
            ]
          ]
        ]
      }
    },
    {
      "type": "Feature",
      "properties": {
        "Name": "429",
        "masahat": 1196.13
      },
      "geometry": {
        "type": "MultiPolygon",
        "coordinates": [
          [
            [
              [
                52.50197768942884,
                29.81312565517039,
                0.0
              ],
              [
                52.5021510460145,
                29.8133065069232,
                0.0
              ],
              [
                52.50212068049839,
                29.8133367769908,
                0.0
              ],
              [
                52.5020891307199,
                29.81336611216824,
                0.0
              ],
              [
                52.50205643754806,
                29.81339447770164,
                0.0
              ],
              [
                52.5020226398099,
                29.81342184066486,
                0.0
              ],
              [
                52.50198777427705,
                29.81344816905756,
                0.0
              ],
              [
                52.50195188595712,
                29.81347342807874,
                0.0
              ],
              [
                52.5019150189178,
                29.81349758925444,
                0.0
              ],
              [
                52.50187721518477,
                29.81352062593855,
                0.0
              ],
              [
                52.50183851877205,
                29.81354250604847,
                0.0
              ],
              [
                52.5016804233553,
                29.81337757526812,
                0.0
              ],
              [
                52.50183066842864,
                29.81325329515819,
                0.0
              ],
              [
                52.50197768942884,
                29.81312565517039,
                0.0
              ]
            ]
          ]
        ]
      }
    },
    {
      "type": "Feature",
      "properties": {
        "Name": "435",
        "masahat": 1152.01
      },
      "geometry": {
        "type": "MultiPolygon",
        "coordinates": [
          [
            [
              [
                52.50166112896711,
                29.81279540358168,
                0.0
              ],
              [
                52.50197768942884,
                29.81312565517039,
                0.0
              ],
              [
                52.50183066842864,
                29.81325329515819,
                0.0
              ],
              [
                52.50151121645267,
                29.81292002801512,
                0.0
              ],
              [
                52.50149830262005,
                29.81290655592583,
                0.0
              ],
              [
                52.50152599381266,
                29.81288274819136,
                0.0
              ],
              [
                52.50156636689621,
                29.81284886168108,
                0.0
              ],
              [
                52.50160784488039,
                29.81281600388887,
                0.0
              ],
              [
                52.50165039300898,
                29.81278420318091,
                0.0
              ],
              [
                52.50166112896711,
                29.81279540358168,
                0.0
              ]
            ]
          ]
        ]
      }
    },
    {
      "type": "Feature",
      "properties": {
        "Name": "437 436",
        "masahat": 3027.56
      },
      "geometry": {
        "type": "MultiPolygon",
        "coordinates": [
          [
            [
              [
                52.50151121645267,
                29.81292002801512,
                0.0
              ],
              [
                52.50183066842864,
                29.81325329515819,
                0.0
              ],
              [
                52.5016804233553,
                29.81337757526812,
                0.0
              ],
              [
                52.50183851877205,
                29.81354250604847,
                0.0
              ],
              [
                52.50180221808994,
                29.81356157252408,
                0.0
              ],
              [
                52.50176523895814,
                29.81357962346095,
                0.0
              ],
              [
                52.50172761937237,
                29.81359663947772,
                0.0
              ],
              [
                52.50168939945148,
                29.81361260477823,
                0.0
              ],
              [
                52.50165061823946,
                29.81362750087162,
                0.0
              ],
              [
                52.501611642256,
                29.81364120448429,
                0.0
              ],
              [
                52.50157219077,
                29.81365383250004,
                0.0
              ],
              [
                52.50153230282565,
                29.81366536642809,
                0.0
              ],
              [
                52.50149201558682,
                29.81367580043172,
                0.0
              ],
              [
                52.50145137230346,
                29.81368512048409,
                0.0
              ],
              [
                52.50141041216826,
                29.81369331801853,
                0.0
              ],
              [
                52.50138660519936,
                29.81369739909431,
                0.0
              ],
              [
                52.50136917648349,
                29.81370038715137,
                0.0
              ],
              [
                52.50139102265293,
                29.81299666348668,
                0.0
              ],
              [
                52.50149830262005,
                29.81290655592583,
                0.0
              ],
              [
                52.50151121645267,
                29.81292002801512,
                0.0
              ]
            ]
          ]
        ]
      }
    },
    {
      "type": "Feature",
      "properties": {
        "Name": "441",
        "masahat": 2149.55
      },
      "geometry": {
        "type": "MultiPolygon",
        "coordinates": [
          [
            [
              [
                52.50030578381076,
                29.81306756067682,
                0.0
              ],
              [
                52.50062783494715,
                29.81340354707821,
                0.0
              ],
              [
                52.5009514122976,
                29.81374111872741,
                0.0
              ],
              [
                52.50071089132867,
                29.81377121860233,
                0.0
              ],
              [
                52.50013016574532,
                29.81316536500617,
                0.0
              ],
              [
                52.50013084757376,
                29.81316494580245,
                0.0
              ],
              [
                52.50013636515469,
                29.8131614425735,
                0.0
              ],
              [
                52.50029762523881,
                29.81305904871123,
                0.0
              ],
              [
                52.50030578381076,
                29.81306756067682,
                0.0
              ]
            ]
          ]
        ]
      }
    },
    {
      "type": "Feature",
      "properties": {
        "Name": "442",
        "masahat": 1912.73
      },
      "geometry": {
        "type": "MultiPolygon",
        "coordinates": [
          [
            [
              [
                52.50047673352836,
                29.81380795459178,
                0.0
              ],
              [
                52.49995897143738,
                29.81326778934155,
                0.0
              ],
              [
                52.49995990902342,
                29.81326724361598,
                0.0
              ],
              [
                52.50013016574532,
                29.81316536500617,
                0.0
              ],
              [
                52.50071089132867,
                29.81377121860233,
                0.0
              ],
              [
                52.50047673352836,
                29.81380795459178,
                0.0
              ]
            ]
          ]
        ]
      }
    },
    {
      "type": "Feature",
      "properties": {
        "Name": "443",
        "masahat": 1710.44
      },
      "geometry": {
        "type": "MultiPolygon",
        "coordinates": [
          [
            [
              [
                52.49995897143738,
                29.81326778934155,
                0.0
              ],
              [
                52.50047673352836,
                29.81380795459178,
                0.0
              ],
              [
                52.500248564713,
                29.81385093936865,
                0.0
              ],
              [
                52.49978400964535,
                29.81336628146885,
                0.0
              ],
              [
                52.49978521668141,
                29.81336562530862,
                0.0
              ],
              [
                52.49995897143738,
                29.81326778934155,
                0.0
              ]
            ]
          ]
        ]
      }
    },
    {
      "type": "Feature",
      "properties": {
        "Name": "2.1",
        "masahat": 41814.82
      },
      "geometry": {
        "type": "MultiPolygon",
        "coordinates": [
          [
            [
              [
                52.5038851547418,
                29.81399496731401,
                0.0
              ],
              [
                52.50387981392044,
                29.81399527263865,
                0.0
              ],
              [
                52.50387448997294,
                29.81399573748308,
                0.0
              ],
              [
                52.50386918499535,
                29.81399636362814,
                0.0
              ],
              [
                52.50386390825808,
                29.81399714826129,
                0.0
              ],
              [
                52.50385866700296,
                29.81399809130012,
                0.0
              ],
              [
                52.50385346742377,
                29.81399919177181,
                0.0
              ],
              [
                52.50384831158956,
                29.81400044965282,
                0.0
              ],
              [
                52.50384320977829,
                29.81400186031448,
                0.0
              ],
              [
                52.5038381671762,
                29.81400342460016,
                0.0
              ],
              [
                52.50383318890199,
                29.81400513884223,
                0.0
              ],
              [
                52.50382828217048,
                29.81400700115397,
                0.0
              ],
              [
                52.50382345113338,
                29.81400901239041,
                0.0
              ],
              [
                52.50381870398601,
                29.81401116704435,
                0.0
              ],
              [
                52.50381404482607,
                29.81401346236214,
                0.0
              ],
              [
                52.50380947777822,
                29.81401589739455,
                0.0
              ],
              [
                52.50380501005731,
                29.81401847025478,
                0.0
              ],
              [
                52.50380064878363,
                29.81402117274085,
                0.0
              ],
              [
                52.50379639603979,
                29.8140240057314,
                0.0
              ],
              [
                52.50379225695799,
                29.81402696646103,
                0.0
              ],
              [
                52.5037882386856,
                29.81403004853212,
                0.0
              ],
              [
                52.50378434429923,
                29.81403325010498,
                0.0
              ],
              [
                52.50378057996567,
                29.81403656840247,
                0.0
              ],
              [
                52.50377694868053,
                29.81403999617186,
                0.0
              ],
              [
                52.50377345458205,
                29.81404353336607,
                0.0
              ],
              [
                52.50377010270792,
                29.81404717090449,
                0.0
              ],
              [
                52.50376689720986,
                29.81405090964219,
                0.0
              ],
              [
                52.50376384211803,
                29.8140547423147,
                0.0
              ],
              [
                52.50376094150317,
                29.81405866436406,
                0.0
              ],
              [
                52.50375819528426,
                29.81406267037721,
                0.0
              ],
              [
                52.50375561066262,
                29.81406675756523,
                0.0
              ],
              [
                52.50375318961289,
                29.81407091958933,
                0.0
              ],
              [
                52.50375093416365,
                29.81407515371948,
                0.0
              ],
              [
                52.50374884728353,
                29.81407945089859,
                0.0
              ],
              [
                52.50374693308378,
                29.81408380927523,
                0.0
              ],
              [
                52.5037451925179,
                29.81408822342457,
                0.0
              ],
              [
                52.50374438402754,
                29.81409027279084,
                0.0
              ],
              [
                52.50374349445065,
                29.81409229691245,
                0.0
              ],
              [
                52.50374252787142,
                29.81409429213368,
                0.0
              ],
              [
                52.50374148117269,
                29.81409625758763,
                0.0
              ],
              [
                52.50374035846564,
                29.81409819142287,
                0.0
              ],
              [
                52.50373916175187,
                29.81410008910497,
                0.0
              ],
              [
                52.50373788898927,
                29.81410195246183,
                0.0
              ],
              [
                52.50373654525608,
                29.81410377511934,
                0.0
              ],
              [
                52.50373512846968,
                29.8141055561989,
                0.0
              ],
              [
                52.50373364376232,
                29.81410729293506,
                0.0
              ],
              [
                52.50373209114751,
                29.81410898623006,
                0.0
              ],
              [
                52.50373047261332,
                29.81411063064725,
                0.0
              ],
              [
                52.50372879018835,
                29.81411222345657,
                0.0
              ],
              [
                52.5037270480648,
                29.8141137682196,
                0.0
              ],
              [
                52.50372524305801,
                29.81411525955866,
                0.0
              ],
              [
                52.50372338030023,
                29.81411669470829,
                0.0
              ],
              [
                52.50372146497772,
                29.81411807451183,
                0.0
              ],
              [
                52.50371949496734,
                29.81411939538411,
                0.0
              ],
              [
                52.50371747440732,
                29.81412065727805,
                0.0
              ],
              [
                52.5037154042782,
                29.81412185657313,
                0.0
              ],
              [
                52.50371328873167,
                29.81412299412448,
                0.0
              ],
              [
                52.50371112979633,
                29.81412406720198,
                0.0
              ],
              [
                52.50370893054885,
                29.81412507396597,
                0.0
              ],
              [
                52.50370669205078,
                29.81412601620904,
                0.0
              ],
              [
                52.50370441735173,
                29.81412689028714,
                0.0
              ],
              [
                52.50370210954191,
                29.81412769526276,
                0.0
              ],
              [
                52.50369977379404,
                29.81412843107706,
                0.0
              ],
              [
                52.50369740801203,
                29.8141290959492,
                0.0
              ],
              [
                52.50369501840318,
                29.81412968980858,
                0.0
              ],
              [
                52.50369260597505,
                29.81413021083903,
                0.0
              ],
              [
                52.50369017489285,
                29.8141306607978,
                0.0
              ],
              [
                52.50368772718516,
                29.81413103695486,
                0.0
              ],
              [
                52.50368526492113,
                29.8141313392866,
                0.0
              ],
              [
                52.50361550500691,
                29.81413799926776,
                0.0
              ],
              [
                52.50354556037898,
                29.81414296493723,
                0.0
              ],
              [
                52.50347548268737,
                29.81414623029284,
                0.0
              ],
              [
                52.5034053267668,
                29.81414779471036,
                0.0
              ],
              [
                52.50331891410766,
                29.8141499031973,
                0.0
              ],
              [
                52.50323262723691,
                29.81415447174826,
                0.0
              ],
              [
                52.50314655716174,
                29.81416149752355,
                0.0
              ],
              [
                52.50306079686413,
                29.81417097134499,
                0.0
              ],
              [
                52.50297543619541,
                29.8141828822655,
                0.0
              ],
              [
                52.50289056917239,
                29.8141972210956,
                0.0
              ],
              [
                52.50280628449076,
                29.8142139687809,
                0.0
              ],
              [
                52.50272267090046,
                29.81423310987591,
                0.0
              ],
              [
                52.49967904499054,
                29.81497824316067,
                0.0
              ],
              [
                52.4996555296614,
                29.81498344853305,
                0.0
              ],
              [
                52.49963182809855,
                29.81498796212423,
                0.0
              ],
              [
                52.49960796609916,
                29.81499177912963,
                0.0
              ],
              [
                52.49958396838547,
                29.81499489204988,
                0.0
              ],
              [
                52.49955986598133,
                29.81499729963047,
                0.0
              ],
              [
                52.49953568367632,
                29.81499899888296,
                0.0
              ],
              [
                52.4995114493637,
                29.81499998678375,
                0.0
              ],
              [
                52.49948718998299,
                29.81500026573401,
                0.0
              ],
              [
                52.49946244683343,
                29.81499981477222,
                0.0
              ],
              [
                52.49943773299079,
                29.81499862356337,
                0.0
              ],
              [
                52.4994130826096,
                29.81499669262217,
                0.0
              ],
              [
                52.49938852058721,
                29.8149940261777,
                0.0
              ],
              [
                52.49936408005706,
                29.81499062565865,
                0.0
              ],
              [
                52.49933978490884,
                29.81498649711026,
                0.0
              ],
              [
                52.49931567035854,
                29.81498164283993,
                0.0
              ],
              [
                52.49929175825364,
                29.81497607072077,
                0.0
              ],
              [
                52.4992680817679,
                29.81496978488809,
                0.0
              ],
              [
                52.49924466382369,
                29.81496279590978,
                0.0
              ],
              [
                52.49922153553909,
                29.81495510884688,
                0.0
              ],
              [
                52.49919872499574,
                29.81494673330644,
                0.0
              ],
              [
                52.49917625721202,
                29.81493768163738,
                0.0
              ],
              [
                52.49915415716583,
                29.814927963482,
                0.0
              ],
              [
                52.4991324539464,
                29.81491758663136,
                0.0
              ],
              [
                52.49911117263927,
                29.81490656794531,
                0.0
              ],
              [
                52.49909033619352,
                29.81489491979621,
                0.0
              ],
              [
                52.49906997168299,
                29.81488265360737,
                0.0
              ],
              [
                52.49905010005486,
                29.81486978628555,
                0.0
              ],
              [
                52.49903074740218,
                29.81485633287452,
                0.0
              ],
              [
                52.49901193667386,
                29.81484230574671,
                0.0
              ],
              [
                52.4989936878228,
                29.81482772452724,
                0.0
              ],
              [
                52.49897602386513,
                29.81481260609941,
                0.0
              ],
              [
                52.49895896471328,
                29.8147969673818,
                0.0
              ],
              [
                52.49894253342369,
                29.81478082796431,
                0.0
              ],
              [
                52.49892674473588,
                29.81476420482418,
                0.0
              ],
              [
                52.49891161970441,
                29.81474712208566,
                0.0
              ],
              [
                52.4988971771531,
                29.81472959307036,
                0.0
              ],
              [
                52.49888343195596,
                29.8147116437773,
                0.0
              ],
              [
                52.49887040202335,
                29.81469329565939,
                0.0
              ],
              [
                52.49885810106002,
                29.81467456570566,
                0.0
              ],
              [
                52.49884654393986,
                29.81465547991509,
                0.0
              ],
              [
                52.49883574545596,
                29.81463605887363,
                0.0
              ],
              [
                52.4988257183861,
                29.8146163267994,
                0.0
              ],
              [
                52.49881647132938,
                29.81459630525092,
                0.0
              ],
              [
                52.49875398456781,
                29.81445069241517,
                0.0
              ],
              [
                52.49879660084785,
                29.8143716088692,
                0.0
              ],
              [
                52.49899320661437,
                29.81431208585601,
                0.0
              ],
              [
                52.49961257864351,
                29.81412784596329,
                0.0
              ],
              [
                52.49981172771348,
                29.81407060374836,
                0.0
              ],
              [
                52.50001284603787,
                29.81401886384058,
                0.0
              ],
              [
                52.50021573784913,
                29.81397267988603,
                0.0
              ],
              [
                52.5004201948049,
                29.81393209484678,
                0.0
              ],
              [
                52.50062601788857,
                29.81389715248252,
                0.0
              ],
              [
                52.50083300272335,
                29.81386788398232,
                0.0
              ],
              [
                52.50104094180282,
                29.81384431876741,
                0.0
              ],
              [
                52.5012496275945,
                29.8138264844559,
                0.0
              ],
              [
                52.50130034718967,
                29.81382215624351,
                0.0
              ],
              [
                52.50135086266732,
                29.81381628644671,
                0.0
              ],
              [
                52.5014011110795,
                29.81380888660905,
                0.0
              ],
              [
                52.50145103560475,
                29.81379996279061,
                0.0
              ],
              [
                52.50150057016467,
                29.81378952476606,
                0.0
              ],
              [
                52.5015496580997,
                29.81377758942174,
                0.0
              ],
              [
                52.50159823851788,
                29.81376416737585,
                0.0
              ],
              [
                52.50164625269078,
                29.81374927553843,
                0.0
              ],
              [
                52.5016936450477,
                29.81373293439298,
                0.0
              ],
              [
                52.50174035063971,
                29.81371516001804,
                0.0
              ],
              [
                52.50178632017106,
                29.81369597733757,
                0.0
              ],
              [
                52.50183149293921,
                29.8136754096006,
                0.0
              ],
              [
                52.50187581857374,
                29.81365347903646,
                0.0
              ],
              [
                52.50191923748782,
                29.81363021429556,
                0.0
              ],
              [
                52.50200169169065,
                29.81364303925695,
                0.0
              ],
              [
                52.5020145659585,
                29.81365627623381,
                0.0
              ],
              [
                52.50202795584182,
                29.81366911934608,
                0.0
              ],
              [
                52.50204184351055,
                29.81368155255445,
                0.0
              ],
              [
                52.50205621324421,
                29.81369356250251,
                0.0
              ],
              [
                52.50207104929524,
                29.81370513402958,
                0.0
              ],
              [
                52.50208633077038,
                29.8137162538381,
                0.0
              ],
              [
                52.50210204091443,
                29.81372690858349,
                0.0
              ],
              [
                52.50211816505485,
                29.81373708579983,
                0.0
              ],
              [
                52.50213468026961,
                29.81374677491962,
                0.0
              ],
              [
                52.50215156668632,
                29.81375596173142,
                0.0
              ],
              [
                52.50216880553462,
                29.81376463652288,
                0.0
              ],
              [
                52.50218637702302,
                29.81377279049563,
                0.0
              ],
              [
                52.50220426025804,
                29.81378041035214,
                0.0
              ],
              [
                52.50222243137741,
                29.813787491852,
                0.0
              ],
              [
                52.50224087157015,
                29.81379402257638,
                0.0
              ],
              [
                52.50225956006413,
                29.81379999734739,
                0.0
              ],
              [
                52.50227847086048,
                29.81380540743724,
                0.0
              ],
              [
                52.5022975852561,
                29.81381024764458,
                0.0
              ],
              [
                52.50231688038271,
                29.81381451101073,
                0.0
              ],
              [
                52.50233633033583,
                29.81381819512319,
                0.0
              ],
              [
                52.50235591328169,
                29.81382129301154,
                0.0
              ],
              [
                52.50237560844807,
                29.81382379949797,
                0.0
              ],
              [
                52.50239538999788,
                29.8138257166809,
                0.0
              ],
              [
                52.50241523612434,
                29.81382703939432,
                0.0
              ],
              [
                52.502435122992,
                29.81382776520226,
                0.0
              ],
              [
                52.50245502679242,
                29.81382789347314,
                0.0
              ],
              [
                52.50247492168851,
                29.81382742630544,
                0.0
              ],
              [
                52.502494786962,
                29.81382636213014,
                0.0
              ],
              [
                52.50251460090049,
                29.81382470209649,
                0.0
              ],
              [
                52.50253433459028,
                29.81382245014268,
                0.0
              ],
              [
                52.50255396942264,
                29.81381960738271,
                0.0
              ],
              [
                52.50257348164312,
                29.81381617679376,
                0.0
              ],
              [
                52.50259284548214,
                29.81381216498528,
                0.0
              ],
              [
                52.50261204024843,
                29.81380757219265,
                0.0
              ],
              [
                52.50288922362011,
                29.81373677368798,
                0.0
              ],
              [
                52.50289164965021,
                29.81373619386622,
                0.0
              ],
              [
                52.50289409540871,
                29.81373568781095,
                0.0
              ],
              [
                52.50289656092262,
                29.8137352573265,
                0.0
              ],
              [
                52.50289904201325,
                29.81373489975341,
                0.0
              ],
              [
                52.50290153564445,
                29.81373461963789,
                0.0
              ],
              [
                52.50290403970665,
                29.81373441429691,
                0.0
              ],
              [
                52.50290655008865,
                29.81373428558193,
                0.0
              ],
              [
                52.50290906469439,
                29.81373423171209,
                0.0
              ],
              [
                52.50291157839159,
                29.8137342554528,
                0.0
              ],
              [
                52.50291408908422,
                29.81373435502323,
                0.0
              ],
              [
                52.50291659677224,
                29.81373453042339,
                0.0
              ],
              [
                52.50291909422735,
                29.81373478263781,
                0.0
              ],
              [
                52.50292158036102,
                29.81373510806959,
                0.0
              ],
              [
                52.50292405419268,
                29.81373551033919,
                0.0
              ],
              [
                52.50292650637095,
                29.81373598684597,
                0.0
              ],
              [
                52.50292894103401,
                29.81373653754289,
                0.0
              ],
              [
                52.50293135196108,
                29.81373716159839,
                0.0
              ],
              [
                52.502933735014,
                29.81373785905953,
                0.0
              ],
              [
                52.5029360912003,
                29.81373862811021,
                0.0
              ],
              [
                52.50293841429922,
                29.81373946791883,
                0.0
              ],
              [
                52.50294070222819,
                29.81374037760681,
                0.0
              ],
              [
                52.50294295185658,
                29.81374135540505,
                0.0
              ],
              [
                52.50294516216331,
                29.81374240222753,
                0.0
              ],
              [
                52.50294732895625,
                29.81374351451263,
                0.0
              ],
              [
                52.5029494501528,
                29.81374469138172,
                0.0
              ],
              [
                52.50295152263583,
                29.8137459319679,
                0.0
              ],
              [
                52.50295354637833,
                29.81374723446684,
                0.0
              ],
              [
                52.50295788436915,
                29.8137500301605,
                0.0
              ],
              [
                52.50296233312848,
                29.81375269104933,
                0.0
              ],
              [
                52.50296688229735,
                29.81375521634883,
                0.0
              ],
              [
                52.50297153183527,
                29.81375760335244,
                0.0
              ],
              [
                52.50297627232335,
                29.8137598449487,
                0.0
              ],
              [
                52.5029811006849,
                29.81376194297725,
                0.0
              ],
              [
                52.50298600858955,
                29.81376389392352,
                0.0
              ],
              [
                52.50299099286617,
                29.81376569331193,
                0.0
              ],
              [
                52.50299604522486,
                29.81376734033449,
                0.0
              ],
              [
                52.5030011594583,
                29.81376883506175,
                0.0
              ],
              [
                52.50300633136084,
                29.81377017302996,
                0.0
              ],
              [
                52.50301155468465,
                29.81377135160317,
                0.0
              ],
              [
                52.50301681908425,
                29.81377237089908,
                0.0
              ],
              [
                52.50302212251751,
                29.81377323274557,
                0.0
              ],
              [
                52.503027455579,
                29.81377393093335,
                0.0
              ],
              [
                52.5030328162401,
                29.81377446819245,
                0.0
              ],
              [
                52.50303819203223,
                29.81377484105544,
                0.0
              ],
              [
                52.50304358088626,
                29.81377504954582,
                0.0
              ],
              [
                52.50304897459328,
                29.81377509826866,
                0.0
              ],
              [
                52.50305436683799,
                29.81377498007714,
                0.0
              ],
              [
                52.50305975146709,
                29.8137746986506,
                0.0
              ],
              [
                52.50306512126569,
                29.81377425587576,
                0.0
              ],
              [
                52.50307046895147,
                29.81377364912851,
                0.0
              ],
              [
                52.50307579143424,
                29.81377287934632,
                0.0
              ],
              [
                52.50308107945704,
                29.81377195024383,
                0.0
              ],
              [
                52.50308632681257,
                29.81377086189166,
                0.0
              ],
              [
                52.50309152726653,
                29.8137696125561,
                0.0
              ],
              [
                52.50309667365804,
                29.81376820773257,
                0.0
              ],
              [
                52.50310176288345,
                29.81376664745639,
                0.0
              ],
              [
                52.50310678670684,
                29.81376493452827,
                0.0
              ],
              [
                52.50311173892091,
                29.81376306901883,
                0.0
              ],
              [
                52.50311661337234,
                29.81376105460738,
                0.0
              ],
              [
                52.50312140389433,
                29.8137588940711,
                0.0
              ],
              [
                52.5031261063487,
                29.81375658745706,
                0.0
              ],
              [
                52.5031307146361,
                29.81375414205331,
                0.0
              ],
              [
                52.50313522048016,
                29.813751557954,
                0.0
              ],
              [
                52.50313962288681,
                29.81374883787745,
                0.0
              ],
              [
                52.50314391053,
                29.81374598556183,
                0.0
              ],
              [
                52.50314808451177,
                29.81374300550628,
                0.0
              ],
              [
                52.50315213660974,
                29.81373990141364,
                0.0
              ],
              [
                52.50315606166466,
                29.81373667424496,
                0.0
              ],
              [
                52.5031598577154,
                29.81373333124121,
                0.0
              ],
              [
                52.50316351549156,
                29.81372987521482,
                0.0
              ],
              [
                52.50316703402606,
                29.81372631068848,
                0.0
              ],
              [
                52.50317040922123,
                29.8137226404158,
                0.0
              ],
              [
                52.50317363493726,
                29.81371886897829,
                0.0
              ],
              [
                52.50317670820551,
                29.813715005433,
                0.0
              ],
              [
                52.50317962486081,
                29.81371104802268,
                0.0
              ],
              [
                52.50318238298253,
                29.81370700669482,
                0.0
              ],
              [
                52.50318497843253,
                29.8137028814965,
                0.0
              ],
              [
                52.50318740618654,
                29.81369868241051,
                0.0
              ],
              [
                52.50318966625809,
                29.81369441033903,
                0.0
              ],
              [
                52.50319175463048,
                29.81369007344871,
                0.0
              ],
              [
                52.50319366721953,
                29.81368567539537,
                0.0
              ],
              [
                52.50319540514081,
                29.81368122158028,
                0.0
              ],
              [
                52.50319696331609,
                29.81367671837749,
                0.0
              ],
              [
                52.50319834079181,
                29.81367217121188,
                0.0
              ],
              [
                52.50319953555292,
                29.81366758371568,
                0.0
              ],
              [
                52.50320054667287,
                29.81366296311804,
                0.0
              ],
              [
                52.5032013752672,
                29.81365831482027,
                0.0
              ],
              [
                52.50320201418862,
                29.81365364521997,
                0.0
              ],
              [
                52.50320246866387,
                29.81364895786701,
                0.0
              ],
              [
                52.50320273568381,
                29.81364425911189,
                0.0
              ],
              [
                52.50320281535647,
                29.81363955617204,
                0.0
              ],
              [
                52.50320270465921,
                29.81363485449582,
                0.0
              ],
              [
                52.50320240983982,
                29.8136301567191,
                0.0
              ],
              [
                52.50320192689514,
                29.81362547191075,
                0.0
              ],
              [
                52.50320125485813,
                29.8136208045934,
                0.0
              ],
              [
                52.5032004010651,
                29.81361616099986,
                0.0
              ],
              [
                52.50319935937631,
                29.81361154571161,
                0.0
              ],
              [
                52.50319813503199,
                29.81360696318071,
                0.0
              ],
              [
                52.5031967292017,
                29.81360242241711,
                0.0
              ],
              [
                52.50319514193943,
                29.8135979270295,
                0.0
              ],
              [
                52.50319337849893,
                29.81359348237205,
                0.0
              ],
              [
                52.50319143482302,
                29.81358909390494,
                0.0
              ],
              [
                52.50318932133816,
                29.81358476692344,
                0.0
              ],
              [
                52.50318703397367,
                29.81358050598553,
                0.0
              ],
              [
                52.50318457903131,
                29.81357631733582,
                0.0
              ],
              [
                52.50318195968224,
                29.81357220544984,
                0.0
              ],
              [
                52.50317917498641,
                29.81356817665456,
                0.0
              ],
              [
                52.50317623222612,
                29.81356423357413,
                0.0
              ],
              [
                52.50317313563405,
                29.81356038247668,
                0.0
              ],
              [
                52.50316988527769,
                29.81355662787304,
                0.0
              ],
              [
                52.50318914646051,
                29.81352992178197,
                0.0
              ],
              [
                52.50319483835111,
                29.8135220302257,
                0.0
              ],
              [
                52.50322794375294,
                29.81354018648774,
                0.0
              ],
              [
                52.50325857868489,
                29.81355698848309,
                0.0
              ],
              [
                52.50348617822971,
                29.81368181464026,
                0.0
              ],
              [
                52.50355455828652,
                29.81371931955805,
                0.0
              ],
              [
                52.50403311455722,
                29.81398178465797,
                0.0
              ],
              [
                52.504026499251,
                29.81399095723914,
                0.0
              ],
              [
                52.5039978261664,
                29.81403071539055,
                0.0
              ],
              [
                52.50399383318122,
                29.81402760630612,
                0.0
              ],
              [
                52.50398971994263,
                29.81402462040477,
                0.0
              ],
              [
                52.50398549061583,
                29.81402175944378,
                0.0
              ],
              [
                52.50398115251019,
                29.81401902785154,
                0.0
              ],
              [
                52.50397670461813,
                29.81401642744416,
                0.0
              ],
              [
                52.50397215944881,
                29.81401396439556,
                0.0
              ],
              [
                52.50396752010585,
                29.81401163867037,
                0.0
              ],
              [
                52.50396278977389,
                29.81400945564631,
                0.0
              ],
              [
                52.50395797671582,
                29.81400741432698,
                0.0
              ],
              [
                52.50395308618541,
                29.81400552006653,
                0.0
              ],
              [
                52.50394812232081,
                29.81400377281785,
                0.0
              ],
              [
                52.50394309241791,
                29.81400217610721,
                0.0
              ],
              [
                52.50393800171691,
                29.81400073438657,
                0.0
              ],
              [
                52.5039328584537,
                29.81399944485519,
                0.0
              ],
              [
                52.50392766578591,
                29.81399831108645,
                0.0
              ],
              [
                52.50392243201691,
                29.81399733479046,
                0.0
              ],
              [
                52.50391716334048,
                29.81399651499441,
                0.0
              ],
              [
                52.50391186498337,
                29.8139958552481,
                0.0
              ],
              [
                52.50390654213177,
                29.81399535639482,
                0.0
              ],
              [
                52.50390120513119,
                29.81399501831679,
                0.0
              ],
              [
                52.50389585707171,
                29.81399484007654,
                0.0
              ],
              [
                52.50389050624321,
                29.81399482248201,
                0.0
              ],
              [
                52.5038851547418,
                29.81399496731401,
                0.0
              ]
            ]
          ]
        ]
      }
    },
    {
      "type": "Feature",
      "properties": {
        "Name": "1.1",
        "masahat": 4131.35
      },
      "geometry": {
        "type": "MultiPolygon",
        "coordinates": [
          [
            [
              [
                52.50303938719976,
                29.81350495365239,
                0.0
              ],
              [
                52.50303407163422,
                29.81350528572483,
                0.0
              ],
              [
                52.50302877187951,
                29.81350577552464,
                0.0
              ],
              [
                52.50302349316233,
                29.81350642660172,
                0.0
              ],
              [
                52.50301824370504,
                29.81350723525322,
                0.0
              ],
              [
                52.5030130307224,
                29.81350819959237,
                0.0
              ],
              [
                52.50300785733155,
                29.8135093204861,
                0.0
              ],
              [
                52.50300273072028,
                29.81351059424327,
                0.0
              ],
              [
                52.50299766023996,
                29.81351202346455,
                0.0
              ],
              [
                52.50299264683064,
                29.81351360182292,
                0.0
              ],
              [
                52.50298769776111,
                29.81351533104036,
                0.0
              ],
              [
                52.5029828222748,
                29.81351720650008,
                0.0
              ],
              [
                52.50297802140619,
                29.81351922819032,
                0.0
              ],
              [
                52.50297330336417,
                29.81352139150607,
                0.0
              ],
              [
                52.50296867641159,
                29.813523695451,
                0.0
              ],
              [
                52.50296413945991,
                29.81352613642823,
                0.0
              ],
              [
                52.50295970177952,
                29.81352871162526,
                0.0
              ],
              [
                52.50295536956421,
                29.81353142006937,
                0.0
              ],
              [
                52.50295114580963,
                29.81353425450785,
                0.0
              ],
              [
                52.50294703673654,
                29.81353721577226,
                0.0
              ],
              [
                52.50294304743668,
                29.81354029839072,
                0.0
              ],
              [
                52.50293918198076,
                29.8135434978053,
                0.0
              ],
              [
                52.50293544447998,
                29.8135468121646,
                0.0
              ],
              [
                52.50293183897804,
                29.81355023510628,
                0.0
              ],
              [
                52.50292836961312,
                29.81355376658334,
                0.0
              ],
              [
                52.50292504659574,
                29.81355739745635,
                0.0
              ],
              [
                52.50292186371861,
                29.81356112779587,
                0.0
              ],
              [
                52.50291883328834,
                29.81356495024335,
                0.0
              ],
              [
                52.50291595214733,
                29.81356886122538,
                0.0
              ],
              [
                52.5029132274699,
                29.81357285614871,
                0.0
              ],
              [
                52.50291066437485,
                29.81357693134583,
                0.0
              ],
              [
                52.50290826171965,
                29.81358107961111,
                0.0
              ],
              [
                52.50290602362902,
                29.8135852999953,
                0.0
              ],
              [
                52.50290395304469,
                29.81358958163701,
                0.0
              ],
              [
                52.50290205411834,
                29.81359392539135,
                0.0
              ],
              [
                52.50290115661615,
                29.81359597396075,
                0.0
              ],
              [
                52.50290017797404,
                29.81359799367632,
                0.0
              ],
              [
                52.50289912126866,
                29.81359998269836,
                0.0
              ],
              [
                52.50289798440391,
                29.81360193924608,
                0.0
              ],
              [
                52.50289677147749,
                29.81360386056587,
                0.0
              ],
              [
                52.50289548138739,
                29.81360574215864,
                0.0
              ],
              [
                52.50289411725071,
                29.81360758489124,
                0.0
              ],
              [
                52.50289268108259,
                29.81360938513143,
                0.0
              ],
              [
                52.50289117489812,
                29.81361113924696,
                0.0
              ],
              [
                52.50288959767626,
                29.8136128481518,
                0.0
              ],
              [
                52.50288795453574,
                29.8136145081784,
                0.0
              ],
              [
                52.50288624647062,
                29.81361611660847,
                0.0
              ],
              [
                52.50288447346744,
                29.8136176725398,
                0.0
              ],
              [
                52.50288264275449,
                29.81361917498787,
                0.0
              ],
              [
                52.50288075013962,
                29.81362062039104,
                0.0
              ],
              [
                52.5028788038722,
                29.81362200685079,
                0.0
              ],
              [
                52.5028768008351,
                29.81362333350027,
                0.0
              ],
              [
                52.50287474722211,
                29.8136245993667,
                0.0
              ],
              [
                52.50287264504833,
                29.81362580081783,
                0.0
              ],
              [
                52.50287049639637,
                29.81362693873231,
                0.0
              ],
              [
                52.50286830123923,
                29.81362801130575,
                0.0
              ],
              [
                52.50286606679174,
                29.81362901665146,
                0.0
              ],
              [
                52.50286379301343,
                29.8136299520629,
                0.0
              ],
              [
                52.50286148408296,
                29.81363082019952,
                0.0
              ],
              [
                52.5028591409674,
                29.81363161653869,
                0.0
              ],
              [
                52.50285676783195,
                29.81363234283767,
                0.0
              ],
              [
                52.50285436772626,
                29.81363299545245,
                0.0
              ],
              [
                52.50257718354818,
                29.81370379208336,
                0.0
              ],
              [
                52.50256240891235,
                29.81370733211449,
                0.0
              ],
              [
                52.5025475045938,
                29.81371043418481,
                0.0
              ],
              [
                52.50253249027608,
                29.8137130998751,
                0.0
              ],
              [
                52.50251738236374,
                29.81371531907314,
                0.0
              ],
              [
                52.50250219332546,
                29.8137170952464,
                0.0
              ],
              [
                52.5024869468751,
                29.81371842271122,
                0.0
              ],
              [
                52.50247165752349,
                29.81371930310719,
                0.0
              ],
              [
                52.50245634281765,
                29.81371973352778,
                0.0
              ],
              [
                52.50244101927008,
                29.81371971107821,
                0.0
              ],
              [
                52.50242570558378,
                29.81371924095972,
                0.0
              ],
              [
                52.50241042137485,
                29.81371832024232,
                0.0
              ],
              [
                52.50239517909856,
                29.81371695149132,
                0.0
              ],
              [
                52.50237999842496,
                29.8137151353854,
                0.0
              ],
              [
                52.50236489594752,
                29.81371287444287,
                0.0
              ],
              [
                52.50234988928069,
                29.8137101702681,
                0.0
              ],
              [
                52.50233499817549,
                29.81370702895286,
                0.0
              ],
              [
                52.50232021943404,
                29.81370344421721,
                0.0
              ],
              [
                52.50230558843347,
                29.81369942919387,
                0.0
              ],
              [
                52.50229112071911,
                29.81369498551075,
                0.0
              ],
              [
                52.50227683398637,
                29.81369012018536,
                0.0
              ],
              [
                52.50226274379407,
                29.81368483574782,
                0.0
              ],
              [
                52.50224886474741,
                29.81367914015305,
                0.0
              ],
              [
                52.50223521454174,
                29.81367304041856,
                0.0
              ],
              [
                52.50222180774178,
                29.8136665417928,
                0.0
              ],
              [
                52.50220866000071,
                29.81365965312111,
                0.0
              ],
              [
                52.50219578694478,
                29.81365238144457,
                0.0
              ],
              [
                52.50218320111002,
                29.81364473474163,
                0.0
              ],
              [
                52.50217091919762,
                29.81363672274814,
                0.0
              ],
              [
                52.50215895477815,
                29.81362835343084,
                0.0
              ],
              [
                52.50214732042809,
                29.81361963747473,
                0.0
              ],
              [
                52.50213602764885,
                29.81361058287014,
                0.0
              ],
              [
                52.50212509425708,
                29.81360120475414,
                0.0
              ],
              [
                52.50211452754854,
                29.81359150665319,
                0.0
              ],
              [
                52.50210434434572,
                29.81358150642272,
                0.0
              ],
              [
                52.50210584427907,
                29.81350202489402,
                0.0
              ],
              [
                52.50214195762606,
                29.8134727867109,
                0.0
              ],
              [
                52.50217691812546,
                29.81344250048743,
                0.0
              ],
              [
                52.50221068490812,
                29.81341120097765,
                0.0
              ],
              [
                52.50224321916064,
                29.81337892200997,
                0.0
              ],
              [
                52.5022744811297,
                29.81334570373977,
                0.0
              ],
              [
                52.50230443824994,
                29.81331158263131,
                0.0
              ],
              [
                52.5023330548661,
                29.81327659608644,
                0.0
              ],
              [
                52.50236029849409,
                29.81324078598243,
                0.0
              ],
              [
                52.50238613662301,
                29.8132041923923,
                0.0
              ],
              [
                52.50241054301683,
                29.81316685982926,
                0.0
              ],
              [
                52.50241888344116,
                29.81317084441367,
                0.0
              ],
              [
                52.5025221544018,
                29.81322744161085,
                0.0
              ],
              [
                52.5025502485184,
                29.81318928115683,
                0.0
              ],
              [
                52.50256052052123,
                29.81317532893293,
                0.0
              ],
              [
                52.50256084114916,
                29.81317490480142,
                0.0
              ],
              [
                52.50256117326499,
                29.81317448775788,
                0.0
              ],
              [
                52.50315984774745,
                29.81350283967917,
                0.0
              ],
              [
                52.50315424911654,
                29.81351060204232,
                0.0
              ],
              [
                52.50313955563344,
                29.81353097505312,
                0.0
              ],
              [
                52.50313520481059,
                29.81352828959529,
                0.0
              ],
              [
                52.50313075348463,
                29.81352573341138,
                0.0
              ],
              [
                52.50312620075597,
                29.81352331553489,
                0.0
              ],
              [
                52.50312155799107,
                29.81352103493417,
                0.0
              ],
              [
                52.50311682830707,
                29.81351889247608,
                0.0
              ],
              [
                52.50311201490205,
                29.81351689444053,
                0.0
              ],
              [
                52.50310712712741,
                29.81351504342808,
                0.0
              ],
              [
                52.50310216807323,
                29.81351333850128,
                0.0
              ],
              [
                52.50309714503532,
                29.8135117831864,
                0.0
              ],
              [
                52.50309206217882,
                29.81351037924072,
                0.0
              ],
              [
                52.50308692990315,
                29.81350913015524,
                0.0
              ],
              [
                52.50308175023687,
                29.81350803319988,
                0.0
              ],
              [
                52.50307652843368,
                29.81350709372883,
                0.0
              ],
              [
                52.50307127483899,
                29.81350631162442,
                0.0
              ],
              [
                52.50306599255639,
                29.81350568685132,
                0.0
              ],
              [
                52.50306069093729,
                29.81350522201011,
                0.0
              ],
              [
                52.50305537201023,
                29.81350491437076,
                0.0
              ],
              [
                52.50305004410554,
                29.81350476744779,
                0.0
              ],
              [
                52.50304471341695,
                29.8135047802684,
                0.0
              ],
              [
                52.50303938719976,
                29.81350495365239,
                0.0
              ]
            ]
          ]
        ]
      }
    },
    {
      "type": "Feature",
      "properties": {
        "Name": "343",
        "masahat": 923.17
      },
      "geometry": {
        "type": "MultiPolygon",
        "coordinates": [
          [
            [
              [
                52.50202673652063,
                29.80961102440672,
                0.0
              ],
              [
                52.50202674400614,
                29.80961374033245,
                0.0
              ],
              [
                52.50202763120831,
                29.80992381926999,
                0.0
              ],
              [
                52.50202773962793,
                29.80996187647561,
                0.0
              ],
              [
                52.50202776739324,
                29.80997148686753,
                0.0
              ],
              [
                52.50201828067564,
                29.80997150718492,
                0.0
              ],
              [
                52.50182109795764,
                29.80997193578943,
                0.0
              ],
              [
                52.50182096187075,
                29.80992426818827,
                0.0
              ],
              [
                52.50182008162657,
                29.80961606600008,
                0.0
              ],
              [
                52.50182006887442,
                29.80961147419164,
                0.0
              ],
              [
                52.50202673652063,
                29.80961102440672,
                0.0
              ]
            ]
          ]
        ]
      }
    },
    {
      "type": "Feature",
      "properties": {
        "Name": "344",
        "masahat": 923.17
      },
      "geometry": {
        "type": "MultiPolygon",
        "coordinates": [
          [
            [
              [
                52.50170252363907,
                29.80961172919179,
                0.0
              ],
              [
                52.50182006887442,
                29.80961147419164,
                0.0
              ],
              [
                52.50182008162657,
                29.80961606600008,
                0.0
              ],
              [
                52.50182096187075,
                29.80992426818827,
                0.0
              ],
              [
                52.50182109795764,
                29.80997193578943,
                0.0
              ],
              [
                52.50175715655371,
                29.80997207603673,
                0.0
              ],
              [
                52.50161443057441,
                29.80997238436451,
                0.0
              ],
              [
                52.50161353024768,
                29.80965697999833,
                0.0
              ],
              [
                52.50161340016358,
                29.80961192276286,
                0.0
              ],
              [
                52.50170252363907,
                29.80961172919179,
                0.0
              ]
            ]
          ]
        ]
      }
    },
    {
      "type": "Feature",
      "properties": {
        "Name": "345",
        "masahat": 807.77
      },
      "geometry": {
        "type": "MultiPolygon",
        "coordinates": [
          [
            [
              [
                52.50161443057441,
                29.80997238436451,
                0.0
              ],
              [
                52.50140776215353,
                29.80997283353024,
                0.0
              ],
              [
                52.50140686247553,
                29.80965742914011,
                0.0
              ],
              [
                52.50161353024768,
                29.80965697999833,
                0.0
              ],
              [
                52.50161443057441,
                29.80997238436451,
                0.0
              ]
            ]
          ]
        ]
      }
    },
    {
      "type": "Feature",
      "properties": {
        "Name": "477.6",
        "masahat": 812.98
      },
      "geometry": {
        "type": "MultiPolygon",
        "coordinates": [
          [
            [
              [
                52.50092574573805,
                29.81013608848527,
                0.0
              ],
              [
                52.50093349735777,
                29.81013607171414,
                0.0
              ],
              [
                52.50093710394862,
                29.8101361191729,
                0.0
              ],
              [
                52.50094070594944,
                29.81013627496321,
                0.0
              ],
              [
                52.50094429927614,
                29.81013654274081,
                0.0
              ],
              [
                52.5009478807578,
                29.81013691803005,
                0.0
              ],
              [
                52.50095144523536,
                29.81013740179188,
                0.0
              ],
              [
                52.50095498650175,
                29.81013799409681,
                0.0
              ],
              [
                52.50095850350901,
                29.81013869405441,
                0.0
              ],
              [
                52.5009619879676,
                29.81013950085652,
                0.0
              ],
              [
                52.50096544087159,
                29.81014041178487,
                0.0
              ],
              [
                52.50096885605436,
                29.8101414296165,
                0.0
              ],
              [
                52.50097222517246,
                29.81014254993453,
                0.0
              ],
              [
                52.50097554921999,
                29.81014377002071,
                0.0
              ],
              [
                52.50097882306481,
                29.81014509264032,
                0.0
              ],
              [
                52.50098204044597,
                29.81014651425516,
                0.0
              ],
              [
                52.50098519824647,
                29.81014803399832,
                0.0
              ],
              [
                52.50098829533746,
                29.81014964556634,
                0.0
              ],
              [
                52.50099132453131,
                29.81015135265017,
                0.0
              ],
              [
                52.5009942847261,
                29.8101531507507,
                0.0
              ],
              [
                52.50099716968784,
                29.81015503813408,
                0.0
              ],
              [
                52.5009999783281,
                29.81015701120338,
                0.0
              ],
              [
                52.50100270752987,
                29.81015906909168,
                0.0
              ],
              [
                52.50100535205324,
                29.81016120734684,
                0.0
              ],
              [
                52.50100790672563,
                29.81016342602766,
                0.0
              ],
              [
                52.50101037458322,
                29.810165720588,
                0.0
              ],
              [
                52.50101274733643,
                29.81016809021969,
                0.0
              ],
              [
                52.5010150238699,
                29.81017052952144,
                0.0
              ],
              [
                52.50101720208764,
                29.81017303671242,
                0.0
              ],
              [
                52.50101927885916,
                29.81017561002352,
                0.0
              ],
              [
                52.5010212499521,
                29.81017824318653,
                0.0
              ],
              [
                52.50102311535295,
                29.81018093529927,
                0.0
              ],
              [
                52.50102487295229,
                29.81018368367874,
                0.0
              ],
              [
                52.50102651748319,
                29.81018648206846,
                0.0
              ],
              [
                52.50102804891871,
                29.81018932866406,
                0.0
              ],
              [
                52.50102946723187,
                29.81019222166123,
                0.0
              ],
              [
                52.50103076715581,
                29.81019515480349,
                0.0
              ],
              [
                52.50103195178055,
                29.81019812715341,
                0.0
              ],
              [
                52.50103301583918,
                29.81020113245451,
                0.0
              ],
              [
                52.50103395723574,
                29.81020416892596,
                0.0
              ],
              [
                52.50103477693735,
                29.81020723204511,
                0.0
              ],
              [
                52.50103547282104,
                29.81021031822679,
                0.0
              ],
              [
                52.50103604688848,
                29.81021342293662,
                0.0
              ],
              [
                52.50103649394012,
                29.81021654442897,
                0.0
              ],
              [
                52.50103681906766,
                29.81021967723205,
                0.0
              ],
              [
                52.50103701498908,
                29.81022281872159,
                0.0
              ],
              [
                52.50103708784405,
                29.81022596431621,
                0.0
              ],
              [
                52.50103724477084,
                29.81028107770946,
                0.0
              ],
              [
                52.50103714503607,
                29.81028714610467,
                0.0
              ],
              [
                52.50103681035917,
                29.81029320995031,
                0.0
              ],
              [
                52.50103624370887,
                29.81029926018932,
                0.0
              ],
              [
                52.50103543981825,
                29.81030529056524,
                0.0
              ],
              [
                52.50103440686903,
                29.81031129466882,
                0.0
              ],
              [
                52.50103314264388,
                29.81031726259961,
                0.0
              ],
              [
                52.50103164605437,
                29.81032319076066,
                0.0
              ],
              [
                52.50102992426117,
                29.81032907365666,
                0.0
              ],
              [
                52.50102797605454,
                29.81033489957102,
                0.0
              ],
              [
                52.50102580244201,
                29.81034066668768,
                0.0
              ],
              [
                52.50102340744031,
                29.81034636683998,
                0.0
              ],
              [
                52.50102079611416,
                29.81035199275178,
                0.0
              ],
              [
                52.5010179652926,
                29.81035753994741,
                0.0
              ],
              [
                52.50101492416494,
                29.81036300020153,
                0.0
              ],
              [
                52.5010116726503,
                29.81036836810106,
                0.0
              ],
              [
                52.50100821582686,
                29.81037363727199,
                0.0
              ],
              [
                52.50100455773834,
                29.81037880135207,
                0.0
              ],
              [
                52.50100070244191,
                29.81038385488119,
                0.0
              ],
              [
                52.5009966550562,
                29.81038879419191,
                0.0
              ],
              [
                52.50099241961147,
                29.81039361201975,
                0.0
              ],
              [
                52.50093889766934,
                29.81045238417101,
                0.0
              ],
              [
                52.5007123193046,
                29.81029546391266,
                0.0
              ],
              [
                52.50085731586712,
                29.81013623687663,
                0.0
              ],
              [
                52.50092574573805,
                29.81013608848527,
                0.0
              ]
            ]
          ]
        ]
      }
    },
    {
      "type": "Feature",
      "properties": {
        "Name": "477",
        "masahat": 804.28
      },
      "geometry": {
        "type": "MultiPolygon",
        "coordinates": [
          [
            [
              [
                52.50093889766934,
                29.81045238417101,
                0.0
              ],
              [
                52.50093578363776,
                29.81045580418271,
                0.0
              ],
              [
                52.50079132832909,
                29.81061443593669,
                0.0
              ],
              [
                52.50078557059888,
                29.81061501205495,
                0.0
              ],
              [
                52.50076229273785,
                29.81061734008398,
                0.0
              ],
              [
                52.50055189450854,
                29.81047162948795,
                0.0
              ],
              [
                52.5007123193046,
                29.81029546391266,
                0.0
              ],
              [
                52.50093889766934,
                29.81045238417101,
                0.0
              ]
            ]
          ]
        ]
      }
    },
    {
      "type": "Feature",
      "properties": {
        "Name": "477.5",
        "masahat": 246.12
      },
      "geometry": {
        "type": "MultiPolygon",
        "coordinates": [
          [
            [
              [
                52.50061521421603,
                29.81022821263576,
                0.0
              ],
              [
                52.50069865700416,
                29.8101365799261,
                0.0
              ],
              [
                52.50085731586712,
                29.81013623687663,
                0.0
              ],
              [
                52.5007123193046,
                29.81029546391266,
                0.0
              ],
              [
                52.50061521421603,
                29.81022821263576,
                0.0
              ]
            ]
          ]
        ]
      }
    },
    {
      "type": "Feature",
      "properties": {
        "Name": "477.1",
        "masahat": 345.68
      },
      "geometry": {
        "type": "MultiPolygon",
        "coordinates": [
          [
            [
              [
                52.5007123193046,
                29.81029546391266,
                0.0
              ],
              [
                52.50055189450854,
                29.81047162948795,
                0.0
              ],
              [
                52.50045478934629,
                29.81040437809705,
                0.0
              ],
              [
                52.50048049477732,
                29.81037615006421,
                0.0
              ],
              [
                52.50061521421603,
                29.81022821263576,
                0.0
              ],
              [
                52.5007123193046,
                29.81029546391266,
                0.0
              ]
            ]
          ]
        ]
      }
    },
    {
      "type": "Feature",
      "properties": {
        "Name": "315",
        "masahat": 497.02
      },
      "geometry": {
        "type": "MultiPolygon",
        "coordinates": [
          [
            [
              [
                52.50185957506322,
                29.81115991457624,
                0.0
              ],
              [
                52.50171904960792,
                29.81112930049239,
                0.0
              ],
              [
                52.50171954605739,
                29.81085920520314,
                0.0
              ],
              [
                52.50186012350837,
                29.81085940209554,
                0.0
              ],
              [
                52.50185957506322,
                29.81115991457624,
                0.0
              ]
            ]
          ]
        ]
      }
    },
    {
      "type": "Feature",
      "properties": {
        "Name": "316",
        "masahat": 337.5
      },
      "geometry": {
        "type": "MultiPolygon",
        "coordinates": [
          [
            [
              [
                52.50171954605739,
                29.81085920520314,
                0.0
              ],
              [
                52.50171904960792,
                29.81112930049239,
                0.0
              ],
              [
                52.50160873126999,
                29.81110527194298,
                0.0
              ],
              [
                52.50161949368029,
                29.81085833374894,
                0.0
              ],
              [
                52.50164145396519,
                29.81085902259136,
                0.0
              ],
              [
                52.50165173184431,
                29.8108591097078,
                0.0
              ],
              [
                52.50171954605739,
                29.81085920520314,
                0.0
              ]
            ]
          ]
        ]
      }
    },
    {
      "type": "Feature",
      "properties": {
        "Name": "313",
        "masahat": 691.56
      },
      "geometry": {
        "type": "MultiPolygon",
        "coordinates": [
          [
            [
              [
                52.50185957506322,
                29.81115991457624,
                0.0
              ],
              [
                52.50185761128868,
                29.81116268900166,
                0.0
              ],
              [
                52.50179845834915,
                29.81124428674885,
                0.0
              ],
              [
                52.50173738320752,
                29.81132480096549,
                0.0
              ],
              [
                52.50169739113716,
                29.81137541507622,
                0.0
              ],
              [
                52.5016091723983,
                29.81148292141294,
                0.0
              ],
              [
                52.50147826911028,
                29.8113915007576,
                0.0
              ],
              [
                52.50151379478066,
                29.81135281482558,
                0.0
              ],
              [
                52.50171904960792,
                29.81112930049239,
                0.0
              ],
              [
                52.50185957506322,
                29.81115991457624,
                0.0
              ]
            ]
          ]
        ]
      }
    },
    {
      "type": "Feature",
      "properties": {
        "Name": "312",
        "masahat": 340.19
      },
      "geometry": {
        "type": "MultiPolygon",
        "coordinates": [
          [
            [
              [
                52.50171904960792,
                29.81112930049239,
                0.0
              ],
              [
                52.50151379478066,
                29.81135281482558,
                0.0
              ],
              [
                52.50143313639487,
                29.81129648315736,
                0.0
              ],
              [
                52.50160873126999,
                29.81110527194298,
                0.0
              ],
              [
                52.50171904960792,
                29.81112930049239,
                0.0
              ]
            ]
          ]
        ]
      }
    },
    {
      "type": "Feature",
      "properties": {
        "Name": "311",
        "masahat": 287.2
      },
      "geometry": {
        "type": "MultiPolygon",
        "coordinates": [
          [
            [
              [
                52.5013524781122,
                29.81124015233846,
                0.0
              ],
              [
                52.50149840983688,
                29.81108124062827,
                0.0
              ],
              [
                52.50160873126999,
                29.81110527194298,
                0.0
              ],
              [
                52.50143313639487,
                29.81129648315736,
                0.0
              ],
              [
                52.5013524781122,
                29.81124015233846,
                0.0
              ]
            ]
          ]
        ]
      }
    },
    {
      "type": "Feature",
      "properties": {
        "Name": "317",
        "masahat": 420.13
      },
      "geometry": {
        "type": "MultiPolygon",
        "coordinates": [
          [
            [
              [
                52.50138809052165,
                29.81105720919596,
                0.0
              ],
              [
                52.50155874587874,
                29.81085494740908,
                0.0
              ],
              [
                52.50157388017961,
                29.81085639058338,
                0.0
              ],
              [
                52.50158906134976,
                29.81085743890549,
                0.0
              ],
              [
                52.50160426963877,
                29.8108580862835,
                0.0
              ],
              [
                52.50161949368029,
                29.81085833374894,
                0.0
              ],
              [
                52.50160873126999,
                29.81110527194298,
                0.0
              ],
              [
                52.50149840983688,
                29.81108124062827,
                0.0
              ],
              [
                52.50138809052165,
                29.81105720919596,
                0.0
              ]
            ]
          ]
        ]
      }
    },
    {
      "type": "Feature",
      "properties": {
        "Name": "310",
        "masahat": 257.29
      },
      "geometry": {
        "type": "MultiPolygon",
        "coordinates": [
          [
            [
              [
                52.50149840983688,
                29.81108124062827,
                0.0
              ],
              [
                52.5013524781122,
                29.81124015233846,
                0.0
              ],
              [
                52.50133956006129,
                29.81125422025965,
                0.0
              ],
              [
                52.50125889978098,
                29.81119788850159,
                0.0
              ],
              [
                52.50138809052165,
                29.81105720919596,
                0.0
              ],
              [
                52.50149840983688,
                29.81108124062827,
                0.0
              ]
            ]
          ]
        ]
      }
    },
    {
      "type": "Feature",
      "properties": {
        "Name": "318",
        "masahat": 279.26
      },
      "geometry": {
        "type": "MultiPolygon",
        "coordinates": [
          [
            [
              [
                52.50130743037873,
                29.81100087746136,
                0.0
              ],
              [
                52.50145959894054,
                29.81083517708787,
                0.0
              ],
              [
                52.50147577325684,
                29.81083967727643,
                0.0
              ],
              [
                52.50149211425565,
                29.81084369913903,
                0.0
              ],
              [
                52.50150859916386,
                29.81084724203205,
                0.0
              ],
              [
                52.50152521133459,
                29.81085029982832,
                0.0
              ],
              [
                52.50154193312688,
                29.81085286911898,
                0.0
              ],
              [
                52.50155874587874,
                29.81085494740908,
                0.0
              ],
              [
                52.50138809052165,
                29.81105720919596,
                0.0
              ],
              [
                52.50130743037873,
                29.81100087746136,
                0.0
              ]
            ]
          ]
        ]
      }
    },
    {
      "type": "Feature",
      "properties": {
        "Name": "309",
        "masahat": 230.8
      },
      "geometry": {
        "type": "MultiPolygon",
        "coordinates": [
          [
            [
              [
                52.50117824272085,
                29.81114155845975,
                0.0
              ],
              [
                52.50130743037873,
                29.81100087746136,
                0.0
              ],
              [
                52.50138809052165,
                29.81105720919596,
                0.0
              ],
              [
                52.50125889978098,
                29.81119788850159,
                0.0
              ],
              [
                52.50117824272085,
                29.81114155845975,
                0.0
              ]
            ]
          ]
        ]
      }
    },
    {
      "type": "Feature",
      "properties": {
        "Name": "319",
        "masahat": 255.37
      },
      "geometry": {
        "type": "MultiPolygon",
        "coordinates": [
          [
            [
              [
                52.50122677449049,
                29.81094454743123,
                0.0
              ],
              [
                52.50136284233117,
                29.81079637286845,
                0.0
              ],
              [
                52.5013782831333,
                29.81080406482144,
                0.0
              ],
              [
                52.50139402512006,
                29.81081127782264,
                0.0
              ],
              [
                52.50141004643161,
                29.81081800309709,
                0.0
              ],
              [
                52.50142632937311,
                29.81082423362714,
                0.0
              ],
              [
                52.50144285412677,
                29.8108299588099,
                0.0
              ],
              [
                52.50145959894054,
                29.81083517708787,
                0.0
              ],
              [
                52.50130743037873,
                29.81100087746136,
                0.0
              ],
              [
                52.50122677449049,
                29.81094454743123,
                0.0
              ]
            ]
          ]
        ]
      }
    },
    {
      "type": "Feature",
      "properties": {
        "Name": "308",
        "masahat": 230.79
      },
      "geometry": {
        "type": "MultiPolygon",
        "coordinates": [
          [
            [
              [
                52.50109758366786,
                29.8110852274864,
                0.0
              ],
              [
                52.50122677449049,
                29.81094454743123,
                0.0
              ],
              [
                52.50130743037873,
                29.81100087746136,
                0.0
              ],
              [
                52.50117824272085,
                29.81114155845975,
                0.0
              ],
              [
                52.50109758366786,
                29.8110852274864,
                0.0
              ]
            ]
          ]
        ]
      }
    },
    {
      "type": "Feature",
      "properties": {
        "Name": "320",
        "masahat": 235.45
      },
      "geometry": {
        "type": "MultiPolygon",
        "coordinates": [
          [
            [
              [
                52.50127538642514,
                29.81074744253308,
                0.0
              ],
              [
                52.50129210387787,
                29.81075824114741,
                0.0
              ],
              [
                52.50130922783531,
                29.81076854607819,
                0.0
              ],
              [
                52.50132673944689,
                29.81077834219981,
                0.0
              ],
              [
                52.50134461893529,
                29.81078762161591,
                0.0
              ],
              [
                52.50136284233117,
                29.81079637286845,
                0.0
              ],
              [
                52.50122677449049,
                29.81094454743123,
                0.0
              ],
              [
                52.50114611454035,
                29.81088821649309,
                0.0
              ],
              [
                52.50127538642514,
                29.81074744253308,
                0.0
              ]
            ]
          ]
        ]
      }
    },
    {
      "type": "Feature",
      "properties": {
        "Name": "307",
        "masahat": 230.8
      },
      "geometry": {
        "type": "MultiPolygon",
        "coordinates": [
          [
            [
              [
                52.50114611454035,
                29.81088821649309,
                0.0
              ],
              [
                52.50122677449049,
                29.81094454743123,
                0.0
              ],
              [
                52.50109758366786,
                29.8110852274864,
                0.0
              ],
              [
                52.50101692469102,
                29.811028895558,
                0.0
              ],
              [
                52.50114611454035,
                29.81088821649309,
                0.0
              ]
            ]
          ]
        ]
      }
    },
    {
      "type": "Feature",
      "properties": {
        "Name": "321",
        "masahat": 230.8
      },
      "geometry": {
        "type": "MultiPolygon",
        "coordinates": [
          [
            [
              [
                52.50127538642514,
                29.81074744253308,
                0.0
              ],
              [
                52.50114611454035,
                29.81088821649309,
                0.0
              ],
              [
                52.50106545571438,
                29.81083188549032,
                0.0
              ],
              [
                52.50119464523935,
                29.81069120548287,
                0.0
              ],
              [
                52.50126516480026,
                29.81074045463654,
                0.0
              ],
              [
                52.50127538642514,
                29.81074744253308,
                0.0
              ]
            ]
          ]
        ]
      }
    },
    {
      "type": "Feature",
      "properties": {
        "Name": "306",
        "masahat": 230.79
      },
      "geometry": {
        "type": "MultiPolygon",
        "coordinates": [
          [
            [
              [
                52.50093626789985,
                29.81097256535758,
                0.0
              ],
              [
                52.50106545571438,
                29.81083188549032,
                0.0
              ],
              [
                52.50114611454035,
                29.81088821649309,
                0.0
              ],
              [
                52.50101692469102,
                29.811028895558,
                0.0
              ],
              [
                52.50093626789985,
                29.81097256535758,
                0.0
              ]
            ]
          ]
        ]
      }
    },
    {
      "type": "Feature",
      "properties": {
        "Name": "322",
        "masahat": 230.8
      },
      "geometry": {
        "type": "MultiPolygon",
        "coordinates": [
          [
            [
              [
                52.50119464523935,
                29.81069120548287,
                0.0
              ],
              [
                52.50106545571438,
                29.81083188549032,
                0.0
              ],
              [
                52.50098479801259,
                29.81077555442293,
                0.0
              ],
              [
                52.50111398655075,
                29.81063487450357,
                0.0
              ],
              [
                52.50119464523935,
                29.81069120548287,
                0.0
              ]
            ]
          ]
        ]
      }
    },
    {
      "type": "Feature",
      "properties": {
        "Name": "305",
        "masahat": 230.79
      },
      "geometry": {
        "type": "MultiPolygon",
        "coordinates": [
          [
            [
              [
                52.50085561013685,
                29.81091623331171,
                0.0
              ],
              [
                52.50098479801259,
                29.81077555442293,
                0.0
              ],
              [
                52.50106545571438,
                29.81083188549032,
                0.0
              ],
              [
                52.50093626789985,
                29.81097256535758,
                0.0
              ],
              [
                52.50085561013685,
                29.81091623331171,
                0.0
              ]
            ]
          ]
        ]
      }
    },
    {
      "type": "Feature",
      "properties": {
        "Name": "323",
        "masahat": 228.48
      },
      "geometry": {
        "type": "MultiPolygon",
        "coordinates": [
          [
            [
              [
                52.50104946256376,
                29.81058980982959,
                0.0
              ],
              [
                52.50111398655075,
                29.81063487450357,
                0.0
              ],
              [
                52.50098479801259,
                29.81077555442293,
                0.0
              ],
              [
                52.50090414140801,
                29.81071922148659,
                0.0
              ],
              [
                52.50102041098362,
                29.81059261225176,
                0.0
              ],
              [
                52.50104946256376,
                29.81058980982959,
                0.0
              ]
            ]
          ]
        ]
      }
    },
    {
      "type": "Feature",
      "properties": {
        "Name": "304",
        "masahat": 228.49
      },
      "geometry": {
        "type": "MultiPolygon",
        "coordinates": [
          [
            [
              [
                52.50090414140801,
                29.81071922148659,
                0.0
              ],
              [
                52.50098479801259,
                29.81077555442293,
                0.0
              ],
              [
                52.50085561013685,
                29.81091623331171,
                0.0
              ],
              [
                52.50079108295649,
                29.8108711676487,
                0.0
              ],
              [
                52.50078786952678,
                29.81084583425913,
                0.0
              ],
              [
                52.50090414140801,
                29.81071922148659,
                0.0
              ]
            ]
          ]
        ]
      }
    },
    {
      "type": "Feature",
      "properties": {
        "Name": "329",
        "masahat": 346.19
      },
      "geometry": {
        "type": "MultiPolygon",
        "coordinates": [
          [
            [
              [
                52.50159776471806,
                29.81040845290523,
                0.0
              ],
              [
                52.50149442920904,
                29.81040830893926,
                0.0
              ],
              [
                52.50149492673803,
                29.81013796274954,
                0.0
              ],
              [
                52.50159826198241,
                29.81013810762696,
                0.0
              ],
              [
                52.50159776471806,
                29.81040845290523,
                0.0
              ]
            ]
          ]
        ]
      }
    },
    {
      "type": "Feature",
      "properties": {
        "Name": "328",
        "masahat": 346.19
      },
      "geometry": {
        "type": "MultiPolygon",
        "coordinates": [
          [
            [
              [
                52.50145449552583,
                29.81013790606574,
                0.0
              ],
              [
                52.50146334227649,
                29.81013791832605,
                0.0
              ],
              [
                52.50149492673803,
                29.81013796274954,
                0.0
              ],
              [
                52.50149442920904,
                29.81040830893926,
                0.0
              ],
              [
                52.50139109471765,
                29.81040816397849,
                0.0
              ],
              [
                52.50139159252477,
                29.81013781777948,
                0.0
              ],
              [
                52.50145449552583,
                29.81013790606574,
                0.0
              ]
            ]
          ]
        ]
      }
    },
    {
      "type": "Feature",
      "properties": {
        "Name": "327",
        "masahat": 346.18
      },
      "geometry": {
        "type": "MultiPolygon",
        "coordinates": [
          [
            [
              [
                52.50138370183696,
                29.81013780638089,
                0.0
              ],
              [
                52.50139159252477,
                29.81013781777948,
                0.0
              ],
              [
                52.50139109471765,
                29.81040816397849,
                0.0
              ],
              [
                52.50128776125738,
                29.81040801892513,
                0.0
              ],
              [
                52.50128825466086,
                29.81014061436343,
                0.0
              ],
              [
                52.50128826039061,
                29.81013767360726,
                0.0
              ],
              [
                52.50138370183696,
                29.81013780638089,
                0.0
              ]
            ]
          ]
        ]
      }
    },
    {
      "type": "Feature",
      "properties": {
        "Name": "324",
        "masahat": 443.86
      },
      "geometry": {
        "type": "MultiPolygon",
        "coordinates": [
          [
            [
              [
                52.50157689181259,
                29.81076261428773,
                0.0
              ],
              [
                52.50149380568718,
                29.81074715235597,
                0.0
              ],
              [
                52.50149442920904,
                29.81040830893926,
                0.0
              ],
              [
                52.50159776471806,
                29.81040845290523,
                0.0
              ],
              [
                52.50159759764016,
                29.81049857131928,
                0.0
              ],
              [
                52.50159713768953,
                29.81074835388384,
                0.0
              ],
              [
                52.50157689181259,
                29.81076261428773,
                0.0
              ]
            ]
          ]
        ]
      }
    },
    {
      "type": "Feature",
      "properties": {
        "Name": "325",
        "masahat": 410.56
      },
      "geometry": {
        "type": "MultiPolygon",
        "coordinates": [
          [
            [
              [
                52.50139054488582,
                29.81070667335414,
                0.0
              ],
              [
                52.50139109471765,
                29.81040816397849,
                0.0
              ],
              [
                52.50149442920904,
                29.81040830893926,
                0.0
              ],
              [
                52.50149380568718,
                29.81074715235597,
                0.0
              ],
              [
                52.50147846551236,
                29.81074259396437,
                0.0
              ],
              [
                52.50146329812273,
                29.81073761943839,
                0.0
              ],
              [
                52.50144831598656,
                29.8107322322457,
                0.0
              ],
              [
                52.5014335347296,
                29.81072643942746,
                0.0
              ],
              [
                52.50141896991021,
                29.81072024351388,
                0.0
              ],
              [
                52.50140463611959,
                29.81071365155788,
                0.0
              ],
              [
                52.50139054488582,
                29.81070667335414,
                0.0
              ]
            ]
          ]
        ]
      }
    },
    {
      "type": "Feature",
      "properties": {
        "Name": "326",
        "masahat": 342.18
      },
      "geometry": {
        "type": "MultiPolygon",
        "coordinates": [
          [
            [
              [
                52.50139054488582,
                29.81070667335414,
                0.0
              ],
              [
                52.50137479413695,
                29.81069824952583,
                0.0
              ],
              [
                52.50135940243833,
                29.81068934157658,
                0.0
              ],
              [
                52.50134438236605,
                29.81067996019154,
                0.0
              ],
              [
                52.50132975787584,
                29.81067011592661,
                0.0
              ],
              [
                52.50128733049686,
                29.81064048548087,
                0.0
              ],
              [
                52.50128776125738,
                29.81040801892513,
                0.0
              ],
              [
                52.50139109471765,
                29.81040816397849,
                0.0
              ],
              [
                52.50139054488582,
                29.81070667335414,
                0.0
              ]
            ]
          ]
        ]
      }
    },
    {
      "type": "Feature",
      "properties": {
        "Name": "287",
        "masahat": 450.32
      },
      "geometry": {
        "type": "MultiPolygon",
        "coordinates": [
          [
            [
              [
                52.50131495616883,
                29.81157542219568,
                0.0
              ],
              [
                52.50143060674755,
                29.81144842261254,
                0.0
              ],
              [
                52.50146595260366,
                29.81140961060543,
                0.0
              ],
              [
                52.50159828299743,
                29.81150125507302,
                0.0
              ],
              [
                52.50145143411249,
                29.8116699305918,
                0.0
              ],
              [
                52.50131495616883,
                29.81157542219568,
                0.0
              ]
            ]
          ]
        ]
      }
    },
    {
      "type": "Feature",
      "properties": {
        "Name": "286",
        "masahat": 453.4
      },
      "geometry": {
        "type": "MultiPolygon",
        "coordinates": [
          [
            [
              [
                52.50131495616883,
                29.81157542219568,
                0.0
              ],
              [
                52.50145143411249,
                29.8116699305918,
                0.0
              ],
              [
                52.50129798072098,
                29.81183413777368,
                0.0
              ],
              [
                52.50116391352207,
                29.81174129009046,
                0.0
              ],
              [
                52.50119925643833,
                29.81170247547793,
                0.0
              ],
              [
                52.50131495616883,
                29.81157542219568,
                0.0
              ]
            ]
          ]
        ]
      }
    },
    {
      "type": "Feature",
      "properties": {
        "Name": "288",
        "masahat": 207.67
      },
      "geometry": {
        "type": "MultiPolygon",
        "coordinates": [
          [
            [
              [
                52.50142635775356,
                29.81144547967582,
                0.0
              ],
              [
                52.50143060674755,
                29.81144842261254,
                0.0
              ],
              [
                52.50131495616883,
                29.81157542219568,
                0.0
              ],
              [
                52.50123403202025,
                29.81151938307662,
                0.0
              ],
              [
                52.50134783392756,
                29.81139441134892,
                0.0
              ],
              [
                52.50134968363733,
                29.81139238084371,
                0.0
              ],
              [
                52.50142635775356,
                29.81144547967582,
                0.0
              ]
            ]
          ]
        ]
      }
    },
    {
      "type": "Feature",
      "properties": {
        "Name": "285",
        "masahat": 207.76
      },
      "geometry": {
        "type": "MultiPolygon",
        "coordinates": [
          [
            [
              [
                52.50123403202025,
                29.81151938307662,
                0.0
              ],
              [
                52.50131495616883,
                29.81157542219568,
                0.0
              ],
              [
                52.50119925643833,
                29.81170247547793,
                0.0
              ],
              [
                52.50111833529513,
                29.81164643264638,
                0.0
              ],
              [
                52.50123403202025,
                29.81151938307662,
                0.0
              ]
            ]
          ]
        ]
      }
    },
    {
      "type": "Feature",
      "properties": {
        "Name": "289",
        "masahat": 207.68
      },
      "geometry": {
        "type": "MultiPolygon",
        "coordinates": [
          [
            [
              [
                52.50134604837016,
                29.81138986314609,
                0.0
              ],
              [
                52.50134968363733,
                29.81139238084371,
                0.0
              ],
              [
                52.50134783392756,
                29.81139441134892,
                0.0
              ],
              [
                52.50123403202025,
                29.81151938307662,
                0.0
              ],
              [
                52.50115310485754,
                29.81146334393964,
                0.0
              ],
              [
                52.50126876269907,
                29.81133633990035,
                0.0
              ],
              [
                52.50134604837016,
                29.81138986314609,
                0.0
              ]
            ]
          ]
        ]
      }
    },
    {
      "type": "Feature",
      "properties": {
        "Name": "284",
        "masahat": 207.75
      },
      "geometry": {
        "type": "MultiPolygon",
        "coordinates": [
          [
            [
              [
                52.50103741322032,
                29.81159039067558,
                0.0
              ],
              [
                52.50115310485754,
                29.81146334393964,
                0.0
              ],
              [
                52.50123403202025,
                29.81151938307662,
                0.0
              ],
              [
                52.50111833529513,
                29.81164643264638,
                0.0
              ],
              [
                52.50103741322032,
                29.81159039067558,
                0.0
              ]
            ]
          ]
        ]
      }
    },
    {
      "type": "Feature",
      "properties": {
        "Name": "290",
        "masahat": 230.77
      },
      "geometry": {
        "type": "MultiPolygon",
        "coordinates": [
          [
            [
              [
                52.50107218087438,
                29.81140730381205,
                0.0
              ],
              [
                52.50120069195451,
                29.81126618304318,
                0.0
              ],
              [
                52.50128161486744,
                29.81132222400859,
                0.0
              ],
              [
                52.50126876269907,
                29.81133633990035,
                0.0
              ],
              [
                52.50115310485754,
                29.81146334393964,
                0.0
              ],
              [
                52.50107218087438,
                29.81140730381205,
                0.0
              ]
            ]
          ]
        ]
      }
    },
    {
      "type": "Feature",
      "properties": {
        "Name": "283",
        "masahat": 230.83
      },
      "geometry": {
        "type": "MultiPolygon",
        "coordinates": [
          [
            [
              [
                52.50094363584971,
                29.81154846184255,
                0.0
              ],
              [
                52.50107218087438,
                29.81140730381205,
                0.0
              ],
              [
                52.50115310485754,
                29.81146334393964,
                0.0
              ],
              [
                52.50103741322032,
                29.81159039067558,
                0.0
              ],
              [
                52.50102455785345,
                29.81160450477632,
                0.0
              ],
              [
                52.50094363584971,
                29.81154846184255,
                0.0
              ]
            ]
          ]
        ]
      }
    },
    {
      "type": "Feature",
      "properties": {
        "Name": "291",
        "masahat": 230.77
      },
      "geometry": {
        "type": "MultiPolygon",
        "coordinates": [
          [
            [
              [
                52.50119596518422,
                29.81126290986064,
                0.0
              ],
              [
                52.50120069195451,
                29.81126618304318,
                0.0
              ],
              [
                52.50107218087438,
                29.81140730381205,
                0.0
              ],
              [
                52.50099125595963,
                29.81135126454521,
                0.0
              ],
              [
                52.50111827773552,
                29.81121177774727,
                0.0
              ],
              [
                52.50111976910409,
                29.81121014022026,
                0.0
              ],
              [
                52.50119596518422,
                29.81126290986064,
                0.0
              ]
            ]
          ]
        ]
      }
    },
    {
      "type": "Feature",
      "properties": {
        "Name": "282",
        "masahat": 230.82
      },
      "geometry": {
        "type": "MultiPolygon",
        "coordinates": [
          [
            [
              [
                52.50086271394891,
                29.81149241975779,
                0.0
              ],
              [
                52.50099125595963,
                29.81135126454521,
                0.0
              ],
              [
                52.50107218087438,
                29.81140730381205,
                0.0
              ],
              [
                52.50094363584971,
                29.81154846184255,
                0.0
              ],
              [
                52.50086271394891,
                29.81149241975779,
                0.0
              ]
            ]
          ]
        ]
      }
    },
    {
      "type": "Feature",
      "properties": {
        "Name": "292",
        "masahat": 230.77
      },
      "geometry": {
        "type": "MultiPolygon",
        "coordinates": [
          [
            [
              [
                52.50111554837121,
                29.81120721770548,
                0.0
              ],
              [
                52.50111976910409,
                29.81121014022026,
                0.0
              ],
              [
                52.50111827773552,
                29.81121177774727,
                0.0
              ],
              [
                52.50099125595963,
                29.81135126454521,
                0.0
              ],
              [
                52.50091033113434,
                29.81129522522519,
                0.0
              ],
              [
                52.50103884737764,
                29.81115409733241,
                0.0
              ],
              [
                52.50111554837121,
                29.81120721770548,
                0.0
              ]
            ]
          ]
        ]
      }
    },
    {
      "type": "Feature",
      "properties": {
        "Name": "281",
        "masahat": 230.82
      },
      "geometry": {
        "type": "MultiPolygon",
        "coordinates": [
          [
            [
              [
                52.50091033113434,
                29.81129522522519,
                0.0
              ],
              [
                52.50099125595963,
                29.81135126454521,
                0.0
              ],
              [
                52.50086271394891,
                29.81149241975779,
                0.0
              ],
              [
                52.50078179108956,
                29.81143637672944,
                0.0
              ],
              [
                52.50091033113434,
                29.81129522522519,
                0.0
              ]
            ]
          ]
        ]
      }
    },
    {
      "type": "Feature",
      "properties": {
        "Name": "293",
        "masahat": 230.78
      },
      "geometry": {
        "type": "MultiPolygon",
        "coordinates": [
          [
            [
              [
                52.50082940535049,
                29.81123918496157,
                0.0
              ],
              [
                52.50095792367161,
                29.81109805441486,
                0.0
              ],
              [
                52.50103884737764,
                29.81115409733241,
                0.0
              ],
              [
                52.50091033113434,
                29.81129522522519,
                0.0
              ],
              [
                52.50082940535049,
                29.81123918496157,
                0.0
              ]
            ]
          ]
        ]
      }
    },
    {
      "type": "Feature",
      "properties": {
        "Name": "280",
        "masahat": 230.81
      },
      "geometry": {
        "type": "MultiPolygon",
        "coordinates": [
          [
            [
              [
                52.50070086935418,
                29.81138033363616,
                0.0
              ],
              [
                52.50082940535049,
                29.81123918496157,
                0.0
              ],
              [
                52.50091033113434,
                29.81129522522519,
                0.0
              ],
              [
                52.50078179108956,
                29.81143637672944,
                0.0
              ],
              [
                52.50070086935418,
                29.81138033363616,
                0.0
              ]
            ]
          ]
        ]
      }
    },
    {
      "type": "Feature",
      "properties": {
        "Name": "294",
        "masahat": 230.78
      },
      "geometry": {
        "type": "MultiPolygon",
        "coordinates": [
          [
            [
              [
                52.50087700420659,
                29.81104201229933,
                0.0
              ],
              [
                52.50095792367161,
                29.81109805441486,
                0.0
              ],
              [
                52.50082940535049,
                29.81123918496157,
                0.0
              ],
              [
                52.50074847968305,
                29.81118314644913,
                0.0
              ],
              [
                52.50087700420659,
                29.81104201229933,
                0.0
              ]
            ]
          ]
        ]
      }
    },
    {
      "type": "Feature",
      "properties": {
        "Name": "279",
        "masahat": 230.81
      },
      "geometry": {
        "type": "MultiPolygon",
        "coordinates": [
          [
            [
              [
                52.5006199467007,
                29.81132429230579,
                0.0
              ],
              [
                52.50074847968305,
                29.81118314644913,
                0.0
              ],
              [
                52.50082940535049,
                29.81123918496157,
                0.0
              ],
              [
                52.50070086935418,
                29.81138033363616,
                0.0
              ],
              [
                52.5006199467007,
                29.81132429230579,
                0.0
              ]
            ]
          ]
        ]
      }
    },
    {
      "type": "Feature",
      "properties": {
        "Name": "295",
        "masahat": 230.79
      },
      "geometry": {
        "type": "MultiPolygon",
        "coordinates": [
          [
            [
              [
                52.50087700420659,
                29.81104201229933,
                0.0
              ],
              [
                52.50074847968305,
                29.81118314644913,
                0.0
              ],
              [
                52.50066755614718,
                29.81112710605566,
                0.0
              ],
              [
                52.50079608171399,
                29.81098596926371,
                0.0
              ],
              [
                52.50087700420659,
                29.81104201229933,
                0.0
              ]
            ]
          ]
        ]
      }
    },
    {
      "type": "Feature",
      "properties": {
        "Name": "278",
        "masahat": 230.8
      },
      "geometry": {
        "type": "MultiPolygon",
        "coordinates": [
          [
            [
              [
                52.50066755614718,
                29.81112710605566,
                0.0
              ],
              [
                52.50074847968305,
                29.81118314644913,
                0.0
              ],
              [
                52.5006199467007,
                29.81132429230579,
                0.0
              ],
              [
                52.5005390251173,
                29.81126824730182,
                0.0
              ],
              [
                52.50066755614718,
                29.81112710605566,
                0.0
              ]
            ]
          ]
        ]
      }
    },
    {
      "type": "Feature",
      "properties": {
        "Name": "296",
        "masahat": 228.48
      },
      "geometry": {
        "type": "MultiPolygon",
        "coordinates": [
          [
            [
              [
                52.50066755614718,
                29.81112710605566,
                0.0
              ],
              [
                52.50058663167969,
                29.81107106652293,
                0.0
              ],
              [
                52.50070230709456,
                29.8109440411112,
                0.0
              ],
              [
                52.50073134380317,
                29.81094113605996,
                0.0
              ],
              [
                52.50079608171399,
                29.81098596926371,
                0.0
              ],
              [
                52.50066755614718,
                29.81112710605566,
                0.0
              ]
            ]
          ]
        ]
      }
    },
    {
      "type": "Feature",
      "properties": {
        "Name": "277",
        "masahat": 228.49
      },
      "geometry": {
        "type": "MultiPolygon",
        "coordinates": [
          [
            [
              [
                52.50047095596151,
                29.81119809093899,
                0.0
              ],
              [
                52.50058663167969,
                29.81107106652293,
                0.0
              ],
              [
                52.50066755614718,
                29.81112710605566,
                0.0
              ],
              [
                52.5005390251173,
                29.81126824730182,
                0.0
              ],
              [
                52.50047428817579,
                29.81122341486669,
                0.0
              ],
              [
                52.50047095596151,
                29.81119809093899,
                0.0
              ]
            ]
          ]
        ]
      }
    },
    {
      "type": "Feature",
      "properties": {
        "Name": "253",
        "masahat": 430.27
      },
      "geometry": {
        "type": "MultiPolygon",
        "coordinates": [
          [
            [
              [
                52.50127792394851,
                29.81185477003925,
                0.0
              ],
              [
                52.50111710663458,
                29.81201382538015,
                0.0
              ],
              [
                52.50099361165033,
                29.81192829892034,
                0.0
              ],
              [
                52.5010988977415,
                29.81181268293864,
                0.0
              ],
              [
                52.50110928748536,
                29.81180127405388,
                0.0
              ],
              [
                52.50112178142903,
                29.81178755385741,
                0.0
              ],
              [
                52.50114463356051,
                29.81176246032176,
                0.0
              ],
              [
                52.50127792394851,
                29.81185477003925,
                0.0
              ]
            ]
          ]
        ]
      }
    },
    {
      "type": "Feature",
      "properties": {
        "Name": "252",
        "masahat": 386.41
      },
      "geometry": {
        "type": "MultiPolygon",
        "coordinates": [
          [
            [
              [
                52.50084259028065,
                29.81209413734782,
                0.0
              ],
              [
                52.50087793555241,
                29.81205532549766,
                0.0
              ],
              [
                52.50099361165033,
                29.81192829892034,
                0.0
              ],
              [
                52.50111710663458,
                29.81201382538015,
                0.0
              ],
              [
                52.50111662613691,
                29.81201428380845,
                0.0
              ],
              [
                52.5009496967805,
                29.81216831474779,
                0.0
              ],
              [
                52.50084259028065,
                29.81209413734782,
                0.0
              ]
            ]
          ]
        ]
      }
    },
    {
      "type": "Feature",
      "properties": {
        "Name": "254",
        "masahat": 207.71
      },
      "geometry": {
        "type": "MultiPolygon",
        "coordinates": [
          [
            [
              [
                52.50110341584819,
                29.8117972080961,
                0.0
              ],
              [
                52.50110928748536,
                29.81180127405388,
                0.0
              ],
              [
                52.5010988977415,
                29.81181268293864,
                0.0
              ],
              [
                52.50099361165033,
                29.81192829892034,
                0.0
              ],
              [
                52.50091268837284,
                29.81187225689267,
                0.0
              ],
              [
                52.50102710399251,
                29.81174661795239,
                0.0
              ],
              [
                52.50102836528667,
                29.81174523208296,
                0.0
              ],
              [
                52.50110341584819,
                29.8117972080961,
                0.0
              ]
            ]
          ]
        ]
      }
    },
    {
      "type": "Feature",
      "properties": {
        "Name": "255",
        "masahat": 207.72
      },
      "geometry": {
        "type": "MultiPolygon",
        "coordinates": [
          [
            [
              [
                52.50102836528667,
                29.81174523208296,
                0.0
              ],
              [
                52.50102710399251,
                29.81174661795239,
                0.0
              ],
              [
                52.50091268837284,
                29.81187225689267,
                0.0
              ],
              [
                52.50083176725386,
                29.81181621478832,
                0.0
              ],
              [
                52.50094604740062,
                29.81169071641397,
                0.0
              ],
              [
                52.50094744003341,
                29.8116891873876,
                0.0
              ],
              [
                52.50102836528667,
                29.81174523208296,
                0.0
              ]
            ]
          ]
        ]
      }
    },
    {
      "type": "Feature",
      "properties": {
        "Name": "250",
        "masahat": 207.72
      },
      "geometry": {
        "type": "MultiPolygon",
        "coordinates": [
          [
            [
              [
                52.50083176725386,
                29.81181621478832,
                0.0
              ],
              [
                52.50091268837284,
                29.81187225689267,
                0.0
              ],
              [
                52.5007970142997,
                29.81199928337798,
                0.0
              ],
              [
                52.50071609001939,
                29.81194324033819,
                0.0
              ],
              [
                52.50083176725386,
                29.81181621478832,
                0.0
              ]
            ]
          ]
        ]
      }
    },
    {
      "type": "Feature",
      "properties": {
        "Name": "256",
        "masahat": 230.79
      },
      "geometry": {
        "type": "MultiPolygon",
        "coordinates": [
          [
            [
              [
                52.50095373272553,
                29.81167052972646,
                0.0
              ],
              [
                52.50096029440073,
                29.81167507420772,
                0.0
              ],
              [
                52.50094744003341,
                29.8116891873876,
                0.0
              ],
              [
                52.50094604740062,
                29.81169071641397,
                0.0
              ],
              [
                52.50083176725386,
                29.81181621478832,
                0.0
              ],
              [
                52.50075084517633,
                29.81176017174037,
                0.0
              ],
              [
                52.50087937135134,
                29.81161903214982,
                0.0
              ],
              [
                52.50095373272553,
                29.81167052972646,
                0.0
              ]
            ]
          ]
        ]
      }
    },
    {
      "type": "Feature",
      "properties": {
        "Name": "249",
        "masahat": 230.8
      },
      "geometry": {
        "type": "MultiPolygon",
        "coordinates": [
          [
            [
              [
                52.50071609001939,
                29.81194324033819,
                0.0
              ],
              [
                52.50070323765316,
                29.81195735347264,
                0.0
              ],
              [
                52.50062231553991,
                29.81190131125074,
                0.0
              ],
              [
                52.50075084517633,
                29.81176017174037,
                0.0
              ],
              [
                52.50083176725386,
                29.81181621478832,
                0.0
              ],
              [
                52.50071609001939,
                29.81194324033819,
                0.0
              ]
            ]
          ]
        ]
      }
    },
    {
      "type": "Feature",
      "properties": {
        "Name": "257",
        "masahat": 230.8
      },
      "geometry": {
        "type": "MultiPolygon",
        "coordinates": [
          [
            [
              [
                52.50066992113269,
                29.81170412956492,
                0.0
              ],
              [
                52.50079844941246,
                29.81156298912483,
                0.0
              ],
              [
                52.50087937135134,
                29.81161903214982,
                0.0
              ],
              [
                52.50075084517633,
                29.81176017174037,
                0.0
              ],
              [
                52.50066992113269,
                29.81170412956492,
                0.0
              ]
            ]
          ]
        ]
      }
    },
    {
      "type": "Feature",
      "properties": {
        "Name": "248",
        "masahat": 230.8
      },
      "geometry": {
        "type": "MultiPolygon",
        "coordinates": [
          [
            [
              [
                52.50075084517633,
                29.81176017174037,
                0.0
              ],
              [
                52.50062231553991,
                29.81190131125074,
                0.0
              ],
              [
                52.50054139142014,
                29.81184526719479,
                0.0
              ],
              [
                52.50066992113269,
                29.81170412956492,
                0.0
              ],
              [
                52.50075084517633,
                29.81176017174037,
                0.0
              ]
            ]
          ]
        ]
      }
    },
    {
      "type": "Feature",
      "properties": {
        "Name": "258",
        "masahat": 230.8
      },
      "geometry": {
        "type": "MultiPolygon",
        "coordinates": [
          [
            [
              [
                52.50058899817262,
                29.81164808461801,
                0.0
              ],
              [
                52.50071752757653,
                29.81150694694883,
                0.0
              ],
              [
                52.50079844941246,
                29.81156298912483,
                0.0
              ],
              [
                52.50066992113269,
                29.81170412956492,
                0.0
              ],
              [
                52.50058899817262,
                29.81164808461801,
                0.0
              ]
            ]
          ]
        ]
      }
    },
    {
      "type": "Feature",
      "properties": {
        "Name": "247",
        "masahat": 230.8
      },
      "geometry": {
        "type": "MultiPolygon",
        "coordinates": [
          [
            [
              [
                52.50066992113269,
                29.81170412956492,
                0.0
              ],
              [
                52.50054139142014,
                29.81184526719479,
                0.0
              ],
              [
                52.50046047053382,
                29.81178922575698,
                0.0
              ],
              [
                52.50058899817262,
                29.81164808461801,
                0.0
              ],
              [
                52.50066992113269,
                29.81170412956492,
                0.0
              ]
            ]
          ]
        ]
      }
    },
    {
      "type": "Feature",
      "properties": {
        "Name": "259",
        "masahat": 230.79
      },
      "geometry": {
        "type": "MultiPolygon",
        "coordinates": [
          [
            [
              [
                52.50071173751398,
                29.81150293689288,
                0.0
              ],
              [
                52.50071752757653,
                29.81150694694883,
                0.0
              ],
              [
                52.50058899817262,
                29.81164808461801,
                0.0
              ],
              [
                52.50050807637694,
                29.81159204231272,
                0.0
              ],
              [
                52.50063432552016,
                29.81145341021936,
                0.0
              ],
              [
                52.5006366058435,
                29.81145090562184,
                0.0
              ],
              [
                52.50071173751398,
                29.81150293689288,
                0.0
              ]
            ]
          ]
        ]
      }
    },
    {
      "type": "Feature",
      "properties": {
        "Name": "246",
        "masahat": 230.8
      },
      "geometry": {
        "type": "MultiPolygon",
        "coordinates": [
          [
            [
              [
                52.50058899817262,
                29.81164808461801,
                0.0
              ],
              [
                52.50046047053382,
                29.81178922575698,
                0.0
              ],
              [
                52.50037954867548,
                29.81173318247338,
                0.0
              ],
              [
                52.50050807637694,
                29.81159204231272,
                0.0
              ],
              [
                52.50058899817262,
                29.81164808461801,
                0.0
              ]
            ]
          ]
        ]
      }
    },
    {
      "type": "Feature",
      "properties": {
        "Name": "260",
        "masahat": 221.57
      },
      "geometry": {
        "type": "MultiPolygon",
        "coordinates": [
          [
            [
              [
                52.5006366058435,
                29.81145090562184,
                0.0
              ],
              [
                52.50063432552016,
                29.81145341021936,
                0.0
              ],
              [
                52.50050807637694,
                29.81159204231272,
                0.0
              ],
              [
                52.5004303905565,
                29.81153824249089,
                0.0
              ],
              [
                52.50055616020516,
                29.81140013295017,
                0.0
              ],
              [
                52.5005589200164,
                29.81139710226437,
                0.0
              ],
              [
                52.5006366058435,
                29.81145090562184,
                0.0
              ]
            ]
          ]
        ]
      }
    },
    {
      "type": "Feature",
      "properties": {
        "Name": "245",
        "masahat": 221.56
      },
      "geometry": {
        "type": "MultiPolygon",
        "coordinates": [
          [
            [
              [
                52.50050807637694,
                29.81159204231272,
                0.0
              ],
              [
                52.50037954867548,
                29.81173318247338,
                0.0
              ],
              [
                52.50030186280782,
                29.81167938257847,
                0.0
              ],
              [
                52.5004303905565,
                29.81153824249089,
                0.0
              ],
              [
                52.50050807637694,
                29.81159204231272,
                0.0
              ]
            ]
          ]
        ]
      }
    },
    {
      "type": "Feature",
      "properties": {
        "Name": "261",
        "masahat": 221.56
      },
      "geometry": {
        "type": "MultiPolygon",
        "coordinates": [
          [
            [
              [
                52.5005589200164,
                29.81139710226437,
                0.0
              ],
              [
                52.50055616020516,
                29.81140013295017,
                0.0
              ],
              [
                52.5004303905565,
                29.81153824249089,
                0.0
              ],
              [
                52.5003527058261,
                29.81148444080395,
                0.0
              ],
              [
                52.50047722643594,
                29.81134770352546,
                0.0
              ],
              [
                52.50048123432563,
                29.81134330246664,
                0.0
              ],
              [
                52.5005589200164,
                29.81139710226437,
                0.0
              ]
            ]
          ]
        ]
      }
    },
    {
      "type": "Feature",
      "properties": {
        "Name": "244",
        "masahat": 221.57
      },
      "geometry": {
        "type": "MultiPolygon",
        "coordinates": [
          [
            [
              [
                52.5004303905565,
                29.81153824249089,
                0.0
              ],
              [
                52.50030186280782,
                29.81167938257847,
                0.0
              ],
              [
                52.50022417696874,
                29.81162557902585,
                0.0
              ],
              [
                52.5003527058261,
                29.81148444080395,
                0.0
              ],
              [
                52.5004303905565,
                29.81153824249089,
                0.0
              ]
            ]
          ]
        ]
      }
    },
    {
      "type": "Feature",
      "properties": {
        "Name": "262",
        "masahat": 228.49
      },
      "geometry": {
        "type": "MultiPolygon",
        "coordinates": [
          [
            [
              [
                52.50048123432563,
                29.81134330246664,
                0.0
              ],
              [
                52.50047722643594,
                29.81134770352546,
                0.0
              ],
              [
                52.5003527058261,
                29.81148444080395,
                0.0
              ],
              [
                52.50027178429163,
                29.8114283983434,
                0.0
              ],
              [
                52.50038745842555,
                29.81130137230721,
                0.0
              ],
              [
                52.5004075460654,
                29.81129936299753,
                0.0
              ],
              [
                52.50041649731829,
                29.81129846729794,
                0.0
              ],
              [
                52.50048123432563,
                29.81134330246664,
                0.0
              ]
            ]
          ]
        ]
      }
    },
    {
      "type": "Feature",
      "properties": {
        "Name": "243",
        "masahat": 228.49
      },
      "geometry": {
        "type": "MultiPolygon",
        "coordinates": [
          [
            [
              [
                52.50015943993658,
                29.81158074734405,
                0.0
              ],
              [
                52.50015610673736,
                29.81155542251696,
                0.0
              ],
              [
                52.50027178429163,
                29.8114283983434,
                0.0
              ],
              [
                52.5003527058261,
                29.81148444080395,
                0.0
              ],
              [
                52.50022417696874,
                29.81162557902585,
                0.0
              ],
              [
                52.50015943993658,
                29.81158074734405,
                0.0
              ]
            ]
          ]
        ]
      }
    },
    {
      "type": "Feature",
      "properties": {
        "Name": "205",
        "masahat": 310.29
      },
      "geometry": {
        "type": "MultiPolygon",
        "coordinates": [
          [
            [
              [
                52.50078796595975,
                29.81215412296945,
                0.0
              ],
              [
                52.50082331125985,
                29.81211531023062,
                0.0
              ],
              [
                52.50092784887712,
                29.812187705854,
                0.0
              ],
              [
                52.50075293263043,
                29.81233699711809,
                0.0
              ],
              [
                52.50067228933305,
                29.81228114847837,
                0.0
              ],
              [
                52.50078796595975,
                29.81215412296945,
                0.0
              ]
            ]
          ]
        ]
      }
    },
    {
      "type": "Feature",
      "properties": {
        "Name": "206",
        "masahat": 207.72
      },
      "geometry": {
        "type": "MultiPolygon",
        "coordinates": [
          [
            [
              [
                52.50078796595975,
                29.81215412296945,
                0.0
              ],
              [
                52.50067228933305,
                29.81228114847837,
                0.0
              ],
              [
                52.50059136695364,
                29.81222510534644,
                0.0
              ],
              [
                52.50070412395191,
                29.81210128475557,
                0.0
              ],
              [
                52.50070600419789,
                29.81209921872128,
                0.0
              ],
              [
                52.50070704257659,
                29.8120980790156,
                0.0
              ],
              [
                52.50078796595975,
                29.81215412296945,
                0.0
              ]
            ]
          ]
        ]
      }
    },
    {
      "type": "Feature",
      "properties": {
        "Name": "204",
        "masahat": 490.13
      },
      "geometry": {
        "type": "MultiPolygon",
        "coordinates": [
          [
            [
              [
                52.5007518542952,
                29.81233788643051,
                0.0
              ],
              [
                52.50057126908358,
                29.812481614931,
                0.0
              ],
              [
                52.50044034552301,
                29.81239094423581,
                0.0
              ],
              [
                52.50047568999283,
                29.81235213069335,
                0.0
              ],
              [
                52.50059136695364,
                29.81222510534644,
                0.0
              ],
              [
                52.50067228933305,
                29.81228114847837,
                0.0
              ],
              [
                52.50075293263043,
                29.81233699711809,
                0.0
              ],
              [
                52.5007518542952,
                29.81233788643051,
                0.0
              ]
            ]
          ]
        ]
      }
    },
    {
      "type": "Feature",
      "properties": {
        "Name": "207",
        "masahat": 207.72
      },
      "geometry": {
        "type": "MultiPolygon",
        "coordinates": [
          [
            [
              [
                52.50066822238559,
                29.81207119380738,
                0.0
              ],
              [
                52.50070695371171,
                29.81209801776425,
                0.0
              ],
              [
                52.50070704257659,
                29.8120980790156,
                0.0
              ],
              [
                52.50070600419789,
                29.81209921872128,
                0.0
              ],
              [
                52.50070412395191,
                29.81210128475557,
                0.0
              ],
              [
                52.50059136695364,
                29.81222510534644,
                0.0
              ],
              [
                52.50051044467715,
                29.81216906306352,
                0.0
              ],
              [
                52.50062401510435,
                29.81204434901868,
                0.0
              ],
              [
                52.50062612034438,
                29.8120420368012,
                0.0
              ],
              [
                52.50066822238559,
                29.81207119380738,
                0.0
              ]
            ]
          ]
        ]
      }
    },
    {
      "type": "Feature",
      "properties": {
        "Name": "203",
        "masahat": 207.72
      },
      "geometry": {
        "type": "MultiPolygon",
        "coordinates": [
          [
            [
              [
                52.50059136695364,
                29.81222510534644,
                0.0
              ],
              [
                52.50047568999283,
                29.81235213069335,
                0.0
              ],
              [
                52.50039476560302,
                29.81229608836542,
                0.0
              ],
              [
                52.50051044467715,
                29.81216906306352,
                0.0
              ],
              [
                52.50059136695364,
                29.81222510534644,
                0.0
              ]
            ]
          ]
        ]
      }
    },
    {
      "type": "Feature",
      "properties": {
        "Name": "208",
        "masahat": 230.8
      },
      "geometry": {
        "type": "MultiPolygon",
        "coordinates": [
          [
            [
              [
                52.50063897273208,
                29.81202792367369,
                0.0
              ],
              [
                52.50062612034438,
                29.8120420368012,
                0.0
              ],
              [
                52.50062401510435,
                29.81204434901868,
                0.0
              ],
              [
                52.50051044467715,
                29.81216906306352,
                0.0
              ],
              [
                52.50042952040761,
                29.81211301984875,
                0.0
              ],
              [
                52.50055569289985,
                29.81197447170768,
                0.0
              ],
              [
                52.50055805162879,
                29.81197188140196,
                0.0
              ],
              [
                52.50063897273208,
                29.81202792367369,
                0.0
              ]
            ]
          ]
        ]
      }
    },
    {
      "type": "Feature",
      "properties": {
        "Name": "202",
        "masahat": 207.72
      },
      "geometry": {
        "type": "MultiPolygon",
        "coordinates": [
          [
            [
              [
                52.50051044467715,
                29.81216906306352,
                0.0
              ],
              [
                52.50039476560302,
                29.81229608836542,
                0.0
              ],
              [
                52.5003138454408,
                29.81224004593731,
                0.0
              ],
              [
                52.50042952040761,
                29.81211301984875,
                0.0
              ],
              [
                52.50051044467715,
                29.81216906306352,
                0.0
              ]
            ]
          ]
        ]
      }
    },
    {
      "type": "Feature",
      "properties": {
        "Name": "155",
        "masahat": 230.8
      },
      "geometry": {
        "type": "MultiPolygon",
        "coordinates": [
          [
            [
              [
                52.4999115953656,
                29.81253685041638,
                0.0
              ],
              [
                52.49989874282409,
                29.81255096438006,
                0.0
              ],
              [
                52.49981782060344,
                29.81249491896463,
                0.0
              ],
              [
                52.49994635009878,
                29.81235378291374,
                0.0
              ],
              [
                52.50002727428544,
                29.81240982462083,
                0.0
              ],
              [
                52.4999115953656,
                29.81253685041638,
                0.0
              ]
            ]
          ]
        ]
      }
    },
    {
      "type": "Feature",
      "properties": {
        "Name": "164",
        "masahat": 230.8
      },
      "geometry": {
        "type": "MultiPolygon",
        "coordinates": [
          [
            [
              [
                52.49999506436895,
                29.81215736576694,
                0.0
              ],
              [
                52.500074881238,
                29.81221264221302,
                0.0
              ],
              [
                52.49994635009878,
                29.81235378291374,
                0.0
              ],
              [
                52.49986542700917,
                29.81229773933737,
                0.0
              ],
              [
                52.49999019561768,
                29.81216073168777,
                0.0
              ],
              [
                52.49999395821105,
                29.81215659961496,
                0.0
              ],
              [
                52.49999506436895,
                29.81215736576694,
                0.0
              ]
            ]
          ]
        ]
      }
    },
    {
      "type": "Feature",
      "properties": {
        "Name": "154",
        "masahat": 230.79
      },
      "geometry": {
        "type": "MultiPolygon",
        "coordinates": [
          [
            [
              [
                52.49986542700917,
                29.81229773933737,
                0.0
              ],
              [
                52.49994635009878,
                29.81235378291374,
                0.0
              ],
              [
                52.49981782060344,
                29.81249491896463,
                0.0
              ],
              [
                52.49973689852612,
                29.81243887710474,
                0.0
              ],
              [
                52.49986542700917,
                29.81229773933737,
                0.0
              ]
            ]
          ]
        ]
      }
    },
    {
      "type": "Feature",
      "properties": {
        "Name": "165",
        "masahat": 230.8
      },
      "geometry": {
        "type": "MultiPolygon",
        "coordinates": [
          [
            [
              [
                52.49999395821105,
                29.81215659961496,
                0.0
              ],
              [
                52.49999019561768,
                29.81216073168777,
                0.0
              ],
              [
                52.49986542700917,
                29.81229773933737,
                0.0
              ],
              [
                52.4997845070857,
                29.81224169386823,
                0.0
              ],
              [
                52.49990960659126,
                29.81210432250725,
                0.0
              ],
              [
                52.49991303528702,
                29.8121005578659,
                0.0
              ],
              [
                52.49999395821105,
                29.81215659961496,
                0.0
              ]
            ]
          ]
        ]
      }
    },
    {
      "type": "Feature",
      "properties": {
        "Name": "153",
        "masahat": 230.8
      },
      "geometry": {
        "type": "MultiPolygon",
        "coordinates": [
          [
            [
              [
                52.4997845070857,
                29.81224169386823,
                0.0
              ],
              [
                52.49986542700917,
                29.81229773933737,
                0.0
              ],
              [
                52.49973689852612,
                29.81243887710474,
                0.0
              ],
              [
                52.4996559754768,
                29.81238283339907,
                0.0
              ],
              [
                52.4997845070857,
                29.81224169386823,
                0.0
              ]
            ]
          ]
        ]
      }
    },
    {
      "type": "Feature",
      "properties": {
        "Name": "166",
        "masahat": 230.79
      },
      "geometry": {
        "type": "MultiPolygon",
        "coordinates": [
          [
            [
              [
                52.49991303528702,
                29.8121005578659,
                0.0
              ],
              [
                52.49990960659126,
                29.81210432250725,
                0.0
              ],
              [
                52.4997845070857,
                29.81224169386823,
                0.0
              ],
              [
                52.49970358316742,
                29.81218565200161,
                0.0
              ],
              [
                52.49982910828689,
                29.81204781569588,
                0.0
              ],
              [
                52.49983211551565,
                29.81204451332189,
                0.0
              ],
              [
                52.49991303528702,
                29.8121005578659,
                0.0
              ]
            ]
          ]
        ]
      }
    },
    {
      "type": "Feature",
      "properties": {
        "Name": "152",
        "masahat": 230.8
      },
      "geometry": {
        "type": "MultiPolygon",
        "coordinates": [
          [
            [
              [
                52.4995750514824,
                29.81232678965197,
                0.0
              ],
              [
                52.49970358316742,
                29.81218565200161,
                0.0
              ],
              [
                52.4997845070857,
                29.81224169386823,
                0.0
              ],
              [
                52.4996559754768,
                29.81238283339907,
                0.0
              ],
              [
                52.4995750514824,
                29.81232678965197,
                0.0
              ]
            ]
          ]
        ]
      }
    },
    {
      "type": "Feature",
      "properties": {
        "Name": "167",
        "masahat": 228.49
      },
      "geometry": {
        "type": "MultiPolygon",
        "coordinates": [
          [
            [
              [
                52.49983211551565,
                29.81204451332189,
                0.0
              ],
              [
                52.49982910828689,
                29.81204781569588,
                0.0
              ],
              [
                52.49970358316742,
                29.81218565200161,
                0.0
              ],
              [
                52.49962266138073,
                29.81212960825399,
                0.0
              ],
              [
                52.49973540833117,
                29.81200580211242,
                0.0
              ],
              [
                52.4997383381899,
                29.81200258453536,
                0.0
              ],
              [
                52.49976737624827,
                29.81199967786878,
                0.0
              ],
              [
                52.49983211551565,
                29.81204451332189,
                0.0
              ]
            ]
          ]
        ]
      }
    },
    {
      "type": "Feature",
      "properties": {
        "Name": "151",
        "masahat": 228.49
      },
      "geometry": {
        "type": "MultiPolygon",
        "coordinates": [
          [
            [
              [
                52.49951031526684,
                29.81228195584616,
                0.0
              ],
              [
                52.49950698326064,
                29.81225663279302,
                0.0
              ],
              [
                52.49962266138073,
                29.81212960825399,
                0.0
              ],
              [
                52.49970358316742,
                29.81218565200161,
                0.0
              ],
              [
                52.4995750514824,
                29.81232678965197,
                0.0
              ],
              [
                52.49951031526684,
                29.81228195584616,
                0.0
              ]
            ]
          ]
        ]
      }
    },
    {
      "type": "Feature",
      "properties": {
        "Name": "76",
        "masahat": 303.14
      },
      "geometry": {
        "type": "MultiPolygon",
        "coordinates": [
          [
            [
              [
                52.50001858079819,
                29.81270918080621,
                0.0
              ],
              [
                52.50013553095614,
                29.81279017247725,
                0.0
              ],
              [
                52.49993094468918,
                29.81291891786593,
                0.0
              ],
              [
                52.49986718340307,
                29.81287475985601,
                0.0
              ],
              [
                52.49998285964687,
                29.81274773412541,
                0.0
              ],
              [
                52.49998346907066,
                29.81274773262059,
                0.0
              ],
              [
                52.50001858079819,
                29.81270918080621,
                0.0
              ]
            ]
          ]
        ]
      }
    },
    {
      "type": "Feature",
      "properties": {
        "Name": "75",
        "masahat": 207.72
      },
      "geometry": {
        "type": "MultiPolygon",
        "coordinates": [
          [
            [
              [
                52.4999027903702,
                29.81269228003621,
                0.0
              ],
              [
                52.49998285964687,
                29.81274773412541,
                0.0
              ],
              [
                52.49986718340307,
                29.81287475985601,
                0.0
              ],
              [
                52.49978626095698,
                29.81281871623671,
                0.0
              ],
              [
                52.49989900539782,
                29.81269491449421,
                0.0
              ],
              [
                52.49990194036212,
                29.81269169144156,
                0.0
              ],
              [
                52.4999027903702,
                29.81269228003621,
                0.0
              ]
            ]
          ]
        ]
      }
    },
    {
      "type": "Feature",
      "properties": {
        "Name": "74",
        "masahat": 207.24
      },
      "geometry": {
        "type": "MultiPolygon",
        "coordinates": [
          [
            [
              [
                52.49982233645836,
                29.81263656136812,
                0.0
              ],
              [
                52.49990194036212,
                29.81269169144156,
                0.0
              ],
              [
                52.49989900539782,
                29.81269491449421,
                0.0
              ],
              [
                52.49978626095698,
                29.81281871623671,
                0.0
              ],
              [
                52.49970533756581,
                29.81276267257596,
                0.0
              ],
              [
                52.49982139026379,
                29.81263590619012,
                0.0
              ],
              [
                52.49982233645836,
                29.81263656136812,
                0.0
              ]
            ]
          ]
        ]
      }
    },
    {
      "type": "Feature",
      "properties": {
        "Name": "73",
        "masahat": 228.68
      },
      "geometry": {
        "type": "MultiPolygon",
        "coordinates": [
          [
            [
              [
                52.49982139026379,
                29.81263590619012,
                0.0
              ],
              [
                52.49970533756581,
                29.81276267257596,
                0.0
              ],
              [
                52.49962460141229,
                29.81270675847795,
                0.0
              ],
              [
                52.49974070112501,
                29.81257960362596,
                0.0
              ],
              [
                52.49976973832824,
                29.81257669786724,
                0.0
              ],
              [
                52.49983447693228,
                29.81262153241202,
                0.0
              ],
              [
                52.4998248749236,
                29.81263207685018,
                0.0
              ],
              [
                52.49982139026379,
                29.81263590619012,
                0.0
              ]
            ]
          ]
        ]
      }
    },
    {
      "type": "Feature",
      "properties": {
        "Name": "64",
        "masahat": 452.81
      },
      "geometry": {
        "type": "MultiPolygon",
        "coordinates": [
          [
            [
              [
                52.49993094468918,
                29.81291891786593,
                0.0
              ],
              [
                52.49972834153218,
                29.81303720139018,
                0.0
              ],
              [
                52.4996604668243,
                29.81307682793052,
                0.0
              ],
              [
                52.49965890375645,
                29.81307574483069,
                0.0
              ],
              [
                52.49959346233431,
                29.81303042370833,
                0.0
              ],
              [
                52.49965772968383,
                29.81295985577116,
                0.0
              ],
              [
                52.49978626095698,
                29.81281871623671,
                0.0
              ],
              [
                52.49986718340307,
                29.81287475985601,
                0.0
              ],
              [
                52.49993094468918,
                29.81291891786593,
                0.0
              ]
            ]
          ]
        ]
      }
    },
    {
      "type": "Feature",
      "properties": {
        "Name": "65",
        "masahat": 230.8
      },
      "geometry": {
        "type": "MultiPolygon",
        "coordinates": [
          [
            [
              [
                52.49978626095698,
                29.81281871623671,
                0.0
              ],
              [
                52.49965772968383,
                29.81295985577116,
                0.0
              ],
              [
                52.49957680623001,
                29.8129038111321,
                0.0
              ],
              [
                52.49970533756581,
                29.81276267257596,
                0.0
              ],
              [
                52.49978626095698,
                29.81281871623671,
                0.0
              ]
            ]
          ]
        ]
      }
    },
    {
      "type": "Feature",
      "properties": {
        "Name": "66",
        "masahat": 228.25
      },
      "geometry": {
        "type": "MultiPolygon",
        "coordinates": [
          [
            [
              [
                52.49970533756581,
                29.81276267257596,
                0.0
              ],
              [
                52.49957680623001,
                29.8129038111321,
                0.0
              ],
              [
                52.49951206756099,
                29.81285897736736,
                0.0
              ],
              [
                52.49950873758418,
                29.81283365339142,
                0.0
              ],
              [
                52.49954929457733,
                29.81278923430992,
                0.0
              ],
              [
                52.49961776811455,
                29.81271424235649,
                0.0
              ],
              [
                52.49962460141229,
                29.81270675847795,
                0.0
              ],
              [
                52.49970533756581,
                29.81276267257596,
                0.0
              ]
            ]
          ]
        ]
      }
    },
    {
      "type": "Feature",
      "properties": {
        "Name": "297",
        "masahat": 228.49
      },
      "geometry": {
        "type": "MultiPolygon",
        "coordinates": [
          [
            [
              [
                52.50069802661828,
                29.81068791122203,
                0.0
              ],
              [
                52.50070135987431,
                29.81071323332839,
                0.0
              ],
              [
                52.50067384441238,
                29.81074344813696,
                0.0
              ],
              [
                52.5005856846837,
                29.81084025693004,
                0.0
              ],
              [
                52.50050476047105,
                29.81078421553084,
                0.0
              ],
              [
                52.50062941244173,
                29.81064733676758,
                0.0
              ],
              [
                52.50063329203729,
                29.81064307702266,
                0.0
              ],
              [
                52.50069802661828,
                29.81068791122203,
                0.0
              ]
            ]
          ]
        ]
      }
    },
    {
      "type": "Feature",
      "properties": {
        "Name": "276",
        "masahat": 228.49
      },
      "geometry": {
        "type": "MultiPolygon",
        "coordinates": [
          [
            [
              [
                52.50037623476757,
                29.81092535475526,
                0.0
              ],
              [
                52.50050476047105,
                29.81078421553084,
                0.0
              ],
              [
                52.5005856846837,
                29.81084025693004,
                0.0
              ],
              [
                52.50047000924369,
                29.81096728314472,
                0.0
              ],
              [
                52.50044097253083,
                29.81097018904119,
                0.0
              ],
              [
                52.50037623476757,
                29.81092535475526,
                0.0
              ]
            ]
          ]
        ]
      }
    },
    {
      "type": "Feature",
      "properties": {
        "Name": "298",
        "masahat": 230.8
      },
      "geometry": {
        "type": "MultiPolygon",
        "coordinates": [
          [
            [
              [
                52.50063329203729,
                29.81064307702266,
                0.0
              ],
              [
                52.50062941244173,
                29.81064733676758,
                0.0
              ],
              [
                52.50050476047105,
                29.81078421553084,
                0.0
              ],
              [
                52.50042384150697,
                29.81072817311755,
                0.0
              ],
              [
                52.50054977304312,
                29.81058988218872,
                0.0
              ],
              [
                52.50055236790938,
                29.81058703203772,
                0.0
              ],
              [
                52.50063329203729,
                29.81064307702266,
                0.0
              ]
            ]
          ]
        ]
      }
    },
    {
      "type": "Feature",
      "properties": {
        "Name": "275",
        "masahat": 230.79
      },
      "geometry": {
        "type": "MultiPolygon",
        "coordinates": [
          [
            [
              [
                52.50042384150697,
                29.81072817311755,
                0.0
              ],
              [
                52.50050476047105,
                29.81078421553084,
                0.0
              ],
              [
                52.50037623476757,
                29.81092535475526,
                0.0
              ],
              [
                52.50029531263728,
                29.81086931139892,
                0.0
              ],
              [
                52.50042384150697,
                29.81072817311755,
                0.0
              ]
            ]
          ]
        ]
      }
    },
    {
      "type": "Feature",
      "properties": {
        "Name": "299",
        "masahat": 230.79
      },
      "geometry": {
        "type": "MultiPolygon",
        "coordinates": [
          [
            [
              [
                52.50055236790938,
                29.81058703203772,
                0.0
              ],
              [
                52.50054977304312,
                29.81058988218872,
                0.0
              ],
              [
                52.50042384150697,
                29.81072817311755,
                0.0
              ],
              [
                52.50034292054983,
                29.8106721297724,
                0.0
              ],
              [
                52.50046857830865,
                29.8105341406988,
                0.0
              ],
              [
                52.50047144804942,
                29.81053098965912,
                0.0
              ],
              [
                52.50055236790938,
                29.81058703203772,
                0.0
              ]
            ]
          ]
        ]
      }
    },
    {
      "type": "Feature",
      "properties": {
        "Name": "274",
        "masahat": 230.79
      },
      "geometry": {
        "type": "MultiPolygon",
        "coordinates": [
          [
            [
              [
                52.50034292054983,
                29.8106721297724,
                0.0
              ],
              [
                52.50042384150697,
                29.81072817311755,
                0.0
              ],
              [
                52.50029531263728,
                29.81086931139892,
                0.0
              ],
              [
                52.50021439060992,
                29.81081326889158,
                0.0
              ],
              [
                52.50034292054983,
                29.8106721297724,
                0.0
              ]
            ]
          ]
        ]
      }
    },
    {
      "type": "Feature",
      "properties": {
        "Name": "300",
        "masahat": 230.79
      },
      "geometry": {
        "type": "MultiPolygon",
        "coordinates": [
          [
            [
              [
                52.50047144804942,
                29.81053098965912,
                0.0
              ],
              [
                52.50046857830865,
                29.8105341406988,
                0.0
              ],
              [
                52.50034292054983,
                29.8106721297724,
                0.0
              ],
              [
                52.50026199759964,
                29.81061608549541,
                0.0
              ],
              [
                52.50038857370748,
                29.81047709260373,
                0.0
              ],
              [
                52.50039052622334,
                29.81047494815303,
                0.0
              ],
              [
                52.50047144804942,
                29.81053098965912,
                0.0
              ]
            ]
          ]
        ]
      }
    },
    {
      "type": "Feature",
      "properties": {
        "Name": "273",
        "masahat": 230.8
      },
      "geometry": {
        "type": "MultiPolygon",
        "coordinates": [
          [
            [
              [
                52.50014632301706,
                29.81074311142429,
                0.0
              ],
              [
                52.50026199759964,
                29.81061608549541,
                0.0
              ],
              [
                52.50034292054983,
                29.8106721297724,
                0.0
              ],
              [
                52.50021439060992,
                29.81081326889158,
                0.0
              ],
              [
                52.50013346969305,
                29.81075722541715,
                0.0
              ],
              [
                52.50014632301706,
                29.81074311142429,
                0.0
              ]
            ]
          ]
        ]
      }
    },
    {
      "type": "Feature",
      "properties": {
        "Name": "301",
        "masahat": 253.87
      },
      "geometry": {
        "type": "MultiPolygon",
        "coordinates": [
          [
            [
              [
                52.50039052622334,
                29.81047494815303,
                0.0
              ],
              [
                52.50038857370748,
                29.81047709260373,
                0.0
              ],
              [
                52.50026199759964,
                29.81061608549541,
                0.0
              ],
              [
                52.50017298465583,
                29.81055443841877,
                0.0
              ],
              [
                52.50030005249958,
                29.81041490494521,
                0.0
              ],
              [
                52.50030151332016,
                29.81041330025795,
                0.0
              ],
              [
                52.50039052622334,
                29.81047494815303,
                0.0
              ]
            ]
          ]
        ]
      }
    },
    {
      "type": "Feature",
      "properties": {
        "Name": "272",
        "masahat": 228.48
      },
      "geometry": {
        "type": "MultiPolygon",
        "coordinates": [
          [
            [
              [
                52.50017298465583,
                29.81055443841877,
                0.0
              ],
              [
                52.50026199759964,
                29.81061608549541,
                0.0
              ],
              [
                52.50014632301706,
                29.81074311142429,
                0.0
              ],
              [
                52.50005731104562,
                29.81068146335837,
                0.0
              ],
              [
                52.50017298465583,
                29.81055443841877,
                0.0
              ]
            ]
          ]
        ]
      }
    },
    {
      "type": "Feature",
      "properties": {
        "Name": "302",
        "masahat": 253.87
      },
      "geometry": {
        "type": "MultiPolygon",
        "coordinates": [
          [
            [
              [
                52.50029921008049,
                29.81041170492498,
                0.0
              ],
              [
                52.50030151332016,
                29.81041330025795,
                0.0
              ],
              [
                52.50030005249958,
                29.81041490494521,
                0.0
              ],
              [
                52.50017298465583,
                29.81055443841877,
                0.0
              ],
              [
                52.50008397182027,
                29.8104927912778,
                0.0
              ],
              [
                52.50021249845619,
                29.81035165232202,
                0.0
              ],
              [
                52.50029921008049,
                29.81041170492498,
                0.0
              ]
            ]
          ]
        ]
      }
    },
    {
      "type": "Feature",
      "properties": {
        "Name": "271",
        "masahat": 228.49
      },
      "geometry": {
        "type": "MultiPolygon",
        "coordinates": [
          [
            [
              [
                52.49996829609233,
                29.81061981616552,
                0.0
              ],
              [
                52.50008397182027,
                29.8104927912778,
                0.0
              ],
              [
                52.50017298465583,
                29.81055443841877,
                0.0
              ],
              [
                52.50005731104562,
                29.81068146335837,
                0.0
              ],
              [
                52.49996829609233,
                29.81061981616552,
                0.0
              ]
            ]
          ]
        ]
      }
    },
    {
      "type": "Feature",
      "properties": {
        "Name": "270",
        "masahat": 271.18
      },
      "geometry": {
        "type": "MultiPolygon",
        "coordinates": [
          [
            [
              [
                52.49996829609233,
                29.81061981616552,
                0.0
              ],
              [
                52.49993295096468,
                29.81065862957941,
                0.0
              ],
              [
                52.49985203032547,
                29.81060258592152,
                0.0
              ],
              [
                52.50000304916981,
                29.81043674773283,
                0.0
              ],
              [
                52.50008397182027,
                29.8104927912778,
                0.0
              ],
              [
                52.49996829609233,
                29.81061981616552,
                0.0
              ]
            ]
          ]
        ]
      }
    },
    {
      "type": "Feature",
      "properties": {
        "Name": "263",
        "masahat": 228.49
      },
      "geometry": {
        "type": "MultiPolygon",
        "coordinates": [
          [
            [
              [
                52.50031197124419,
                29.81099592297682,
                0.0
              ],
              [
                52.50037670904059,
                29.81104075819536,
                0.0
              ],
              [
                52.5003800391282,
                29.81106608034617,
                0.0
              ],
              [
                52.50026436420743,
                29.81119310638289,
                0.0
              ],
              [
                52.50018344294843,
                29.81113706295378,
                0.0
              ],
              [
                52.50031197124419,
                29.81099592297682,
                0.0
              ]
            ]
          ]
        ]
      }
    },
    {
      "type": "Feature",
      "properties": {
        "Name": "242",
        "masahat": 228.49
      },
      "geometry": {
        "type": "MultiPolygon",
        "coordinates": [
          [
            [
              [
                52.50018344294843,
                29.81113706295378,
                0.0
              ],
              [
                52.50026436420743,
                29.81119310638289,
                0.0
              ],
              [
                52.50014868794884,
                29.81132013143567,
                0.0
              ],
              [
                52.50011965008741,
                29.81132303727697,
                0.0
              ],
              [
                52.50005491324684,
                29.81127820192489,
                0.0
              ],
              [
                52.50018344294843,
                29.81113706295378,
                0.0
              ]
            ]
          ]
        ]
      }
    },
    {
      "type": "Feature",
      "properties": {
        "Name": "264",
        "masahat": 230.79
      },
      "geometry": {
        "type": "MultiPolygon",
        "coordinates": [
          [
            [
              [
                52.50023104911625,
                29.81093988138676,
                0.0
              ],
              [
                52.50031197124419,
                29.81099592297682,
                0.0
              ],
              [
                52.50018344294843,
                29.81113706295378,
                0.0
              ],
              [
                52.50010252180582,
                29.81108102127585,
                0.0
              ],
              [
                52.50023104911625,
                29.81093988138676,
                0.0
              ]
            ]
          ]
        ]
      }
    },
    {
      "type": "Feature",
      "properties": {
        "Name": "241",
        "masahat": 230.8
      },
      "geometry": {
        "type": "MultiPolygon",
        "coordinates": [
          [
            [
              [
                52.49997398997254,
                29.81122215929213,
                0.0
              ],
              [
                52.50010252180582,
                29.81108102127585,
                0.0
              ],
              [
                52.50018344294843,
                29.81113706295378,
                0.0
              ],
              [
                52.50005491324684,
                29.81127820192489,
                0.0
              ],
              [
                52.49997398997254,
                29.81122215929213,
                0.0
              ]
            ]
          ]
        ]
      }
    },
    {
      "type": "Feature",
      "properties": {
        "Name": "265",
        "masahat": 230.8
      },
      "geometry": {
        "type": "MultiPolygon",
        "coordinates": [
          [
            [
              [
                52.50015012705082,
                29.81088383793918,
                0.0
              ],
              [
                52.50023104911625,
                29.81093988138676,
                0.0
              ],
              [
                52.50010252180582,
                29.81108102127585,
                0.0
              ],
              [
                52.50002159865669,
                29.81102497776389,
                0.0
              ],
              [
                52.50015012705082,
                29.81088383793918,
                0.0
              ]
            ]
          ]
        ]
      }
    },
    {
      "type": "Feature",
      "properties": {
        "Name": "240",
        "masahat": 230.8
      },
      "geometry": {
        "type": "MultiPolygon",
        "coordinates": [
          [
            [
              [
                52.50002159865669,
                29.81102497776389,
                0.0
              ],
              [
                52.50010252180582,
                29.81108102127585,
                0.0
              ],
              [
                52.49997398997254,
                29.81122215929213,
                0.0
              ],
              [
                52.49989306987779,
                29.81116611566881,
                0.0
              ],
              [
                52.50002159865669,
                29.81102497776389,
                0.0
              ]
            ]
          ]
        ]
      }
    },
    {
      "type": "Feature",
      "properties": {
        "Name": "266",
        "masahat": 230.79
      },
      "geometry": {
        "type": "MultiPolygon",
        "coordinates": [
          [
            [
              [
                52.49994067766605,
                29.81096893417526,
                0.0
              ],
              [
                52.50005635379839,
                29.81084190840085,
                0.0
              ],
              [
                52.50006920508832,
                29.81082779534061,
                0.0
              ],
              [
                52.50015012705082,
                29.81088383793918,
                0.0
              ],
              [
                52.50002159865669,
                29.81102497776389,
                0.0
              ],
              [
                52.49994067766605,
                29.81096893417526,
                0.0
              ]
            ]
          ]
        ]
      }
    },
    {
      "type": "Feature",
      "properties": {
        "Name": "239",
        "masahat": 230.79
      },
      "geometry": {
        "type": "MultiPolygon",
        "coordinates": [
          [
            [
              [
                52.49989306987779,
                29.81116611566881,
                0.0
              ],
              [
                52.49981214883798,
                29.81111007200407,
                0.0
              ],
              [
                52.49982500121693,
                29.81109595805181,
                0.0
              ],
              [
                52.49994067766605,
                29.81096893417526,
                0.0
              ],
              [
                52.50002159865669,
                29.81102497776389,
                0.0
              ],
              [
                52.49989306987779,
                29.81116611566881,
                0.0
              ]
            ]
          ]
        ]
      }
    },
    {
      "type": "Feature",
      "properties": {
        "Name": "267",
        "masahat": 228.49
      },
      "geometry": {
        "type": "MultiPolygon",
        "coordinates": [
          [
            [
              [
                52.50005426069924,
                29.8108404586601,
                0.0
              ],
              [
                52.50005635379839,
                29.81084190840085,
                0.0
              ],
              [
                52.49994067766605,
                29.81096893417526,
                0.0
              ],
              [
                52.49985166457353,
                29.8109072859871,
                0.0
              ],
              [
                52.49996213564894,
                29.81078597337502,
                0.0
              ],
              [
                52.49996733970658,
                29.81078025939763,
                0.0
              ],
              [
                52.50005426069924,
                29.8108404586601,
                0.0
              ]
            ]
          ]
        ]
      }
    },
    {
      "type": "Feature",
      "properties": {
        "Name": "238",
        "masahat": 228.49
      },
      "geometry": {
        "type": "MultiPolygon",
        "coordinates": [
          [
            [
              [
                52.49985166457353,
                29.8109072859871,
                0.0
              ],
              [
                52.49994067766605,
                29.81096893417526,
                0.0
              ],
              [
                52.49982500121693,
                29.81109595805181,
                0.0
              ],
              [
                52.49973598810266,
                29.81103431159264,
                0.0
              ],
              [
                52.49985166457353,
                29.8109072859871,
                0.0
              ]
            ]
          ]
        ]
      }
    },
    {
      "type": "Feature",
      "properties": {
        "Name": "268",
        "masahat": 228.49
      },
      "geometry": {
        "type": "MultiPolygon",
        "coordinates": [
          [
            [
              [
                52.49996733970658,
                29.81078025939763,
                0.0
              ],
              [
                52.49996213564894,
                29.81078597337502,
                0.0
              ],
              [
                52.49985166457353,
                29.8109072859871,
                0.0
              ],
              [
                52.49976265056819,
                29.81084563864852,
                0.0
              ],
              [
                52.49987307896755,
                29.81072437531919,
                0.0
              ],
              [
                52.4998783257634,
                29.8107186130366,
                0.0
              ],
              [
                52.49996733970658,
                29.81078025939763,
                0.0
              ]
            ]
          ]
        ]
      }
    },
    {
      "type": "Feature",
      "properties": {
        "Name": "237",
        "masahat": 228.49
      },
      "geometry": {
        "type": "MultiPolygon",
        "coordinates": [
          [
            [
              [
                52.49976265056819,
                29.81084563864852,
                0.0
              ],
              [
                52.49985166457353,
                29.8109072859871,
                0.0
              ],
              [
                52.49973598810266,
                29.81103431159264,
                0.0
              ],
              [
                52.49964697506968,
                29.81097266326479,
                0.0
              ],
              [
                52.49976265056819,
                29.81084563864852,
                0.0
              ]
            ]
          ]
        ]
      }
    },
    {
      "type": "Feature",
      "properties": {
        "Name": "269",
        "masahat": 271.18
      },
      "geometry": {
        "type": "MultiPolygon",
        "coordinates": [
          [
            [
              [
                52.49991367301536,
                29.81067980051489,
                0.0
              ],
              [
                52.49989177465687,
                29.81070384533673,
                0.0
              ],
              [
                52.4998783257634,
                29.8107186130366,
                0.0
              ],
              [
                52.49987307896755,
                29.81072437531919,
                0.0
              ],
              [
                52.49976265056819,
                29.81084563864852,
                0.0
              ],
              [
                52.49968172987727,
                29.81078959579194,
                0.0
              ],
              [
                52.49983275133425,
                29.81062375685731,
                0.0
              ],
              [
                52.49991367301536,
                29.81067980051489,
                0.0
              ]
            ]
          ]
        ]
      }
    },
    {
      "type": "Feature",
      "properties": {
        "Name": "236",
        "masahat": 271.18
      },
      "geometry": {
        "type": "MultiPolygon",
        "coordinates": [
          [
            [
              [
                52.49964697506968,
                29.81097266326479,
                0.0
              ],
              [
                52.49961163073056,
                29.81101147658758,
                0.0
              ],
              [
                52.49953070686483,
                29.81095543277458,
                0.0
              ],
              [
                52.49968172987727,
                29.81078959579194,
                0.0
              ],
              [
                52.49976265056819,
                29.81084563864852,
                0.0
              ],
              [
                52.49964697506968,
                29.81097266326479,
                0.0
              ]
            ]
          ]
        ]
      }
    },
    {
      "type": "Feature",
      "properties": {
        "Name": "215",
        "masahat": 228.49
      },
      "geometry": {
        "type": "MultiPolygon",
        "coordinates": [
          [
            [
              [
                52.49999064828207,
                29.81134877272041,
                0.0
              ],
              [
                52.5000553861499,
                29.81139360628685,
                0.0
              ],
              [
                52.50005871722063,
                29.8114189293373,
                0.0
              ],
              [
                52.49994304146781,
                29.81154595330994,
                0.0
              ],
              [
                52.49986212009933,
                29.81148991059269,
                0.0
              ],
              [
                52.49999064828207,
                29.81134877272041,
                0.0
              ]
            ]
          ]
        ]
      }
    },
    {
      "type": "Feature",
      "properties": {
        "Name": "195",
        "masahat": 228.49
      },
      "geometry": {
        "type": "MultiPolygon",
        "coordinates": [
          [
            [
              [
                52.49986212009933,
                29.81148991059269,
                0.0
              ],
              [
                52.49994304146781,
                29.81154595330994,
                0.0
              ],
              [
                52.49982736443103,
                29.81167297990733,
                0.0
              ],
              [
                52.49979832641516,
                29.81167588297519,
                0.0
              ],
              [
                52.49973358950317,
                29.8116310492752,
                0.0
              ],
              [
                52.49986212009933,
                29.81148991059269,
                0.0
              ]
            ]
          ]
        ]
      }
    },
    {
      "type": "Feature",
      "properties": {
        "Name": "216",
        "masahat": 230.79
      },
      "geometry": {
        "type": "MultiPolygon",
        "coordinates": [
          [
            [
              [
                52.49998856772187,
                29.8113473318599,
                0.0
              ],
              [
                52.49999064828207,
                29.81134877272041,
                0.0
              ],
              [
                52.49986212009933,
                29.81148991059269,
                0.0
              ],
              [
                52.4997811977723,
                29.81143386693183,
                0.0
              ],
              [
                52.49990670660067,
                29.81129604608667,
                0.0
              ],
              [
                52.49990972703875,
                29.81129272912393,
                0.0
              ],
              [
                52.49998856772187,
                29.8113473318599,
                0.0
              ]
            ]
          ]
        ]
      }
    },
    {
      "type": "Feature",
      "properties": {
        "Name": "194",
        "masahat": 230.8
      },
      "geometry": {
        "type": "MultiPolygon",
        "coordinates": [
          [
            [
              [
                52.4997811977723,
                29.81143386693183,
                0.0
              ],
              [
                52.49986212009933,
                29.81148991059269,
                0.0
              ],
              [
                52.49973358950317,
                29.8116310492752,
                0.0
              ],
              [
                52.49965266714042,
                29.81157500644039,
                0.0
              ],
              [
                52.4997811977723,
                29.81143386693183,
                0.0
              ]
            ]
          ]
        ]
      }
    },
    {
      "type": "Feature",
      "properties": {
        "Name": "217",
        "masahat": 230.8
      },
      "geometry": {
        "type": "MultiPolygon",
        "coordinates": [
          [
            [
              [
                52.49982885606715,
                29.8112367200955,
                0.0
              ],
              [
                52.49987011905932,
                29.81126529767616,
                0.0
              ],
              [
                52.49990972703875,
                29.81129272912393,
                0.0
              ],
              [
                52.49990670660067,
                29.81129604608667,
                0.0
              ],
              [
                52.4997811977723,
                29.81143386693183,
                0.0
              ],
              [
                52.49970027554819,
                29.81137782411999,
                0.0
              ],
              [
                52.4998245760527,
                29.81124133085761,
                0.0
              ],
              [
                52.49982461982348,
                29.81124128253729,
                0.0
              ],
              [
                52.49982807289218,
                29.81123748874708,
                0.0
              ],
              [
                52.4998288048369,
                29.81123668458386,
                0.0
              ],
              [
                52.49982885606715,
                29.8112367200955,
                0.0
              ]
            ]
          ]
        ]
      }
    },
    {
      "type": "Feature",
      "properties": {
        "Name": "193",
        "masahat": 230.8
      },
      "geometry": {
        "type": "MultiPolygon",
        "coordinates": [
          [
            [
              [
                52.49970027554819,
                29.81137782411999,
                0.0
              ],
              [
                52.4997811977723,
                29.81143386693183,
                0.0
              ],
              [
                52.49965266714042,
                29.81157500644039,
                0.0
              ],
              [
                52.49957174692273,
                29.81151896262674,
                0.0
              ],
              [
                52.49970027554819,
                29.81137782411999,
                0.0
              ]
            ]
          ]
        ]
      }
    },
    {
      "type": "Feature",
      "properties": {
        "Name": "218",
        "masahat": 230.8
      },
      "geometry": {
        "type": "MultiPolygon",
        "coordinates": [
          [
            [
              [
                52.49978471379307,
                29.81120614945489,
                0.0
              ],
              [
                52.4998288048369,
                29.81123668458386,
                0.0
              ],
              [
                52.49982807289218,
                29.81123748874708,
                0.0
              ],
              [
                52.49982461982348,
                29.81124128253729,
                0.0
              ],
              [
                52.4998245760527,
                29.81124133085761,
                0.0
              ],
              [
                52.49970027554819,
                29.81137782411999,
                0.0
              ],
              [
                52.49961935443462,
                29.81132178034104,
                0.0
              ],
              [
                52.49973503242006,
                29.8111947557168,
                0.0
              ],
              [
                52.49974788483395,
                29.81118064267366,
                0.0
              ],
              [
                52.49978471379307,
                29.81120614945489,
                0.0
              ]
            ]
          ]
        ]
      }
    },
    {
      "type": "Feature",
      "properties": {
        "Name": "192",
        "masahat": 230.8
      },
      "geometry": {
        "type": "MultiPolygon",
        "coordinates": [
          [
            [
              [
                52.49957174692273,
                29.81151896262674,
                0.0
              ],
              [
                52.49949082369092,
                29.81146291879517,
                0.0
              ],
              [
                52.49950367720732,
                29.8114488057622,
                0.0
              ],
              [
                52.49961935443462,
                29.81132178034104,
                0.0
              ],
              [
                52.49970027554819,
                29.81137782411999,
                0.0
              ],
              [
                52.49957174692273,
                29.81151896262674,
                0.0
              ]
            ]
          ]
        ]
      }
    },
    {
      "type": "Feature",
      "properties": {
        "Name": "219",
        "masahat": 228.49
      },
      "geometry": {
        "type": "MultiPolygon",
        "coordinates": [
          [
            [
              [
                52.49973472503885,
                29.81119454264675,
                0.0
              ],
              [
                52.49973503242006,
                29.8111947557168,
                0.0
              ],
              [
                52.49961935443462,
                29.81132178034104,
                0.0
              ],
              [
                52.49953034018579,
                29.81126013285745,
                0.0
              ],
              [
                52.49964073980431,
                29.81113890342516,
                0.0
              ],
              [
                52.4996460171854,
                29.81113310832033,
                0.0
              ],
              [
                52.49973472503885,
                29.81119454264675,
                0.0
              ]
            ]
          ]
        ]
      }
    },
    {
      "type": "Feature",
      "properties": {
        "Name": "191",
        "masahat": 228.49
      },
      "geometry": {
        "type": "MultiPolygon",
        "coordinates": [
          [
            [
              [
                52.49953034018579,
                29.81126013285745,
                0.0
              ],
              [
                52.49961935443462,
                29.81132178034104,
                0.0
              ],
              [
                52.49950367720732,
                29.8114488057622,
                0.0
              ],
              [
                52.49941466289634,
                29.81138715730107,
                0.0
              ],
              [
                52.49953034018579,
                29.81126013285745,
                0.0
              ]
            ]
          ]
        ]
      }
    },
    {
      "type": "Feature",
      "properties": {
        "Name": "220",
        "masahat": 228.49
      },
      "geometry": {
        "type": "MultiPolygon",
        "coordinates": [
          [
            [
              [
                52.4995732919889,
                29.81108274007384,
                0.0
              ],
              [
                52.49960614168782,
                29.81110549123907,
                0.0
              ],
              [
                52.4996460171854,
                29.81113310832033,
                0.0
              ],
              [
                52.49964073980431,
                29.81113890342516,
                0.0
              ],
              [
                52.49953034018579,
                29.81126013285745,
                0.0
              ],
              [
                52.49944132604522,
                29.81119848530954,
                0.0
              ],
              [
                52.4995522153714,
                29.8110767180174,
                0.0
              ],
              [
                52.49955700411456,
                29.81107145993386,
                0.0
              ],
              [
                52.4995732919889,
                29.81108274007384,
                0.0
              ]
            ]
          ]
        ]
      }
    },
    {
      "type": "Feature",
      "properties": {
        "Name": "190",
        "masahat": 228.49
      },
      "geometry": {
        "type": "MultiPolygon",
        "coordinates": [
          [
            [
              [
                52.49944132604522,
                29.81119848530954,
                0.0
              ],
              [
                52.49953034018579,
                29.81126013285745,
                0.0
              ],
              [
                52.49941466289634,
                29.81138715730107,
                0.0
              ],
              [
                52.49932564972814,
                29.81132550876387,
                0.0
              ],
              [
                52.49944132604522,
                29.81119848530954,
                0.0
              ]
            ]
          ]
        ]
      }
    },
    {
      "type": "Feature",
      "properties": {
        "Name": "221",
        "masahat": 271.19
      },
      "geometry": {
        "type": "MultiPolygon",
        "coordinates": [
          [
            [
              [
                52.49959234955696,
                29.81103264841716,
                0.0
              ],
              [
                52.49958782346923,
                29.81103761838478,
                0.0
              ],
              [
                52.49955700411456,
                29.81107145993386,
                0.0
              ],
              [
                52.4995522153714,
                29.8110767180174,
                0.0
              ],
              [
                52.49944132604522,
                29.81119848530954,
                0.0
              ],
              [
                52.49936040521789,
                29.81114244136045,
                0.0
              ],
              [
                52.49951142773943,
                29.8109766036671,
                0.0
              ],
              [
                52.49959234955696,
                29.81103264841716,
                0.0
              ]
            ]
          ]
        ]
      }
    },
    {
      "type": "Feature",
      "properties": {
        "Name": "189",
        "masahat": 271.18
      },
      "geometry": {
        "type": "MultiPolygon",
        "coordinates": [
          [
            [
              [
                52.49944132604522,
                29.81119848530954,
                0.0
              ],
              [
                52.49932564972814,
                29.81132550876387,
                0.0
              ],
              [
                52.49929030307396,
                29.81136432203078,
                0.0
              ],
              [
                52.4992093832503,
                29.81130827978487,
                0.0
              ],
              [
                52.49936040521789,
                29.81114244136045,
                0.0
              ],
              [
                52.49944132604522,
                29.81119848530954,
                0.0
              ]
            ]
          ]
        ]
      }
    },
    {
      "type": "Feature",
      "properties": {
        "Name": "168",
        "masahat": 228.49
      },
      "geometry": {
        "type": "MultiPolygon",
        "coordinates": [
          [
            [
              [
                52.49973406205729,
                29.81174645364512,
                0.0
              ],
              [
                52.4997373951322,
                29.8117717766813,
                0.0
              ],
              [
                52.49973445509614,
                29.81177500520175,
                0.0
              ],
              [
                52.49962171548415,
                29.81189880133161,
                0.0
              ],
              [
                52.49954079396577,
                29.81184275661967,
                0.0
              ],
              [
                52.49966562968243,
                29.81170567542057,
                0.0
              ],
              [
                52.49966932406417,
                29.81170161812207,
                0.0
              ],
              [
                52.49973406205729,
                29.81174645364512,
                0.0
              ]
            ]
          ]
        ]
      }
    },
    {
      "type": "Feature",
      "properties": {
        "Name": "150",
        "masahat": 228.49
      },
      "geometry": {
        "type": "MultiPolygon",
        "coordinates": [
          [
            [
              [
                52.49954079396577,
                29.81184275661967,
                0.0
              ],
              [
                52.49962171548415,
                29.81189880133161,
                0.0
              ],
              [
                52.4995060386229,
                29.81202582404881,
                0.0
              ],
              [
                52.49947700054683,
                29.81202873065845,
                0.0
              ],
              [
                52.499412264571,
                29.81198389679445,
                0.0
              ],
              [
                52.49954079396577,
                29.81184275661967,
                0.0
              ]
            ]
          ]
        ]
      }
    },
    {
      "type": "Feature",
      "properties": {
        "Name": "169",
        "masahat": 230.8
      },
      "geometry": {
        "type": "MultiPolygon",
        "coordinates": [
          [
            [
              [
                52.49966932406417,
                29.81170161812207,
                0.0
              ],
              [
                52.49966562968243,
                29.81170567542057,
                0.0
              ],
              [
                52.49954079396577,
                29.81184275661967,
                0.0
              ],
              [
                52.49945987255033,
                29.81178671275675,
                0.0
              ],
              [
                52.49958385522221,
                29.81165056890863,
                0.0
              ],
              [
                52.49958840373243,
                29.81164557432354,
                0.0
              ],
              [
                52.49966932406417,
                29.81170161812207,
                0.0
              ]
            ]
          ]
        ]
      }
    },
    {
      "type": "Feature",
      "properties": {
        "Name": "149",
        "masahat": 230.8
      },
      "geometry": {
        "type": "MultiPolygon",
        "coordinates": [
          [
            [
              [
                52.49954079396577,
                29.81184275661967,
                0.0
              ],
              [
                52.499412264571,
                29.81198389679445,
                0.0
              ],
              [
                52.49933134205839,
                29.81192785196497,
                0.0
              ],
              [
                52.49945987255033,
                29.81178671275675,
                0.0
              ],
              [
                52.49954079396577,
                29.81184275661967,
                0.0
              ]
            ]
          ]
        ]
      }
    },
    {
      "type": "Feature",
      "properties": {
        "Name": "170",
        "masahat": 230.8
      },
      "geometry": {
        "type": "MultiPolygon",
        "coordinates": [
          [
            [
              [
                52.49958840373243,
                29.81164557432354,
                0.0
              ],
              [
                52.49958385522221,
                29.81165056890863,
                0.0
              ],
              [
                52.49945987255033,
                29.81178671275675,
                0.0
              ],
              [
                52.49937895125127,
                29.81173067064502,
                0.0
              ],
              [
                52.49950284843015,
                29.81159461897641,
                0.0
              ],
              [
                52.49950748143455,
                29.8115895313975,
                0.0
              ],
              [
                52.49958840373243,
                29.81164557432354,
                0.0
              ]
            ]
          ]
        ]
      }
    },
    {
      "type": "Feature",
      "properties": {
        "Name": "148",
        "masahat": 230.8
      },
      "geometry": {
        "type": "MultiPolygon",
        "coordinates": [
          [
            [
              [
                52.4992632742707,
                29.81185769405887,
                0.0
              ],
              [
                52.49937895125127,
                29.81173067064502,
                0.0
              ],
              [
                52.49945987255033,
                29.81178671275675,
                0.0
              ],
              [
                52.49933134205839,
                29.81192785196497,
                0.0
              ],
              [
                52.49925041964869,
                29.81187180798447,
                0.0
              ],
              [
                52.4992632742707,
                29.81185769405887,
                0.0
              ]
            ]
          ]
        ]
      }
    },
    {
      "type": "Feature",
      "properties": {
        "Name": "171",
        "masahat": 230.8
      },
      "geometry": {
        "type": "MultiPolygon",
        "coordinates": [
          [
            [
              [
                52.4994275158605,
                29.81153415069968,
                0.0
              ],
              [
                52.49950748143455,
                29.8115895313975,
                0.0
              ],
              [
                52.49950284843015,
                29.81159461897641,
                0.0
              ],
              [
                52.49937895125127,
                29.81173067064502,
                0.0
              ],
              [
                52.49929802794568,
                29.81167462669925,
                0.0
              ],
              [
                52.49941370568826,
                29.81154760144431,
                0.0
              ],
              [
                52.49942655921267,
                29.81153348751611,
                0.0
              ],
              [
                52.4994275158605,
                29.81153415069968,
                0.0
              ]
            ]
          ]
        ]
      }
    },
    {
      "type": "Feature",
      "properties": {
        "Name": "147",
        "masahat": 207.72
      },
      "geometry": {
        "type": "MultiPolygon",
        "coordinates": [
          [
            [
              [
                52.49937895125127,
                29.81173067064502,
                0.0
              ],
              [
                52.4992632742707,
                29.81185769405887,
                0.0
              ],
              [
                52.49918235093431,
                29.81180165094673,
                0.0
              ],
              [
                52.49929802794568,
                29.81167462669925,
                0.0
              ],
              [
                52.49937895125127,
                29.81173067064502,
                0.0
              ]
            ]
          ]
        ]
      }
    },
    {
      "type": "Feature",
      "properties": {
        "Name": "172",
        "masahat": 228.49
      },
      "geometry": {
        "type": "MultiPolygon",
        "coordinates": [
          [
            [
              [
                52.49929802794568,
                29.81167462669925,
                0.0
              ],
              [
                52.49920901459614,
                29.81161297899457,
                0.0
              ],
              [
                52.4993246934354,
                29.81148595470544,
                0.0
              ],
              [
                52.49941370568826,
                29.81154760144431,
                0.0
              ],
              [
                52.49929802794568,
                29.81167462669925,
                0.0
              ]
            ]
          ]
        ]
      }
    },
    {
      "type": "Feature",
      "properties": {
        "Name": "146",
        "masahat": 228.49
      },
      "geometry": {
        "type": "MultiPolygon",
        "coordinates": [
          [
            [
              [
                52.4990933364881,
                29.81174000227625,
                0.0
              ],
              [
                52.49920901459614,
                29.81161297899457,
                0.0
              ],
              [
                52.49929802794568,
                29.81167462669925,
                0.0
              ],
              [
                52.49918235093431,
                29.81180165094673,
                0.0
              ],
              [
                52.4990933364881,
                29.81174000227625,
                0.0
              ]
            ]
          ]
        ]
      }
    },
    {
      "type": "Feature",
      "properties": {
        "Name": "173",
        "masahat": 228.49
      },
      "geometry": {
        "type": "MultiPolygon",
        "coordinates": [
          [
            [
              [
                52.49923643822872,
                29.81142483168764,
                0.0
              ],
              [
                52.49932461710734,
                29.81148590143181,
                0.0
              ],
              [
                52.4993246934354,
                29.81148595470544,
                0.0
              ],
              [
                52.49920901459614,
                29.81161297899457,
                0.0
              ],
              [
                52.49912000134138,
                29.81155133032337,
                0.0
              ],
              [
                52.4992356791948,
                29.81142430612135,
                0.0
              ],
              [
                52.49923643822872,
                29.81142483168764,
                0.0
              ]
            ]
          ]
        ]
      }
    },
    {
      "type": "Feature",
      "properties": {
        "Name": "63",
        "masahat": 368.92
      },
      "geometry": {
        "type": "MultiPolygon",
        "coordinates": [
          [
            [
              [
                52.49951326341336,
                29.81297488152621,
                0.0
              ],
              [
                52.49959346233431,
                29.81303042370833,
                0.0
              ],
              [
                52.49965890375645,
                29.81307574483069,
                0.0
              ],
              [
                52.4996604668243,
                29.81307682793052,
                0.0
              ],
              [
                52.49957057489582,
                29.81312335720735,
                0.0
              ],
              [
                52.49944175847436,
                29.8131900368608,
                0.0
              ],
              [
                52.4993647264246,
                29.81313669011014,
                0.0
              ],
              [
                52.49950904197347,
                29.81297822293928,
                0.0
              ],
              [
                52.49951254095191,
                29.81297438081209,
                0.0
              ],
              [
                52.49951326341336,
                29.81297488152621,
                0.0
              ]
            ]
          ]
        ]
      }
    },
    {
      "type": "Feature",
      "properties": {
        "Name": "62",
        "masahat": 265.42
      },
      "geometry": {
        "type": "MultiPolygon",
        "coordinates": [
          [
            [
              [
                52.49951254095191,
                29.81297438081209,
                0.0
              ],
              [
                52.49950904197347,
                29.81297822293928,
                0.0
              ],
              [
                52.4993647264246,
                29.81313669011014,
                0.0
              ],
              [
                52.49928380609618,
                29.81308064615926,
                0.0
              ],
              [
                52.49942889536254,
                29.81292132661581,
                0.0
              ],
              [
                52.49943161757643,
                29.81291833698399,
                0.0
              ],
              [
                52.49951254095191,
                29.81297438081209,
                0.0
              ]
            ]
          ]
        ]
      }
    },
    {
      "type": "Feature",
      "properties": {
        "Name": "43",
        "masahat": 487.9
      },
      "geometry": {
        "type": "MultiPolygon",
        "coordinates": [
          [
            [
              [
                52.49944175847436,
                29.8131900368608,
                0.0
              ],
              [
                52.49927531484461,
                29.81327152109726,
                0.0
              ],
              [
                52.49910640620575,
                29.81334905021697,
                0.0
              ],
              [
                52.49906529937422,
                29.8133205816356,
                0.0
              ],
              [
                52.49913599310811,
                29.81324295519359,
                0.0
              ],
              [
                52.49928380609618,
                29.81308064615926,
                0.0
              ],
              [
                52.4993647264246,
                29.81313669011014,
                0.0
              ],
              [
                52.49944175847436,
                29.8131900368608,
                0.0
              ]
            ]
          ]
        ]
      }
    },
    {
      "type": "Feature",
      "properties": {
        "Name": "61",
        "masahat": 265.42
      },
      "geometry": {
        "type": "MultiPolygon",
        "coordinates": [
          [
            [
              [
                52.49943161757643,
                29.81291833698399,
                0.0
              ],
              [
                52.49942889536254,
                29.81292132661581,
                0.0
              ],
              [
                52.49928380609618,
                29.81308064615926,
                0.0
              ],
              [
                52.49920288378815,
                29.81302460217869,
                0.0
              ],
              [
                52.49920657925632,
                29.81302054397766,
                0.0
              ],
              [
                52.4993495480042,
                29.81286355313018,
                0.0
              ],
              [
                52.49935069430388,
                29.81286229400489,
                0.0
              ],
              [
                52.49943161757643,
                29.81291833698399,
                0.0
              ]
            ]
          ]
        ]
      }
    },
    {
      "type": "Feature",
      "properties": {
        "Name": "44",
        "masahat": 265.42
      },
      "geometry": {
        "type": "MultiPolygon",
        "coordinates": [
          [
            [
              [
                52.49920288378815,
                29.81302460217869,
                0.0
              ],
              [
                52.49928380609618,
                29.81308064615926,
                0.0
              ],
              [
                52.49913599310811,
                29.81324295519359,
                0.0
              ],
              [
                52.49905506973592,
                29.81318691294156,
                0.0
              ],
              [
                52.49920288378815,
                29.81302460217869,
                0.0
              ]
            ]
          ]
        ]
      }
    },
    {
      "type": "Feature",
      "properties": {
        "Name": "60",
        "masahat": 264.81
      },
      "geometry": {
        "type": "MultiPolygon",
        "coordinates": [
          [
            [
              [
                52.49935066607513,
                29.81286227447398,
                0.0
              ],
              [
                52.49935069430388,
                29.81286229400489,
                0.0
              ],
              [
                52.4993495480042,
                29.81286355313018,
                0.0
              ],
              [
                52.49920657925632,
                29.81302054397766,
                0.0
              ],
              [
                52.49920288378815,
                29.81302460217869,
                0.0
              ],
              [
                52.49912195951396,
                29.81296855907061,
                0.0
              ],
              [
                52.49927014435521,
                29.81280650841278,
                0.0
              ],
              [
                52.49935066607513,
                29.81286227447398,
                0.0
              ]
            ]
          ]
        ]
      }
    },
    {
      "type": "Feature",
      "properties": {
        "Name": "59",
        "masahat": 265.42
      },
      "geometry": {
        "type": "MultiPolygon",
        "coordinates": [
          [
            [
              [
                52.49920584706,
                29.81276197808069,
                0.0
              ],
              [
                52.49927014435521,
                29.81280650841278,
                0.0
              ],
              [
                52.49912195951396,
                29.81296855907061,
                0.0
              ],
              [
                52.49904103738487,
                29.81291251498368,
                0.0
              ],
              [
                52.49918922333026,
                29.81275046530411,
                0.0
              ],
              [
                52.49920584706,
                29.81276197808069,
                0.0
              ]
            ]
          ]
        ]
      }
    },
    {
      "type": "Feature",
      "properties": {
        "Name": "58",
        "masahat": 324.29
      },
      "geometry": {
        "type": "MultiPolygon",
        "coordinates": [
          [
            [
              [
                52.49914267817081,
                29.81266026873601,
                0.0
              ],
              [
                52.49922121844128,
                29.81271466236329,
                0.0
              ],
              [
                52.49918922333026,
                29.81275046530411,
                0.0
              ],
              [
                52.49904103738487,
                29.81291251498368,
                0.0
              ],
              [
                52.49896011330308,
                29.81285647267141,
                0.0
              ],
              [
                52.49899931795126,
                29.81281342529695,
                0.0
              ],
              [
                52.49910792707863,
                29.81269416382287,
                0.0
              ],
              [
                52.49913614586963,
                29.81266317075579,
                0.0
              ],
              [
                52.49914029230551,
                29.81265861657252,
                0.0
              ],
              [
                52.49914267817081,
                29.81266026873601,
                0.0
              ]
            ]
          ]
        ]
      }
    },
    {
      "type": "Feature",
      "properties": {
        "Name": "45",
        "masahat": 265.42
      },
      "geometry": {
        "type": "MultiPolygon",
        "coordinates": [
          [
            [
              [
                52.49920288378815,
                29.81302460217869,
                0.0
              ],
              [
                52.49905506973592,
                29.81318691294156,
                0.0
              ],
              [
                52.49897414743386,
                29.81313086701591,
                0.0
              ],
              [
                52.49912195951396,
                29.81296855907061,
                0.0
              ],
              [
                52.49920288378815,
                29.81302460217869,
                0.0
              ]
            ]
          ]
        ]
      }
    },
    {
      "type": "Feature",
      "properties": {
        "Name": "46",
        "masahat": 265.42
      },
      "geometry": {
        "type": "MultiPolygon",
        "coordinates": [
          [
            [
              [
                52.49912195951396,
                29.81296855907061,
                0.0
              ],
              [
                52.49897414743386,
                29.81313086701591,
                0.0
              ],
              [
                52.49889322526167,
                29.81307482374362,
                0.0
              ],
              [
                52.49904103738487,
                29.81291251498368,
                0.0
              ],
              [
                52.49912195951396,
                29.81296855907061,
                0.0
              ]
            ]
          ]
        ]
      }
    },
    {
      "type": "Feature",
      "properties": {
        "Name": "47",
        "masahat": 265.42
      },
      "geometry": {
        "type": "MultiPolygon",
        "coordinates": [
          [
            [
              [
                52.49904103738487,
                29.81291251498368,
                0.0
              ],
              [
                52.49889322526167,
                29.81307482374362,
                0.0
              ],
              [
                52.49881230214441,
                29.81301878042989,
                0.0
              ],
              [
                52.49896011330308,
                29.81285647267141,
                0.0
              ],
              [
                52.49904103738487,
                29.81291251498368,
                0.0
              ]
            ]
          ]
        ]
      }
    },
    {
      "type": "Feature",
      "properties": {
        "Name": "72",
        "masahat": 229.55
      },
      "geometry": {
        "type": "MultiPolygon",
        "coordinates": [
          [
            [
              [
                52.49959330293346,
                29.81245450843618,
                0.0
              ],
              [
                52.49965644696366,
                29.8124982386735,
                0.0
              ],
              [
                52.4996597779567,
                29.81252355992778,
                0.0
              ],
              [
                52.49954410153664,
                29.81265058538482,
                0.0
              ],
              [
                52.49946280516598,
                29.81259428322311,
                0.0
              ],
              [
                52.49958650067926,
                29.81245845573204,
                0.0
              ],
              [
                52.49959133630429,
                29.81245314568188,
                0.0
              ],
              [
                52.49959330293346,
                29.81245450843618,
                0.0
              ]
            ]
          ]
        ]
      }
    },
    {
      "type": "Feature",
      "properties": {
        "Name": "71",
        "masahat": 230.8
      },
      "geometry": {
        "type": "MultiPolygon",
        "coordinates": [
          [
            [
              [
                52.49959133630429,
                29.81245314568188,
                0.0
              ],
              [
                52.49958650067926,
                29.81245845573204,
                0.0
              ],
              [
                52.49946280516598,
                29.81259428322311,
                0.0
              ],
              [
                52.49938188420185,
                29.81253823932635,
                0.0
              ],
              [
                52.49950702533443,
                29.81240082274222,
                0.0
              ],
              [
                52.49951041435478,
                29.81239710187299,
                0.0
              ],
              [
                52.49959133630429,
                29.81245314568188,
                0.0
              ]
            ]
          ]
        ]
      }
    },
    {
      "type": "Feature",
      "properties": {
        "Name": "70",
        "masahat": 228.51
      },
      "geometry": {
        "type": "MultiPolygon",
        "coordinates": [
          [
            [
              [
                52.49951041435478,
                29.81239710187299,
                0.0
              ],
              [
                52.49950702533443,
                29.81240082274222,
                0.0
              ],
              [
                52.49938188420185,
                29.81253823932635,
                0.0
              ],
              [
                52.49930094139998,
                29.81248218209028,
                0.0
              ],
              [
                52.49938511592143,
                29.81238973698682,
                0.0
              ],
              [
                52.49941660853454,
                29.81235514972737,
                0.0
              ],
              [
                52.49944604927046,
                29.8123525245976,
                0.0
              ],
              [
                52.49951041435478,
                29.81239710187299,
                0.0
              ]
            ]
          ]
        ]
      }
    },
    {
      "type": "Feature",
      "properties": {
        "Name": "67",
        "masahat": 229.56
      },
      "geometry": {
        "type": "MultiPolygon",
        "coordinates": [
          [
            [
              [
                52.49946280516598,
                29.81259428322311,
                0.0
              ],
              [
                52.49954410153664,
                29.81265058538482,
                0.0
              ],
              [
                52.49942842170963,
                29.81277760988139,
                0.0
              ],
              [
                52.49939938546982,
                29.8127805155556,
                0.0
              ],
              [
                52.49933427368329,
                29.81273542155106,
                0.0
              ],
              [
                52.49946280516598,
                29.81259428322311,
                0.0
              ]
            ]
          ]
        ]
      }
    },
    {
      "type": "Feature",
      "properties": {
        "Name": "174",
        "masahat": 271.18
      },
      "geometry": {
        "type": "MultiPolygon",
        "coordinates": [
          [
            [
              [
                52.49927102278723,
                29.81138549290315,
                0.0
              ],
              [
                52.4992356791948,
                29.81142430612135,
                0.0
              ],
              [
                52.49912000134138,
                29.81155133032337,
                0.0
              ],
              [
                52.49903908243326,
                29.81149528435613,
                0.0
              ],
              [
                52.49916760977336,
                29.81135414907227,
                0.0
              ],
              [
                52.49919010397726,
                29.8113294497319,
                0.0
              ],
              [
                52.49927102278723,
                29.81138549290315,
                0.0
              ]
            ]
          ]
        ]
      }
    },
    {
      "type": "Feature",
      "properties": {
        "Name": "131",
        "masahat": 228.25
      },
      "geometry": {
        "type": "MultiPolygon",
        "coordinates": [
          [
            [
              [
                52.49941606664226,
                29.8121246215464,
                0.0
              ],
              [
                52.49930020215919,
                29.81225151718749,
                0.0
              ],
              [
                52.49921946769171,
                29.81219560370601,
                0.0
              ],
              [
                52.49934799867124,
                29.81205446459484,
                0.0
              ],
              [
                52.49941273777033,
                29.81209929845405,
                0.0
              ],
              [
                52.49941606664226,
                29.8121246215464,
                0.0
              ]
            ]
          ]
        ]
      }
    },
    {
      "type": "Feature",
      "properties": {
        "Name": "130",
        "masahat": 227.75
      },
      "geometry": {
        "type": "MultiPolygon",
        "coordinates": [
          [
            [
              [
                52.49921946769171,
                29.81219560370601,
                0.0
              ],
              [
                52.49930020215919,
                29.81225151718749,
                0.0
              ],
              [
                52.4991841022449,
                29.81237867256678,
                0.0
              ],
              [
                52.49915559920344,
                29.81238152340908,
                0.0
              ],
              [
                52.49909093526595,
                29.81233673910476,
                0.0
              ],
              [
                52.49921946769171,
                29.81219560370601,
                0.0
              ]
            ]
          ]
        ]
      }
    },
    {
      "type": "Feature",
      "properties": {
        "Name": "132",
        "masahat": 230.8
      },
      "geometry": {
        "type": "MultiPolygon",
        "coordinates": [
          [
            [
              [
                52.49926808924241,
                29.81199912197372,
                0.0
              ],
              [
                52.49934799867124,
                29.81205446459484,
                0.0
              ],
              [
                52.49921946769171,
                29.81219560370601,
                0.0
              ],
              [
                52.49913854408425,
                29.81213955967624,
                0.0
              ],
              [
                52.49926260397044,
                29.81200333222583,
                0.0
              ],
              [
                52.49926707718203,
                29.81199842061772,
                0.0
              ],
              [
                52.49926808924241,
                29.81199912197372,
                0.0
              ]
            ]
          ]
        ]
      }
    },
    {
      "type": "Feature",
      "properties": {
        "Name": "129",
        "masahat": 230.8
      },
      "geometry": {
        "type": "MultiPolygon",
        "coordinates": [
          [
            [
              [
                52.49913854408425,
                29.81213955967624,
                0.0
              ],
              [
                52.49921946769171,
                29.81219560370601,
                0.0
              ],
              [
                52.49909093526595,
                29.81233673910476,
                0.0
              ],
              [
                52.49901001267078,
                29.81228069679148,
                0.0
              ],
              [
                52.49913854408425,
                29.81213955967624,
                0.0
              ]
            ]
          ]
        ]
      }
    },
    {
      "type": "Feature",
      "properties": {
        "Name": "123",
        "masahat": 230.8
      },
      "geometry": {
        "type": "MultiPolygon",
        "coordinates": [
          [
            [
              [
                52.49854005901243,
                29.81195564346522,
                0.0
              ],
              [
                52.498459136999,
                29.81189959898565,
                0.0
              ],
              [
                52.49858766978228,
                29.81175846237693,
                0.0
              ],
              [
                52.49866858967747,
                29.81181450680385,
                0.0
              ],
              [
                52.49854005901243,
                29.81195564346522,
                0.0
              ]
            ]
          ]
        ]
      }
    },
    {
      "type": "Feature",
      "properties": {
        "Name": "137",
        "masahat": 207.72
      },
      "geometry": {
        "type": "MultiPolygon",
        "coordinates": [
          [
            [
              [
                52.4984444533823,
                29.81145213420692,
                0.0
              ],
              [
                52.49852532064219,
                29.81150814052847,
                0.0
              ],
              [
                52.498519972937,
                29.81151401308579,
                0.0
              ],
              [
                52.49840964178387,
                29.81163516504352,
                0.0
              ],
              [
                52.49832872010587,
                29.81157912046993,
                0.0
              ],
              [
                52.49843868789522,
                29.81145836972402,
                0.0
              ],
              [
                52.49844184378689,
                29.81145490417777,
                0.0
              ],
              [
                52.49844440005643,
                29.81145209691384,
                0.0
              ],
              [
                52.4984444533823,
                29.81145213420692,
                0.0
              ]
            ]
          ]
        ]
      }
    },
    {
      "type": "Feature",
      "properties": {
        "Name": "120",
        "masahat": 230.8
      },
      "geometry": {
        "type": "MultiPolygon",
        "coordinates": [
          [
            [
              [
                52.49832872010587,
                29.81157912046993,
                0.0
              ],
              [
                52.49840964178387,
                29.81163516504352,
                0.0
              ],
              [
                52.4982811099404,
                29.81177630237519,
                0.0
              ],
              [
                52.49820018923432,
                29.81172025681157,
                0.0
              ],
              [
                52.49832872010587,
                29.81157912046993,
                0.0
              ]
            ]
          ]
        ]
      }
    },
    {
      "type": "Feature",
      "properties": {
        "Name": "138",
        "masahat": 230.8
      },
      "geometry": {
        "type": "MultiPolygon",
        "coordinates": [
          [
            [
              [
                52.4984572526752,
                29.81143798308721,
                0.0
              ],
              [
                52.49845269292446,
                29.81144299039466,
                0.0
              ],
              [
                52.49844440005643,
                29.81145209691384,
                0.0
              ],
              [
                52.49844184378689,
                29.81145490417777,
                0.0
              ],
              [
                52.49843868789522,
                29.81145836972402,
                0.0
              ],
              [
                52.49832872010587,
                29.81157912046993,
                0.0
              ],
              [
                52.49824779956533,
                29.81152307673363,
                0.0
              ],
              [
                52.49837089385625,
                29.81138791045778,
                0.0
              ],
              [
                52.49837633217037,
                29.81138193852484,
                0.0
              ],
              [
                52.4984572526752,
                29.81143798308721,
                0.0
              ]
            ]
          ]
        ]
      }
    },
    {
      "type": "Feature",
      "properties": {
        "Name": "119",
        "masahat": 230.79
      },
      "geometry": {
        "type": "MultiPolygon",
        "coordinates": [
          [
            [
              [
                52.49824779956533,
                29.81152307673363,
                0.0
              ],
              [
                52.49832872010587,
                29.81157912046993,
                0.0
              ],
              [
                52.49820018923432,
                29.81172025681157,
                0.0
              ],
              [
                52.49811926761008,
                29.81166421301088,
                0.0
              ],
              [
                52.49824779956533,
                29.81152307673363,
                0.0
              ]
            ]
          ]
        ]
      }
    },
    {
      "type": "Feature",
      "properties": {
        "Name": "352",
        "masahat": 1077.8
      },
      "geometry": {
        "type": "MultiPolygon",
        "coordinates": [
          [
            [
              [
                52.50200893131046,
                29.80923102589004,
                0.0
              ],
              [
                52.50200892653194,
                29.80923257524362,
                0.0
              ],
              [
                52.50200409888942,
                29.80923258590785,
                0.0
              ],
              [
                52.50192062076653,
                29.80923276693749,
                0.0
              ],
              [
                52.50191003120533,
                29.80923279075806,
                0.0
              ],
              [
                52.50190232517613,
                29.80923280706669,
                0.0
              ],
              [
                52.50185889292985,
                29.80923290191294,
                0.0
              ],
              [
                52.50180238174747,
                29.80923302448835,
                0.0
              ],
              [
                52.50179934504002,
                29.80886629462954,
                0.0
              ],
              [
                52.50181791614513,
                29.80885762421412,
                0.0
              ],
              [
                52.50201035387231,
                29.80876638143637,
                0.0
              ],
              [
                52.50200893131046,
                29.80923102589004,
                0.0
              ]
            ]
          ]
        ]
      }
    },
    {
      "type": "Feature",
      "properties": {
        "Name": "351",
        "masahat": 1090.02
      },
      "geometry": {
        "type": "MultiPolygon",
        "coordinates": [
          [
            [
              [
                52.50180238174747,
                29.80923302448835,
                0.0
              ],
              [
                52.50150898796023,
                29.80923366271058,
                0.0
              ],
              [
                52.50150831873977,
                29.80899920454648,
                0.0
              ],
              [
                52.50178322311106,
                29.8088736568004,
                0.0
              ],
              [
                52.50179107136401,
                29.80887007377976,
                0.0
              ],
              [
                52.50179934504002,
                29.80886629462954,
                0.0
              ],
              [
                52.50180238174747,
                29.80923302448835,
                0.0
              ]
            ]
          ]
        ]
      }
    },
    {
      "type": "Feature",
      "properties": {
        "Name": "350",
        "masahat": 762.84
      },
      "geometry": {
        "type": "MultiPolygon",
        "coordinates": [
          [
            [
              [
                52.50108043759587,
                29.80923459148601,
                0.0
              ],
              [
                52.50105815901267,
                29.80919393657334,
                0.0
              ],
              [
                52.50150831873977,
                29.80899920454648,
                0.0
              ],
              [
                52.50150898796023,
                29.80923366271058,
                0.0
              ],
              [
                52.50108043759587,
                29.80923459148601,
                0.0
              ]
            ]
          ]
        ]
      }
    },
    {
      "type": "Feature",
      "properties": {
        "Name": "354",
        "masahat": 1826.24
      },
      "geometry": {
        "type": "MultiPolygon",
        "coordinates": [
          [
            [
              [
                52.50243762905857,
                29.80875725750497,
                0.0
              ],
              [
                52.50243952901256,
                29.80942088184953,
                0.0
              ],
              [
                52.50243328182165,
                29.8094208951362,
                0.0
              ],
              [
                52.50223285971986,
                29.80942133229016,
                0.0
              ],
              [
                52.5022323204669,
                29.80923208931555,
                0.0
              ],
              [
                52.50223069671568,
                29.80866478271929,
                0.0
              ],
              [
                52.50223067963554,
                29.80865879505656,
                0.0
              ],
              [
                52.50243762905857,
                29.80875725750497,
                0.0
              ]
            ]
          ]
        ]
      }
    },
    {
      "type": "Feature",
      "properties": {
        "Name": "346",
        "masahat": 782.69
      },
      "geometry": {
        "type": "MultiPolygon",
        "coordinates": [
          [
            [
              [
                52.50140686247553,
                29.80965742914011,
                0.0
              ],
              [
                52.50140776215353,
                29.80997283353024,
                0.0
              ],
              [
                52.50139907004434,
                29.80997285199251,
                0.0
              ],
              [
                52.50130503888854,
                29.8099730560128,
                0.0
              ],
              [
                52.50130142611027,
                29.80997300953659,
                0.0
              ],
              [
                52.50129781479113,
                29.80997285295953,
                0.0
              ],
              [
                52.5012942163377,
                29.80997258795669,
                0.0
              ],
              [
                52.50129062864053,
                29.809972211845,
                0.0
              ],
              [
                52.50128705800103,
                29.80997173086923,
                0.0
              ],
              [
                52.50128350951091,
                29.80997113955752,
                0.0
              ],
              [
                52.50127998425858,
                29.80997044150681,
                0.0
              ],
              [
                52.50127649052013,
                29.80996963662309,
                0.0
              ],
              [
                52.5012730334816,
                29.80996872574977,
                0.0
              ],
              [
                52.50126961216239,
                29.80996771250728,
                0.0
              ],
              [
                52.50126623169464,
                29.80996659413037,
                0.0
              ],
              [
                52.5012628993738,
                29.80996537414541,
                0.0
              ],
              [
                52.50125961626138,
                29.80996405434506,
                0.0
              ],
              [
                52.50125638751645,
                29.80996263376835,
                0.0
              ],
              [
                52.50125321839241,
                29.80996111776956,
                0.0
              ],
              [
                52.50125011097178,
                29.80995950722738,
                0.0
              ],
              [
                52.50124706940608,
                29.80995780299697,
                0.0
              ],
              [
                52.5012440988948,
                29.8099560068239,
                0.0
              ],
              [
                52.50124120055335,
                29.80995412410949,
                0.0
              ],
              [
                52.50123838054832,
                29.80995215207671,
                0.0
              ],
              [
                52.50123563791262,
                29.80995009524818,
                0.0
              ],
              [
                52.50123298305871,
                29.80994795801724,
                0.0
              ],
              [
                52.50123041184857,
                29.80994574043093,
                0.0
              ],
              [
                52.5012279295356,
                29.80994344784352,
                0.0
              ],
              [
                52.50122554336139,
                29.80994108017276,
                0.0
              ],
              [
                52.50122335433697,
                29.80993874996447,
                0.0
              ],
              [
                52.50122325234532,
                29.8099386410391,
                0.0
              ],
              [
                52.50122105863726,
                29.8099361358321,
                0.0
              ],
              [
                52.50121896844429,
                29.80993356448124,
                0.0
              ],
              [
                52.50121697975128,
                29.80993093061873,
                0.0
              ],
              [
                52.50121509781163,
                29.80992823959889,
                0.0
              ],
              [
                52.50121332574236,
                29.80992549228862,
                0.0
              ],
              [
                52.50121166257634,
                29.80992269321055,
                0.0
              ],
              [
                52.50121011247855,
                29.80991984412202,
                0.0
              ],
              [
                52.50120867759885,
                29.80991695041261,
                0.0
              ],
              [
                52.50120735797768,
                29.80991401478883,
                0.0
              ],
              [
                52.50120615679943,
                29.80991104262849,
                0.0
              ],
              [
                52.50120507407757,
                29.80990803483377,
                0.0
              ],
              [
                52.50120411298297,
                29.80990499588027,
                0.0
              ],
              [
                52.50120327253507,
                29.80990192938848,
                0.0
              ],
              [
                52.50120255693926,
                29.80989883982227,
                0.0
              ],
              [
                52.50120196310547,
                29.80989572811907,
                0.0
              ],
              [
                52.50120149427202,
                29.80989260326539,
                0.0
              ],
              [
                52.50120114940436,
                29.80988946527296,
                0.0
              ],
              [
                52.5012009306389,
                29.80988631862919,
                0.0
              ],
              [
                52.50120083698155,
                29.80988316605232,
                0.0
              ],
              [
                52.50120019675577,
                29.8096578779351,
                0.0
              ],
              [
                52.50140686247553,
                29.80965742914011,
                0.0
              ]
            ]
          ]
        ]
      }
    },
    {
      "type": "Feature",
      "properties": {
        "Name": "347",
        "masahat": 896.08
      },
      "geometry": {
        "type": "MultiPolygon",
        "coordinates": [
          [
            [
              [
                52.50082909214181,
                29.80997408945557,
                0.0
              ],
              [
                52.5008280665769,
                29.80961362501991,
                0.0
              ],
              [
                52.50101406517192,
                29.8096132230049,
                0.0
              ],
              [
                52.50103478417172,
                29.80963120024962,
                0.0
              ],
              [
                52.50103550508454,
                29.80988352666184,
                0.0
              ],
              [
                52.50103545008778,
                29.80988663310423,
                0.0
              ],
              [
                52.50103527606868,
                29.80988973728944,
                0.0
              ],
              [
                52.50103497777382,
                29.80989283386317,
                0.0
              ],
              [
                52.50103455723178,
                29.80989592009538,
                0.0
              ],
              [
                52.50103401540966,
                29.80989899146344,
                0.0
              ],
              [
                52.50103335123252,
                29.80990204527257,
                0.0
              ],
              [
                52.50103256981899,
                29.80990507785532,
                0.0
              ],
              [
                52.5010316659022,
                29.80990808295517,
                0.0
              ],
              [
                52.50103064366056,
                29.80991106323169,
                0.0
              ],
              [
                52.50102950498794,
                29.80991400693307,
                0.0
              ],
              [
                52.50102825095922,
                29.80991691675405,
                0.0
              ],
              [
                52.5010268804321,
                29.80991978548901,
                0.0
              ],
              [
                52.50102540063465,
                29.80992261215348,
                0.0
              ],
              [
                52.50102380945742,
                29.80992539406443,
                0.0
              ],
              [
                52.50102210575807,
                29.80992812401621,
                0.0
              ],
              [
                52.50102029989517,
                29.80993080279348,
                0.0
              ],
              [
                52.5010183866153,
                29.80993342504192,
                0.0
              ],
              [
                52.50101637001609,
                29.80993598800799,
                0.0
              ],
              [
                52.5010142542086,
                29.80993848984034,
                0.0
              ],
              [
                52.50101204324999,
                29.80994092507887,
                0.0
              ],
              [
                52.5010097329753,
                29.80994329196627,
                0.0
              ],
              [
                52.50100733268161,
                29.80994558949456,
                0.0
              ],
              [
                52.50100484126703,
                29.80994781316462,
                0.0
              ],
              [
                52.50100226491168,
                29.80994996110157,
                0.0
              ],
              [
                52.50099960564413,
                29.80995203057537,
                0.0
              ],
              [
                52.50099686545254,
                29.80995401614949,
                0.0
              ],
              [
                52.50099404956337,
                29.80995592137381,
                0.0
              ],
              [
                52.50099115786882,
                29.80995773903097,
                0.0
              ],
              [
                52.50098819657595,
                29.80995946905041,
                0.0
              ],
              [
                52.50098516873437,
                29.80996110778819,
                0.0
              ],
              [
                52.50098208056462,
                29.80996265607595,
                0.0
              ],
              [
                52.50097892890928,
                29.80996411034028,
                0.0
              ],
              [
                52.5009757240865,
                29.80996546865923,
                0.0
              ],
              [
                52.50097246608281,
                29.80996673013069,
                0.0
              ],
              [
                52.50096916003032,
                29.80996789198935,
                0.0
              ],
              [
                52.50096581318408,
                29.80996895505508,
                0.0
              ],
              [
                52.50096242343467,
                29.80996991664491,
                0.0
              ],
              [
                52.50095899801018,
                29.80997077577433,
                0.0
              ],
              [
                52.50095574008904,
                29.80997148862821,
                0.0
              ],
              [
                52.5009524570131,
                29.80997211063248,
                0.0
              ],
              [
                52.50094915187245,
                29.80997264084973,
                0.0
              ],
              [
                52.50094582873774,
                29.80997307472206,
                0.0
              ],
              [
                52.50094248971843,
                29.80997341493248,
                0.0
              ],
              [
                52.50093914204262,
                29.80997366049659,
                0.0
              ],
              [
                52.50093578464885,
                29.80997380962175,
                0.0
              ],
              [
                52.50093242687466,
                29.80997386400658,
                0.0
              ],
              [
                52.50082909214181,
                29.80997408945557,
                0.0
              ]
            ]
          ]
        ]
      }
    },
    {
      "type": "Feature",
      "properties": {
        "Name": "348",
        "masahat": 1153.96
      },
      "geometry": {
        "type": "MultiPolygon",
        "coordinates": [
          [
            [
              [
                52.50082781021963,
                29.8095235104868,
                0.0
              ],
              [
                52.5008280665769,
                29.80961362501991,
                0.0
              ],
              [
                52.50082909214181,
                29.80997408945557,
                0.0
              ],
              [
                52.50062303303764,
                29.80997453408127,
                0.0
              ],
              [
                52.50062242361734,
                29.80997453468628,
                0.0
              ],
              [
                52.5006211436699,
                29.80952395657375,
                0.0
              ],
              [
                52.50082781021963,
                29.8095235104868,
                0.0
              ]
            ]
          ]
        ]
      }
    },
    {
      "type": "Feature",
      "properties": {
        "Name": "414",
        "masahat": 1059.35
      },
      "geometry": {
        "type": "MultiPolygon",
        "coordinates": [
          [
            [
              [
                52.49699199490917,
                29.81042315814073,
                0.0
              ],
              [
                52.49725963035596,
                29.81060852400059,
                0.0
              ],
              [
                52.49702037814794,
                29.81087123777,
                0.0
              ],
              [
                52.49701153710294,
                29.81085848695526,
                0.0
              ],
              [
                52.49700318079192,
                29.81084549153033,
                0.0
              ],
              [
                52.49699531767911,
                29.81083226403204,
                0.0
              ],
              [
                52.49698795831117,
                29.81081881787593,
                0.0
              ],
              [
                52.49698110600656,
                29.81080516746179,
                0.0
              ],
              [
                52.49697477241363,
                29.81079133070431,
                0.0
              ],
              [
                52.49696896287954,
                29.81077731927327,
                0.0
              ],
              [
                52.4969636817841,
                29.81076314936109,
                0.0
              ],
              [
                52.49695893760488,
                29.81074883440672,
                0.0
              ],
              [
                52.49695473371403,
                29.81073439241862,
                0.0
              ],
              [
                52.49695107759487,
                29.81071983955402,
                0.0
              ],
              [
                52.49694796737975,
                29.81070518936907,
                0.0
              ],
              [
                52.4968979488247,
                29.81044573337962,
                0.0
              ],
              [
                52.49689686446531,
                29.81044010700338,
                0.0
              ],
              [
                52.4969904883799,
                29.81042211497154,
                0.0
              ],
              [
                52.49699199490917,
                29.81042315814073,
                0.0
              ]
            ]
          ]
        ]
      }
    },
    {
      "type": "Feature",
      "properties": {
        "Name": "415",
        "masahat": 906.99
      },
      "geometry": {
        "type": "MultiPolygon",
        "coordinates": [
          [
            [
              [
                52.49742147207615,
                29.81072061360211,
                0.0
              ],
              [
                52.49716440532107,
                29.81100288630319,
                0.0
              ],
              [
                52.49715019951398,
                29.81099396622293,
                0.0
              ],
              [
                52.49713634662606,
                29.81098463519132,
                0.0
              ],
              [
                52.4971228602809,
                29.81097490478433,
                0.0
              ],
              [
                52.49710975506937,
                29.81096478205539,
                0.0
              ],
              [
                52.49709704982801,
                29.81095428122851,
                0.0
              ],
              [
                52.49708475304804,
                29.8109434166448,
                0.0
              ],
              [
                52.49707288554085,
                29.81093219618962,
                0.0
              ],
              [
                52.49706145578426,
                29.8109206333019,
                0.0
              ],
              [
                52.49705047745547,
                29.81090874316645,
                0.0
              ],
              [
                52.49703996521248,
                29.81089653734756,
                0.0
              ],
              [
                52.49702992757331,
                29.81088403199078,
                0.0
              ],
              [
                52.49702037814794,
                29.81087123777,
                0.0
              ],
              [
                52.49725963035596,
                29.81060852400059,
                0.0
              ],
              [
                52.49742147207615,
                29.81072061360211,
                0.0
              ]
            ]
          ]
        ]
      }
    },
    {
      "type": "Feature",
      "properties": {
        "Name": "416",
        "masahat": 923.18
      },
      "geometry": {
        "type": "MultiPolygon",
        "coordinates": [
          [
            [
              [
                52.49758330898158,
                29.8108327030496,
                0.0
              ],
              [
                52.49732822051828,
                29.81111280699539,
                0.0
              ],
              [
                52.49732624552669,
                29.81111497602003,
                0.0
              ],
              [
                52.49716452765051,
                29.81100297154071,
                0.0
              ],
              [
                52.49716440532107,
                29.81100288630319,
                0.0
              ],
              [
                52.49742147207615,
                29.81072061360211,
                0.0
              ],
              [
                52.49758330898158,
                29.8108327030496,
                0.0
              ]
            ]
          ]
        ]
      }
    },
    {
      "type": "Feature",
      "properties": {
        "Name": "418",
        "masahat": 923.18
      },
      "geometry": {
        "type": "MultiPolygon",
        "coordinates": [
          [
            [
              [
                52.49764992699802,
                29.81133915391359,
                0.0
              ],
              [
                52.4974880861036,
                29.81122706642639,
                0.0
              ],
              [
                52.49774515038292,
                29.81094479223756,
                0.0
              ],
              [
                52.49790699215553,
                29.81105688211502,
                0.0
              ],
              [
                52.49764992699802,
                29.81133915391359,
                0.0
              ]
            ]
          ]
        ]
      }
    },
    {
      "type": "Feature",
      "properties": {
        "Name": "419",
        "masahat": 898.4
      },
      "geometry": {
        "type": "MultiPolygon",
        "coordinates": [
          [
            [
              [
                52.49806716359284,
                29.81116781498666,
                0.0
              ],
              [
                52.49806883219003,
                29.81116896999894,
                0.0
              ],
              [
                52.49806124786252,
                29.81117729877382,
                0.0
              ],
              [
                52.49787603388911,
                29.81138067592095,
                0.0
              ],
              [
                52.49787387859006,
                29.81138296520286,
                0.0
              ],
              [
                52.49787163647049,
                29.8113851914036,
                0.0
              ],
              [
                52.49786931371062,
                29.81138735264839,
                0.0
              ],
              [
                52.49786691028357,
                29.81138944713292,
                0.0
              ],
              [
                52.4978644260952,
                29.81139146854192,
                0.0
              ],
              [
                52.49786187049659,
                29.81139341947637,
                0.0
              ],
              [
                52.4978592423725,
                29.81139529453494,
                0.0
              ],
              [
                52.49785654383236,
                29.81139709640068,
                0.0
              ],
              [
                52.4978537788932,
                29.81139881690709,
                0.0
              ],
              [
                52.49785095276803,
                29.81140045870207,
                0.0
              ],
              [
                52.49784791958977,
                29.81140209291863,
                0.0
              ],
              [
                52.49784482299504,
                29.81140363762106,
                0.0
              ],
              [
                52.4978416700776,
                29.81140508280331,
                0.0
              ],
              [
                52.49783845888944,
                29.81140643660842,
                0.0
              ],
              [
                52.49783519862027,
                29.81140769081126,
                0.0
              ],
              [
                52.49783188827591,
                29.81140884813005,
                0.0
              ],
              [
                52.49782853400972,
                29.81140990488576,
                0.0
              ],
              [
                52.49782514303649,
                29.81141085919191,
                0.0
              ],
              [
                52.49782171430827,
                29.81141171015803,
                0.0
              ],
              [
                52.49781825404567,
                29.81141245861595,
                0.0
              ],
              [
                52.49781476635988,
                29.81141310271441,
                0.0
              ],
              [
                52.4978112553756,
                29.81141364150429,
                0.0
              ],
              [
                52.49780772520401,
                29.81141407313436,
                0.0
              ],
              [
                52.49780417900251,
                29.8114144011781,
                0.0
              ],
              [
                52.49780062391865,
                29.81141461923821,
                0.0
              ],
              [
                52.49779706000624,
                29.81141473092338,
                0.0
              ],
              [
                52.49779349450695,
                29.81141473615152,
                0.0
              ],
              [
                52.49778993257998,
                29.81141463396183,
                0.0
              ],
              [
                52.4977863752599,
                29.81141442434257,
                0.0
              ],
              [
                52.49778282773274,
                29.81141410813727,
                0.0
              ],
              [
                52.49777929725367,
                29.81141368616603,
                0.0
              ],
              [
                52.49777578484378,
                29.81141315751493,
                0.0
              ],
              [
                52.49777229360666,
                29.81141252214882,
                0.0
              ],
              [
                52.49776882981668,
                29.8114117845082,
                0.0
              ],
              [
                52.49776539860616,
                29.81141094182791,
                0.0
              ],
              [
                52.49776200311904,
                29.81140999677929,
                0.0
              ],
              [
                52.49775864542436,
                29.8114089493389,
                0.0
              ],
              [
                52.49775533178308,
                29.81140780304511,
                0.0
              ],
              [
                52.49775206735439,
                29.81140655693706,
                0.0
              ],
              [
                52.49774885216519,
                29.81140521281916,
                0.0
              ],
              [
                52.49774569244953,
                29.81140377242535,
                0.0
              ],
              [
                52.49774259031682,
                29.81140223843877,
                0.0
              ],
              [
                52.49773955304909,
                29.81140061348383,
                0.0
              ],
              [
                52.49773658061944,
                29.81139889575619,
                0.0
              ],
              [
                52.49773367621214,
                29.81139709063373,
                0.0
              ],
              [
                52.49773084813028,
                29.811395199827,
                0.0
              ],
              [
                52.49764992699802,
                29.81133915391359,
                0.0
              ],
              [
                52.49790699215553,
                29.81105688211502,
                0.0
              ],
              [
                52.49806716359284,
                29.81116781498666,
                0.0
              ]
            ]
          ]
        ]
      }
    },
    {
      "type": "Feature",
      "properties": {
        "Name": "409",
        "masahat": 1272.31
      },
      "geometry": {
        "type": "MultiPolygon",
        "coordinates": [
          [
            [
              [
                52.49756530490842,
                29.81148215514303,
                0.0
              ],
              [
                52.497568075474,
                29.81148414405682,
                0.0
              ],
              [
                52.49757076657022,
                29.81148621598335,
                0.0
              ],
              [
                52.49757102742121,
                29.81148643139057,
                0.0
              ],
              [
                52.49757337401864,
                29.81148836826292,
                0.0
              ],
              [
                52.49757589260629,
                29.81149059824769,
                0.0
              ],
              [
                52.49757832332736,
                29.81149290321936,
                0.0
              ],
              [
                52.49758065786529,
                29.81149528056524,
                0.0
              ],
              [
                52.49758289823536,
                29.81149772665318,
                0.0
              ],
              [
                52.49758503819006,
                29.81150023884698,
                0.0
              ],
              [
                52.49758707871014,
                29.81150281352623,
                0.0
              ],
              [
                52.49758901462295,
                29.81150545074956,
                0.0
              ],
              [
                52.49759084478642,
                29.81150814331127,
                0.0
              ],
              [
                52.49759256608348,
                29.81151089034439,
                0.0
              ],
              [
                52.49759417639131,
                29.81151368826362,
                0.0
              ],
              [
                52.49759567357361,
                29.81151653258158,
                0.0
              ],
              [
                52.49759705865147,
                29.81151942238435,
                0.0
              ],
              [
                52.49759832736573,
                29.81152234959923,
                0.0
              ],
              [
                52.49759947868188,
                29.81152531423797,
                0.0
              ],
              [
                52.49760051047706,
                29.81152831271532,
                0.0
              ],
              [
                52.49760142268405,
                29.81153134052036,
                0.0
              ],
              [
                52.49760221523557,
                29.81153439314223,
                0.0
              ],
              [
                52.49760288294556,
                29.81153746973738,
                0.0
              ],
              [
                52.49760342882346,
                29.8115405639554,
                0.0
              ],
              [
                52.49760378454428,
                29.81154318750796,
                0.0
              ],
              [
                52.49760385074642,
                29.81154367221104,
                0.0
              ],
              [
                52.49760414970861,
                29.81154679178601,
                0.0
              ],
              [
                52.49760432252577,
                29.81154991730246,
                0.0
              ],
              [
                52.49760437332255,
                29.81155304781129,
                0.0
              ],
              [
                52.49760429891466,
                29.81155617793462,
                0.0
              ],
              [
                52.49760427965194,
                29.81155648223812,
                0.0
              ],
              [
                52.49760409924832,
                29.81155930406374,
                0.0
              ],
              [
                52.49760377425629,
                29.81156242168778,
                0.0
              ],
              [
                52.49760332698835,
                29.81156552716281,
                0.0
              ],
              [
                52.49760275430057,
                29.81156861781751,
                0.0
              ],
              [
                52.49760205922927,
                29.8115716891058,
                0.0
              ],
              [
                52.49760124377629,
                29.81157473649335,
                0.0
              ],
              [
                52.49760030689363,
                29.81157775908968,
                0.0
              ],
              [
                52.49759924848716,
                29.81158075057958,
                0.0
              ],
              [
                52.4975980747237,
                29.81158370818615,
                0.0
              ],
              [
                52.49759678141133,
                29.81158662834755,
                0.0
              ],
              [
                52.49759537368236,
                29.81158950829866,
                0.0
              ],
              [
                52.4975938514561,
                29.81159234262639,
                0.0
              ],
              [
                52.49759221782264,
                29.81159513039336,
                0.0
              ],
              [
                52.49759047478386,
                29.81159786706527,
                0.0
              ],
              [
                52.49758862123795,
                29.81160054814294,
                0.0
              ],
              [
                52.49758666439972,
                29.81160317173992,
                0.0
              ],
              [
                52.4975846031943,
                29.81160573516139,
                0.0
              ],
              [
                52.49758244274054,
                29.81160823474002,
                0.0
              ],
              [
                52.4975801819501,
                29.81161066687882,
                0.0
              ],
              [
                52.49757782492078,
                29.81161302882435,
                0.0
              ],
              [
                52.49757537885392,
                29.811615317788,
                0.0
              ],
              [
                52.49757284061905,
                29.81161753200055,
                0.0
              ],
              [
                52.49757021532156,
                29.81161966689253,
                0.0
              ],
              [
                52.49756750711303,
                29.81162172331918,
                0.0
              ],
              [
                52.49756472001054,
                29.811623693114,
                0.0
              ],
              [
                52.49756185511586,
                29.81162558077614,
                0.0
              ],
              [
                52.49755891746717,
                29.81162737722521,
                0.0
              ],
              [
                52.49755590815279,
                29.81162908605817,
                0.0
              ],
              [
                52.49755283432028,
                29.81163070087769,
                0.0
              ],
              [
                52.49754969601,
                29.81163222439032,
                0.0
              ],
              [
                52.4975465013906,
                29.81163364928482,
                0.0
              ],
              [
                52.49752188003384,
                29.81164374479518,
                0.0
              ],
              [
                52.49749690065035,
                29.81165314505327,
                0.0
              ],
              [
                52.4974715879482,
                29.81166184165786,
                0.0
              ],
              [
                52.49744596557409,
                29.81166982441511,
                0.0
              ],
              [
                52.49742006447019,
                29.81167708665788,
                0.0
              ],
              [
                52.49739391036576,
                29.81168361907106,
                0.0
              ],
              [
                52.49736752905729,
                29.81168941685052,
                0.0
              ],
              [
                52.49734094628755,
                29.81169447158339,
                0.0
              ],
              [
                52.49731419204495,
                29.81169878202737,
                0.0
              ],
              [
                52.49727273307683,
                29.81170486074006,
                0.0
              ],
              [
                52.49727226324489,
                29.81170242526191,
                0.0
              ],
              [
                52.49719991895393,
                29.81132716747942,
                0.0
              ],
              [
                52.49731678539875,
                29.81131003251686,
                0.0
              ],
              [
                52.49756530490842,
                29.81148215514303,
                0.0
              ]
            ]
          ]
        ]
      }
    },
    {
      "type": "Feature",
      "properties": {
        "Name": "410",
        "masahat": 980.89
      },
      "geometry": {
        "type": "MultiPolygon",
        "coordinates": [
          [
            [
              [
                52.49727226324489,
                29.81170242526191,
                0.0
              ],
              [
                52.49727273307683,
                29.81170486074006,
                0.0
              ],
              [
                52.49707581940053,
                29.81173373065365,
                0.0
              ],
              [
                52.49706892161017,
                29.81173474181991,
                0.0
              ],
              [
                52.49699610720059,
                29.81135704933663,
                0.0
              ],
              [
                52.49719991895393,
                29.81132716747942,
                0.0
              ],
              [
                52.49727226324489,
                29.81170242526191,
                0.0
              ]
            ]
          ]
        ]
      }
    },
    {
      "type": "Feature",
      "properties": {
        "Name": "412",
        "masahat": 980.88
      },
      "geometry": {
        "type": "MultiPolygon",
        "coordinates": [
          [
            [
              [
                52.49679229529863,
                29.81138692998126,
                0.0
              ],
              [
                52.49686510897379,
                29.81176462260105,
                0.0
              ],
              [
                52.49666129725019,
                29.81179450396223,
                0.0
              ],
              [
                52.49658848429603,
                29.81141681030377,
                0.0
              ],
              [
                52.49679229529863,
                29.81138692998126,
                0.0
              ]
            ]
          ]
        ]
      }
    },
    {
      "type": "Feature",
      "properties": {
        "Name": "406",
        "masahat": 980.87
      },
      "geometry": {
        "type": "MultiPolygon",
        "coordinates": [
          [
            [
              [
                52.49651567301366,
                29.81103911835797,
                0.0
              ],
              [
                52.49671948224736,
                29.81100923818368,
                0.0
              ],
              [
                52.49679229529863,
                29.81138692998126,
                0.0
              ],
              [
                52.49658848429603,
                29.81141681030377,
                0.0
              ],
              [
                52.49651567301366,
                29.81103911835797,
                0.0
              ]
            ]
          ]
        ]
      }
    },
    {
      "type": "Feature",
      "properties": {
        "Name": "407",
        "masahat": 939.04
      },
      "geometry": {
        "type": "MultiPolygon",
        "coordinates": [
          [
            [
              [
                52.49676326500354,
                29.81100281931478,
                0.0
              ],
              [
                52.49677036363339,
                29.81100188800237,
                0.0
              ],
              [
                52.49677749239934,
                29.81100117380974,
                0.0
              ],
              [
                52.49678464712306,
                29.81100067407724,
                0.0
              ],
              [
                52.49679181751312,
                29.81100039253075,
                0.0
              ],
              [
                52.49679899527995,
                29.81100032836185,
                0.0
              ],
              [
                52.49680617112635,
                29.81100048257821,
                0.0
              ],
              [
                52.49681333571477,
                29.81100085348093,
                0.0
              ],
              [
                52.49682047972115,
                29.81100144027332,
                0.0
              ],
              [
                52.49682759899399,
                29.8110022421001,
                0.0
              ],
              [
                52.49683468216705,
                29.81100325999232,
                0.0
              ],
              [
                52.49684171679924,
                29.81100449228632,
                0.0
              ],
              [
                52.49684870285027,
                29.81100593627554,
                0.0
              ],
              [
                52.49685562376785,
                29.81100759214752,
                0.0
              ],
              [
                52.4968624753333,
                29.81100945453608,
                0.0
              ],
              [
                52.49686925031841,
                29.81101152442545,
                0.0
              ],
              [
                52.49687593726289,
                29.8110137965315,
                0.0
              ],
              [
                52.49688253102102,
                29.81101627271719,
                0.0
              ],
              [
                52.49688901907106,
                29.81101894590574,
                0.0
              ],
              [
                52.49689539931712,
                29.81102181431626,
                0.0
              ],
              [
                52.4969016613468,
                29.81102487355512,
                0.0
              ],
              [
                52.49690779787819,
                29.81102812099778,
                0.0
              ],
              [
                52.4969138005679,
                29.81103155222717,
                0.0
              ],
              [
                52.4969196621071,
                29.81103516281444,
                0.0
              ],
              [
                52.49692537933852,
                29.81103894918608,
                0.0
              ],
              [
                52.49693093976723,
                29.81104290606968,
                0.0
              ],
              [
                52.49693634124357,
                29.81104702807564,
                0.0
              ],
              [
                52.49699610720059,
                29.81135704933663,
                0.0
              ],
              [
                52.49679229529863,
                29.81138692998126,
                0.0
              ],
              [
                52.49671948224736,
                29.81100923818368,
                0.0
              ],
              [
                52.49676326500354,
                29.81100281931478,
                0.0
              ]
            ]
          ]
        ]
      }
    },
    {
      "type": "Feature",
      "properties": {
        "Name": "408",
        "masahat": 634.56
      },
      "geometry": {
        "type": "MultiPolygon",
        "coordinates": [
          [
            [
              [
                52.49731678539875,
                29.81131003251686,
                0.0
              ],
              [
                52.49719991895393,
                29.81132716747942,
                0.0
              ],
              [
                52.49699610720059,
                29.81135704933663,
                0.0
              ],
              [
                52.49693634124357,
                29.81104702807564,
                0.0
              ],
              [
                52.49693623039898,
                29.81104646357051,
                0.0
              ],
              [
                52.49731678539875,
                29.81131003251686,
                0.0
              ]
            ]
          ]
        ]
      }
    },
    {
      "type": "Feature",
      "properties": {
        "Name": "224",
        "masahat": 228.98
      },
      "geometry": {
        "type": "MultiPolygon",
        "coordinates": [
          [
            [
              [
                52.49925735870682,
                29.81086435772697,
                0.0
              ],
              [
                52.49925152955799,
                29.81087075912681,
                0.0
              ],
              [
                52.49914191872833,
                29.81099112388406,
                0.0
              ],
              [
                52.49905253388896,
                29.81092921768861,
                0.0
              ],
              [
                52.49916382141463,
                29.81080701037104,
                0.0
              ],
              [
                52.49916797288173,
                29.8108024516188,
                0.0
              ],
              [
                52.49925735870682,
                29.81086435772697,
                0.0
              ]
            ]
          ]
        ]
      }
    },
    {
      "type": "Feature",
      "properties": {
        "Name": "186",
        "masahat": 229.82
      },
      "geometry": {
        "type": "MultiPolygon",
        "coordinates": [
          [
            [
              [
                52.49902612209854,
                29.81111827748117,
                0.0
              ],
              [
                52.49893659263645,
                29.81105652895314,
                0.0
              ],
              [
                52.49905253388896,
                29.81092921768861,
                0.0
              ],
              [
                52.49914191872833,
                29.81099112388406,
                0.0
              ],
              [
                52.49902612209854,
                29.81111827748117,
                0.0
              ]
            ]
          ]
        ]
      }
    },
    {
      "type": "Feature",
      "properties": {
        "Name": "225",
        "masahat": 230.37
      },
      "geometry": {
        "type": "MultiPolygon",
        "coordinates": [
          [
            [
              [
                52.49918082739917,
                29.81078833860552,
                0.0
              ],
              [
                52.49916797288173,
                29.8108024516188,
                0.0
              ],
              [
                52.49916382141463,
                29.81080701037104,
                0.0
              ],
              [
                52.49905253388896,
                29.81092921768861,
                0.0
              ],
              [
                52.49897161350491,
                29.81087317438626,
                0.0
              ],
              [
                52.49909550819274,
                29.81073712402588,
                0.0
              ],
              [
                52.49909990499516,
                29.81073229540262,
                0.0
              ],
              [
                52.49918082739917,
                29.81078833860552,
                0.0
              ]
            ]
          ]
        ]
      }
    },
    {
      "type": "Feature",
      "properties": {
        "Name": "185",
        "masahat": 231.22
      },
      "geometry": {
        "type": "MultiPolygon",
        "coordinates": [
          [
            [
              [
                52.49905253388896,
                29.81092921768861,
                0.0
              ],
              [
                52.49893659263645,
                29.81105652895314,
                0.0
              ],
              [
                52.49892376557936,
                29.81107061456229,
                0.0
              ],
              [
                52.49884284409806,
                29.81101457029324,
                0.0
              ],
              [
                52.49897161350491,
                29.81087317438626,
                0.0
              ],
              [
                52.49905253388896,
                29.81092921768861,
                0.0
              ]
            ]
          ]
        ]
      }
    },
    {
      "type": "Feature",
      "properties": {
        "Name": "GIS_84834",
        "masahat": 692.93
      },
      "geometry": {
        "type": "MultiPolygon",
        "coordinates": [
          [
            [
              [
                52.49943053270253,
                29.80979493122869,
                0.0
              ],
              [
                52.49953707130405,
                29.81004900747172,
                0.0
              ],
              [
                52.49934245558333,
                29.8101101282278,
                0.0
              ],
              [
                52.49923615392443,
                29.80985616282495,
                0.0
              ],
              [
                52.49943053270253,
                29.80979493122869,
                0.0
              ]
            ]
          ]
        ]
      }
    },
    {
      "type": "Feature",
      "properties": {
        "Name": "420",
        "masahat": 1953.15
      },
      "geometry": {
        "type": "MultiPolygon",
        "coordinates": [
          [
            [
              [
                52.49685878690533,
                29.81050540509276,
                0.0
              ],
              [
                52.49689742150004,
                29.81070580894332,
                0.0
              ],
              [
                52.49677541925446,
                29.81072369469074,
                0.0
              ],
              [
                52.49677513430511,
                29.81072373671889,
                0.0
              ],
              [
                52.49677360734255,
                29.81072396155264,
                0.0
              ],
              [
                52.49678791125589,
                29.81079816866039,
                0.0
              ],
              [
                52.49678844698704,
                29.81080127833734,
                0.0
              ],
              [
                52.49678885774293,
                29.810804402965,
                0.0
              ],
              [
                52.49678914449088,
                29.81080753802077,
                0.0
              ],
              [
                52.49678930513493,
                29.81081068172373,
                0.0
              ],
              [
                52.49678933853307,
                29.8108138268682,
                0.0
              ],
              [
                52.49678924671402,
                29.81081697072417,
                0.0
              ],
              [
                52.49678902963743,
                29.81082011058513,
                0.0
              ],
              [
                52.49678868723609,
                29.81082324194018,
                0.0
              ],
              [
                52.49678821945625,
                29.81082636118061,
                0.0
              ],
              [
                52.49678762621727,
                29.81082946289336,
                0.0
              ],
              [
                52.49678745604809,
                29.81083019480615,
                0.0
              ],
              [
                52.49678690855365,
                29.8108325470667,
                0.0
              ],
              [
                52.49678606841347,
                29.81083560555759,
                0.0
              ],
              [
                52.49678510785233,
                29.81083863744041,
                0.0
              ],
              [
                52.49678402678957,
                29.81084163730209,
                0.0
              ],
              [
                52.49678282725392,
                29.81084460241266,
                0.0
              ],
              [
                52.49678150612837,
                29.81084753190511,
                0.0
              ],
              [
                52.49678007053361,
                29.81085041757778,
                0.0
              ],
              [
                52.49677851939478,
                29.81085325673585,
                0.0
              ],
              [
                52.49677685682309,
                29.8108560475281,
                0.0
              ],
              [
                52.49677508381274,
                29.81085878723626,
                0.0
              ],
              [
                52.49677319923511,
                29.81086146955681,
                0.0
              ],
              [
                52.49677121238746,
                29.81086409348209,
                0.0
              ],
              [
                52.4967691201259,
                29.81086665634071,
                0.0
              ],
              [
                52.49676692653477,
                29.8108691544771,
                0.0
              ],
              [
                52.49676463358901,
                29.81087158155253,
                0.0
              ],
              [
                52.49676224753608,
                29.81087394020326,
                0.0
              ],
              [
                52.49675976618598,
                29.81087622233309,
                0.0
              ],
              [
                52.49675719575927,
                29.8108784287739,
                0.0
              ],
              [
                52.49675453827123,
                29.81088055589352,
                0.0
              ],
              [
                52.49675179675823,
                29.81088259914589,
                0.0
              ],
              [
                52.49674897538525,
                29.81088456028851,
                0.0
              ],
              [
                52.49674607820975,
                29.81088643386141,
                0.0
              ],
              [
                52.49674310726041,
                29.81088821713463,
                0.0
              ],
              [
                52.49674006562741,
                29.81088990917082,
                0.0
              ],
              [
                52.49673695947753,
                29.81089150719312,
                0.0
              ],
              [
                52.49673378985876,
                29.81089301209198,
                0.0
              ],
              [
                52.4967305649263,
                29.81089441565407,
                0.0
              ],
              [
                52.49672728267834,
                29.8108957224137,
                0.0
              ],
              [
                52.49672395237179,
                29.81089692865667,
                0.0
              ],
              [
                52.49672057293183,
                29.81089803168816,
                0.0
              ],
              [
                52.49671715369604,
                29.81089903320708,
                0.0
              ],
              [
                52.49671369666628,
                29.81089992867906,
                0.0
              ],
              [
                52.49671020599407,
                29.81090071895945,
                0.0
              ],
              [
                52.49670668475611,
                29.81090140220869,
                0.0
              ],
              [
                52.49670313914609,
                29.8109019774543,
                0.0
              ],
              [
                52.49659854874669,
                29.81091731072408,
                0.0
              ],
              [
                52.49660094623768,
                29.81092975286804,
                0.0
              ],
              [
                52.49649751212964,
                29.81094491685834,
                0.0
              ],
              [
                52.49649667220252,
                29.81094055638653,
                0.0
              ],
              [
                52.4964951146778,
                29.81093247651645,
                0.0
              ],
              [
                52.49642436865674,
                29.81056550242577,
                0.0
              ],
              [
                52.49641862396059,
                29.81053568952894,
                0.0
              ],
              [
                52.49663483327857,
                29.81050013237046,
                0.0
              ],
              [
                52.49684796033579,
                29.8104613271024,
                0.0
              ],
              [
                52.49685020985594,
                29.81046091722548,
                0.0
              ],
              [
                52.49685878690533,
                29.81050540509276,
                0.0
              ]
            ]
          ]
        ]
      }
    },
    {
      "type": "Feature",
      "properties": {
        "Name": "456",
        "masahat": 2978.61
      },
      "geometry": {
        "type": "MultiPolygon",
        "coordinates": [
          [
            [
              [
                52.4978844447764,
                29.8125242510379,
                0.0
              ],
              [
                52.49782064374557,
                29.81259916749529,
                0.0
              ],
              [
                52.49717864240186,
                29.81269329690644,
                0.0
              ],
              [
                52.49716794099597,
                29.81263778683235,
                0.0
              ],
              [
                52.4971221044885,
                29.81240002889195,
                0.0
              ],
              [
                52.49712184072391,
                29.81239850694329,
                0.0
              ],
              [
                52.49712163896429,
                29.8123969797804,
                0.0
              ],
              [
                52.49712149403693,
                29.81239544746186,
                0.0
              ],
              [
                52.49712141112795,
                29.81239391083127,
                0.0
              ],
              [
                52.49712138924316,
                29.81239237260686,
                0.0
              ],
              [
                52.49712142530581,
                29.81239083462814,
                0.0
              ],
              [
                52.4971215234675,
                29.81238929775045,
                0.0
              ],
              [
                52.49712168171293,
                29.81238776560589,
                0.0
              ],
              [
                52.49712189799989,
                29.81238624002232,
                0.0
              ],
              [
                52.497122175432,
                29.8123847209645,
                0.0
              ],
              [
                52.49712251301504,
                29.81238321115074,
                0.0
              ],
              [
                52.49712290663775,
                29.81238171243226,
                0.0
              ],
              [
                52.49712336148625,
                29.81238022565262,
                0.0
              ],
              [
                52.49712387449727,
                29.81237875355355,
                0.0
              ],
              [
                52.49712444259407,
                29.81237729797455,
                0.0
              ],
              [
                52.49712506783229,
                29.81237585798998,
                0.0
              ],
              [
                52.49712574929835,
                29.81237444173118,
                0.0
              ],
              [
                52.49712648586365,
                29.81237304289465,
                0.0
              ],
              [
                52.49712727763569,
                29.81237166869778,
                0.0
              ],
              [
                52.49712812149745,
                29.81237031827356,
                0.0
              ],
              [
                52.49712901851033,
                29.81236899341464,
                0.0
              ],
              [
                52.4971299666187,
                29.81236769504661,
                0.0
              ],
              [
                52.4971309648687,
                29.81236642859429,
                0.0
              ],
              [
                52.49713201113745,
                29.81236519047241,
                0.0
              ],
              [
                52.49713310756128,
                29.81236398516838,
                0.0
              ],
              [
                52.49713424895403,
                29.81236281183867,
                0.0
              ],
              [
                52.49713543538292,
                29.81236167499415,
                0.0
              ],
              [
                52.49713666680764,
                29.81236057192829,
                0.0
              ],
              [
                52.49713793915725,
                29.81235950719886,
                0.0
              ],
              [
                52.49713925347972,
                29.81235848169634,
                0.0
              ],
              [
                52.49714060770598,
                29.81235749544414,
                0.0
              ],
              [
                52.49714199979385,
                29.81235655027008,
                0.0
              ],
              [
                52.49714342869536,
                29.81235564528369,
                0.0
              ],
              [
                52.49714489032613,
                29.8123547841406,
                0.0
              ],
              [
                52.49714638780321,
                29.81235396770777,
                0.0
              ],
              [
                52.49714791595392,
                29.81235319604384,
                0.0
              ],
              [
                52.49714947064013,
                29.81235246919571,
                0.0
              ],
              [
                52.49715105397124,
                29.81235178984646,
                0.0
              ],
              [
                52.49715266594723,
                29.81235115799608,
                0.0
              ],
              [
                52.49715429831874,
                29.8123505755427,
                0.0
              ],
              [
                52.49715595312793,
                29.81235004065854,
                0.0
              ],
              [
                52.4971576293806,
                29.81234955606184,
                0.0
              ],
              [
                52.49715932187719,
                29.81234912000687,
                0.0
              ],
              [
                52.49716103069836,
                29.81234873790667,
                0.0
              ],
              [
                52.49716275475581,
                29.81234840616426,
                0.0
              ],
              [
                52.49716449093249,
                29.81234812391267,
                0.0
              ],
              [
                52.49767056155481,
                29.8122739268,
                0.0
              ],
              [
                52.49769008119152,
                29.81227079281531,
                0.0
              ],
              [
                52.49770948020924,
                29.81226713323447,
                0.0
              ],
              [
                52.49772873795733,
                29.81226295099867,
                0.0
              ],
              [
                52.49774784004617,
                29.81225825258736,
                0.0
              ],
              [
                52.49776676372917,
                29.81225303916081,
                0.0
              ],
              [
                52.49778549565131,
                29.81224731718683,
                0.0
              ],
              [
                52.49780401414091,
                29.81224109052047,
                0.0
              ],
              [
                52.49784805006144,
                29.81246950242421,
                0.0
              ],
              [
                52.49784871184819,
                29.81247259713113,
                0.0
              ],
              [
                52.49784949544129,
                29.81247567241057,
                0.0
              ],
              [
                52.49785040277534,
                29.81247871921729,
                0.0
              ],
              [
                52.49785143178129,
                29.81248173757472,
                0.0
              ],
              [
                52.49785258032281,
                29.81248472299546,
                0.0
              ],
              [
                52.49785384834613,
                29.81248767187079,
                0.0
              ],
              [
                52.49785523371494,
                29.81249057971325,
                0.0
              ],
              [
                52.49785673535434,
                29.81249344382808,
                0.0
              ],
              [
                52.49785834802444,
                29.81249625976299,
                0.0
              ],
              [
                52.49786007583647,
                29.81249902566673,
                0.0
              ],
              [
                52.49786191251599,
                29.81250173709876,
                0.0
              ],
              [
                52.49786376409291,
                29.81250426789595,
                0.0
              ],
              [
                52.49786570900581,
                29.81250674349517,
                0.0
              ],
              [
                52.49786774826234,
                29.81250916208037,
                0.0
              ],
              [
                52.49786988077415,
                29.81251152005453,
                0.0
              ],
              [
                52.49787210131479,
                29.81251381386759,
                0.0
              ],
              [
                52.49787440573265,
                29.8125160426643,
                0.0
              ],
              [
                52.49787679707755,
                29.81251820280075,
                0.0
              ],
              [
                52.49787926911535,
                29.81252029254294,
                0.0
              ],
              [
                52.49788181871557,
                29.81252231012171,
                0.0
              ],
              [
                52.4978844447764,
                29.8125242510379,
                0.0
              ]
            ]
          ]
        ]
      }
    },
    {
      "type": "Feature",
      "properties": {
        "Name": "485.1",
        "masahat": 1370.22
      },
      "geometry": {
        "type": "MultiPolygon",
        "coordinates": [
          [
            [
              [
                52.50013278002115,
                29.80997559485041,
                0.0
              ],
              [
                52.50002363255965,
                29.8099758306217,
                0.0
              ],
              [
                52.50002351357758,
                29.80997583107014,
                0.0
              ],
              [
                52.50002346637577,
                29.80997571881481,
                0.0
              ],
              [
                52.50000935697074,
                29.80994207141225,
                0.0
              ],
              [
                52.49995549593274,
                29.80994238238662,
                0.0
              ],
              [
                52.49990166959142,
                29.80994411682122,
                0.0
              ],
              [
                52.49984793176596,
                29.80994727590992,
                0.0
              ],
              [
                52.49979432688412,
                29.80995185553922,
                0.0
              ],
              [
                52.49974090555386,
                29.80995784972096,
                0.0
              ],
              [
                52.49964331638486,
                29.80972511684224,
                0.0
              ],
              [
                52.49988397774282,
                29.80964306950218,
                0.0
              ],
              [
                52.49997932861388,
                29.80960964488769,
                0.0
              ],
              [
                52.50013278002115,
                29.80997559485041,
                0.0
              ]
            ]
          ]
        ]
      }
    },
    {
      "type": "Feature",
      "properties": {
        "Name": "477.2",
        "masahat": 345.69
      },
      "geometry": {
        "type": "MultiPolygon",
        "coordinates": [
          [
            [
              [
                52.50069298606818,
                29.8101365920004,
                0.0
              ],
              [
                52.50069865700416,
                29.8101365799261,
                0.0
              ],
              [
                52.50061521421603,
                29.81022821263576,
                0.0
              ],
              [
                52.50048049477732,
                29.81037615006421,
                0.0
              ],
              [
                52.50039957409618,
                29.81032010764432,
                0.0
              ],
              [
                52.50056447909887,
                29.81013902059477,
                0.0
              ],
              [
                52.50056644180153,
                29.8101368661003,
                0.0
              ],
              [
                52.50069298606818,
                29.8101365920004,
                0.0
              ]
            ]
          ]
        ]
      }
    },
    {
      "type": "Feature",
      "properties": {
        "Name": "477.3",
        "masahat": 253.58
      },
      "geometry": {
        "type": "MultiPolygon",
        "coordinates": [
          [
            [
              [
                52.50056644180153,
                29.8101368661003,
                0.0
              ],
              [
                52.50056447909887,
                29.81013902059477,
                0.0
              ],
              [
                52.50039957409618,
                29.81032010764432,
                0.0
              ],
              [
                52.50031865349101,
                29.81026406426908,
                0.0
              ],
              [
                52.50043144335287,
                29.81014020564946,
                0.0
              ],
              [
                52.50043422452308,
                29.8101371521657,
                0.0
              ],
              [
                52.50056644180153,
                29.8101368661003,
                0.0
              ]
            ]
          ]
        ]
      }
    },
    {
      "type": "Feature",
      "properties": {
        "Name": "477.4",
        "masahat": 182.71
      },
      "geometry": {
        "type": "MultiPolygon",
        "coordinates": [
          [
            [
              [
                52.50028012742677,
                29.810137485319,
                0.0
              ],
              [
                52.50043422452308,
                29.8101371521657,
                0.0
              ],
              [
                52.50043144335287,
                29.81014020564946,
                0.0
              ],
              [
                52.50031865349101,
                29.81026406426908,
                0.0
              ],
              [
                52.50022154868407,
                29.81019681269225,
                0.0
              ],
              [
                52.50027556357845,
                29.81013749563273,
                0.0
              ],
              [
                52.50028012742677,
                29.810137485319,
                0.0
              ]
            ]
          ]
        ]
      }
    },
    {
      "type": "Feature",
      "properties": {
        "Name": "484",
        "masahat": 623.59
      },
      "geometry": {
        "type": "MultiPolygon",
        "coordinates": [
          [
            [
              [
                52.49943053270253,
                29.80979493122869,
                0.0
              ],
              [
                52.49960469633306,
                29.80973797753692,
                0.0
              ],
              [
                52.49971124809281,
                29.80999207874846,
                0.0
              ],
              [
                52.49953707130405,
                29.81004900747172,
                0.0
              ],
              [
                52.49943053270253,
                29.80979493122869,
                0.0
              ]
            ]
          ]
        ]
      }
    },
    {
      "type": "Feature",
      "properties": {
        "Name": "482",
        "masahat": 597.26
      },
      "geometry": {
        "type": "MultiPolygon",
        "coordinates": [
          [
            [
              [
                52.49977801723428,
                29.81015131113493,
                0.0
              ],
              [
                52.49972413242387,
                29.81015877234703,
                0.0
              ],
              [
                52.49967058160318,
                29.81016788371669,
                0.0
              ],
              [
                52.49961742876133,
                29.81017863459244,
                0.0
              ],
              [
                52.4995647471039,
                29.81019100790212,
                0.0
              ],
              [
                52.49951259646875,
                29.81020499213921,
                0.0
              ],
              [
                52.49946104071069,
                29.81022056763087,
                0.0
              ],
              [
                52.49941014681516,
                29.81023771647339,
                0.0
              ],
              [
                52.49935997650097,
                29.81025641450663,
                0.0
              ],
              [
                52.49931807152881,
                29.81015647878063,
                0.0
              ],
              [
                52.4997249099872,
                29.81002611294965,
                0.0
              ],
              [
                52.49977801723428,
                29.81015131113493,
                0.0
              ]
            ]
          ]
        ]
      }
    },
    {
      "type": "Feature",
      "properties": {
        "Name": "483",
        "masahat": 345.91
      },
      "geometry": {
        "type": "MultiPolygon",
        "coordinates": [
          [
            [
              [
                52.49923615392443,
                29.80985616282495,
                0.0
              ],
              [
                52.49934245558333,
                29.8101101282278,
                0.0
              ],
              [
                52.499245174107,
                29.81014007055609,
                0.0
              ],
              [
                52.4991386972733,
                29.80988613954237,
                0.0
              ],
              [
                52.49923615392443,
                29.80985616282495,
                0.0
              ]
            ]
          ]
        ]
      }
    },
    {
      "type": "Feature",
      "properties": {
        "Name": "104.1",
        "masahat": 1159.13
      },
      "geometry": {
        "type": "MultiPolygon",
        "coordinates": [
          [
            [
              [
                52.49789960423326,
                29.81169620338271,
                0.0
              ],
              [
                52.49807320718801,
                29.81181643674548,
                0.0
              ],
              [
                52.49807452296451,
                29.81181738371025,
                0.0
              ],
              [
                52.49807580307053,
                29.81181836717261,
                0.0
              ],
              [
                52.49807704437558,
                29.81181938536345,
                0.0
              ],
              [
                52.49807824693347,
                29.81182044189145,
                0.0
              ],
              [
                52.4980794096155,
                29.8118215304531,
                0.0
              ],
              [
                52.49808052934499,
                29.81182265288796,
                0.0
              ],
              [
                52.49808160503361,
                29.81182380559904,
                0.0
              ],
              [
                52.49808263772935,
                29.8118249894768,
                0.0
              ],
              [
                52.49808362430169,
                29.81182620275205,
                0.0
              ],
              [
                52.49808456574483,
                29.81182744270657,
                0.0
              ],
              [
                52.49808545896863,
                29.81182871027769,
                0.0
              ],
              [
                52.49808633789852,
                29.81183006012288,
                0.0
              ],
              [
                52.49808716338262,
                29.81183143403463,
                0.0
              ],
              [
                52.49808793438639,
                29.81183283202467,
                0.0
              ],
              [
                52.4980886498484,
                29.81183425230039,
                0.0
              ],
              [
                52.4980893097552,
                29.81183569395958,
                0.0
              ],
              [
                52.49808991096285,
                29.81183715433092,
                0.0
              ],
              [
                52.49809045344443,
                29.81183863161007,
                0.0
              ],
              [
                52.49809093823448,
                29.81184012578529,
                0.0
              ],
              [
                52.49809136423121,
                29.81184163235741,
                0.0
              ],
              [
                52.49809172831758,
                29.81184315045945,
                0.0
              ],
              [
                52.49809203357027,
                29.81184467825187,
                0.0
              ],
              [
                52.49809227790678,
                29.81184621485596,
                0.0
              ],
              [
                52.4980924613002,
                29.81184775846736,
                0.0
              ],
              [
                52.49809258475813,
                29.81184930726998,
                0.0
              ],
              [
                52.49809264512321,
                29.81185085769032,
                0.0
              ],
              [
                52.49809264445103,
                29.81185240880271,
                0.0
              ],
              [
                52.49809258376267,
                29.81185395969328,
                0.0
              ],
              [
                52.49809245991418,
                29.81185550769066,
                0.0
              ],
              [
                52.49809227701678,
                29.8118570509436,
                0.0
              ],
              [
                52.49809203091889,
                29.81185858859682,
                0.0
              ],
              [
                52.4980917246703,
                29.81186011700643,
                0.0
              ],
              [
                52.49809135930554,
                29.81186163616072,
                0.0
              ],
              [
                52.49809093577843,
                29.81186314063486,
                0.0
              ],
              [
                52.4980904500181,
                29.81186463498667,
                0.0
              ],
              [
                52.49808990502053,
                29.81186611196355,
                0.0
              ],
              [
                52.4980893039162,
                29.81186757333466,
                0.0
              ],
              [
                52.49808864454192,
                29.81186901280821,
                0.0
              ],
              [
                52.49808792902051,
                29.81187043396946,
                0.0
              ],
              [
                52.49808715831928,
                29.81187183229578,
                0.0
              ],
              [
                52.49808633034225,
                29.81187320600629,
                0.0
              ],
              [
                52.49808545128316,
                29.81187455412841,
                0.0
              ],
              [
                52.4980845180384,
                29.81187587669737,
                0.0
              ],
              [
                52.49808353260978,
                29.81187716917879,
                0.0
              ],
              [
                52.498082498074,
                29.81187842973312,
                0.0
              ],
              [
                52.49808141445796,
                29.81187966016473,
                0.0
              ],
              [
                52.49799149611975,
                29.81197839565884,
                0.0
              ],
              [
                52.49796894656401,
                29.81200315949597,
                0.0
              ],
              [
                52.49795813220828,
                29.81201463792387,
                0.0
              ],
              [
                52.49794689306905,
                29.81202580174215,
                0.0
              ],
              [
                52.49793523610556,
                29.81203663192291,
                0.0
              ],
              [
                52.49792317574745,
                29.81204712469308,
                0.0
              ],
              [
                52.49791072623604,
                29.81205726364921,
                0.0
              ],
              [
                52.49789759866998,
                29.81206717297862,
                0.0
              ],
              [
                52.49788411271757,
                29.81207671009831,
                0.0
              ],
              [
                52.49787028165289,
                29.81208586312737,
                0.0
              ],
              [
                52.49785612091331,
                29.81209462647671,
                0.0
              ],
              [
                52.49784164686312,
                29.81210298732808,
                0.0
              ],
              [
                52.49782686975361,
                29.81211093924888,
                0.0
              ],
              [
                52.49781181118902,
                29.8121184738731,
                0.0
              ],
              [
                52.49773446318284,
                29.81171728247561,
                0.0
              ],
              [
                52.49775527443512,
                29.81170542996885,
                0.0
              ],
              [
                52.49777575434514,
                29.81169314538975,
                0.0
              ],
              [
                52.49777869381956,
                29.81169140215269,
                0.0
              ],
              [
                52.49778170080814,
                29.8116897456762,
                0.0
              ],
              [
                52.49778477128037,
                29.81168818322462,
                0.0
              ],
              [
                52.49778790105776,
                29.81168671213833,
                0.0
              ],
              [
                52.49779108709057,
                29.8116853360612,
                0.0
              ],
              [
                52.49779432630208,
                29.81168405683275,
                0.0
              ],
              [
                52.49779761456765,
                29.81168287540208,
                0.0
              ],
              [
                52.49780094672809,
                29.81168179273003,
                0.0
              ],
              [
                52.49780431973362,
                29.81168081246045,
                0.0
              ],
              [
                52.49780772939235,
                29.81167993103155,
                0.0
              ],
              [
                52.49781116959124,
                29.81167915482895,
                0.0
              ],
              [
                52.49781464028997,
                29.81167848114609,
                0.0
              ],
              [
                52.49781813737732,
                29.81167791183424,
                0.0
              ],
              [
                52.49782165261743,
                29.81167744969375,
                0.0
              ],
              [
                52.4978251839009,
                29.81167709204157,
                0.0
              ],
              [
                52.49782872711654,
                29.81167684072893,
                0.0
              ],
              [
                52.4978322801953,
                29.8116766957793,
                0.0
              ],
              [
                52.49783583589549,
                29.81167665727479,
                0.0
              ],
              [
                52.49783939007899,
                29.81167672526227,
                0.0
              ],
              [
                52.49784293964227,
                29.81167689977695,
                0.0
              ],
              [
                52.49784648149517,
                29.8116771817562,
                0.0
              ],
              [
                52.49785000940364,
                29.81167756946601,
                0.0
              ],
              [
                52.49785352025068,
                29.81167806203941,
                0.0
              ],
              [
                52.49785700886363,
                29.81167865953502,
                0.0
              ],
              [
                52.49786047215238,
                29.81167936289022,
                0.0
              ],
              [
                52.49786390592504,
                29.81168016854322,
                0.0
              ],
              [
                52.49786730500897,
                29.81168107655263,
                0.0
              ],
              [
                52.49787066732168,
                29.81168208603977,
                0.0
              ],
              [
                52.49787398664254,
                29.81168319617282,
                0.0
              ],
              [
                52.49787726087564,
                29.81168440517088,
                0.0
              ],
              [
                52.49788048690392,
                29.81168571216696,
                0.0
              ],
              [
                52.49788365744539,
                29.81168711453663,
                0.0
              ],
              [
                52.49788677145202,
                29.81168861138946,
                0.0
              ],
              [
                52.49788982475885,
                29.81169020096798,
                0.0
              ],
              [
                52.49789281318741,
                29.81169188061263,
                0.0
              ],
              [
                52.49789511950807,
                29.81169326661207,
                0.0
              ],
              [
                52.49789738631601,
                29.81169470900388,
                0.0
              ],
              [
                52.49789960423326,
                29.81169620338271,
                0.0
              ]
            ]
          ]
        ]
      }
    },
    {
      "type": "Feature",
      "properties": {
        "Name": "42",
        "masahat": 228.41
      },
      "geometry": {
        "type": "MultiPolygon",
        "coordinates": [
          [
            [
              [
                52.49905280515695,
                29.81334645151295,
                0.0
              ],
              [
                52.49907596140469,
                29.81336248845433,
                0.0
              ],
              [
                52.49891115330321,
                29.8134324742522,
                0.0
              ],
              [
                52.49884203900548,
                29.81338460654546,
                0.0
              ],
              [
                52.49893928963282,
                29.8132778206295,
                0.0
              ],
              [
                52.49894486647302,
                29.81327169731486,
                0.0
              ],
              [
                52.49905280515695,
                29.81334645151295,
                0.0
              ]
            ]
          ]
        ]
      }
    },
    {
      "type": "Feature",
      "properties": {
        "Name": "41",
        "masahat": 212.33
      },
      "geometry": {
        "type": "MultiPolygon",
        "coordinates": [
          [
            [
              [
                52.49885213401689,
                29.81320747575275,
                0.0
              ],
              [
                52.49894486647302,
                29.81327169731486,
                0.0
              ],
              [
                52.49893928963282,
                29.8132778206295,
                0.0
              ],
              [
                52.49884203900548,
                29.81338460654546,
                0.0
              ],
              [
                52.49874897821212,
                29.81332015764132,
                0.0
              ],
              [
                52.49885180467691,
                29.81320724759033,
                0.0
              ],
              [
                52.49885213401689,
                29.81320747575275,
                0.0
              ]
            ]
          ]
        ]
      }
    },
    {
      "type": "Feature",
      "properties": {
        "Name": "26",
        "masahat": 419.6
      },
      "geometry": {
        "type": "MultiPolygon",
        "coordinates": [
          [
            [
              [
                52.49884203900548,
                29.81338460654546,
                0.0
              ],
              [
                52.49891115330321,
                29.8134324742522,
                0.0
              ],
              [
                52.49890652021185,
                29.81343437298063,
                0.0
              ],
              [
                52.49877995928288,
                29.81348493427448,
                0.0
              ],
              [
                52.49860157831472,
                29.81355179820965,
                0.0
              ],
              [
                52.49856260439977,
                29.81352480675416,
                0.0
              ],
              [
                52.49863329867097,
                29.81344718056507,
                0.0
              ],
              [
                52.49874897821212,
                29.81332015764132,
                0.0
              ],
              [
                52.49884203900548,
                29.81338460654546,
                0.0
              ]
            ]
          ]
        ]
      }
    },
    {
      "type": "Feature",
      "properties": {
        "Name": "40",
        "masahat": 230.8
      },
      "geometry": {
        "type": "MultiPolygon",
        "coordinates": [
          [
            [
              [
                52.49887634655249,
                29.81317821373864,
                0.0
              ],
              [
                52.49887751125394,
                29.81317901984048,
                0.0
              ],
              [
                52.49885747415499,
                29.81320102216746,
                0.0
              ],
              [
                52.49885180467691,
                29.81320724759033,
                0.0
              ],
              [
                52.49874897821212,
                29.81332015764132,
                0.0
              ],
              [
                52.4986680559885,
                29.81326411333136,
                0.0
              ],
              [
                52.49879658804495,
                29.81312297561841,
                0.0
              ],
              [
                52.49887634655249,
                29.81317821373864,
                0.0
              ]
            ]
          ]
        ]
      }
    },
    {
      "type": "Feature",
      "properties": {
        "Name": "27",
        "masahat": 207.72
      },
      "geometry": {
        "type": "MultiPolygon",
        "coordinates": [
          [
            [
              [
                52.49874897821212,
                29.81332015764132,
                0.0
              ],
              [
                52.49863329867097,
                29.81344718056507,
                0.0
              ],
              [
                52.49855237434745,
                29.81339113711226,
                0.0
              ],
              [
                52.4986680559885,
                29.81326411333136,
                0.0
              ],
              [
                52.49874897821212,
                29.81332015764132,
                0.0
              ]
            ]
          ]
        ]
      }
    },
    {
      "type": "Feature",
      "properties": {
        "Name": "39",
        "masahat": 230.8
      },
      "geometry": {
        "type": "MultiPolygon",
        "coordinates": [
          [
            [
              [
                52.49858713281979,
                29.81320806897999,
                0.0
              ],
              [
                52.49871566802905,
                29.81306693130795,
                0.0
              ],
              [
                52.49879658804495,
                29.81312297561841,
                0.0
              ],
              [
                52.4986680559885,
                29.81326411333136,
                0.0
              ],
              [
                52.49858713281979,
                29.81320806897999,
                0.0
              ]
            ]
          ]
        ]
      }
    },
    {
      "type": "Feature",
      "properties": {
        "Name": "28",
        "masahat": 207.72
      },
      "geometry": {
        "type": "MultiPolygon",
        "coordinates": [
          [
            [
              [
                52.4986680559885,
                29.81326411333136,
                0.0
              ],
              [
                52.49855237434745,
                29.81339113711226,
                0.0
              ],
              [
                52.49847145218249,
                29.8133350935828,
                0.0
              ],
              [
                52.49858713281979,
                29.81320806897999,
                0.0
              ],
              [
                52.4986680559885,
                29.81326411333136,
                0.0
              ]
            ]
          ]
        ]
      }
    },
    {
      "type": "Feature",
      "properties": {
        "Name": "38",
        "masahat": 276.96
      },
      "geometry": {
        "type": "MultiPolygon",
        "coordinates": [
          [
            [
              [
                52.49861932575636,
                29.81300021046302,
                0.0
              ],
              [
                52.49871566802905,
                29.81306693130795,
                0.0
              ],
              [
                52.49858713281979,
                29.81320806897999,
                0.0
              ],
              [
                52.4984900261646,
                29.81314081531555,
                0.0
              ],
              [
                52.49861363205906,
                29.81300508987507,
                0.0
              ],
              [
                52.4986185593907,
                29.8129996795627,
                0.0
              ],
              [
                52.49861932575636,
                29.81300021046302,
                0.0
              ]
            ]
          ]
        ]
      }
    },
    {
      "type": "Feature",
      "properties": {
        "Name": "29",
        "masahat": 276.96
      },
      "geometry": {
        "type": "MultiPolygon",
        "coordinates": [
          [
            [
              [
                52.49858713281979,
                29.81320806897999,
                0.0
              ],
              [
                52.49847145218249,
                29.8133350935828,
                0.0
              ],
              [
                52.49845859725265,
                29.81334920653656,
                0.0
              ],
              [
                52.49836149158645,
                29.81328195367119,
                0.0
              ],
              [
                52.4984900261646,
                29.81314081531555,
                0.0
              ],
              [
                52.49858713281979,
                29.81320806897999,
                0.0
              ]
            ]
          ]
        ]
      }
    },
    {
      "type": "Feature",
      "properties": {
        "Name": "37",
        "masahat": 276.96
      },
      "geometry": {
        "type": "MultiPolygon",
        "coordinates": [
          [
            [
              [
                52.4986185593907,
                29.8129996795627,
                0.0
              ],
              [
                52.49861363205906,
                29.81300508987507,
                0.0
              ],
              [
                52.4984900261646,
                29.81314081531555,
                0.0
              ],
              [
                52.49839291967861,
                29.81307356428107,
                0.0
              ],
              [
                52.49851701218829,
                29.8129373001332,
                0.0
              ],
              [
                52.49852145085426,
                29.81293242593651,
                0.0
              ],
              [
                52.4986185593907,
                29.8129996795627,
                0.0
              ]
            ]
          ]
        ]
      }
    },
    {
      "type": "Feature",
      "properties": {
        "Name": "30",
        "masahat": 276.96
      },
      "geometry": {
        "type": "MultiPolygon",
        "coordinates": [
          [
            [
              [
                52.49839291967861,
                29.81307356428107,
                0.0
              ],
              [
                52.4984900261646,
                29.81314081531555,
                0.0
              ],
              [
                52.49836149158645,
                29.81328195367119,
                0.0
              ],
              [
                52.49826438602218,
                29.81321469892491,
                0.0
              ],
              [
                52.49839291967861,
                29.81307356428107,
                0.0
              ]
            ]
          ]
        ]
      }
    },
    {
      "type": "Feature",
      "properties": {
        "Name": "36",
        "masahat": 276.96
      },
      "geometry": {
        "type": "MultiPolygon",
        "coordinates": [
          [
            [
              [
                52.49852046388723,
                29.81293174233698,
                0.0
              ],
              [
                52.49852145085426,
                29.81293242593651,
                0.0
              ],
              [
                52.49851701218829,
                29.8129373001332,
                0.0
              ],
              [
                52.49839291967861,
                29.81307356428107,
                0.0
              ],
              [
                52.49829581224653,
                29.81300631047522,
                0.0
              ],
              [
                52.49842434556374,
                29.81286517310074,
                0.0
              ],
              [
                52.49852046388723,
                29.81293174233698,
                0.0
              ]
            ]
          ]
        ]
      }
    },
    {
      "type": "Feature",
      "properties": {
        "Name": "31",
        "masahat": 276.96
      },
      "geometry": {
        "type": "MultiPolygon",
        "coordinates": [
          [
            [
              [
                52.49829581224653,
                29.81300631047522,
                0.0
              ],
              [
                52.49839291967861,
                29.81307356428107,
                0.0
              ],
              [
                52.49826438602218,
                29.81321469892491,
                0.0
              ],
              [
                52.49816727857147,
                29.81314744773424,
                0.0
              ],
              [
                52.49829581224653,
                29.81300631047522,
                0.0
              ]
            ]
          ]
        ]
      }
    },
    {
      "type": "Feature",
      "properties": {
        "Name": "35",
        "masahat": 276.96
      },
      "geometry": {
        "type": "MultiPolygon",
        "coordinates": [
          [
            [
              [
                52.49833045849626,
                29.81280014944309,
                0.0
              ],
              [
                52.49835259408469,
                29.81281547983873,
                0.0
              ],
              [
                52.49842434556374,
                29.81286517310074,
                0.0
              ],
              [
                52.49829581224653,
                29.81300631047522,
                0.0
              ],
              [
                52.49819870597784,
                29.81293905658108,
                0.0
              ],
              [
                52.49831116545326,
                29.81281556978061,
                0.0
              ],
              [
                52.49832098653028,
                29.81280478565171,
                0.0
              ],
              [
                52.49832723935406,
                29.81279791929796,
                0.0
              ],
              [
                52.49833045849626,
                29.81280014944309,
                0.0
              ]
            ]
          ]
        ]
      }
    },
    {
      "type": "Feature",
      "properties": {
        "Name": "33",
        "masahat": 274.65
      },
      "geometry": {
        "type": "MultiPolygon",
        "coordinates": [
          [
            [
              [
                52.49819870597784,
                29.81293905658108,
                0.0
              ],
              [
                52.49807017020158,
                29.81308019557655,
                0.0
              ],
              [
                52.49798924955825,
                29.81302414991502,
                0.0
              ],
              [
                52.49798591790061,
                29.8129988268138,
                0.0
              ],
              [
                52.49810159881689,
                29.81287180352429,
                0.0
              ],
              [
                52.49819870597784,
                29.81293905658108,
                0.0
              ]
            ]
          ]
        ]
      }
    },
    {
      "type": "Feature",
      "properties": {
        "Name": "34",
        "masahat": 274.65
      },
      "geometry": {
        "type": "MultiPolygon",
        "coordinates": [
          [
            [
              [
                52.49832723935406,
                29.81279791929796,
                0.0
              ],
              [
                52.49832098653028,
                29.81280478565171,
                0.0
              ],
              [
                52.49831116545326,
                29.81281556978061,
                0.0
              ],
              [
                52.49819870597784,
                29.81293905658108,
                0.0
              ],
              [
                52.49810159881689,
                29.81287180352429,
                0.0
              ],
              [
                52.49815250117597,
                29.81281590993051,
                0.0
              ],
              [
                52.49821727843568,
                29.81274478195734,
                0.0
              ],
              [
                52.49822141215094,
                29.81274436783427,
                0.0
              ],
              [
                52.49824631780142,
                29.81274187560477,
                0.0
              ],
              [
                52.49832723935406,
                29.81279791929796,
                0.0
              ]
            ]
          ]
        ]
      }
    },
    {
      "type": "Feature",
      "properties": {
        "Name": "32",
        "masahat": 276.96
      },
      "geometry": {
        "type": "MultiPolygon",
        "coordinates": [
          [
            [
              [
                52.49819870597784,
                29.81293905658108,
                0.0
              ],
              [
                52.49829581224653,
                29.81300631047522,
                0.0
              ],
              [
                52.49816727857147,
                29.81314744773424,
                0.0
              ],
              [
                52.49807017020158,
                29.81308019557655,
                0.0
              ],
              [
                52.49819870597784,
                29.81293905658108,
                0.0
              ]
            ]
          ]
        ]
      }
    },
    {
      "type": "Feature",
      "properties": {
        "Name": "25",
        "masahat": 371.67
      },
      "geometry": {
        "type": "MultiPolygon",
        "coordinates": [
          [
            [
              [
                52.49838147904575,
                29.81343388861666,
                0.0
              ],
              [
                52.49856872032125,
                29.81356356552096,
                0.0
              ],
              [
                52.49836814495344,
                29.81363179435939,
                0.0
              ],
              [
                52.49826579786621,
                29.81356091124885,
                0.0
              ],
              [
                52.49838147904575,
                29.81343388861666,
                0.0
              ]
            ]
          ]
        ]
      }
    },
    {
      "type": "Feature",
      "properties": {
        "Name": "13",
        "masahat": 521.47
      },
      "geometry": {
        "type": "MultiPolygon",
        "coordinates": [
          [
            [
              [
                52.4979758887546,
                29.81370536440145,
                0.0
              ],
              [
                52.49804658260663,
                29.81362774032438,
                0.0
              ],
              [
                52.49816869006931,
                29.81349366007427,
                0.0
              ],
              [
                52.49826579786621,
                29.81356091124885,
                0.0
              ],
              [
                52.49836814495344,
                29.81363179435939,
                0.0
              ],
              [
                52.49836228880432,
                29.81363369340489,
                0.0
              ],
              [
                52.49802006827844,
                29.81373596407548,
                0.0
              ],
              [
                52.4979758887546,
                29.81370536440145,
                0.0
              ]
            ]
          ]
        ]
      }
    },
    {
      "type": "Feature",
      "properties": {
        "Name": "14",
        "masahat": 263.11
      },
      "geometry": {
        "type": "MultiPolygon",
        "coordinates": [
          [
            [
              [
                52.49804658260663,
                29.81362774032438,
                0.0
              ],
              [
                52.49794947589015,
                29.81356048717035,
                0.0
              ],
              [
                52.49807158339544,
                29.81342640610485,
                0.0
              ],
              [
                52.49816869006931,
                29.81349366007427,
                0.0
              ],
              [
                52.49804658260663,
                29.81362774032438,
                0.0
              ]
            ]
          ]
        ]
      }
    },
    {
      "type": "Feature",
      "properties": {
        "Name": "15",
        "masahat": 263.11
      },
      "geometry": {
        "type": "MultiPolygon",
        "coordinates": [
          [
            [
              [
                52.4979744778984,
                29.81335915294931,
                0.0
              ],
              [
                52.49807158339544,
                29.81342640610485,
                0.0
              ],
              [
                52.49794947589015,
                29.81356048717035,
                0.0
              ],
              [
                52.49785236927561,
                29.8134932321354,
                0.0
              ],
              [
                52.4979744778984,
                29.81335915294931,
                0.0
              ]
            ]
          ]
        ]
      }
    },
    {
      "type": "Feature",
      "properties": {
        "Name": "16",
        "masahat": 263.11
      },
      "geometry": {
        "type": "MultiPolygon",
        "coordinates": [
          [
            [
              [
                52.4979744778984,
                29.81335915294931,
                0.0
              ],
              [
                52.49785236927561,
                29.8134932321354,
                0.0
              ],
              [
                52.49775526283025,
                29.81342597973041,
                0.0
              ],
              [
                52.49787736944001,
                29.81329190065458,
                0.0
              ],
              [
                52.4979744778984,
                29.81335915294931,
                0.0
              ]
            ]
          ]
        ]
      }
    },
    {
      "type": "Feature",
      "properties": {
        "Name": "17",
        "masahat": 263.11
      },
      "geometry": {
        "type": "MultiPolygon",
        "coordinates": [
          [
            [
              [
                52.49778026313919,
                29.8132246455533,
                0.0
              ],
              [
                52.49787736944001,
                29.81329190065458,
                0.0
              ],
              [
                52.49775526283025,
                29.81342597973041,
                0.0
              ],
              [
                52.49765815444464,
                29.81335872727232,
                0.0
              ],
              [
                52.49778026313919,
                29.8132246455533,
                0.0
              ]
            ]
          ]
        ]
      }
    },
    {
      "type": "Feature",
      "properties": {
        "Name": "18",
        "masahat": 219.26
      },
      "geometry": {
        "type": "MultiPolygon",
        "coordinates": [
          [
            [
              [
                52.49778026313919,
                29.8132246455533,
                0.0
              ],
              [
                52.49765815444464,
                29.81335872727232,
                0.0
              ],
              [
                52.49757723275366,
                29.81330268137216,
                0.0
              ],
              [
                52.49769934152182,
                29.81316860152984,
                0.0
              ],
              [
                52.49778026313919,
                29.8132246455533,
                0.0
              ]
            ]
          ]
        ]
      }
    },
    {
      "type": "Feature",
      "properties": {
        "Name": "12",
        "masahat": 302.2
      },
      "geometry": {
        "type": "MultiPolygon",
        "coordinates": [
          [
            [
              [
                52.49781094716978,
                29.81362565660334,
                0.0
              ],
              [
                52.49798425966166,
                29.81374568573212,
                0.0
              ],
              [
                52.49777769183593,
                29.81379825583348,
                0.0
              ],
              [
                52.49770169413991,
                29.81374562275654,
                0.0
              ],
              [
                52.49781094716978,
                29.81362565660334,
                0.0
              ]
            ]
          ]
        ]
      }
    },
    {
      "type": "Feature",
      "properties": {
        "Name": "9",
        "masahat": 219.26
      },
      "geometry": {
        "type": "MultiPolygon",
        "coordinates": [
          [
            [
              [
                52.4976619562966,
                29.81349945391082,
                0.0
              ],
              [
                52.49765674587016,
                29.81350517509232,
                0.0
              ],
              [
                52.49753984706799,
                29.81363353192342,
                0.0
              ],
              [
                52.49745892627278,
                29.81357748775107,
                0.0
              ],
              [
                52.49757516233374,
                29.81344985675622,
                0.0
              ],
              [
                52.49758103448666,
                29.81344340801816,
                0.0
              ],
              [
                52.4976619562966,
                29.81349945391082,
                0.0
              ]
            ]
          ]
        ]
      }
    },
    {
      "type": "Feature",
      "properties": {
        "Name": "8",
        "masahat": 219.26
      },
      "geometry": {
        "type": "MultiPolygon",
        "coordinates": [
          [
            [
              [
                52.49758103448666,
                29.81344340801816,
                0.0
              ],
              [
                52.49757516233374,
                29.81344985675622,
                0.0
              ],
              [
                52.49745892627278,
                29.81357748775107,
                0.0
              ],
              [
                52.49737800247685,
                29.81352144446289,
                0.0
              ],
              [
                52.49749529837369,
                29.81339264924993,
                0.0
              ],
              [
                52.49750011277962,
                29.8133873629745,
                0.0
              ],
              [
                52.49758103448666,
                29.81344340801816,
                0.0
              ]
            ]
          ]
        ]
      }
    },
    {
      "type": "Feature",
      "properties": {
        "Name": "7",
        "masahat": 219.33
      },
      "geometry": {
        "type": "MultiPolygon",
        "coordinates": [
          [
            [
              [
                52.49742075005946,
                29.81333240014942,
                0.0
              ],
              [
                52.49750011277962,
                29.8133873629745,
                0.0
              ],
              [
                52.49749529837369,
                29.81339264924993,
                0.0
              ],
              [
                52.49737800247685,
                29.81352144446289,
                0.0
              ],
              [
                52.49731303426874,
                29.8134764470852,
                0.0
              ],
              [
                52.49730765148428,
                29.81347282568061,
                0.0
              ],
              [
                52.49730215682261,
                29.81346933457683,
                0.0
              ],
              [
                52.49729655549683,
                29.81346597642175,
                0.0
              ],
              [
                52.49741919015442,
                29.81333131969378,
                0.0
              ],
              [
                52.49742075005946,
                29.81333240014942,
                0.0
              ]
            ]
          ]
        ]
      }
    },
    {
      "type": "Feature",
      "properties": {
        "Name": "6",
        "masahat": 228.72
      },
      "geometry": {
        "type": "MultiPolygon",
        "coordinates": [
          [
            [
              [
                52.49723851432007,
                29.8134411514876,
                0.0
              ],
              [
                52.49730032126969,
                29.81326381460151,
                0.0
              ],
              [
                52.49730761482284,
                29.81326637125915,
                0.0
              ],
              [
                52.49731483105575,
                29.81326908579799,
                0.0
              ],
              [
                52.49732196486297,
                29.81327196278758,
                0.0
              ],
              [
                52.49733046550169,
                29.81327574015105,
                0.0
              ],
              [
                52.49733882982525,
                29.81327974373892,
                0.0
              ],
              [
                52.49734704947665,
                29.81328396823196,
                0.0
              ],
              [
                52.49735511408358,
                29.81328841194308,
                0.0
              ],
              [
                52.4973630183927,
                29.81329306951785,
                0.0
              ],
              [
                52.4973707540739,
                29.81329793744143,
                0.0
              ],
              [
                52.49737831587379,
                29.81330301035937,
                0.0
              ],
              [
                52.49741919015442,
                29.81333131969378,
                0.0
              ],
              [
                52.49729655549683,
                29.81346597642175,
                0.0
              ],
              [
                52.49728973971625,
                29.81346215289252,
                0.0
              ],
              [
                52.49728278205742,
                29.81345852948333,
                0.0
              ],
              [
                52.49727569082356,
                29.81345510790472,
                0.0
              ],
              [
                52.49726847535246,
                29.81345188985548,
                0.0
              ],
              [
                52.49726114093781,
                29.81344888339661,
                0.0
              ],
              [
                52.49725369895958,
                29.81344608839909,
                0.0
              ],
              [
                52.4972461526155,
                29.81344351114299,
                0.0
              ],
              [
                52.49723851432007,
                29.8134411514876,
                0.0
              ]
            ]
          ]
        ]
      }
    },
    {
      "type": "Feature",
      "properties": {
        "Name": "5",
        "masahat": 218.96
      },
      "geometry": {
        "type": "MultiPolygon",
        "coordinates": [
          [
            [
              [
                52.49717403614239,
                29.81343035129271,
                0.0
              ],
              [
                52.49717976363873,
                29.81324441458832,
                0.0
              ],
              [
                52.49718984045331,
                29.81324439333839,
                0.0
              ],
              [
                52.49719991430112,
                29.81324465906218,
                0.0
              ],
              [
                52.49720997170626,
                29.81324521010771,
                0.0
              ],
              [
                52.497220004379,
                29.81324604566661,
                0.0
              ],
              [
                52.49722999782239,
                29.81324716500082,
                0.0
              ],
              [
                52.49723994581577,
                29.81324856727855,
                0.0
              ],
              [
                52.49724983696581,
                29.81325025172654,
                0.0
              ],
              [
                52.49725955669421,
                29.81325230626696,
                0.0
              ],
              [
                52.49726989515188,
                29.81325477518282,
                0.0
              ],
              [
                52.4972801394019,
                29.81325751857138,
                0.0
              ],
              [
                52.4972902862735,
                29.81326053195696,
                0.0
              ],
              [
                52.49730032126969,
                29.81326381460151,
                0.0
              ],
              [
                52.49723851432007,
                29.8134411514876,
                0.0
              ],
              [
                52.49723066879491,
                29.8134389809624,
                0.0
              ],
              [
                52.49722274393456,
                29.81343704142985,
                0.0
              ],
              [
                52.49721474700765,
                29.81343533461223,
                0.0
              ],
              [
                52.49720669150358,
                29.81343386306364,
                0.0
              ],
              [
                52.497198584691,
                29.81343262850636,
                0.0
              ],
              [
                52.4971904317157,
                29.81343162907741,
                0.0
              ],
              [
                52.49718224612084,
                29.81343087093964,
                0.0
              ],
              [
                52.49717403614239,
                29.81343035129271,
                0.0
              ]
            ]
          ]
        ]
      }
    },
    {
      "type": "Feature",
      "properties": {
        "Name": "4",
        "masahat": 233.12
      },
      "geometry": {
        "type": "MultiPolygon",
        "coordinates": [
          [
            [
              [
                52.49709151135016,
                29.81343711638234,
                0.0
              ],
              [
                52.49705724510236,
                29.81325937935336,
                0.0
              ],
              [
                52.49713411306648,
                29.81324810899138,
                0.0
              ],
              [
                52.4971431860678,
                29.81324689811889,
                0.0
              ],
              [
                52.49715229364077,
                29.81324592416675,
                0.0
              ],
              [
                52.4971614326146,
                29.81324518265924,
                0.0
              ],
              [
                52.49717059170346,
                29.81324468004052,
                0.0
              ],
              [
                52.49717976363873,
                29.81324441458832,
                0.0
              ],
              [
                52.49717403614239,
                29.81343035129271,
                0.0
              ],
              [
                52.49716625308457,
                29.81343008126446,
                0.0
              ],
              [
                52.4971584649768,
                29.81343002785211,
                0.0
              ],
              [
                52.49715067798596,
                29.81343018827877,
                0.0
              ],
              [
                52.49714289942106,
                29.81343056697327,
                0.0
              ],
              [
                52.49713514056796,
                29.81343115749145,
                0.0
              ],
              [
                52.49712740560514,
                29.81343196249294,
                0.0
              ],
              [
                52.49711970592598,
                29.81343298275095,
                0.0
              ],
              [
                52.49709151135016,
                29.81343711638234,
                0.0
              ]
            ]
          ]
        ]
      }
    },
    {
      "type": "Feature",
      "properties": {
        "Name": "3",
        "masahat": 230.8
      },
      "geometry": {
        "type": "MultiPolygon",
        "coordinates": [
          [
            [
              [
                52.49709151135016,
                29.81343711638234,
                0.0
              ],
              [
                52.49698960283363,
                29.8134520577932,
                0.0
              ],
              [
                52.4969553367452,
                29.81327431982992,
                0.0
              ],
              [
                52.49705724510236,
                29.81325937935336,
                0.0
              ],
              [
                52.49709151135016,
                29.81343711638234,
                0.0
              ]
            ]
          ]
        ]
      }
    },
    {
      "type": "Feature",
      "properties": {
        "Name": "2",
        "masahat": 230.8
      },
      "geometry": {
        "type": "MultiPolygon",
        "coordinates": [
          [
            [
              [
                52.49698960283363,
                29.8134520577932,
                0.0
              ],
              [
                52.49688769426985,
                29.81346699822428,
                0.0
              ],
              [
                52.4968534283677,
                29.81328926113107,
                0.0
              ],
              [
                52.4969553367452,
                29.81327431982992,
                0.0
              ],
              [
                52.49698960283363,
                29.8134520577932,
                0.0
              ]
            ]
          ]
        ]
      }
    },
    {
      "type": "Feature",
      "properties": {
        "Name": "81",
        "masahat": 228.49
      },
      "geometry": {
        "type": "MultiPolygon",
        "coordinates": [
          [
            [
              [
                52.49707691227033,
                29.81281786851679,
                0.0
              ],
              [
                52.49710775351756,
                29.8129778323744,
                0.0
              ],
              [
                52.49710333561177,
                29.81297847977724,
                0.0
              ],
              [
                52.49700584545344,
                29.81299277288038,
                0.0
              ],
              [
                52.49697223657896,
                29.81281843826719,
                0.0
              ],
              [
                52.49697157954363,
                29.81281503580712,
                0.0
              ],
              [
                52.49704730425795,
                29.81280393365669,
                0.0
              ],
              [
                52.49705310460987,
                29.81280308290701,
                0.0
              ],
              [
                52.49707691227033,
                29.81281786851679,
                0.0
              ]
            ]
          ]
        ]
      }
    },
    {
      "type": "Feature",
      "properties": {
        "Name": "80",
        "masahat": 228.49
      },
      "geometry": {
        "type": "MultiPolygon",
        "coordinates": [
          [
            [
              [
                52.49713859177068,
                29.81313779625281,
                0.0
              ],
              [
                52.49713391430947,
                29.8131435240075,
                0.0
              ],
              [
                52.49712163788917,
                29.81315855787485,
                0.0
              ],
              [
                52.49704010944279,
                29.81317051086153,
                0.0
              ],
              [
                52.49700584545344,
                29.81299277288038,
                0.0
              ],
              [
                52.49710333561177,
                29.81297847977724,
                0.0
              ],
              [
                52.49710775351756,
                29.8129778323744,
                0.0
              ],
              [
                52.49713859177068,
                29.81313779625281,
                0.0
              ]
            ]
          ]
        ]
      }
    },
    {
      "type": "Feature",
      "properties": {
        "Name": "82",
        "masahat": 230.8
      },
      "geometry": {
        "type": "MultiPolygon",
        "coordinates": [
          [
            [
              [
                52.49694801570444,
                29.81281848981771,
                0.0
              ],
              [
                52.49697157954363,
                29.81281503580712,
                0.0
              ],
              [
                52.49697223657896,
                29.81281843826719,
                0.0
              ],
              [
                52.49700584545344,
                29.81299277288038,
                0.0
              ],
              [
                52.49690393839005,
                29.81300771329704,
                0.0
              ],
              [
                52.49686967263961,
                29.8128299752895,
                0.0
              ],
              [
                52.49694801570444,
                29.81281848981771,
                0.0
              ]
            ]
          ]
        ]
      }
    },
    {
      "type": "Feature",
      "properties": {
        "Name": "79",
        "masahat": 230.8
      },
      "geometry": {
        "type": "MultiPolygon",
        "coordinates": [
          [
            [
              [
                52.49700584545344,
                29.81299277288038,
                0.0
              ],
              [
                52.49704010944279,
                29.81317051086153,
                0.0
              ],
              [
                52.49693820426224,
                29.81318545038471,
                0.0
              ],
              [
                52.49690393839005,
                29.81300771329704,
                0.0
              ],
              [
                52.49700584545344,
                29.81299277288038,
                0.0
              ]
            ]
          ]
        ]
      }
    },
    {
      "type": "Feature",
      "properties": {
        "Name": "83",
        "masahat": 230.8
      },
      "geometry": {
        "type": "MultiPolygon",
        "coordinates": [
          [
            [
              [
                52.49690393839005,
                29.81300771329704,
                0.0
              ],
              [
                52.49680203027177,
                29.81302265455,
                0.0
              ],
              [
                52.49676776469415,
                29.81284491651032,
                0.0
              ],
              [
                52.49686967263961,
                29.8128299752895,
                0.0
              ],
              [
                52.49690393839005,
                29.81300771329704,
                0.0
              ]
            ]
          ]
        ]
      }
    },
    {
      "type": "Feature",
      "properties": {
        "Name": "78",
        "masahat": 230.8
      },
      "geometry": {
        "type": "MultiPolygon",
        "coordinates": [
          [
            [
              [
                52.49683629597114,
                29.81320039166977,
                0.0
              ],
              [
                52.49680203027177,
                29.81302265455,
                0.0
              ],
              [
                52.49690393839005,
                29.81300771329704,
                0.0
              ],
              [
                52.49693820426224,
                29.81318545038471,
                0.0
              ],
              [
                52.49683629597114,
                29.81320039166977,
                0.0
              ]
            ]
          ]
        ]
      }
    },
    {
      "type": "Feature",
      "properties": {
        "Name": "84",
        "masahat": 403.9
      },
      "geometry": {
        "type": "MultiPolygon",
        "coordinates": [
          [
            [
              [
                52.49665935946206,
                29.8130435716254,
                0.0
              ],
              [
                52.49661652908996,
                29.81282139787447,
                0.0
              ],
              [
                52.49675920065867,
                29.81280048264789,
                0.0
              ],
              [
                52.49676274657681,
                29.81281888610008,
                0.0
              ],
              [
                52.49676776469415,
                29.81284491651032,
                0.0
              ],
              [
                52.49680203027177,
                29.81302265455,
                0.0
              ],
              [
                52.49665935946206,
                29.8130435716254,
                0.0
              ]
            ]
          ]
        ]
      }
    },
    {
      "type": "Feature",
      "properties": {
        "Name": "77",
        "masahat": 403.9
      },
      "geometry": {
        "type": "MultiPolygon",
        "coordinates": [
          [
            [
              [
                52.49683629597114,
                29.81320039166977,
                0.0
              ],
              [
                52.49683871251693,
                29.81321292562523,
                0.0
              ],
              [
                52.49684206434402,
                29.81323031434677,
                0.0
              ],
              [
                52.49684486217863,
                29.81324482730316,
                0.0
              ],
              [
                52.4967021920876,
                29.81326574352088,
                0.0
              ],
              [
                52.49665935946206,
                29.8130435716254,
                0.0
              ],
              [
                52.49680203027177,
                29.81302265455,
                0.0
              ],
              [
                52.49683629597114,
                29.81320039166977,
                0.0
              ]
            ]
          ]
        ]
      }
    },
    {
      "type": "Feature",
      "properties": {
        "Name": "89",
        "masahat": 228.49
      },
      "geometry": {
        "type": "MultiPolygon",
        "coordinates": [
          [
            [
              [
                52.49698039601763,
                29.81236678386638,
                0.0
              ],
              [
                52.49699125018089,
                29.81237352400725,
                0.0
              ],
              [
                52.49699978724009,
                29.8124178101793,
                0.0
              ],
              [
                52.49702208803377,
                29.81253348884204,
                0.0
              ],
              [
                52.4969201793537,
                29.81254842837727,
                0.0
              ],
              [
                52.49688591586438,
                29.81237069213848,
                0.0
              ],
              [
                52.4969674416061,
                29.81235873838869,
                0.0
              ],
              [
                52.49698039601763,
                29.81236678386638,
                0.0
              ]
            ]
          ]
        ]
      }
    },
    {
      "type": "Feature",
      "properties": {
        "Name": "88",
        "masahat": 228.49
      },
      "geometry": {
        "type": "MultiPolygon",
        "coordinates": [
          [
            [
              [
                52.4970231028429,
                29.81253875055936,
                0.0
              ],
              [
                52.49705292803833,
                29.81269345183469,
                0.0
              ],
              [
                52.49704836541104,
                29.81269903842406,
                0.0
              ],
              [
                52.49703597316145,
                29.81271421255465,
                0.0
              ],
              [
                52.49695444507417,
                29.81272616637927,
                0.0
              ],
              [
                52.49693750325659,
                29.81263828010882,
                0.0
              ],
              [
                52.4969201793537,
                29.81254842837727,
                0.0
              ],
              [
                52.49702208803377,
                29.81253348884204,
                0.0
              ],
              [
                52.4970231028429,
                29.81253875055936,
                0.0
              ]
            ]
          ]
        ]
      }
    },
    {
      "type": "Feature",
      "properties": {
        "Name": "90",
        "masahat": 230.79
      },
      "geometry": {
        "type": "MultiPolygon",
        "coordinates": [
          [
            [
              [
                52.4969201793537,
                29.81254842837727,
                0.0
              ],
              [
                52.49681827480487,
                29.81256336959237,
                0.0
              ],
              [
                52.49678401044038,
                29.81238563243099,
                0.0
              ],
              [
                52.49688591586438,
                29.81237069213848,
                0.0
              ],
              [
                52.4969201793537,
                29.81254842837727,
                0.0
              ]
            ]
          ]
        ]
      }
    },
    {
      "type": "Feature",
      "properties": {
        "Name": "87",
        "masahat": 230.8
      },
      "geometry": {
        "type": "MultiPolygon",
        "coordinates": [
          [
            [
              [
                52.49693750325659,
                29.81263828010882,
                0.0
              ],
              [
                52.49695444507417,
                29.81272616637927,
                0.0
              ],
              [
                52.49685253930454,
                29.81274110673603,
                0.0
              ],
              [
                52.49683275844416,
                29.81263850403276,
                0.0
              ],
              [
                52.49681827480487,
                29.81256336959237,
                0.0
              ],
              [
                52.4969201793537,
                29.81254842837727,
                0.0
              ],
              [
                52.49693750325659,
                29.81263828010882,
                0.0
              ]
            ]
          ]
        ]
      }
    },
    {
      "type": "Feature",
      "properties": {
        "Name": "91",
        "masahat": 230.8
      },
      "geometry": {
        "type": "MultiPolygon",
        "coordinates": [
          [
            [
              [
                52.49681827480487,
                29.81256336959237,
                0.0
              ],
              [
                52.49671636813973,
                29.81257830985112,
                0.0
              ],
              [
                52.49668210291351,
                29.81240057266935,
                0.0
              ],
              [
                52.49678401044038,
                29.81238563243099,
                0.0
              ],
              [
                52.49681827480487,
                29.81256336959237,
                0.0
              ]
            ]
          ]
        ]
      }
    },
    {
      "type": "Feature",
      "properties": {
        "Name": "86",
        "masahat": 230.8
      },
      "geometry": {
        "type": "MultiPolygon",
        "coordinates": [
          [
            [
              [
                52.4967280156831,
                29.81263872694802,
                0.0
              ],
              [
                52.49671636813973,
                29.81257830985112,
                0.0
              ],
              [
                52.49681827480487,
                29.81256336959237,
                0.0
              ],
              [
                52.49683275844416,
                29.81263850403276,
                0.0
              ],
              [
                52.49685253930454,
                29.81274110673603,
                0.0
              ],
              [
                52.49675063144549,
                29.81275604794078,
                0.0
              ],
              [
                52.4967280156831,
                29.81263872694802,
                0.0
              ]
            ]
          ]
        ]
      }
    },
    {
      "type": "Feature",
      "properties": {
        "Name": "92",
        "masahat": 403.9
      },
      "geometry": {
        "type": "MultiPolygon",
        "coordinates": [
          [
            [
              [
                52.49667353584546,
                29.81235613792884,
                0.0
              ],
              [
                52.49668210291351,
                29.81240057266935,
                0.0
              ],
              [
                52.49671636813973,
                29.81257830985112,
                0.0
              ],
              [
                52.49657369585235,
                29.81259922593537,
                0.0
              ],
              [
                52.49653086591615,
                29.81237705303125,
                0.0
              ],
              [
                52.49667353584546,
                29.81235613792884,
                0.0
              ]
            ]
          ]
        ]
      }
    },
    {
      "type": "Feature",
      "properties": {
        "Name": "85",
        "masahat": 403.9
      },
      "geometry": {
        "type": "MultiPolygon",
        "coordinates": [
          [
            [
              [
                52.49675063144549,
                29.81275604794078,
                0.0
              ],
              [
                52.49675920065867,
                29.81280048264789,
                0.0
              ],
              [
                52.49661652908996,
                29.81282139787447,
                0.0
              ],
              [
                52.49661610416978,
                29.81281919829582,
                0.0
              ],
              [
                52.49658137250266,
                29.81263903910781,
                0.0
              ],
              [
                52.49657369585235,
                29.81259922593537,
                0.0
              ],
              [
                52.49671636813973,
                29.81257830985112,
                0.0
              ],
              [
                52.4967280156831,
                29.81263872694802,
                0.0
              ],
              [
                52.49675063144549,
                29.81275604794078,
                0.0
              ]
            ]
          ]
        ]
      }
    },
    {
      "type": "Feature",
      "properties": {
        "Name": "105",
        "masahat": 288.07
      },
      "geometry": {
        "type": "MultiPolygon",
        "coordinates": [
          [
            [
              [
                52.49775167453881,
                29.81196961518989,
                0.0
              ],
              [
                52.49764976864366,
                29.81198455614438,
                0.0
              ],
              [
                52.49761062061812,
                29.81178150195729,
                0.0
              ],
              [
                52.49760964052068,
                29.81177641851235,
                0.0
              ],
              [
                52.49764233246037,
                29.81176277377703,
                0.0
              ],
              [
                52.49767445294188,
                29.81174813753466,
                0.0
              ],
              [
                52.49769891705925,
                29.81173603068033,
                0.0
              ],
              [
                52.49770596601154,
                29.81173252733753,
                0.0
              ],
              [
                52.49775167453881,
                29.81196961518989,
                0.0
              ]
            ]
          ]
        ]
      }
    },
    {
      "type": "Feature",
      "properties": {
        "Name": "104",
        "masahat": 221.61
      },
      "geometry": {
        "type": "MultiPolygon",
        "coordinates": [
          [
            [
              [
                52.49773417428347,
                29.8121484820825,
                0.0
              ],
              [
                52.49771756584374,
                29.81215324877342,
                0.0
              ],
              [
                52.49770078350016,
                29.81215752476155,
                0.0
              ],
              [
                52.49768384368447,
                29.81216130173956,
                0.0
              ],
              [
                52.49764976864366,
                29.81198455614438,
                0.0
              ],
              [
                52.49775167453881,
                29.81196961518989,
                0.0
              ],
              [
                52.4977828362659,
                29.81213124546934,
                0.0
              ],
              [
                52.49776679227558,
                29.81213736648086,
                0.0
              ],
              [
                52.49775056785282,
                29.81214311416671,
                0.0
              ],
              [
                52.49773417428347,
                29.8121484820825,
                0.0
              ]
            ]
          ]
        ]
      }
    },
    {
      "type": "Feature",
      "properties": {
        "Name": "106",
        "masahat": 256.99
      },
      "geometry": {
        "type": "MultiPolygon",
        "coordinates": [
          [
            [
              [
                52.49761062061812,
                29.81178150195729,
                0.0
              ],
              [
                52.49764976864366,
                29.81198455614438,
                0.0
              ],
              [
                52.49754786272817,
                29.81199949792346,
                0.0
              ],
              [
                52.49751241205482,
                29.81181561600751,
                0.0
              ],
              [
                52.49751140840819,
                29.81181041011179,
                0.0
              ],
              [
                52.4975445891661,
                29.81180005607075,
                0.0
              ],
              [
                52.4975773455465,
                29.81178872058516,
                0.0
              ],
              [
                52.49760964052068,
                29.81177641851235,
                0.0
              ],
              [
                52.49761062061812,
                29.81178150195729,
                0.0
              ]
            ]
          ]
        ]
      }
    },
    {
      "type": "Feature",
      "properties": {
        "Name": "103",
        "masahat": 230.64
      },
      "geometry": {
        "type": "MultiPolygon",
        "coordinates": [
          [
            [
              [
                52.49754786272817,
                29.81199949792346,
                0.0
              ],
              [
                52.49764976864366,
                29.81198455614438,
                0.0
              ],
              [
                52.49768384368447,
                29.81216130173956,
                0.0
              ],
              [
                52.49766697962319,
                29.81216453826353,
                0.0
              ],
              [
                52.49765000269625,
                29.81216728339268,
                0.0
              ],
              [
                52.49758212932033,
                29.81217723574486,
                0.0
              ],
              [
                52.49754786272817,
                29.81199949792346,
                0.0
              ]
            ]
          ]
        ]
      }
    },
    {
      "type": "Feature",
      "properties": {
        "Name": "107",
        "masahat": 238.49
      },
      "geometry": {
        "type": "MultiPolygon",
        "coordinates": [
          [
            [
              [
                52.49751241205482,
                29.81181561600751,
                0.0
              ],
              [
                52.49754786272817,
                29.81199949792346,
                0.0
              ],
              [
                52.49744590411187,
                29.81201444653814,
                0.0
              ],
              [
                52.497412653659,
                29.81184224648273,
                0.0
              ],
              [
                52.49741128463404,
                29.81183515705304,
                0.0
              ],
              [
                52.49744496974395,
                29.81182788689809,
                0.0
              ],
              [
                52.4974783577397,
                29.81181963475789,
                0.0
              ],
              [
                52.49751140840819,
                29.81181041011179,
                0.0
              ],
              [
                52.49751241205482,
                29.81181561600751,
                0.0
              ]
            ]
          ]
        ]
      }
    },
    {
      "type": "Feature",
      "properties": {
        "Name": "102",
        "masahat": 230.86
      },
      "geometry": {
        "type": "MultiPolygon",
        "coordinates": [
          [
            [
              [
                52.49758212932033,
                29.81217723574486,
                0.0
              ],
              [
                52.49748022317133,
                29.81219217567411,
                0.0
              ],
              [
                52.49744590411187,
                29.81201444653814,
                0.0
              ],
              [
                52.49754786272817,
                29.81199949792346,
                0.0
              ],
              [
                52.49758212932033,
                29.81217723574486,
                0.0
              ]
            ]
          ]
        ]
      }
    },
    {
      "type": "Feature",
      "properties": {
        "Name": "108",
        "masahat": 231.07
      },
      "geometry": {
        "type": "MultiPolygon",
        "coordinates": [
          [
            [
              [
                52.497412653659,
                29.81184224648273,
                0.0
              ],
              [
                52.49744590411187,
                29.81201444653814,
                0.0
              ],
              [
                52.4973440497478,
                29.81202938035833,
                0.0
              ],
              [
                52.49731080632562,
                29.81185694649055,
                0.0
              ],
              [
                52.4973097836499,
                29.81185164335712,
                0.0
              ],
              [
                52.49735124369652,
                29.811845563717,
                0.0
              ],
              [
                52.49738135117887,
                29.81184074875761,
                0.0
              ],
              [
                52.49741128463404,
                29.81183515705304,
                0.0
              ],
              [
                52.497412653659,
                29.81184224648273,
                0.0
              ]
            ]
          ]
        ]
      }
    },
    {
      "type": "Feature",
      "properties": {
        "Name": "226",
        "masahat": 230.37
      },
      "geometry": {
        "type": "MultiPolygon",
        "coordinates": [
          [
            [
              [
                52.49909990499516,
                29.81073229540262,
                0.0
              ],
              [
                52.49909550819274,
                29.81073712402588,
                0.0
              ],
              [
                52.49897161350491,
                29.81087317438626,
                0.0
              ],
              [
                52.49889069007982,
                29.81081712926159,
                0.0
              ],
              [
                52.49901444947183,
                29.81068123119915,
                0.0
              ],
              [
                52.49901898575723,
                29.81067625030699,
                0.0
              ],
              [
                52.49909990499516,
                29.81073229540262,
                0.0
              ]
            ]
          ]
        ]
      }
    },
    {
      "type": "Feature",
      "properties": {
        "Name": "184",
        "masahat": 231.22
      },
      "geometry": {
        "type": "MultiPolygon",
        "coordinates": [
          [
            [
              [
                52.49884284409806,
                29.81101457029324,
                0.0
              ],
              [
                52.49876192582324,
                29.81095852683796,
                0.0
              ],
              [
                52.49889069007982,
                29.81081712926159,
                0.0
              ],
              [
                52.49897161350491,
                29.81087317438626,
                0.0
              ],
              [
                52.49884284409806,
                29.81101457029324,
                0.0
              ]
            ]
          ]
        ]
      }
    },
    {
      "type": "Feature",
      "properties": {
        "Name": "227",
        "masahat": 230.37
      },
      "geometry": {
        "type": "MultiPolygon",
        "coordinates": [
          [
            [
              [
                52.49901898575723,
                29.81067625030699,
                0.0
              ],
              [
                52.49901444947183,
                29.81068123119915,
                0.0
              ],
              [
                52.49889069007982,
                29.81081712926159,
                0.0
              ],
              [
                52.49880976987468,
                29.8107610858529,
                0.0
              ],
              [
                52.4989334509078,
                29.8106252726699,
                0.0
              ],
              [
                52.49893806664914,
                29.81062020786474,
                0.0
              ],
              [
                52.49901898575723,
                29.81067625030699,
                0.0
              ]
            ]
          ]
        ]
      }
    },
    {
      "type": "Feature",
      "properties": {
        "Name": "183",
        "masahat": 231.22
      },
      "geometry": {
        "type": "MultiPolygon",
        "coordinates": [
          [
            [
              [
                52.49880976987468,
                29.8107610858529,
                0.0
              ],
              [
                52.49889069007982,
                29.81081712926159,
                0.0
              ],
              [
                52.49876192582324,
                29.81095852683796,
                0.0
              ],
              [
                52.49868100452085,
                29.81090248246256,
                0.0
              ],
              [
                52.49880976987468,
                29.8107610858529,
                0.0
              ]
            ]
          ]
        ]
      }
    },
    {
      "type": "Feature",
      "properties": {
        "Name": "228",
        "masahat": 225.64
      },
      "geometry": {
        "type": "MultiPolygon",
        "coordinates": [
          [
            [
              [
                52.49893806664914,
                29.81062020786474,
                0.0
              ],
              [
                52.4989334509078,
                29.8106252726699,
                0.0
              ],
              [
                52.49880976987468,
                29.8107610858529,
                0.0
              ],
              [
                52.49872885076659,
                29.81070504057495,
                0.0
              ],
              [
                52.49877970793816,
                29.81064919418974,
                0.0
              ],
              [
                52.49881269946822,
                29.81061418763187,
                0.0
              ],
              [
                52.49884701867356,
                29.81058016488406,
                0.0
              ],
              [
                52.4988773047041,
                29.81057812493859,
                0.0
              ],
              [
                52.49893806664914,
                29.81062020786474,
                0.0
              ]
            ]
          ]
        ]
      }
    },
    {
      "type": "Feature",
      "properties": {
        "Name": "182",
        "masahat": 228.91
      },
      "geometry": {
        "type": "MultiPolygon",
        "coordinates": [
          [
            [
              [
                52.49868100452085,
                29.81090248246256,
                0.0
              ],
              [
                52.49861626752183,
                29.81085764548048,
                0.0
              ],
              [
                52.49861293687849,
                29.81083232508484,
                0.0
              ],
              [
                52.49872885076659,
                29.81070504057495,
                0.0
              ],
              [
                52.49880976987468,
                29.8107610858529,
                0.0
              ],
              [
                52.49868100452085,
                29.81090248246256,
                0.0
              ]
            ]
          ]
        ]
      }
    },
    {
      "type": "Feature",
      "properties": {
        "Name": "179",
        "masahat": 230.8
      },
      "geometry": {
        "type": "MultiPolygon",
        "coordinates": [
          [
            [
              [
                52.49877858047065,
                29.81108513959981,
                0.0
              ],
              [
                52.4987742630385,
                29.81108988068888,
                0.0
              ],
              [
                52.49865004983044,
                29.81122627725944,
                0.0
              ],
              [
                52.49856912836484,
                29.81117023282302,
                0.0
              ],
              [
                52.49869329681464,
                29.81103388465772,
                0.0
              ],
              [
                52.4986976580197,
                29.81102909525125,
                0.0
              ],
              [
                52.49877858047065,
                29.81108513959981,
                0.0
              ]
            ]
          ]
        ]
      }
    },
    {
      "type": "Feature",
      "properties": {
        "Name": "143",
        "masahat": 230.79
      },
      "geometry": {
        "type": "MultiPolygon",
        "coordinates": [
          [
            [
              [
                52.49852151881895,
                29.81136741390146,
                0.0
              ],
              [
                52.49844059730418,
                29.81131136938889,
                0.0
              ],
              [
                52.49856912836484,
                29.81117023282302,
                0.0
              ],
              [
                52.49865004983044,
                29.81122627725944,
                0.0
              ],
              [
                52.49853437038171,
                29.81135330007961,
                0.0
              ],
              [
                52.49852151881895,
                29.81136741390146,
                0.0
              ]
            ]
          ]
        ]
      }
    },
    {
      "type": "Feature",
      "properties": {
        "Name": "180",
        "masahat": 230.79
      },
      "geometry": {
        "type": "MultiPolygon",
        "coordinates": [
          [
            [
              [
                52.49869723250228,
                29.8110288005044,
                0.0
              ],
              [
                52.4986976580197,
                29.81102909525125,
                0.0
              ],
              [
                52.49869329681464,
                29.81103388465772,
                0.0
              ],
              [
                52.49856912836484,
                29.81117023282302,
                0.0
              ],
              [
                52.49848820700215,
                29.81111418923561,
                0.0
              ],
              [
                52.49861237451875,
                29.81097784476429,
                0.0
              ],
              [
                52.49861673877522,
                29.8109730517165,
                0.0
              ],
              [
                52.49869723250228,
                29.8110288005044,
                0.0
              ]
            ]
          ]
        ]
      }
    },
    {
      "type": "Feature",
      "properties": {
        "Name": "142",
        "masahat": 230.79
      },
      "geometry": {
        "type": "MultiPolygon",
        "coordinates": [
          [
            [
              [
                52.49856912836484,
                29.81117023282302,
                0.0
              ],
              [
                52.49844059730418,
                29.81131136938889,
                0.0
              ],
              [
                52.49835967589231,
                29.81125532572535,
                0.0
              ],
              [
                52.49848820700215,
                29.81111418923561,
                0.0
              ],
              [
                52.49856912836484,
                29.81117023282302,
                0.0
              ]
            ]
          ]
        ]
      }
    },
    {
      "type": "Feature",
      "properties": {
        "Name": "181",
        "masahat": 228.49
      },
      "geometry": {
        "type": "MultiPolygon",
        "coordinates": [
          [
            [
              [
                52.49861673877522,
                29.8109730517165,
                0.0
              ],
              [
                52.49861237451875,
                29.81097784476429,
                0.0
              ],
              [
                52.49848820700215,
                29.81111418923561,
                0.0
              ],
              [
                52.49840728674999,
                29.81105814468111,
                0.0
              ],
              [
                52.49851912294012,
                29.81093533793236,
                0.0
              ],
              [
                52.49852296394568,
                29.81093112019209,
                0.0
              ],
              [
                52.49855200281795,
                29.81092821649658,
                0.0
              ],
              [
                52.49861673877522,
                29.8109730517165,
                0.0
              ]
            ]
          ]
        ]
      }
    },
    {
      "type": "Feature",
      "properties": {
        "Name": "141",
        "masahat": 228.49
      },
      "geometry": {
        "type": "MultiPolygon",
        "coordinates": [
          [
            [
              [
                52.49840728674999,
                29.81105814468111,
                0.0
              ],
              [
                52.49848820700215,
                29.81111418923561,
                0.0
              ],
              [
                52.49835967589231,
                29.81125532572535,
                0.0
              ],
              [
                52.49829493882185,
                29.81121049039535,
                0.0
              ],
              [
                52.49829160822993,
                29.81118516908834,
                0.0
              ],
              [
                52.49840728674999,
                29.81105814468111,
                0.0
              ]
            ]
          ]
        ]
      }
    },
    {
      "type": "Feature",
      "properties": {
        "Name": "139",
        "masahat": 230.8
      },
      "geometry": {
        "type": "MultiPolygon",
        "coordinates": [
          [
            [
              [
                52.49837633217037,
                29.81138193852484,
                0.0
              ],
              [
                52.49837089385625,
                29.81138791045778,
                0.0
              ],
              [
                52.49824779956533,
                29.81152307673363,
                0.0
              ],
              [
                52.49816687907389,
                29.81146703023764,
                0.0
              ],
              [
                52.49829125616911,
                29.81133045809592,
                0.0
              ],
              [
                52.49829541074737,
                29.81132589572542,
                0.0
              ],
              [
                52.49837633217037,
                29.81138193852484,
                0.0
              ]
            ]
          ]
        ]
      }
    },
    {
      "type": "Feature",
      "properties": {
        "Name": "140",
        "masahat": 228.49
      },
      "geometry": {
        "type": "MultiPolygon",
        "coordinates": [
          [
            [
              [
                52.49829533128948,
                29.81132584068202,
                0.0
              ],
              [
                52.49829541074737,
                29.81132589572542,
                0.0
              ],
              [
                52.49829125616911,
                29.81133045809592,
                0.0
              ],
              [
                52.49816687907389,
                29.81146703023764,
                0.0
              ],
              [
                52.4980859587257,
                29.81141098729717,
                0.0
              ],
              [
                52.49820163571889,
                29.81128396488401,
                0.0
              ],
              [
                52.49823067363035,
                29.81128105856062,
                0.0
              ],
              [
                52.49829533128948,
                29.81132584068202,
                0.0
              ]
            ]
          ]
        ]
      }
    },
    {
      "type": "Feature",
      "properties": {
        "Name": "117",
        "masahat": 221.56
      },
      "geometry": {
        "type": "MultiPolygon",
        "coordinates": [
          [
            [
              [
                52.49803834607529,
                29.81160816915699,
                0.0
              ],
              [
                52.4979897931866,
                29.81157454209741,
                0.0
              ],
              [
                52.497983132085,
                29.81152389675943,
                0.0
              ],
              [
                52.49802169121875,
                29.81148155719603,
                0.0
              ],
              [
                52.4980859587257,
                29.81141098729717,
                0.0
              ],
              [
                52.49816687907389,
                29.81146703023764,
                0.0
              ],
              [
                52.49803834607529,
                29.81160816915699,
                0.0
              ]
            ]
          ]
        ]
      }
    },
    {
      "type": "Feature",
      "properties": {
        "Name": "413",
        "masahat": 1173.87
      },
      "geometry": {
        "type": "MultiPolygon",
        "coordinates": [
          [
            [
              [
                52.49656958059029,
                29.81180795080448,
                0.0
              ],
              [
                52.49647276978242,
                29.81182214375897,
                0.0
              ],
              [
                52.49646907276114,
                29.81182262867626,
                0.0
              ],
              [
                52.4964653595903,
                29.81182300188743,
                0.0
              ],
              [
                52.49646163235241,
                29.81182326427125,
                0.0
              ],
              [
                52.49645789827575,
                29.81182341484347,
                0.0
              ],
              [
                52.49645416045051,
                29.81182345266678,
                0.0
              ],
              [
                52.49645042199373,
                29.81182337860822,
                0.0
              ],
              [
                52.49644669012023,
                29.81182319078141,
                0.0
              ],
              [
                52.49644296693942,
                29.81182289186944,
                0.0
              ],
              [
                52.49643925969301,
                29.81182248179028,
                0.0
              ],
              [
                52.49643556835416,
                29.81182195873961,
                0.0
              ],
              [
                52.49643190021831,
                29.81182132624408,
                0.0
              ],
              [
                52.49642826147923,
                29.81182058333124,
                0.0
              ],
              [
                52.49642465112929,
                29.81181973181717,
                0.0
              ],
              [
                52.49642107745817,
                29.8118187725103,
                0.0
              ],
              [
                52.49641754567881,
                29.81181770805859,
                0.0
              ],
              [
                52.49641405677205,
                29.81181653484159,
                0.0
              ],
              [
                52.49634391011102,
                29.81145266791432,
                0.0
              ],
              [
                52.49658848429603,
                29.81141681030377,
                0.0
              ],
              [
                52.49666129725019,
                29.81179450396223,
                0.0
              ],
              [
                52.49656958059029,
                29.81180795080448,
                0.0
              ]
            ]
          ]
        ]
      }
    },
    {
      "type": "Feature",
      "properties": {
        "Name": "405",
        "masahat": 1343.23
      },
      "geometry": {
        "type": "MultiPolygon",
        "coordinates": [
          [
            [
              [
                52.49651567301366,
                29.81103911835797,
                0.0
              ],
              [
                52.49658848429603,
                29.81141681030377,
                0.0
              ],
              [
                52.49634391011102,
                29.81145266791432,
                0.0
              ],
              [
                52.49628746189745,
                29.81115985227413,
                0.0
              ],
              [
                52.49626704169801,
                29.81105392618201,
                0.0
              ],
              [
                52.49626121309714,
                29.81102368923261,
                0.0
              ],
              [
                52.49626082062677,
                29.81102165260619,
                0.0
              ],
              [
                52.4965053927984,
                29.81098579699862,
                0.0
              ],
              [
                52.49651567301366,
                29.81103911835797,
                0.0
              ]
            ]
          ]
        ]
      }
    },
    {
      "type": "Feature",
      "properties": {
        "Name": "404",
        "masahat": 1304.02
      },
      "geometry": {
        "type": "MultiPolygon",
        "coordinates": [
          [
            [
              [
                52.49642436865674,
                29.81056550242577,
                0.0
              ],
              [
                52.4964951146778,
                29.81093247651645,
                0.0
              ],
              [
                52.49649667220252,
                29.81094055638653,
                0.0
              ],
              [
                52.49649751212964,
                29.81094491685834,
                0.0
              ],
              [
                52.49649840023614,
                29.81094952492522,
                0.0
              ],
              [
                52.4965053927984,
                29.81098579699862,
                0.0
              ],
              [
                52.49626082062677,
                29.81102165260619,
                0.0
              ],
              [
                52.4962596230226,
                29.81101543738296,
                0.0
              ],
              [
                52.4962529668701,
                29.81098090568935,
                0.0
              ],
              [
                52.49624104747608,
                29.81091908216395,
                0.0
              ],
              [
                52.49623494189905,
                29.81088740642528,
                0.0
              ],
              [
                52.49623161946769,
                29.81087017164391,
                0.0
              ],
              [
                52.49621848564332,
                29.8108020428486,
                0.0
              ],
              [
                52.49621364722025,
                29.81077694428122,
                0.0
              ],
              [
                52.49619641947822,
                29.81068757406626,
                0.0
              ],
              [
                52.49630661311709,
                29.81055262341769,
                0.0
              ],
              [
                52.49641862396059,
                29.81053568952894,
                0.0
              ],
              [
                52.49642436865674,
                29.81056550242577,
                0.0
              ]
            ]
          ]
        ]
      }
    },
    {
      "type": "Feature",
      "properties": {
        "Name": "11",
        "masahat": 219.26
      },
      "geometry": {
        "type": "MultiPolygon",
        "coordinates": [
          [
            [
              [
                52.49774570837051,
                29.81355745730344,
                0.0
              ],
              [
                52.49782380116565,
                29.81361154191619,
                0.0
              ],
              [
                52.49781094716978,
                29.81362565660334,
                0.0
              ],
              [
                52.49770169413991,
                29.81374562275654,
                0.0
              ],
              [
                52.49762077004867,
                29.81368957782353,
                0.0
              ],
              [
                52.49773757817037,
                29.81356131849989,
                0.0
              ],
              [
                52.49774287920366,
                29.81355549793423,
                0.0
              ],
              [
                52.49774570837051,
                29.81355745730344,
                0.0
              ]
            ]
          ]
        ]
      }
    },
    {
      "type": "Feature",
      "properties": {
        "Name": "10",
        "masahat": 219.26
      },
      "geometry": {
        "type": "MultiPolygon",
        "coordinates": [
          [
            [
              [
                52.49774287920366,
                29.81355549793423,
                0.0
              ],
              [
                52.49773757817037,
                29.81356131849989,
                0.0
              ],
              [
                52.49762077004867,
                29.81368957782353,
                0.0
              ],
              [
                52.49753984706799,
                29.81363353192342,
                0.0
              ],
              [
                52.49765674587016,
                29.81350517509232,
                0.0
              ],
              [
                52.4976619562966,
                29.81349945391082,
                0.0
              ],
              [
                52.49774287920366,
                29.81355549793423,
                0.0
              ]
            ]
          ]
        ]
      }
    },
    {
      "type": "Feature",
      "properties": {
        "Name": "1",
        "masahat": 403.9
      },
      "geometry": {
        "type": "MultiPolygon",
        "coordinates": [
          [
            [
              [
                52.49684486217863,
                29.81324482730316,
                0.0
              ],
              [
                52.4968534283677,
                29.81328926113107,
                0.0
              ],
              [
                52.49688769426985,
                29.81346699822428,
                0.0
              ],
              [
                52.49674502390327,
                29.81348791630257,
                0.0
              ],
              [
                52.4967021920876,
                29.81326574352088,
                0.0
              ],
              [
                52.49684486217863,
                29.81324482730316,
                0.0
              ]
            ]
          ]
        ]
      }
    },
    {
      "type": "Feature",
      "properties": {
        "Name": "116",
        "masahat": 319.57
      },
      "geometry": {
        "type": "MultiPolygon",
        "coordinates": [
          [
            [
              [
                52.49659864339266,
                29.81196766156832,
                0.0
              ],
              [
                52.49663070374898,
                29.81213396507669,
                0.0
              ],
              [
                52.49648803414897,
                29.81215488192726,
                0.0
              ],
              [
                52.49646819761363,
                29.81205198020654,
                0.0
              ],
              [
                52.496456484153,
                29.81199122003531,
                0.0
              ],
              [
                52.49645933967463,
                29.81198911774813,
                0.0
              ],
              [
                52.4964622761853,
                29.81198710387428,
                0.0
              ],
              [
                52.49646529372532,
                29.81198518112026,
                0.0
              ],
              [
                52.49646838088797,
                29.81198334781062,
                0.0
              ],
              [
                52.496471541892,
                29.81198160931156,
                0.0
              ],
              [
                52.49647476744005,
                29.81197996663069,
                0.0
              ],
              [
                52.49647805755901,
                29.81197842157235,
                0.0
              ],
              [
                52.49648140503404,
                29.81197697602295,
                0.0
              ],
              [
                52.49648480887092,
                29.81197563270072,
                0.0
              ],
              [
                52.49648826287589,
                29.81197439257813,
                0.0
              ],
              [
                52.49649176600101,
                29.81197325476472,
                0.0
              ],
              [
                52.49649530900268,
                29.81197222387683,
                0.0
              ],
              [
                52.4964988918809,
                29.81197129991446,
                0.0
              ],
              [
                52.49650250844194,
                29.81197048385009,
                0.0
              ],
              [
                52.49650615665705,
                29.81196977841369,
                0.0
              ],
              [
                52.4965098292442,
                29.81196918098075,
                0.0
              ],
              [
                52.49659096197149,
                29.81195711822725,
                0.0
              ],
              [
                52.49659645341151,
                29.81195630167688,
                0.0
              ],
              [
                52.49659864339266,
                29.81196766156832,
                0.0
              ]
            ]
          ]
        ]
      }
    },
    {
      "type": "Feature",
      "properties": {
        "Name": "366",
        "masahat": 1109.44
      },
      "geometry": {
        "type": "MultiPolygon",
        "coordinates": [
          [
            [
              [
                52.49665143389814,
                29.81014069689734,
                0.0
              ],
              [
                52.49644820947871,
                29.81017617287486,
                0.0
              ],
              [
                52.4963732473908,
                29.80994250078859,
                0.0
              ],
              [
                52.49631647651859,
                29.80976553532037,
                0.0
              ],
              [
                52.49651550110693,
                29.80971697641872,
                0.0
              ],
              [
                52.49665143389814,
                29.81014069689734,
                0.0
              ]
            ]
          ]
        ]
      }
    },
    {
      "type": "Feature",
      "properties": {
        "Name": "365",
        "masahat": 1141.27
      },
      "geometry": {
        "type": "MultiPolygon",
        "coordinates": [
          [
            [
              [
                52.49685393981024,
                29.81010297924075,
                0.0
              ],
              [
                52.49665143389814,
                29.81014069689734,
                0.0
              ],
              [
                52.49651550110693,
                29.80971697641872,
                0.0
              ],
              [
                52.49671452859379,
                29.80966841718837,
                0.0
              ],
              [
                52.49685393981024,
                29.81010297924075,
                0.0
              ]
            ]
          ]
        ]
      }
    },
    {
      "type": "Feature",
      "properties": {
        "Name": "423 424 425",
        "masahat": 3647.6
      },
      "geometry": {
        "type": "MultiPolygon",
        "coordinates": [
          [
            [
              [
                52.50139191758332,
                29.81279556932388,
                0.0
              ],
              [
                52.50124239783904,
                29.81292060406784,
                0.0
              ],
              [
                52.50129549622971,
                29.81297599835115,
                0.0
              ],
              [
                52.50124735741696,
                29.81301923091538,
                0.0
              ],
              [
                52.50119774867238,
                29.81306117720162,
                0.0
              ],
              [
                52.50114670976335,
                29.81310179795625,
                0.0
              ],
              [
                52.5010944259877,
                29.81314096023467,
                0.0
              ],
              [
                52.50104081454556,
                29.81317873174844,
                0.0
              ],
              [
                52.50098592568534,
                29.81321508214825,
                0.0
              ],
              [
                52.50063281423665,
                29.81284669215943,
                0.0
              ],
              [
                52.50062141619526,
                29.81283480078972,
                0.0
              ],
              [
                52.50070045036128,
                29.81277519487144,
                0.0
              ],
              [
                52.50077776138003,
                29.8127168879834,
                0.0
              ],
              [
                52.50093101153157,
                29.81259510668329,
                0.0
              ],
              [
                52.50107960125825,
                29.81246974267668,
                0.0
              ],
              [
                52.50139191758332,
                29.81279556932388,
                0.0
              ]
            ]
          ]
        ]
      }
    },
    {
      "type": "Feature",
      "properties": {
        "Name": "410.1",
        "masahat": 805.46
      },
      "geometry": {
        "type": "MultiPolygon",
        "coordinates": [
          [
            [
              [
                52.50161353024768,
                29.80965697999833,
                0.0
              ],
              [
                52.50140686247553,
                29.80965742914011,
                0.0
              ],
              [
                52.50140596283497,
                29.80934202383308,
                0.0
              ],
              [
                52.50159196399119,
                29.80934162098662,
                0.0
              ],
              [
                52.501612682011,
                29.80935959905366,
                0.0
              ],
              [
                52.50161340016358,
                29.80961192276286,
                0.0
              ],
              [
                52.50161353024768,
                29.80965697999833,
                0.0
              ]
            ]
          ]
        ]
      }
    },
    {
      "type": "Feature",
      "properties": {
        "Name": "411.1",
        "masahat": 752.01
      },
      "geometry": {
        "type": "MultiPolygon",
        "coordinates": [
          [
            [
              [
                52.50140686247553,
                29.80965742914011,
                0.0
              ],
              [
                52.50120019675577,
                29.8096578779351,
                0.0
              ],
              [
                52.50119968125106,
                29.80947764530829,
                0.0
              ],
              [
                52.50119976286306,
                29.80947292700313,
                0.0
              ],
              [
                52.50120003186851,
                29.80946821649455,
                0.0
              ],
              [
                52.50120049036334,
                29.80946351556334,
                0.0
              ],
              [
                52.50120113637286,
                29.80945883054827,
                0.0
              ],
              [
                52.50120197000486,
                29.80945416866677,
                0.0
              ],
              [
                52.50120299029221,
                29.80944953444143,
                0.0
              ],
              [
                52.50120419112221,
                29.80944493425802,
                0.0
              ],
              [
                52.50120558086518,
                29.80944037433776,
                0.0
              ],
              [
                52.50120715029144,
                29.80943586019946,
                0.0
              ],
              [
                52.50120889735894,
                29.80943139367097,
                0.0
              ],
              [
                52.50121082533286,
                29.80942698554316,
                0.0
              ],
              [
                52.5012129249431,
                29.80942263862832,
                0.0
              ],
              [
                52.50121520038157,
                29.80941835648813,
                0.0
              ],
              [
                52.50121764349352,
                29.8094141473362,
                0.0
              ],
              [
                52.50122025535386,
                29.8094100138673,
                0.0
              ],
              [
                52.50122302986339,
                29.80940596336936,
                0.0
              ],
              [
                52.50122596605497,
                29.80940200036499,
                0.0
              ],
              [
                52.50122905777548,
                29.80939812853342,
                0.0
              ],
              [
                52.50123230303678,
                29.80939435331119,
                0.0
              ],
              [
                52.50123569673372,
                29.80939067926795,
                0.0
              ],
              [
                52.50123923583018,
                29.80938711094983,
                0.0
              ],
              [
                52.50124291520756,
                29.8093836520243,
                0.0
              ],
              [
                52.50124673182972,
                29.80938030703746,
                0.0
              ],
              [
                52.5012506806185,
                29.80937708236335,
                0.0
              ],
              [
                52.50125475431889,
                29.80937397718202,
                0.0
              ],
              [
                52.50125895095626,
                29.80937099783219,
                0.0
              ],
              [
                52.50126326233541,
                29.80936814982097,
                0.0
              ],
              [
                52.50126768743538,
                29.80936543406229,
                0.0
              ],
              [
                52.50127221698605,
                29.80936285336842,
                0.0
              ],
              [
                52.50127684799176,
                29.80936041499203,
                0.0
              ],
              [
                52.50128157420507,
                29.80935811629711,
                0.0
              ],
              [
                52.50128638747125,
                29.80935596549727,
                0.0
              ],
              [
                52.50129128566744,
                29.80935395900729,
                0.0
              ],
              [
                52.50129625960439,
                29.80935210505256,
                0.0
              ],
              [
                52.50130130617865,
                29.80935040366829,
                0.0
              ],
              [
                52.50130641817565,
                29.80934885674116,
                0.0
              ],
              [
                52.50131158733289,
                29.80934746526733,
                0.0
              ],
              [
                52.5013168105873,
                29.80934623198861,
                0.0
              ],
              [
                52.50132207763431,
                29.80934515972903,
                0.0
              ],
              [
                52.50132738639148,
                29.80934424760995,
                0.0
              ],
              [
                52.50133272862325,
                29.80934349843193,
                0.0
              ],
              [
                52.5013380970881,
                29.80934291227721,
                0.0
              ],
              [
                52.50134348559254,
                29.80934249011854,
                0.0
              ],
              [
                52.50134888686812,
                29.80934223023381,
                0.0
              ],
              [
                52.50135429684424,
                29.80934213718093,
                0.0
              ],
              [
                52.50140596283497,
                29.80934202383308,
                0.0
              ],
              [
                52.50140686247553,
                29.80965742914011,
                0.0
              ]
            ]
          ]
        ]
      }
    },
    {
      "type": "Feature",
      "properties": {
        "Name": "464",
        "masahat": 4946.04
      },
      "geometry": {
        "type": "MultiPolygon",
        "coordinates": [
          [
            [
              [
                52.4978844447764,
                29.8125242510379,
                0.0
              ],
              [
                52.49812774633922,
                29.81269819208436,
                0.0
              ],
              [
                52.498020282337,
                29.8128161945808,
                0.0
              ],
              [
                52.49782787591432,
                29.81302746560505,
                0.0
              ],
              [
                52.49769934152182,
                29.81316860152984,
                0.0
              ],
              [
                52.49757723275366,
                29.81330268137216,
                0.0
              ],
              [
                52.4974081223568,
                29.81318556007953,
                0.0
              ],
              [
                52.4973942002699,
                29.81317556575507,
                0.0
              ],
              [
                52.49738068065917,
                29.81316515269831,
                0.0
              ],
              [
                52.49736759065137,
                29.81315433594155,
                0.0
              ],
              [
                52.49735493971877,
                29.81314312620547,
                0.0
              ],
              [
                52.49734274464264,
                29.81313153863969,
                0.0
              ],
              [
                52.49733102219076,
                29.81311958749152,
                0.0
              ],
              [
                52.49731978497929,
                29.81310728615309,
                0.0
              ],
              [
                52.49730904463018,
                29.81309465073472,
                0.0
              ],
              [
                52.49729881999367,
                29.81308169636253,
                0.0
              ],
              [
                52.49728911750547,
                29.81306843830331,
                0.0
              ],
              [
                52.49727995189107,
                29.81305489263222,
                0.0
              ],
              [
                52.4972713347992,
                29.81304107726398,
                0.0
              ],
              [
                52.49726327579602,
                29.81302700923454,
                0.0
              ],
              [
                52.49725578334594,
                29.81301270108071,
                0.0
              ],
              [
                52.49724887021281,
                29.8129981761185,
                0.0
              ],
              [
                52.49724254074969,
                29.81298344873598,
                0.0
              ],
              [
                52.49723680558412,
                29.8129685377617,
                0.0
              ],
              [
                52.49723166808837,
                29.81295346120412,
                0.0
              ],
              [
                52.497227142007,
                29.81293823875884,
                0.0
              ],
              [
                52.49722322343015,
                29.81292288580983,
                0.0
              ],
              [
                52.49721992510812,
                29.81290742477089,
                0.0
              ],
              [
                52.49720267267303,
                29.81281794584143,
                0.0
              ],
              [
                52.49717864240186,
                29.81269329690644,
                0.0
              ],
              [
                52.49782064374557,
                29.81259916749529,
                0.0
              ],
              [
                52.4978844447764,
                29.8125242510379,
                0.0
              ]
            ]
          ]
        ]
      }
    },
    {
      "type": "Feature",
      "properties": {
        "Name": "19",
        "masahat": 230.8
      },
      "geometry": {
        "type": "MultiPolygon",
        "coordinates": [
          [
            [
              [
                52.49778026313919,
                29.8132246455533,
                0.0
              ],
              [
                52.49769934152182,
                29.81316860152984,
                0.0
              ],
              [
                52.49782787591432,
                29.81302746560505,
                0.0
              ],
              [
                52.49790879748252,
                29.81308350955238,
                0.0
              ],
              [
                52.49778026313919,
                29.8132246455533,
                0.0
              ]
            ]
          ]
        ]
      }
    },
    {
      "type": "Feature",
      "properties": {
        "Name": "20",
        "masahat": 276.96
      },
      "geometry": {
        "type": "MultiPolygon",
        "coordinates": [
          [
            [
              [
                52.49790879748252,
                29.81308350955238,
                0.0
              ],
              [
                52.49800590473198,
                29.81315076274622,
                0.0
              ],
              [
                52.49787736944001,
                29.81329190065458,
                0.0
              ],
              [
                52.49778026313919,
                29.8132246455533,
                0.0
              ],
              [
                52.49790879748252,
                29.81308350955238,
                0.0
              ]
            ]
          ]
        ]
      }
    },
    {
      "type": "Feature",
      "properties": {
        "Name": "21",
        "masahat": 276.96
      },
      "geometry": {
        "type": "MultiPolygon",
        "coordinates": [
          [
            [
              [
                52.49800890431145,
                29.81315284018772,
                0.0
              ],
              [
                52.49810301211027,
                29.81321801586351,
                0.0
              ],
              [
                52.49809767548481,
                29.81322387564675,
                0.0
              ],
              [
                52.4979744778984,
                29.81335915294931,
                0.0
              ],
              [
                52.49787736944001,
                29.81329190065458,
                0.0
              ],
              [
                52.49800590473198,
                29.81315076274622,
                0.0
              ],
              [
                52.49800890431145,
                29.81315284018772,
                0.0
              ]
            ]
          ]
        ]
      }
    },
    {
      "type": "Feature",
      "properties": {
        "Name": "22",
        "masahat": 276.96
      },
      "geometry": {
        "type": "MultiPolygon",
        "coordinates": [
          [
            [
              [
                52.49810565099614,
                29.81321984383795,
                0.0
              ],
              [
                52.4982001196174,
                29.8132852689042,
                0.0
              ],
              [
                52.49807158339544,
                29.81342640610485,
                0.0
              ],
              [
                52.4979744778984,
                29.81335915294931,
                0.0
              ],
              [
                52.49809767548481,
                29.81322387564675,
                0.0
              ],
              [
                52.49810301211027,
                29.81321801586351,
                0.0
              ],
              [
                52.49810565099614,
                29.81321984383795,
                0.0
              ]
            ]
          ]
        ]
      }
    },
    {
      "type": "Feature",
      "properties": {
        "Name": "23",
        "masahat": 276.96
      },
      "geometry": {
        "type": "MultiPolygon",
        "coordinates": [
          [
            [
              [
                52.49807158339544,
                29.81342640610485,
                0.0
              ],
              [
                52.4982001196174,
                29.8132852689042,
                0.0
              ],
              [
                52.49829722416317,
                29.81335252280572,
                0.0
              ],
              [
                52.49816869006931,
                29.81349366007427,
                0.0
              ],
              [
                52.49807158339544,
                29.81342640610485,
                0.0
              ]
            ]
          ]
        ]
      }
    },
    {
      "type": "Feature",
      "properties": {
        "Name": "24",
        "masahat": 276.96
      },
      "geometry": {
        "type": "MultiPolygon",
        "coordinates": [
          [
            [
              [
                52.49829933819841,
                29.81335398677302,
                0.0
              ],
              [
                52.49839433192798,
                29.81341977569331,
                0.0
              ],
              [
                52.49838940049339,
                29.81342519055593,
                0.0
              ],
              [
                52.49838147904575,
                29.81343388861666,
                0.0
              ],
              [
                52.49826579786621,
                29.81356091124885,
                0.0
              ],
              [
                52.49816869006931,
                29.81349366007427,
                0.0
              ],
              [
                52.49829722416317,
                29.81335252280572,
                0.0
              ],
              [
                52.49829933819841,
                29.81335398677302,
                0.0
              ]
            ]
          ]
        ]
      }
    },
    {
      "type": "Feature",
      "properties": {
        "Name": "251",
        "masahat": 207.72
      },
      "geometry": {
        "type": "MultiPolygon",
        "coordinates": [
          [
            [
              [
                52.50087793555241,
                29.81205532549766,
                0.0
              ],
              [
                52.5007970142997,
                29.81199928337798,
                0.0
              ],
              [
                52.50091268837284,
                29.81187225689267,
                0.0
              ],
              [
                52.50099361165033,
                29.81192829892034,
                0.0
              ],
              [
                52.50087793555241,
                29.81205532549766,
                0.0
              ]
            ]
          ]
        ]
      }
    },
    {
      "type": "Feature",
      "properties": {
        "Name": "500",
        "masahat": 692.35
      },
      "geometry": {
        "type": "MultiPolygon",
        "coordinates": [
          [
            [
              [
                52.49865076936441,
                29.80617393394215,
                0.0
              ],
              [
                52.4985649622224,
                29.80591414985754,
                0.0
              ],
              [
                52.49876354747023,
                29.80586425998475,
                0.0
              ],
              [
                52.49884935611924,
                29.80612404481637,
                0.0
              ],
              [
                52.49865076936441,
                29.80617393394215,
                0.0
              ]
            ]
          ]
        ]
      }
    },
    {
      "type": "Feature",
      "properties": {
        "Name": "2.35",
        "masahat": 2346.31
      },
      "geometry": {
        "type": "MultiPolygon",
        "coordinates": [
          [
            [
              [
                52.49726587934321,
                29.81553029283124,
                0.0
              ],
              [
                52.49695197094665,
                29.81553782747689,
                0.0
              ],
              [
                52.49695122882551,
                29.81552510491893,
                0.0
              ],
              [
                52.49691248216733,
                29.81486106937117,
                0.0
              ],
              [
                52.49691039215529,
                29.81482524439956,
                0.0
              ],
              [
                52.49695032941077,
                29.81481952048587,
                0.0
              ],
              [
                52.49711398785364,
                29.81479365505831,
                0.0
              ],
              [
                52.49726587934321,
                29.81553029283124,
                0.0
              ]
            ]
          ]
        ]
      }
    },
    {
      "type": "Feature",
      "properties": {
        "Name": "2.27",
        "masahat": 1162.9
      },
      "geometry": {
        "type": "MultiPolygon",
        "coordinates": [
          [
            [
              [
                52.49790390825594,
                29.81551497648702,
                0.0
              ],
              [
                52.4975293951013,
                29.81552396750352,
                0.0
              ],
              [
                52.49746813323097,
                29.815300574709,
                0.0
              ],
              [
                52.49763493299686,
                29.81526480063094,
                0.0
              ],
              [
                52.49780055320932,
                29.8152250821009,
                0.0
              ],
              [
                52.49790390825594,
                29.81551497648702,
                0.0
              ]
            ]
          ]
        ]
      }
    },
    {
      "type": "Feature",
      "properties": {
        "Name": "210",
        "masahat": 230.8
      },
      "geometry": {
        "type": "MultiPolygon",
        "coordinates": [
          [
            [
              [
                52.50039639372101,
                29.81185992544691,
                0.0
              ],
              [
                52.50047712853241,
                29.81191583819839,
                0.0
              ],
              [
                52.50034859727553,
                29.81205697747124,
                0.0
              ],
              [
                52.50026767733648,
                29.8120009350053,
                0.0
              ],
              [
                52.50039393637837,
                29.81186228677573,
                0.0
              ],
              [
                52.5003962055255,
                29.81185979494166,
                0.0
              ],
              [
                52.50039639372101,
                29.81185992544691,
                0.0
              ]
            ]
          ]
        ]
      }
    },
    {
      "type": "Feature",
      "properties": {
        "Name": "451",
        "masahat": 985.31
      },
      "geometry": {
        "type": "MultiPolygon",
        "coordinates": [
          [
            [
              [
                52.49834404832881,
                29.81397441322119,
                0.0
              ],
              [
                52.49840092678915,
                29.81395648223265,
                0.0
              ],
              [
                52.49854954222854,
                29.81430278086262,
                0.0
              ],
              [
                52.49853112070313,
                29.81433696701803,
                0.0
              ],
              [
                52.49847115153425,
                29.81435512080535,
                0.0
              ],
              [
                52.49835342167668,
                29.81439076350167,
                0.0
              ],
              [
                52.49822692401745,
                29.81400990636177,
                0.0
              ],
              [
                52.49834404832881,
                29.81397441322119,
                0.0
              ]
            ]
          ]
        ]
      }
    },
    {
      "type": "Feature",
      "properties": {
        "Name": "452",
        "masahat": 1019.93
      },
      "geometry": {
        "type": "MultiPolygon",
        "coordinates": [
          [
            [
              [
                52.4980301436581,
                29.81406527769258,
                0.0
              ],
              [
                52.49814850632088,
                29.81403260580062,
                0.0
              ],
              [
                52.49822692401745,
                29.81400990636177,
                0.0
              ],
              [
                52.49835342167668,
                29.81439076350167,
                0.0
              ],
              [
                52.4983528911946,
                29.81439092471855,
                0.0
              ],
              [
                52.49815792671323,
                29.81445001310692,
                0.0
              ],
              [
                52.4980301436581,
                29.81406527769258,
                0.0
              ]
            ]
          ]
        ]
      }
    },
    {
      "type": "Feature",
      "properties": {
        "Name": "61.1",
        "masahat": 1449.32
      },
      "geometry": {
        "type": "MultiPolygon",
        "coordinates": [
          [
            [
              [
                52.49766473003398,
                29.81459459154412,
                0.0
              ],
              [
                52.49749133954563,
                29.8146365743761,
                0.0
              ],
              [
                52.49740064834801,
                29.81465539532757,
                0.0
              ],
              [
                52.49729511082175,
                29.81421875136139,
                0.0
              ],
              [
                52.49738674237391,
                29.81420382872399,
                0.0
              ],
              [
                52.49754846230746,
                29.81417328722447,
                0.0
              ],
              [
                52.49766473003398,
                29.81459459154412,
                0.0
              ]
            ]
          ]
        ]
      }
    },
    {
      "type": "Feature",
      "properties": {
        "Name": "60.1",
        "masahat": 1497.11
      },
      "geometry": {
        "type": "MultiPolygon",
        "coordinates": [
          [
            [
              [
                52.49740064834801,
                29.81465539532757,
                0.0
              ],
              [
                52.49722210982802,
                29.81469244808017,
                0.0
              ],
              [
                52.4971306144096,
                29.81470778865383,
                0.0
              ],
              [
                52.4970408460257,
                29.81426015856632,
                0.0
              ],
              [
                52.49713242500643,
                29.81424524391808,
                0.0
              ],
              [
                52.49729511082175,
                29.81421875136139,
                0.0
              ],
              [
                52.49740064834801,
                29.81465539532757,
                0.0
              ]
            ]
          ]
        ]
      }
    },
    {
      "type": "Feature",
      "properties": {
        "Name": "59.1",
        "masahat": 1497.18
      },
      "geometry": {
        "type": "MultiPolygon",
        "coordinates": [
          [
            [
              [
                52.4968577828872,
                29.81473119420994,
                0.0
              ],
              [
                52.49679109454731,
                29.81430101336095,
                0.0
              ],
              [
                52.49679064337175,
                29.81429809402192,
                0.0
              ],
              [
                52.4968031714558,
                29.81428375754004,
                0.0
              ],
              [
                52.4970408460257,
                29.81426015856632,
                0.0
              ],
              [
                52.4971306144096,
                29.81470778865383,
                0.0
              ],
              [
                52.49687483378296,
                29.81474213396808,
                0.0
              ],
              [
                52.4968577828872,
                29.81473119420994,
                0.0
              ]
            ]
          ]
        ]
      }
    },
    {
      "type": "Feature",
      "properties": {
        "Name": "454",
        "masahat": 1578.84
      },
      "geometry": {
        "type": "MultiPolygon",
        "coordinates": [
          [
            [
              [
                52.49796228733384,
                29.81450882282585,
                0.0
              ],
              [
                52.49775698657299,
                29.81456986406596,
                0.0
              ],
              [
                52.49771129589799,
                29.81458249851394,
                0.0
              ],
              [
                52.49766473003398,
                29.81459459154412,
                0.0
              ],
              [
                52.49754846230746,
                29.81417328722447,
                0.0
              ],
              [
                52.49763929492618,
                29.81415468294162,
                0.0
              ],
              [
                52.49783175755601,
                29.8141158160158,
                0.0
              ],
              [
                52.49796228733384,
                29.81450882282585,
                0.0
              ]
            ]
          ]
        ]
      }
    },
    {
      "type": "Feature",
      "properties": {
        "Name": "453",
        "masahat": 1036.13
      },
      "geometry": {
        "type": "MultiPolygon",
        "coordinates": [
          [
            [
              [
                52.4980301436581,
                29.81406527769258,
                0.0
              ],
              [
                52.49815792671323,
                29.81445001310692,
                0.0
              ],
              [
                52.49796228733384,
                29.81450882282585,
                0.0
              ],
              [
                52.49783175755601,
                29.8141158160158,
                0.0
              ],
              [
                52.49795135973827,
                29.81408597529023,
                0.0
              ],
              [
                52.4980301436581,
                29.81406527769258,
                0.0
              ]
            ]
          ]
        ]
      }
    },
    {
      "type": "Feature",
      "properties": {
        "Name": "2.31",
        "masahat": 1179.25
      },
      "geometry": {
        "type": "MultiPolygon",
        "coordinates": [
          [
            [
              [
                52.49807807146187,
                29.81503508753223,
                0.0
              ],
              [
                52.49800688981511,
                29.81505556091796,
                0.0
              ],
              [
                52.4978727252518,
                29.81509321586513,
                0.0
              ],
              [
                52.49771940102639,
                29.81466315880066,
                0.0
              ],
              [
                52.49791665843873,
                29.81460832479763,
                0.0
              ],
              [
                52.49807807146187,
                29.81503508753223,
                0.0
              ]
            ]
          ]
        ]
      }
    },
    {
      "type": "Feature",
      "properties": {
        "Name": "2.18",
        "masahat": 1180.34
      },
      "geometry": {
        "type": "MultiPolygon",
        "coordinates": [
          [
            [
              [
                52.4998262081434,
                29.81522623167328,
                0.0
              ],
              [
                52.49996729569807,
                29.8152582407641,
                0.0
              ],
              [
                52.50003693101353,
                29.81527642882587,
                0.0
              ],
              [
                52.50010485927522,
                29.8152989989931,
                0.0
              ],
              [
                52.50017071857668,
                29.8153258290516,
                0.0
              ],
              [
                52.50023415809408,
                29.81535677681081,
                0.0
              ],
              [
                52.50027317360308,
                29.81537857616874,
                0.0
              ],
              [
                52.50031098313037,
                29.81540193399686,
                0.0
              ],
              [
                52.50030465975154,
                29.81548826392676,
                0.0
              ],
              [
                52.49980702187379,
                29.81548815644734,
                0.0
              ],
              [
                52.4998262081434,
                29.81522623167328,
                0.0
              ]
            ]
          ]
        ]
      }
    },
    {
      "type": "Feature",
      "properties": {
        "Name": "2.26",
        "masahat": 1188.48
      },
      "geometry": {
        "type": "MultiPolygon",
        "coordinates": [
          [
            [
              [
                52.49820239598154,
                29.81550780935807,
                0.0
              ],
              [
                52.49790390825594,
                29.81551497648702,
                0.0
              ],
              [
                52.49780055320932,
                29.8152250821009,
                0.0
              ],
              [
                52.49792367962753,
                29.81519278768859,
                0.0
              ],
              [
                52.49804602532351,
                29.81515831206244,
                0.0
              ],
              [
                52.49806783308109,
                29.81515203993179,
                0.0
              ],
              [
                52.49820239598154,
                29.81550780935807,
                0.0
              ]
            ]
          ]
        ]
      }
    },
    {
      "type": "Feature",
      "properties": {
        "Name": "2.24",
        "masahat": 1196.71
      },
      "geometry": {
        "type": "MultiPolygon",
        "coordinates": [
          [
            [
              [
                52.49867757812334,
                29.81549639951681,
                0.0
              ],
              [
                52.49846158062432,
                29.81550158632982,
                0.0
              ],
              [
                52.49830370920875,
                29.81508419617956,
                0.0
              ],
              [
                52.49850028148799,
                29.81502765644493,
                0.0
              ],
              [
                52.49867757812334,
                29.81549639951681,
                0.0
              ]
            ]
          ]
        ]
      }
    },
    {
      "type": "Feature",
      "properties": {
        "Name": "2.20",
        "masahat": 1202.4
      },
      "geometry": {
        "type": "MultiPolygon",
        "coordinates": [
          [
            [
              [
                52.49950111362622,
                29.81513519267208,
                0.0
              ],
              [
                52.49947526289679,
                29.81548808375661,
                0.0
              ],
              [
                52.49922437026954,
                29.81548802830837,
                0.0
              ],
              [
                52.49925495674587,
                29.8150705065273,
                0.0
              ],
              [
                52.49929784120588,
                29.81507950424641,
                0.0
              ],
              [
                52.49939981077184,
                29.81510642569366,
                0.0
              ],
              [
                52.49950111362622,
                29.81513519267208,
                0.0
              ]
            ]
          ]
        ]
      }
    },
    {
      "type": "Feature",
      "properties": {
        "Name": "2.32",
        "masahat": 1204.79
      },
      "geometry": {
        "type": "MultiPolygon",
        "coordinates": [
          [
            [
              [
                52.4978727252518,
                29.81509321586513,
                0.0
              ],
              [
                52.49765729556648,
                29.81514761607143,
                0.0
              ],
              [
                52.49752019569502,
                29.81471227848442,
                0.0
              ],
              [
                52.49771940102639,
                29.81466315880066,
                0.0
              ],
              [
                52.4978727252518,
                29.81509321586513,
                0.0
              ]
            ]
          ]
        ]
      }
    },
    {
      "type": "Feature",
      "properties": {
        "Name": "2.33",
        "masahat": 1209.09
      },
      "geometry": {
        "type": "MultiPolygon",
        "coordinates": [
          [
            [
              [
                52.49765729556648,
                29.81514761607143,
                0.0
              ],
              [
                52.49743925584185,
                29.81519526992256,
                0.0
              ],
              [
                52.49742077574074,
                29.81512788227337,
                0.0
              ],
              [
                52.49739607066432,
                29.81503779128105,
                0.0
              ],
              [
                52.49731872357576,
                29.81475573978845,
                0.0
              ],
              [
                52.49747542561062,
                29.81472246793306,
                0.0
              ],
              [
                52.49752019569502,
                29.81471227848442,
                0.0
              ],
              [
                52.49765729556648,
                29.81514761607143,
                0.0
              ]
            ]
          ]
        ]
      }
    },
    {
      "type": "Feature",
      "properties": {
        "Name": "2.30",
        "masahat": 1211.81
      },
      "geometry": {
        "type": "MultiPolygon",
        "coordinates": [
          [
            [
              [
                52.49828446992191,
                29.81497572158859,
                0.0
              ],
              [
                52.49807807146187,
                29.81503508753223,
                0.0
              ],
              [
                52.49791665843873,
                29.81460832479763,
                0.0
              ],
              [
                52.4981226457634,
                29.81454787647614,
                0.0
              ],
              [
                52.49813399512807,
                29.81457788197265,
                0.0
              ],
              [
                52.49815071869472,
                29.8146220986702,
                0.0
              ],
              [
                52.49824297046393,
                29.81486600156512,
                0.0
              ],
              [
                52.49828446992191,
                29.81497572158859,
                0.0
              ]
            ]
          ]
        ]
      }
    },
    {
      "type": "Feature",
      "properties": {
        "Name": "2.21",
        "masahat": 1251.99
      },
      "geometry": {
        "type": "MultiPolygon",
        "coordinates": [
          [
            [
              [
                52.49925495674587,
                29.8150705065273,
                0.0
              ],
              [
                52.49922437026954,
                29.81548802830837,
                0.0
              ],
              [
                52.49902797765216,
                29.81548798384034,
                0.0
              ],
              [
                52.49901177909526,
                29.81497509248521,
                0.0
              ],
              [
                52.49906908477143,
                29.8150052513976,
                0.0
              ],
              [
                52.49912897414937,
                29.81503131416952,
                0.0
              ],
              [
                52.49919106495432,
                29.8150531118883,
                0.0
              ],
              [
                52.49925495674587,
                29.8150705065273,
                0.0
              ]
            ]
          ]
        ]
      }
    },
    {
      "type": "Feature",
      "properties": {
        "Name": "2.25",
        "masahat": 1252.91
      },
      "geometry": {
        "type": "MultiPolygon",
        "coordinates": [
          [
            [
              [
                52.49846158062432,
                29.81550158632982,
                0.0
              ],
              [
                52.49820239598154,
                29.81550780935807,
                0.0
              ],
              [
                52.49806783308109,
                29.81515203993179,
                0.0
              ],
              [
                52.49830370920875,
                29.81508419617956,
                0.0
              ],
              [
                52.49846158062432,
                29.81550158632982,
                0.0
              ]
            ]
          ]
        ]
      }
    },
    {
      "type": "Feature",
      "properties": {
        "Name": "2.19",
        "masahat": 1253.64
      },
      "geometry": {
        "type": "MultiPolygon",
        "coordinates": [
          [
            [
              [
                52.4998262081434,
                29.81522623167328,
                0.0
              ],
              [
                52.49980702187379,
                29.81548815644734,
                0.0
              ],
              [
                52.49947526289679,
                29.81548808375661,
                0.0
              ],
              [
                52.49950111362622,
                29.81513519267208,
                0.0
              ],
              [
                52.49964841221823,
                29.81518070083756,
                0.0
              ],
              [
                52.49977612685419,
                29.8152148696136,
                0.0
              ],
              [
                52.4998262081434,
                29.81522623167328,
                0.0
              ]
            ]
          ]
        ]
      }
    },
    {
      "type": "Feature",
      "properties": {
        "Name": "2.23",
        "masahat": 1265.37
      },
      "geometry": {
        "type": "MultiPolygon",
        "coordinates": [
          [
            [
              [
                52.49888277880676,
                29.81549147109635,
                0.0
              ],
              [
                52.49867757812334,
                29.81549639951681,
                0.0
              ],
              [
                52.49850028148799,
                29.81502765644493,
                0.0
              ],
              [
                52.49868702843526,
                29.81497394208468,
                0.0
              ],
              [
                52.49888277880676,
                29.81549147109635,
                0.0
              ]
            ]
          ]
        ]
      }
    },
    {
      "type": "Feature",
      "properties": {
        "Name": "2.29",
        "masahat": 1272.37
      },
      "geometry": {
        "type": "MultiPolygon",
        "coordinates": [
          [
            [
              [
                52.4985006375867,
                29.81491354565586,
                0.0
              ],
              [
                52.49828446992191,
                29.81497572158859,
                0.0
              ],
              [
                52.49824297046393,
                29.81486600156512,
                0.0
              ],
              [
                52.49815071869472,
                29.8146220986702,
                0.0
              ],
              [
                52.49813399512807,
                29.81457788197265,
                0.0
              ],
              [
                52.4981226457634,
                29.81454787647614,
                0.0
              ],
              [
                52.49831344218046,
                29.81449188527809,
                0.0
              ],
              [
                52.49833859395197,
                29.8144851222128,
                0.0
              ],
              [
                52.4985006375867,
                29.81491354565586,
                0.0
              ]
            ]
          ]
        ]
      }
    },
    {
      "type": "Feature",
      "properties": {
        "Name": "2.28",
        "masahat": 1542.28
      },
      "geometry": {
        "type": "MultiPolygon",
        "coordinates": [
          [
            [
              [
                52.49831344218046,
                29.81449188527809,
                0.0
              ],
              [
                52.49856324537122,
                29.81441857835772,
                0.0
              ],
              [
                52.49860978003619,
                29.81443812103318,
                0.0
              ],
              [
                52.49873860055126,
                29.81474724869801,
                0.0
              ],
              [
                52.49874299045289,
                29.81476115883385,
                0.0
              ],
              [
                52.49874478031597,
                29.81477550180578,
                0.0
              ],
              [
                52.49874392636976,
                29.81478990996016,
                0.0
              ],
              [
                52.49874045002067,
                29.81480401490384,
                0.0
              ],
              [
                52.49873444005622,
                29.81481745650237,
                0.0
              ],
              [
                52.49872604966256,
                29.81482989103493,
                0.0
              ],
              [
                52.49871549450349,
                29.81484100114173,
                0.0
              ],
              [
                52.49870304245572,
                29.81485050135447,
                0.0
              ],
              [
                52.4986890137704,
                29.81485814892257,
                0.0
              ],
              [
                52.49867376666993,
                29.81486374939052,
                0.0
              ],
              [
                52.49863116932101,
                29.81487600167056,
                0.0
              ],
              [
                52.4985006375867,
                29.81491354565586,
                0.0
              ],
              [
                52.49833859395197,
                29.8144851222128,
                0.0
              ],
              [
                52.49831344218046,
                29.81449188527809,
                0.0
              ]
            ]
          ]
        ]
      }
    },
    {
      "type": "Feature",
      "properties": {
        "Name": "2.22",
        "masahat": 1623.17
      },
      "geometry": {
        "type": "MultiPolygon",
        "coordinates": [
          [
            [
              [
                52.49902797765216,
                29.81548798384034,
                0.0
              ],
              [
                52.49888277880676,
                29.81549147109635,
                0.0
              ],
              [
                52.49868702843526,
                29.81497394208468,
                0.0
              ],
              [
                52.49884294712571,
                29.81492909519851,
                0.0
              ],
              [
                52.49886401721049,
                29.8149246395749,
                0.0
              ],
              [
                52.49888563403746,
                29.81492319332912,
                0.0
              ],
              [
                52.49890723736098,
                29.8149247953009,
                0.0
              ],
              [
                52.49892826468948,
                29.81492940314617,
                0.0
              ],
              [
                52.49894816996118,
                29.81493689673457,
                0.0
              ],
              [
                52.49896643601244,
                29.8149470816171,
                0.0
              ],
              [
                52.49901177909526,
                29.81497509248521,
                0.0
              ],
              [
                52.49902797765216,
                29.81548798384034,
                0.0
              ]
            ]
          ]
        ]
      }
    },
    {
      "type": "Feature",
      "properties": {
        "Name": "2.34",
        "masahat": 2231.75
      },
      "geometry": {
        "type": "MultiPolygon",
        "coordinates": [
          [
            [
              [
                52.49711398785364,
                29.81479365505831,
                0.0
              ],
              [
                52.49721933961853,
                29.81477492081134,
                0.0
              ],
              [
                52.49731872357576,
                29.81475573978845,
                0.0
              ],
              [
                52.49739607066432,
                29.81503779128105,
                0.0
              ],
              [
                52.49742077574074,
                29.81512788227337,
                0.0
              ],
              [
                52.49743925584185,
                29.81519526992256,
                0.0
              ],
              [
                52.4974458736408,
                29.81521940260792,
                0.0
              ],
              [
                52.49746813323097,
                29.815300574709,
                0.0
              ],
              [
                52.4975293951013,
                29.81552396750352,
                0.0
              ],
              [
                52.49726587934321,
                29.81553029283124,
                0.0
              ],
              [
                52.49711398785364,
                29.81479365505831,
                0.0
              ]
            ]
          ]
        ]
      }
    }
  ],
  "center": [
    52.499506556292,
    29.811586631329806
  ],
  "bounds": [
    [
      52.49509234990124,
      29.80555966553595
    ],
    [
      52.50465178222051,
      29.81557882773988
    ]
  ]
}